review_id,order_id,customer_id,rating,review_text,sentiment,clean_text,vader_sentiment
RV00001,O01031,C01616,2,The order was delayed and disappointing.,Negative,the order was delayed and disappointing,Negative
RV00002,O03887,C00340,4,Really good experience overall.,Positive,really good experience overall,Positive
RV00003,O03072,C00426,2,Food was cold when it arrived.,Negative,food was cold when it arrived,Neutral
RV00004,O03479,C01093,5,"Loved the food, would definitely order again.",Positive,loved the food would definitely order again,Positive
RV00005,O09509,C00130,5,Amazing food and great delivery experience.,Positive,amazing food and great delivery experience,Positive
RV00006,O05947,C01248,5,Amazing food and great delivery experience.,Positive,amazing food and great delivery experience,Positive
RV00007,O06831,C00515,4,"Good service, just a minor delay.",Positive,good service just a minor delay,Positive
RV00008,O04782,C00223,1,Food was disappointing and delivery was extremely slow.,Negative,food was disappointing and delivery was extremely slow,Negative
RV00009,O08527,C01772,3,"Average experience, nothing special.",Neutral,average experience nothing special,Negative
RV00010,O01092,C00480,2,The order was delayed and disappointing.,Negative,the order was delayed and disappointing,Negative
RV00011,O06196,C00162,4,"Good service, just a minor delay.",Positive,good service just a minor delay,Positive
RV00012,O06868,C01923,5,"Loved the food, would definitely order again.",Positive,loved the food would definitely order again,Positive
RV00013,O07136,C01597,3,The order was fine overall.,Neutral,the order was fine overall,Positive
RV00014,O05214,C00948,4,Really good experience overall.,Positive,really good experience overall,Positive
RV00015,O05336,C01627,5,"Loved the food, would definitely order again.",Positive,loved the food would definitely order again,Positive
RV00016,O03399,C01531,3,"Average experience, nothing special.",Neutral,average experience nothing special,Negative
RV00017,O08691,C01901,5,Food was excellent and delivery was very quick.,Positive,food was excellent and delivery was very quick,Positive
RV00018,O02067,C01786,5,Amazing food and great delivery experience.,Positive,amazing food and great delivery experience,Positive
RV00019,O08043,C01113,5,Food was excellent and delivery was very quick.,Positive,food was excellent and delivery was very quick,Positive
RV00020,O02399,C01562,1,"Very poor service, would not order again.",Negative,very poor service would not order again,Negative
RV00021,O00156,C00740,4,"Good service, just a minor delay.",Positive,good service just a minor delay,Positive
RV00022,O00141,C00357,3,Food was okay but delivery took some time.,Neutral,food was okay but delivery took some time,Positive
RV00023,O06065,C00126,1,Food was disappointing and delivery was extremely slow.,Negative,food was disappointing and delivery was extremely slow,Negative
RV00024,O00621,C01613,4,"Good service, just a minor delay.",Positive,good service just a minor delay,Positive
RV00025,O08950,C01569,4,Really good experience overall.,Positive,really good experience overall,Positive
RV00026,O08676,C01276,1,"Terrible experience, food arrived very late.",Negative,terrible experience food arrived very late,Negative
RV00027,O03310,C00810,4,"Good service, just a minor delay.",Positive,good service just a minor delay,Positive
RV00028,O03904,C00412,1,Very late delivery and the food was cold.,Negative,very late delivery and the food was cold,Neutral
RV00029,O02817,C01714,4,Good food and the delivery was on time.,Positive,good food and the delivery was on time,Positive
RV00030,O02908,C00245,4,Good food and the delivery was on time.,Positive,good food and the delivery was on time,Positive
RV00031,O00878,C00746,4,Food was tasty and delivery was smooth.,Positive,food was tasty and delivery was smooth,Neutral
RV00032,O04648,C00509,2,The order was delayed and disappointing.,Negative,the order was delayed and disappointing,Negative
RV00033,O09618,C01957,4,Food was tasty and delivery was smooth.,Positive,food was tasty and delivery was smooth,Neutral
RV00034,O06107,C01139,3,"Average experience, nothing special.",Neutral,average experience nothing special,Negative
RV00035,O06159,C00617,1,"Very poor service, would not order again.",Negative,very poor service would not order again,Negative
RV00036,O01527,C01127,5,Food was excellent and delivery was very quick.,Positive,food was excellent and delivery was very quick,Positive
RV00037,O03443,C00330,3,Food was okay but delivery took some time.,Neutral,food was okay but delivery took some time,Positive
RV00038,O07502,C01050,5,Everything was perfect and arrived on time.,Positive,everything was perfect and arrived on time,Positive
RV00039,O09174,C00733,4,Really good experience overall.,Positive,really good experience overall,Positive
RV00040,O05533,C00885,2,The order was delayed and disappointing.,Negative,the order was delayed and disappointing,Negative
RV00041,O09692,C01337,5,Amazing food and great delivery experience.,Positive,amazing food and great delivery experience,Positive
RV00042,O04159,C01808,5,Food was excellent and delivery was very quick.,Positive,food was excellent and delivery was very quick,Positive
RV00043,O03588,C00807,4,Really good experience overall.,Positive,really good experience overall,Positive
RV00044,O02604,C01520,5,Amazing food and great delivery experience.,Positive,amazing food and great delivery experience,Positive
RV00045,O07735,C01986,2,Food was cold when it arrived.,Negative,food was cold when it arrived,Neutral
RV00046,O00364,C00249,2,Delivery was late and the food was not very good.,Negative,delivery was late and the food was not very good,Negative
RV00047,O07143,C00628,1,Very late delivery and the food was cold.,Negative,very late delivery and the food was cold,Neutral
RV00048,O03703,C00207,4,Food was tasty and delivery was smooth.,Positive,food was tasty and delivery was smooth,Neutral
RV00049,O01454,C00794,3,Food was decent but could have been better.,Neutral,food was decent but could have been better,Positive
RV00050,O09644,C01818,5,Food was excellent and delivery was very quick.,Positive,food was excellent and delivery was very quick,Positive
RV00051,O05015,C01790,2,Delivery was late and the food was not very good.,Negative,delivery was late and the food was not very good,Negative
RV00052,O01755,C01129,5,Everything was perfect and arrived on time.,Positive,everything was perfect and arrived on time,Positive
RV00053,O00537,C01997,4,Really good experience overall.,Positive,really good experience overall,Positive
RV00054,O06127,C00114,3,Food was okay but delivery took some time.,Neutral,food was okay but delivery took some time,Positive
RV00055,O09380,C01663,5,"Loved the food, would definitely order again.",Positive,loved the food would definitely order again,Positive
RV00056,O00445,C01829,5,Everything was perfect and arrived on time.,Positive,everything was perfect and arrived on time,Positive
RV00057,O08799,C00585,2,The order was delayed and disappointing.,Negative,the order was delayed and disappointing,Negative
RV00058,O03778,C00128,5,Food was excellent and delivery was very quick.,Positive,food was excellent and delivery was very quick,Positive
RV00059,O09990,C01661,4,Good food and the delivery was on time.,Positive,good food and the delivery was on time,Positive
RV00060,O01398,C01210,3,Food was decent but could have been better.,Neutral,food was decent but could have been better,Positive
RV00061,O03335,C01139,1,Very late delivery and the food was cold.,Negative,very late delivery and the food was cold,Neutral
RV00062,O01100,C00625,5,Everything was perfect and arrived on time.,Positive,everything was perfect and arrived on time,Positive
RV00063,O04754,C01208,4,Food was tasty and delivery was smooth.,Positive,food was tasty and delivery was smooth,Neutral
RV00064,O05810,C00293,2,Not happy with the delivery experience.,Negative,not happy with the delivery experience,Negative
RV00065,O00685,C00133,4,Food was tasty and delivery was smooth.,Positive,food was tasty and delivery was smooth,Neutral
RV00066,O02911,C00780,5,Amazing food and great delivery experience.,Positive,amazing food and great delivery experience,Positive
RV00067,O09505,C00680,4,Really good experience overall.,Positive,really good experience overall,Positive
RV00068,O09994,C01762,5,"Loved the food, would definitely order again.",Positive,loved the food would definitely order again,Positive
RV00069,O07231,C00076,4,Really good experience overall.,Positive,really good experience overall,Positive
RV00070,O03093,C00157,5,Everything was perfect and arrived on time.,Positive,everything was perfect and arrived on time,Positive
RV00071,O07793,C01551,3,Food was decent but could have been better.,Neutral,food was decent but could have been better,Positive
RV00072,O08114,C01810,2,Not happy with the delivery experience.,Negative,not happy with the delivery experience,Negative
RV00073,O01485,C00942,5,Food was excellent and delivery was very quick.,Positive,food was excellent and delivery was very quick,Positive
RV00074,O00311,C00565,4,Really good experience overall.,Positive,really good experience overall,Positive
RV00075,O02706,C00698,4,Good food and the delivery was on time.,Positive,good food and the delivery was on time,Positive
RV00076,O04549,C01492,4,"Good service, just a minor delay.",Positive,good service just a minor delay,Positive
RV00077,O02735,C01358,2,Delivery was late and the food was not very good.,Negative,delivery was late and the food was not very good,Negative
RV00078,O09384,C00077,2,Not happy with the delivery experience.,Negative,not happy with the delivery experience,Negative
RV00079,O09880,C01585,3,The order was fine overall.,Neutral,the order was fine overall,Positive
RV00080,O00374,C00426,3,The order was fine overall.,Neutral,the order was fine overall,Positive
RV00081,O08829,C00438,4,"Good service, just a minor delay.",Positive,good service just a minor delay,Positive
RV00082,O05645,C00223,5,"Loved the food, would definitely order again.",Positive,loved the food would definitely order again,Positive
RV00083,O07141,C00552,5,Everything was perfect and arrived on time.,Positive,everything was perfect and arrived on time,Positive
RV00084,O08483,C01623,2,Food was cold when it arrived.,Negative,food was cold when it arrived,Neutral
RV00085,O02905,C01550,4,Good food and the delivery was on time.,Positive,good food and the delivery was on time,Positive
RV00086,O08105,C00308,5,Food was excellent and delivery was very quick.,Positive,food was excellent and delivery was very quick,Positive
RV00087,O01213,C00961,3,"Average experience, nothing special.",Neutral,average experience nothing special,Negative
RV00088,O00640,C00371,3,Food was okay but delivery took some time.,Neutral,food was okay but delivery took some time,Positive
RV00089,O08265,C01134,2,Food was cold when it arrived.,Negative,food was cold when it arrived,Neutral
RV00090,O04512,C00113,4,Good food and the delivery was on time.,Positive,good food and the delivery was on time,Positive
RV00091,O06769,C00524,3,The order was fine overall.,Neutral,the order was fine overall,Positive
RV00092,O06350,C01629,3,Food was decent but could have been better.,Neutral,food was decent but could have been better,Positive
RV00093,O01647,C01847,4,Good food and the delivery was on time.,Positive,good food and the delivery was on time,Positive
RV00094,O03543,C00644,3,The order was fine overall.,Neutral,the order was fine overall,Positive
RV00095,O06463,C00050,5,"Loved the food, would definitely order again.",Positive,loved the food would definitely order again,Positive
RV00096,O00576,C01902,5,"Loved the food, would definitely order again.",Positive,loved the food would definitely order again,Positive
RV00097,O02623,C01396,2,The order was delayed and disappointing.,Negative,the order was delayed and disappointing,Negative
RV00098,O00119,C01946,2,The order was delayed and disappointing.,Negative,the order was delayed and disappointing,Negative
RV00099,O08680,C01360,4,Really good experience overall.,Positive,really good experience overall,Positive
RV00100,O01292,C00296,4,"Good service, just a minor delay.",Positive,good service just a minor delay,Positive
RV00101,O02032,C01621,2,Not happy with the delivery experience.,Negative,not happy with the delivery experience,Negative
RV00102,O04650,C01115,4,Good food and the delivery was on time.,Positive,good food and the delivery was on time,Positive
RV00103,O08365,C01502,4,Food was tasty and delivery was smooth.,Positive,food was tasty and delivery was smooth,Neutral
RV00104,O05181,C01568,4,Food was tasty and delivery was smooth.,Positive,food was tasty and delivery was smooth,Neutral
RV00105,O08269,C01960,3,Food was okay but delivery took some time.,Neutral,food was okay but delivery took some time,Positive
RV00106,O08216,C01493,4,Really good experience overall.,Positive,really good experience overall,Positive
RV00107,O00937,C00175,5,Food was excellent and delivery was very quick.,Positive,food was excellent and delivery was very quick,Positive
RV00108,O01463,C00445,4,Really good experience overall.,Positive,really good experience overall,Positive
RV00109,O04370,C01223,5,Everything was perfect and arrived on time.,Positive,everything was perfect and arrived on time,Positive
RV00110,O06284,C01701,1,"Terrible experience, food arrived very late.",Negative,terrible experience food arrived very late,Negative
RV00111,O02981,C01431,2,Delivery was late and the food was not very good.,Negative,delivery was late and the food was not very good,Negative
RV00112,O07245,C00550,3,Food was decent but could have been better.,Neutral,food was decent but could have been better,Positive
RV00113,O08555,C01102,4,Good food and the delivery was on time.,Positive,good food and the delivery was on time,Positive
RV00114,O07368,C00930,4,Good food and the delivery was on time.,Positive,good food and the delivery was on time,Positive
RV00115,O04392,C01964,4,Good food and the delivery was on time.,Positive,good food and the delivery was on time,Positive
RV00116,O03264,C01068,4,Good food and the delivery was on time.,Positive,good food and the delivery was on time,Positive
RV00117,O07788,C01862,5,Everything was perfect and arrived on time.,Positive,everything was perfect and arrived on time,Positive
RV00118,O01310,C00194,2,The order was delayed and disappointing.,Negative,the order was delayed and disappointing,Negative
RV00119,O08358,C01010,4,Food was tasty and delivery was smooth.,Positive,food was tasty and delivery was smooth,Neutral
RV00120,O04141,C00803,5,Amazing food and great delivery experience.,Positive,amazing food and great delivery experience,Positive
RV00121,O08893,C01970,3,Food was okay but delivery took some time.,Neutral,food was okay but delivery took some time,Positive
RV00122,O05113,C00455,3,Food was okay but delivery took some time.,Neutral,food was okay but delivery took some time,Positive
RV00123,O06031,C01243,4,Good food and the delivery was on time.,Positive,good food and the delivery was on time,Positive
RV00124,O03099,C00680,1,"Very poor service, would not order again.",Negative,very poor service would not order again,Negative
RV00125,O05832,C00516,5,Everything was perfect and arrived on time.,Positive,everything was perfect and arrived on time,Positive
RV00126,O09116,C00717,5,Everything was perfect and arrived on time.,Positive,everything was perfect and arrived on time,Positive
RV00127,O02284,C01139,5,Amazing food and great delivery experience.,Positive,amazing food and great delivery experience,Positive
RV00128,O00352,C00967,2,Food was cold when it arrived.,Negative,food was cold when it arrived,Neutral
RV00129,O09199,C00561,5,Amazing food and great delivery experience.,Positive,amazing food and great delivery experience,Positive
RV00130,O03137,C00281,5,Amazing food and great delivery experience.,Positive,amazing food and great delivery experience,Positive
RV00131,O02408,C00096,5,Food was excellent and delivery was very quick.,Positive,food was excellent and delivery was very quick,Positive
RV00132,O07914,C01970,2,Not happy with the delivery experience.,Negative,not happy with the delivery experience,Negative
RV00133,O09499,C01385,5,Food was excellent and delivery was very quick.,Positive,food was excellent and delivery was very quick,Positive
RV00134,O07079,C00630,3,Food was okay but delivery took some time.,Neutral,food was okay but delivery took some time,Positive
RV00135,O05843,C00680,2,Food was cold when it arrived.,Negative,food was cold when it arrived,Neutral
RV00136,O06852,C00369,5,"Loved the food, would definitely order again.",Positive,loved the food would definitely order again,Positive
RV00137,O03529,C01685,5,"Loved the food, would definitely order again.",Positive,loved the food would definitely order again,Positive
RV00138,O01634,C00200,4,"Good service, just a minor delay.",Positive,good service just a minor delay,Positive
RV00139,O03750,C00390,4,Good food and the delivery was on time.,Positive,good food and the delivery was on time,Positive
RV00140,O01475,C01090,3,The order was fine overall.,Neutral,the order was fine overall,Positive
RV00141,O08072,C01136,5,Amazing food and great delivery experience.,Positive,amazing food and great delivery experience,Positive
RV00142,O03555,C00097,5,"Loved the food, would definitely order again.",Positive,loved the food would definitely order again,Positive
RV00143,O00200,C00294,4,Really good experience overall.,Positive,really good experience overall,Positive
RV00144,O04423,C01741,3,The order was fine overall.,Neutral,the order was fine overall,Positive
RV00145,O08079,C00459,4,Good food and the delivery was on time.,Positive,good food and the delivery was on time,Positive
RV00146,O07006,C01971,3,"Average experience, nothing special.",Neutral,average experience nothing special,Negative
RV00147,O09821,C01206,3,"Average experience, nothing special.",Neutral,average experience nothing special,Negative
RV00148,O08920,C00135,4,Food was tasty and delivery was smooth.,Positive,food was tasty and delivery was smooth,Neutral
RV00149,O01841,C00295,5,Food was excellent and delivery was very quick.,Positive,food was excellent and delivery was very quick,Positive
RV00150,O02136,C00834,5,Amazing food and great delivery experience.,Positive,amazing food and great delivery experience,Positive
RV00151,O05121,C01022,3,Food was okay but delivery took some time.,Neutral,food was okay but delivery took some time,Positive
RV00152,O09022,C00029,3,"Average experience, nothing special.",Neutral,average experience nothing special,Negative
RV00153,O05655,C01843,2,Delivery was late and the food was not very good.,Negative,delivery was late and the food was not very good,Negative
RV00154,O06343,C00382,5,"Loved the food, would definitely order again.",Positive,loved the food would definitely order again,Positive
RV00155,O02947,C01614,4,Food was tasty and delivery was smooth.,Positive,food was tasty and delivery was smooth,Neutral
RV00156,O09777,C01874,5,Food was excellent and delivery was very quick.,Positive,food was excellent and delivery was very quick,Positive
RV00157,O02838,C01405,1,"Very poor service, would not order again.",Negative,very poor service would not order again,Negative
RV00158,O08364,C00684,4,Really good experience overall.,Positive,really good experience overall,Positive
RV00159,O04948,C01841,5,Everything was perfect and arrived on time.,Positive,everything was perfect and arrived on time,Positive
RV00160,O01950,C00231,2,The order was delayed and disappointing.,Negative,the order was delayed and disappointing,Negative
RV00161,O07415,C00446,4,Good food and the delivery was on time.,Positive,good food and the delivery was on time,Positive
RV00162,O02797,C01193,4,"Good service, just a minor delay.",Positive,good service just a minor delay,Positive
RV00163,O05393,C00881,1,Very late delivery and the food was cold.,Negative,very late delivery and the food was cold,Neutral
RV00164,O07923,C01224,3,Food was okay but delivery took some time.,Neutral,food was okay but delivery took some time,Positive
RV00165,O08213,C00179,4,Food was tasty and delivery was smooth.,Positive,food was tasty and delivery was smooth,Neutral
RV00166,O04312,C01891,5,"Loved the food, would definitely order again.",Positive,loved the food would definitely order again,Positive
RV00167,O06608,C01608,4,"Good service, just a minor delay.",Positive,good service just a minor delay,Positive
RV00168,O03873,C01445,3,Food was okay but delivery took some time.,Neutral,food was okay but delivery took some time,Positive
RV00169,O03405,C01567,3,Food was okay but delivery took some time.,Neutral,food was okay but delivery took some time,Positive
RV00170,O07194,C00412,5,Food was excellent and delivery was very quick.,Positive,food was excellent and delivery was very quick,Positive
RV00171,O02151,C01521,4,Food was tasty and delivery was smooth.,Positive,food was tasty and delivery was smooth,Neutral
RV00172,O09924,C01534,5,Amazing food and great delivery experience.,Positive,amazing food and great delivery experience,Positive
RV00173,O02787,C01733,4,Food was tasty and delivery was smooth.,Positive,food was tasty and delivery was smooth,Neutral
RV00174,O06487,C00361,4,Really good experience overall.,Positive,really good experience overall,Positive
RV00175,O09340,C00985,5,"Loved the food, would definitely order again.",Positive,loved the food would definitely order again,Positive
RV00176,O02246,C00775,2,Not happy with the delivery experience.,Negative,not happy with the delivery experience,Negative
RV00177,O08485,C00019,4,Food was tasty and delivery was smooth.,Positive,food was tasty and delivery was smooth,Neutral
RV00178,O09182,C01626,5,Food was excellent and delivery was very quick.,Positive,food was excellent and delivery was very quick,Positive
RV00179,O09047,C00810,5,"Loved the food, would definitely order again.",Positive,loved the food would definitely order again,Positive
RV00180,O06143,C01081,4,Good food and the delivery was on time.,Positive,good food and the delivery was on time,Positive
RV00181,O02708,C01225,3,"Average experience, nothing special.",Neutral,average experience nothing special,Negative
RV00182,O02465,C00175,3,Food was decent but could have been better.,Neutral,food was decent but could have been better,Positive
RV00183,O05709,C00185,1,"Very poor service, would not order again.",Negative,very poor service would not order again,Negative
RV00184,O01645,C00179,5,Amazing food and great delivery experience.,Positive,amazing food and great delivery experience,Positive
RV00185,O04954,C01192,5,Food was excellent and delivery was very quick.,Positive,food was excellent and delivery was very quick,Positive
RV00186,O08710,C00324,3,Food was decent but could have been better.,Neutral,food was decent but could have been better,Positive
RV00187,O03872,C00132,4,Really good experience overall.,Positive,really good experience overall,Positive
RV00188,O09883,C00343,4,Food was tasty and delivery was smooth.,Positive,food was tasty and delivery was smooth,Neutral
RV00189,O01710,C01718,3,"Average experience, nothing special.",Neutral,average experience nothing special,Negative
RV00190,O08910,C01784,3,The order was fine overall.,Neutral,the order was fine overall,Positive
RV00191,O05128,C01690,4,"Good service, just a minor delay.",Positive,good service just a minor delay,Positive
RV00192,O04313,C01402,3,"Average experience, nothing special.",Neutral,average experience nothing special,Negative
RV00193,O02793,C00105,1,Food was disappointing and delivery was extremely slow.,Negative,food was disappointing and delivery was extremely slow,Negative
RV00194,O05087,C00944,5,"Loved the food, would definitely order again.",Positive,loved the food would definitely order again,Positive
RV00195,O01028,C01926,1,"Very poor service, would not order again.",Negative,very poor service would not order again,Negative
RV00196,O03126,C01548,4,"Good service, just a minor delay.",Positive,good service just a minor delay,Positive
RV00197,O06548,C00802,4,Really good experience overall.,Positive,really good experience overall,Positive
RV00198,O06582,C01179,2,Delivery was late and the food was not very good.,Negative,delivery was late and the food was not very good,Negative
RV00199,O01267,C00910,3,"Average experience, nothing special.",Neutral,average experience nothing special,Negative
RV00200,O04116,C00959,4,Really good experience overall.,Positive,really good experience overall,Positive
RV00201,O07715,C00248,2,Food was cold when it arrived.,Negative,food was cold when it arrived,Neutral
RV00202,O03548,C01365,3,"Average experience, nothing special.",Neutral,average experience nothing special,Negative
RV00203,O02401,C00804,5,Amazing food and great delivery experience.,Positive,amazing food and great delivery experience,Positive
RV00204,O03733,C00149,5,Food was excellent and delivery was very quick.,Positive,food was excellent and delivery was very quick,Positive
RV00205,O09052,C00416,3,"Average experience, nothing special.",Neutral,average experience nothing special,Negative
RV00206,O05210,C01152,5,"Loved the food, would definitely order again.",Positive,loved the food would definitely order again,Positive
RV00207,O01006,C00773,4,Good food and the delivery was on time.,Positive,good food and the delivery was on time,Positive
RV00208,O07790,C00793,5,Amazing food and great delivery experience.,Positive,amazing food and great delivery experience,Positive
RV00209,O00813,C00525,4,"Good service, just a minor delay.",Positive,good service just a minor delay,Positive
RV00210,O01825,C01733,2,Not happy with the delivery experience.,Negative,not happy with the delivery experience,Negative
RV00211,O05204,C01303,4,"Good service, just a minor delay.",Positive,good service just a minor delay,Positive
RV00212,O04733,C01488,3,Food was okay but delivery took some time.,Neutral,food was okay but delivery took some time,Positive
RV00213,O01425,C00080,5,Everything was perfect and arrived on time.,Positive,everything was perfect and arrived on time,Positive
RV00214,O00610,C00628,3,"Average experience, nothing special.",Neutral,average experience nothing special,Negative
RV00215,O01194,C00090,3,Food was decent but could have been better.,Neutral,food was decent but could have been better,Positive
RV00216,O01669,C00719,4,Food was tasty and delivery was smooth.,Positive,food was tasty and delivery was smooth,Neutral
RV00217,O07378,C01958,2,Food was cold when it arrived.,Negative,food was cold when it arrived,Neutral
RV00218,O09065,C01747,2,The order was delayed and disappointing.,Negative,the order was delayed and disappointing,Negative
RV00219,O08982,C01392,4,Food was tasty and delivery was smooth.,Positive,food was tasty and delivery was smooth,Neutral
RV00220,O08266,C00353,1,Very late delivery and the food was cold.,Negative,very late delivery and the food was cold,Neutral
RV00221,O04326,C00797,2,Not happy with the delivery experience.,Negative,not happy with the delivery experience,Negative
RV00222,O03945,C01952,4,Good food and the delivery was on time.,Positive,good food and the delivery was on time,Positive
RV00223,O05235,C01877,5,Food was excellent and delivery was very quick.,Positive,food was excellent and delivery was very quick,Positive
RV00224,O02550,C01191,3,Food was decent but could have been better.,Neutral,food was decent but could have been better,Positive
RV00225,O07022,C00186,4,"Good service, just a minor delay.",Positive,good service just a minor delay,Positive
RV00226,O01081,C00887,3,Food was decent but could have been better.,Neutral,food was decent but could have been better,Positive
RV00227,O03130,C01446,2,Delivery was late and the food was not very good.,Negative,delivery was late and the food was not very good,Negative
RV00228,O00502,C00521,5,"Loved the food, would definitely order again.",Positive,loved the food would definitely order again,Positive
RV00229,O06014,C01782,4,Good food and the delivery was on time.,Positive,good food and the delivery was on time,Positive
RV00230,O00613,C01452,2,The order was delayed and disappointing.,Negative,the order was delayed and disappointing,Negative
RV00231,O06572,C01024,5,Food was excellent and delivery was very quick.,Positive,food was excellent and delivery was very quick,Positive
RV00232,O07263,C00852,4,"Good service, just a minor delay.",Positive,good service just a minor delay,Positive
RV00233,O02750,C00092,4,Food was tasty and delivery was smooth.,Positive,food was tasty and delivery was smooth,Neutral
RV00234,O05933,C00129,5,"Loved the food, would definitely order again.",Positive,loved the food would definitely order again,Positive
RV00235,O00827,C00064,4,Food was tasty and delivery was smooth.,Positive,food was tasty and delivery was smooth,Neutral
RV00236,O05038,C01980,4,Food was tasty and delivery was smooth.,Positive,food was tasty and delivery was smooth,Neutral
RV00237,O01944,C00453,1,Food was disappointing and delivery was extremely slow.,Negative,food was disappointing and delivery was extremely slow,Negative
RV00238,O03743,C00245,4,Really good experience overall.,Positive,really good experience overall,Positive
RV00239,O01468,C01747,3,Food was okay but delivery took some time.,Neutral,food was okay but delivery took some time,Positive
RV00240,O09253,C01627,3,Food was decent but could have been better.,Neutral,food was decent but could have been better,Positive
RV00241,O02621,C01535,4,Really good experience overall.,Positive,really good experience overall,Positive
RV00242,O06670,C01684,1,"Very poor service, would not order again.",Negative,very poor service would not order again,Negative
RV00243,O04431,C00614,2,The order was delayed and disappointing.,Negative,the order was delayed and disappointing,Negative
RV00244,O01494,C01255,3,The order was fine overall.,Neutral,the order was fine overall,Positive
RV00245,O02577,C01627,4,Good food and the delivery was on time.,Positive,good food and the delivery was on time,Positive
RV00246,O02677,C01072,5,"Loved the food, would definitely order again.",Positive,loved the food would definitely order again,Positive
RV00247,O03947,C00603,5,Food was excellent and delivery was very quick.,Positive,food was excellent and delivery was very quick,Positive
RV00248,O01076,C00009,1,Food was disappointing and delivery was extremely slow.,Negative,food was disappointing and delivery was extremely slow,Negative
RV00249,O06113,C00226,3,"Average experience, nothing special.",Neutral,average experience nothing special,Negative
RV00250,O08385,C01228,5,"Loved the food, would definitely order again.",Positive,loved the food would definitely order again,Positive
RV00251,O00468,C00754,3,"Average experience, nothing special.",Neutral,average experience nothing special,Negative
RV00252,O05797,C01919,4,Food was tasty and delivery was smooth.,Positive,food was tasty and delivery was smooth,Neutral
RV00253,O02510,C01278,4,"Good service, just a minor delay.",Positive,good service just a minor delay,Positive
RV00254,O06415,C00738,5,"Loved the food, would definitely order again.",Positive,loved the food would definitely order again,Positive
RV00255,O08191,C00050,5,Food was excellent and delivery was very quick.,Positive,food was excellent and delivery was very quick,Positive
RV00256,O04480,C01060,4,Really good experience overall.,Positive,really good experience overall,Positive
RV00257,O02694,C01909,4,Food was tasty and delivery was smooth.,Positive,food was tasty and delivery was smooth,Neutral
RV00258,O07359,C00502,5,Everything was perfect and arrived on time.,Positive,everything was perfect and arrived on time,Positive
RV00259,O01532,C00042,4,"Good service, just a minor delay.",Positive,good service just a minor delay,Positive
RV00260,O03849,C01358,3,The order was fine overall.,Neutral,the order was fine overall,Positive
RV00261,O02188,C00478,1,Food was disappointing and delivery was extremely slow.,Negative,food was disappointing and delivery was extremely slow,Negative
RV00262,O07947,C00922,4,Food was tasty and delivery was smooth.,Positive,food was tasty and delivery was smooth,Neutral
RV00263,O01874,C01600,5,"Loved the food, would definitely order again.",Positive,loved the food would definitely order again,Positive
RV00264,O03709,C01866,5,"Loved the food, would definitely order again.",Positive,loved the food would definitely order again,Positive
RV00265,O01989,C01857,4,"Good service, just a minor delay.",Positive,good service just a minor delay,Positive
RV00266,O05012,C00904,4,Good food and the delivery was on time.,Positive,good food and the delivery was on time,Positive
RV00267,O09704,C00550,4,Really good experience overall.,Positive,really good experience overall,Positive
RV00268,O01161,C00222,1,"Terrible experience, food arrived very late.",Negative,terrible experience food arrived very late,Negative
RV00269,O03112,C01649,4,Really good experience overall.,Positive,really good experience overall,Positive
RV00270,O03722,C01037,3,Food was decent but could have been better.,Neutral,food was decent but could have been better,Positive
RV00271,O09309,C00581,4,Food was tasty and delivery was smooth.,Positive,food was tasty and delivery was smooth,Neutral
RV00272,O05331,C01390,1,"Terrible experience, food arrived very late.",Negative,terrible experience food arrived very late,Negative
RV00273,O07201,C00690,5,Food was excellent and delivery was very quick.,Positive,food was excellent and delivery was very quick,Positive
RV00274,O04994,C00665,4,"Good service, just a minor delay.",Positive,good service just a minor delay,Positive
RV00275,O03327,C01355,4,Good food and the delivery was on time.,Positive,good food and the delivery was on time,Positive
RV00276,O05922,C00484,5,Everything was perfect and arrived on time.,Positive,everything was perfect and arrived on time,Positive
RV00277,O02841,C01370,3,Food was decent but could have been better.,Neutral,food was decent but could have been better,Positive
RV00278,O01144,C01568,3,Food was okay but delivery took some time.,Neutral,food was okay but delivery took some time,Positive
RV00279,O05931,C00824,1,"Terrible experience, food arrived very late.",Negative,terrible experience food arrived very late,Negative
RV00280,O08188,C00393,1,"Terrible experience, food arrived very late.",Negative,terrible experience food arrived very late,Negative
RV00281,O00178,C01572,2,Delivery was late and the food was not very good.,Negative,delivery was late and the food was not very good,Negative
RV00282,O01644,C00468,4,Food was tasty and delivery was smooth.,Positive,food was tasty and delivery was smooth,Neutral
RV00283,O07300,C00051,5,"Loved the food, would definitely order again.",Positive,loved the food would definitely order again,Positive
RV00284,O09358,C00383,2,Food was cold when it arrived.,Negative,food was cold when it arrived,Neutral
RV00285,O00361,C00248,3,Food was okay but delivery took some time.,Neutral,food was okay but delivery took some time,Positive
RV00286,O05148,C00296,4,"Good service, just a minor delay.",Positive,good service just a minor delay,Positive
RV00287,O05403,C00876,5,Food was excellent and delivery was very quick.,Positive,food was excellent and delivery was very quick,Positive
RV00288,O04652,C01448,5,Amazing food and great delivery experience.,Positive,amazing food and great delivery experience,Positive
RV00289,O08942,C00234,5,Amazing food and great delivery experience.,Positive,amazing food and great delivery experience,Positive
RV00290,O01409,C01444,1,"Very poor service, would not order again.",Negative,very poor service would not order again,Negative
RV00291,O01703,C00409,4,Good food and the delivery was on time.,Positive,good food and the delivery was on time,Positive
RV00292,O09800,C01521,2,Food was cold when it arrived.,Negative,food was cold when it arrived,Neutral
RV00293,O05141,C01681,5,Everything was perfect and arrived on time.,Positive,everything was perfect and arrived on time,Positive
RV00294,O01972,C00541,4,Really good experience overall.,Positive,really good experience overall,Positive
RV00295,O07579,C00945,4,Really good experience overall.,Positive,really good experience overall,Positive
RV00296,O00217,C00820,3,Food was decent but could have been better.,Neutral,food was decent but could have been better,Positive
RV00297,O04704,C01344,3,Food was decent but could have been better.,Neutral,food was decent but could have been better,Positive
RV00298,O08929,C01819,5,Amazing food and great delivery experience.,Positive,amazing food and great delivery experience,Positive
RV00299,O01327,C01959,4,Good food and the delivery was on time.,Positive,good food and the delivery was on time,Positive
RV00300,O03897,C00031,5,Food was excellent and delivery was very quick.,Positive,food was excellent and delivery was very quick,Positive
RV00301,O01102,C00290,3,"Average experience, nothing special.",Neutral,average experience nothing special,Negative
RV00302,O02807,C00144,2,The order was delayed and disappointing.,Negative,the order was delayed and disappointing,Negative
RV00303,O06586,C01589,4,"Good service, just a minor delay.",Positive,good service just a minor delay,Positive
RV00304,O09554,C01292,5,Everything was perfect and arrived on time.,Positive,everything was perfect and arrived on time,Positive
RV00305,O07416,C00954,1,Food was disappointing and delivery was extremely slow.,Negative,food was disappointing and delivery was extremely slow,Negative
RV00306,O01466,C00297,3,The order was fine overall.,Neutral,the order was fine overall,Positive
RV00307,O01063,C00642,4,Good food and the delivery was on time.,Positive,good food and the delivery was on time,Positive
RV00308,O05313,C00035,3,Food was decent but could have been better.,Neutral,food was decent but could have been better,Positive
RV00309,O06297,C00757,4,"Good service, just a minor delay.",Positive,good service just a minor delay,Positive
RV00310,O03240,C00476,4,"Good service, just a minor delay.",Positive,good service just a minor delay,Positive
RV00311,O08768,C01342,5,"Loved the food, would definitely order again.",Positive,loved the food would definitely order again,Positive
RV00312,O03092,C00918,1,Food was disappointing and delivery was extremely slow.,Negative,food was disappointing and delivery was extremely slow,Negative
RV00313,O09359,C00707,2,Delivery was late and the food was not very good.,Negative,delivery was late and the food was not very good,Negative
RV00314,O01962,C00222,5,Everything was perfect and arrived on time.,Positive,everything was perfect and arrived on time,Positive
RV00315,O01243,C00076,5,Amazing food and great delivery experience.,Positive,amazing food and great delivery experience,Positive
RV00316,O06941,C00733,5,Amazing food and great delivery experience.,Positive,amazing food and great delivery experience,Positive
RV00317,O06060,C00106,4,Good food and the delivery was on time.,Positive,good food and the delivery was on time,Positive
RV00318,O09983,C01555,5,Food was excellent and delivery was very quick.,Positive,food was excellent and delivery was very quick,Positive
RV00319,O04441,C00331,5,"Loved the food, would definitely order again.",Positive,loved the food would definitely order again,Positive
RV00320,O03015,C00982,4,Really good experience overall.,Positive,really good experience overall,Positive
RV00321,O04265,C01022,5,Everything was perfect and arrived on time.,Positive,everything was perfect and arrived on time,Positive
RV00322,O01464,C01943,3,"Average experience, nothing special.",Neutral,average experience nothing special,Negative
RV00323,O09386,C01740,1,"Terrible experience, food arrived very late.",Negative,terrible experience food arrived very late,Negative
RV00324,O09412,C01779,3,Food was decent but could have been better.,Neutral,food was decent but could have been better,Positive
RV00325,O05424,C00471,5,"Loved the food, would definitely order again.",Positive,loved the food would definitely order again,Positive
RV00326,O02207,C01310,5,Food was excellent and delivery was very quick.,Positive,food was excellent and delivery was very quick,Positive
RV00327,O00366,C01947,3,The order was fine overall.,Neutral,the order was fine overall,Positive
RV00328,O05111,C00815,4,"Good service, just a minor delay.",Positive,good service just a minor delay,Positive
RV00329,O08426,C00538,5,Amazing food and great delivery experience.,Positive,amazing food and great delivery experience,Positive
RV00330,O01462,C00202,5,Food was excellent and delivery was very quick.,Positive,food was excellent and delivery was very quick,Positive
RV00331,O03939,C01224,4,Really good experience overall.,Positive,really good experience overall,Positive
RV00332,O08986,C01292,4,Good food and the delivery was on time.,Positive,good food and the delivery was on time,Positive
RV00333,O05017,C00884,4,Food was tasty and delivery was smooth.,Positive,food was tasty and delivery was smooth,Neutral
RV00334,O04232,C01309,5,Everything was perfect and arrived on time.,Positive,everything was perfect and arrived on time,Positive
RV00335,O06149,C01026,3,The order was fine overall.,Neutral,the order was fine overall,Positive
RV00336,O05137,C01000,2,Food was cold when it arrived.,Negative,food was cold when it arrived,Neutral
RV00337,O07946,C01087,5,Food was excellent and delivery was very quick.,Positive,food was excellent and delivery was very quick,Positive
RV00338,O07860,C01158,3,"Average experience, nothing special.",Neutral,average experience nothing special,Negative
RV00339,O05303,C00397,4,Good food and the delivery was on time.,Positive,good food and the delivery was on time,Positive
RV00340,O02036,C01324,3,Food was decent but could have been better.,Neutral,food was decent but could have been better,Positive
RV00341,O05538,C00206,3,The order was fine overall.,Neutral,the order was fine overall,Positive
RV00342,O09138,C00518,3,Food was decent but could have been better.,Neutral,food was decent but could have been better,Positive
RV00343,O06776,C01269,3,Food was decent but could have been better.,Neutral,food was decent but could have been better,Positive
RV00344,O01333,C00396,5,Food was excellent and delivery was very quick.,Positive,food was excellent and delivery was very quick,Positive
RV00345,O00785,C01018,4,Really good experience overall.,Positive,really good experience overall,Positive
RV00346,O05466,C01506,4,Good food and the delivery was on time.,Positive,good food and the delivery was on time,Positive
RV00347,O07280,C01592,4,Food was tasty and delivery was smooth.,Positive,food was tasty and delivery was smooth,Neutral
RV00348,O03497,C01107,4,Really good experience overall.,Positive,really good experience overall,Positive
RV00349,O08390,C01152,5,Food was excellent and delivery was very quick.,Positive,food was excellent and delivery was very quick,Positive
RV00350,O00730,C01158,5,Everything was perfect and arrived on time.,Positive,everything was perfect and arrived on time,Positive
RV00351,O00416,C01991,4,Really good experience overall.,Positive,really good experience overall,Positive
RV00352,O05554,C00835,3,The order was fine overall.,Neutral,the order was fine overall,Positive
RV00353,O09861,C00716,4,"Good service, just a minor delay.",Positive,good service just a minor delay,Positive
RV00354,O08684,C00472,3,Food was decent but could have been better.,Neutral,food was decent but could have been better,Positive
RV00355,O09632,C00336,3,Food was okay but delivery took some time.,Neutral,food was okay but delivery took some time,Positive
RV00356,O03810,C00676,4,"Good service, just a minor delay.",Positive,good service just a minor delay,Positive
RV00357,O06777,C01786,4,"Good service, just a minor delay.",Positive,good service just a minor delay,Positive
RV00358,O08399,C00706,3,"Average experience, nothing special.",Neutral,average experience nothing special,Negative
RV00359,O00462,C00013,5,Amazing food and great delivery experience.,Positive,amazing food and great delivery experience,Positive
RV00360,O02190,C00890,2,The order was delayed and disappointing.,Negative,the order was delayed and disappointing,Negative
RV00361,O00202,C00395,5,Amazing food and great delivery experience.,Positive,amazing food and great delivery experience,Positive
RV00362,O04674,C00111,2,Not happy with the delivery experience.,Negative,not happy with the delivery experience,Negative
RV00363,O04005,C00520,4,"Good service, just a minor delay.",Positive,good service just a minor delay,Positive
RV00364,O00515,C01840,2,Delivery was late and the food was not very good.,Negative,delivery was late and the food was not very good,Negative
RV00365,O06634,C01796,5,Everything was perfect and arrived on time.,Positive,everything was perfect and arrived on time,Positive
RV00366,O08416,C01941,4,Food was tasty and delivery was smooth.,Positive,food was tasty and delivery was smooth,Neutral
RV00367,O02531,C00329,4,Really good experience overall.,Positive,really good experience overall,Positive
RV00368,O03371,C00424,5,Everything was perfect and arrived on time.,Positive,everything was perfect and arrived on time,Positive
RV00369,O02948,C01294,3,The order was fine overall.,Neutral,the order was fine overall,Positive
RV00370,O07362,C00761,3,Food was okay but delivery took some time.,Neutral,food was okay but delivery took some time,Positive
RV00371,O03932,C01798,3,Food was okay but delivery took some time.,Neutral,food was okay but delivery took some time,Positive
RV00372,O09299,C01548,4,Good food and the delivery was on time.,Positive,good food and the delivery was on time,Positive
RV00373,O08373,C00071,4,Really good experience overall.,Positive,really good experience overall,Positive
RV00374,O06330,C01556,3,Food was decent but could have been better.,Neutral,food was decent but could have been better,Positive
RV00375,O06425,C01422,5,Amazing food and great delivery experience.,Positive,amazing food and great delivery experience,Positive
RV00376,O03742,C00382,5,Everything was perfect and arrived on time.,Positive,everything was perfect and arrived on time,Positive
RV00377,O04637,C01927,5,Amazing food and great delivery experience.,Positive,amazing food and great delivery experience,Positive
RV00378,O10000,C00657,3,"Average experience, nothing special.",Neutral,average experience nothing special,Negative
RV00379,O03855,C00246,4,Good food and the delivery was on time.,Positive,good food and the delivery was on time,Positive
RV00380,O03053,C01760,2,Food was cold when it arrived.,Negative,food was cold when it arrived,Neutral
RV00381,O05451,C01180,4,"Good service, just a minor delay.",Positive,good service just a minor delay,Positive
RV00382,O08130,C01789,2,Delivery was late and the food was not very good.,Negative,delivery was late and the food was not very good,Negative
RV00383,O03871,C00304,2,Not happy with the delivery experience.,Negative,not happy with the delivery experience,Negative
RV00384,O04051,C01384,4,Really good experience overall.,Positive,really good experience overall,Positive
RV00385,O00504,C00627,4,Food was tasty and delivery was smooth.,Positive,food was tasty and delivery was smooth,Neutral
RV00386,O07230,C01392,5,Amazing food and great delivery experience.,Positive,amazing food and great delivery experience,Positive
RV00387,O08614,C01292,5,Everything was perfect and arrived on time.,Positive,everything was perfect and arrived on time,Positive
RV00388,O09656,C00568,1,"Very poor service, would not order again.",Negative,very poor service would not order again,Negative
RV00389,O05136,C01689,2,Not happy with the delivery experience.,Negative,not happy with the delivery experience,Negative
RV00390,O05183,C01185,5,Amazing food and great delivery experience.,Positive,amazing food and great delivery experience,Positive
RV00391,O05222,C01582,4,"Good service, just a minor delay.",Positive,good service just a minor delay,Positive
RV00392,O06955,C00738,1,Food was disappointing and delivery was extremely slow.,Negative,food was disappointing and delivery was extremely slow,Negative
RV00393,O04066,C01090,5,Amazing food and great delivery experience.,Positive,amazing food and great delivery experience,Positive
RV00394,O07113,C01054,5,Everything was perfect and arrived on time.,Positive,everything was perfect and arrived on time,Positive
RV00395,O00089,C01139,4,Really good experience overall.,Positive,really good experience overall,Positive
RV00396,O07974,C00079,5,Everything was perfect and arrived on time.,Positive,everything was perfect and arrived on time,Positive
RV00397,O00534,C00476,4,"Good service, just a minor delay.",Positive,good service just a minor delay,Positive
RV00398,O00062,C00342,4,Really good experience overall.,Positive,really good experience overall,Positive
RV00399,O08187,C01555,4,Good food and the delivery was on time.,Positive,good food and the delivery was on time,Positive
RV00400,O03691,C01715,4,"Good service, just a minor delay.",Positive,good service just a minor delay,Positive
RV00401,O07718,C00015,3,"Average experience, nothing special.",Neutral,average experience nothing special,Negative
RV00402,O06585,C01690,3,Food was decent but could have been better.,Neutral,food was decent but could have been better,Positive
RV00403,O09900,C01697,3,Food was okay but delivery took some time.,Neutral,food was okay but delivery took some time,Positive
RV00404,O05622,C01185,2,Delivery was late and the food was not very good.,Negative,delivery was late and the food was not very good,Negative
RV00405,O03064,C00774,2,Delivery was late and the food was not very good.,Negative,delivery was late and the food was not very good,Negative
RV00406,O04892,C00624,2,Not happy with the delivery experience.,Negative,not happy with the delivery experience,Negative
RV00407,O07400,C01284,5,"Loved the food, would definitely order again.",Positive,loved the food would definitely order again,Positive
RV00408,O02189,C00828,5,"Loved the food, would definitely order again.",Positive,loved the food would definitely order again,Positive
RV00409,O09678,C00625,5,Everything was perfect and arrived on time.,Positive,everything was perfect and arrived on time,Positive
RV00410,O04384,C01268,5,Food was excellent and delivery was very quick.,Positive,food was excellent and delivery was very quick,Positive
RV00411,O00794,C01051,3,Food was okay but delivery took some time.,Neutral,food was okay but delivery took some time,Positive
RV00412,O04288,C01722,5,Food was excellent and delivery was very quick.,Positive,food was excellent and delivery was very quick,Positive
RV00413,O00052,C00788,4,Good food and the delivery was on time.,Positive,good food and the delivery was on time,Positive
RV00414,O02457,C00673,1,"Terrible experience, food arrived very late.",Negative,terrible experience food arrived very late,Negative
RV00415,O05637,C01939,5,Food was excellent and delivery was very quick.,Positive,food was excellent and delivery was very quick,Positive
RV00416,O04202,C00644,4,Food was tasty and delivery was smooth.,Positive,food was tasty and delivery was smooth,Neutral
RV00417,O04461,C00683,5,Everything was perfect and arrived on time.,Positive,everything was perfect and arrived on time,Positive
RV00418,O06219,C01098,5,Food was excellent and delivery was very quick.,Positive,food was excellent and delivery was very quick,Positive
RV00419,O01108,C00327,3,Food was okay but delivery took some time.,Neutral,food was okay but delivery took some time,Positive
RV00420,O02018,C00659,4,Good food and the delivery was on time.,Positive,good food and the delivery was on time,Positive
RV00421,O04397,C01191,3,Food was decent but could have been better.,Neutral,food was decent but could have been better,Positive
RV00422,O01389,C00370,4,"Good service, just a minor delay.",Positive,good service just a minor delay,Positive
RV00423,O00985,C01766,4,Really good experience overall.,Positive,really good experience overall,Positive
RV00424,O06410,C01267,2,Food was cold when it arrived.,Negative,food was cold when it arrived,Neutral
RV00425,O09529,C00723,3,Food was decent but could have been better.,Neutral,food was decent but could have been better,Positive
RV00426,O04226,C01676,4,Really good experience overall.,Positive,really good experience overall,Positive
RV00427,O07065,C01196,3,"Average experience, nothing special.",Neutral,average experience nothing special,Negative
RV00428,O05591,C01837,4,Food was tasty and delivery was smooth.,Positive,food was tasty and delivery was smooth,Neutral
RV00429,O03355,C00660,1,"Very poor service, would not order again.",Negative,very poor service would not order again,Negative
RV00430,O07198,C00635,4,Food was tasty and delivery was smooth.,Positive,food was tasty and delivery was smooth,Neutral
RV00431,O02193,C00286,2,The order was delayed and disappointing.,Negative,the order was delayed and disappointing,Negative
RV00432,O07500,C01198,2,Not happy with the delivery experience.,Negative,not happy with the delivery experience,Negative
RV00433,O01441,C01077,3,"Average experience, nothing special.",Neutral,average experience nothing special,Negative
RV00434,O07922,C00307,5,Amazing food and great delivery experience.,Positive,amazing food and great delivery experience,Positive
RV00435,O06302,C01967,1,Food was disappointing and delivery was extremely slow.,Negative,food was disappointing and delivery was extremely slow,Negative
RV00436,O00426,C00725,5,Food was excellent and delivery was very quick.,Positive,food was excellent and delivery was very quick,Positive
RV00437,O03909,C01812,4,Good food and the delivery was on time.,Positive,good food and the delivery was on time,Positive
RV00438,O06848,C01105,5,Amazing food and great delivery experience.,Positive,amazing food and great delivery experience,Positive
RV00439,O02387,C00336,4,"Good service, just a minor delay.",Positive,good service just a minor delay,Positive
RV00440,O05909,C00139,2,The order was delayed and disappointing.,Negative,the order was delayed and disappointing,Negative
RV00441,O00394,C01369,4,Really good experience overall.,Positive,really good experience overall,Positive
RV00442,O07836,C00898,5,Food was excellent and delivery was very quick.,Positive,food was excellent and delivery was very quick,Positive
RV00443,O03828,C01487,5,Food was excellent and delivery was very quick.,Positive,food was excellent and delivery was very quick,Positive
RV00444,O05443,C00518,5,Food was excellent and delivery was very quick.,Positive,food was excellent and delivery was very quick,Positive
RV00445,O05106,C01111,4,Food was tasty and delivery was smooth.,Positive,food was tasty and delivery was smooth,Neutral
RV00446,O00263,C00131,3,The order was fine overall.,Neutral,the order was fine overall,Positive
RV00447,O01275,C01529,5,Everything was perfect and arrived on time.,Positive,everything was perfect and arrived on time,Positive
RV00448,O01410,C01644,5,Everything was perfect and arrived on time.,Positive,everything was perfect and arrived on time,Positive
RV00449,O04309,C00263,2,Delivery was late and the food was not very good.,Negative,delivery was late and the food was not very good,Negative
RV00450,O09837,C01740,3,"Average experience, nothing special.",Neutral,average experience nothing special,Negative
RV00451,O08541,C01832,2,The order was delayed and disappointing.,Negative,the order was delayed and disappointing,Negative
RV00452,O07334,C01317,5,Food was excellent and delivery was very quick.,Positive,food was excellent and delivery was very quick,Positive
RV00453,O01260,C00652,2,Not happy with the delivery experience.,Negative,not happy with the delivery experience,Negative
RV00454,O04201,C01618,4,Really good experience overall.,Positive,really good experience overall,Positive
RV00455,O09955,C01366,5,"Loved the food, would definitely order again.",Positive,loved the food would definitely order again,Positive
RV00456,O03341,C01788,3,Food was okay but delivery took some time.,Neutral,food was okay but delivery took some time,Positive
RV00457,O02158,C01899,3,"Average experience, nothing special.",Neutral,average experience nothing special,Negative
RV00458,O04925,C01547,2,Not happy with the delivery experience.,Negative,not happy with the delivery experience,Negative
RV00459,O03865,C00086,5,Food was excellent and delivery was very quick.,Positive,food was excellent and delivery was very quick,Positive
RV00460,O07313,C00533,3,"Average experience, nothing special.",Neutral,average experience nothing special,Negative
RV00461,O09805,C01063,4,Really good experience overall.,Positive,really good experience overall,Positive
RV00462,O03790,C00391,5,Amazing food and great delivery experience.,Positive,amazing food and great delivery experience,Positive
RV00463,O04488,C00673,5,Amazing food and great delivery experience.,Positive,amazing food and great delivery experience,Positive
RV00464,O03919,C00176,3,Food was decent but could have been better.,Neutral,food was decent but could have been better,Positive
RV00465,O08206,C01529,1,"Very poor service, would not order again.",Negative,very poor service would not order again,Negative
RV00466,O07291,C01583,5,Amazing food and great delivery experience.,Positive,amazing food and great delivery experience,Positive
RV00467,O00612,C00781,5,Food was excellent and delivery was very quick.,Positive,food was excellent and delivery was very quick,Positive
RV00468,O08021,C01664,5,"Loved the food, would definitely order again.",Positive,loved the food would definitely order again,Positive
RV00469,O01840,C01554,4,Good food and the delivery was on time.,Positive,good food and the delivery was on time,Positive
RV00470,O08046,C00954,3,"Average experience, nothing special.",Neutral,average experience nothing special,Negative
RV00471,O07403,C01850,4,Good food and the delivery was on time.,Positive,good food and the delivery was on time,Positive
RV00472,O05263,C01939,2,Delivery was late and the food was not very good.,Negative,delivery was late and the food was not very good,Negative
RV00473,O04778,C01988,4,Really good experience overall.,Positive,really good experience overall,Positive
RV00474,O04796,C01961,1,Food was disappointing and delivery was extremely slow.,Negative,food was disappointing and delivery was extremely slow,Negative
RV00475,O02552,C01601,2,Not happy with the delivery experience.,Negative,not happy with the delivery experience,Negative
RV00476,O07765,C01960,4,Really good experience overall.,Positive,really good experience overall,Positive
RV00477,O07754,C00275,4,"Good service, just a minor delay.",Positive,good service just a minor delay,Positive
RV00478,O00647,C00579,4,Really good experience overall.,Positive,really good experience overall,Positive
RV00479,O02186,C01685,2,The order was delayed and disappointing.,Negative,the order was delayed and disappointing,Negative
RV00480,O00210,C00952,3,"Average experience, nothing special.",Neutral,average experience nothing special,Negative
RV00481,O00112,C01712,3,"Average experience, nothing special.",Neutral,average experience nothing special,Negative
RV00482,O05494,C00850,3,Food was decent but could have been better.,Neutral,food was decent but could have been better,Positive
RV00483,O00204,C00921,1,"Very poor service, would not order again.",Negative,very poor service would not order again,Negative
RV00484,O06138,C01399,1,Food was disappointing and delivery was extremely slow.,Negative,food was disappointing and delivery was extremely slow,Negative
RV00485,O07131,C01527,1,Very late delivery and the food was cold.,Negative,very late delivery and the food was cold,Neutral
RV00486,O06870,C00707,3,"Average experience, nothing special.",Neutral,average experience nothing special,Negative
RV00487,O01210,C01466,3,"Average experience, nothing special.",Neutral,average experience nothing special,Negative
RV00488,O03729,C01133,3,"Average experience, nothing special.",Neutral,average experience nothing special,Negative
RV00489,O06090,C00606,4,Good food and the delivery was on time.,Positive,good food and the delivery was on time,Positive
RV00490,O00339,C01703,5,Food was excellent and delivery was very quick.,Positive,food was excellent and delivery was very quick,Positive
RV00491,O04831,C00009,2,Not happy with the delivery experience.,Negative,not happy with the delivery experience,Negative
RV00492,O01417,C00444,5,Everything was perfect and arrived on time.,Positive,everything was perfect and arrived on time,Positive
RV00493,O09331,C01866,2,Not happy with the delivery experience.,Negative,not happy with the delivery experience,Negative
RV00494,O07773,C01201,5,Food was excellent and delivery was very quick.,Positive,food was excellent and delivery was very quick,Positive
RV00495,O01600,C01933,4,Food was tasty and delivery was smooth.,Positive,food was tasty and delivery was smooth,Neutral
RV00496,O09418,C00279,4,"Good service, just a minor delay.",Positive,good service just a minor delay,Positive
RV00497,O03162,C00870,5,Food was excellent and delivery was very quick.,Positive,food was excellent and delivery was very quick,Positive
RV00498,O07818,C01805,5,Amazing food and great delivery experience.,Positive,amazing food and great delivery experience,Positive
RV00499,O08011,C01540,4,Really good experience overall.,Positive,really good experience overall,Positive
RV00500,O03921,C01202,5,Amazing food and great delivery experience.,Positive,amazing food and great delivery experience,Positive
RV00501,O07233,C00650,3,Food was okay but delivery took some time.,Neutral,food was okay but delivery took some time,Positive
RV00502,O04866,C01836,4,"Good service, just a minor delay.",Positive,good service just a minor delay,Positive
RV00503,O09690,C01857,4,Really good experience overall.,Positive,really good experience overall,Positive
RV00504,O03696,C01432,5,"Loved the food, would definitely order again.",Positive,loved the food would definitely order again,Positive
RV00505,O05465,C01386,5,Food was excellent and delivery was very quick.,Positive,food was excellent and delivery was very quick,Positive
RV00506,O07775,C01244,4,Really good experience overall.,Positive,really good experience overall,Positive
RV00507,O06022,C01653,4,Good food and the delivery was on time.,Positive,good food and the delivery was on time,Positive
RV00508,O00080,C01852,5,Everything was perfect and arrived on time.,Positive,everything was perfect and arrived on time,Positive
RV00509,O08548,C01432,4,Really good experience overall.,Positive,really good experience overall,Positive
RV00510,O05172,C01094,4,Really good experience overall.,Positive,really good experience overall,Positive
RV00511,O07496,C00466,4,"Good service, just a minor delay.",Positive,good service just a minor delay,Positive
RV00512,O01222,C00618,1,Very late delivery and the food was cold.,Negative,very late delivery and the food was cold,Neutral
RV00513,O00737,C01850,5,Everything was perfect and arrived on time.,Positive,everything was perfect and arrived on time,Positive
RV00514,O03785,C01129,2,Delivery was late and the food was not very good.,Negative,delivery was late and the food was not very good,Negative
RV00515,O05816,C01367,3,Food was decent but could have been better.,Neutral,food was decent but could have been better,Positive
RV00516,O08932,C01741,3,"Average experience, nothing special.",Neutral,average experience nothing special,Negative
RV00517,O03473,C00184,3,The order was fine overall.,Neutral,the order was fine overall,Positive
RV00518,O00267,C01499,5,Food was excellent and delivery was very quick.,Positive,food was excellent and delivery was very quick,Positive
RV00519,O08795,C01791,5,"Loved the food, would definitely order again.",Positive,loved the food would definitely order again,Positive
RV00520,O05238,C01507,1,Very late delivery and the food was cold.,Negative,very late delivery and the food was cold,Neutral
RV00521,O04939,C01437,2,The order was delayed and disappointing.,Negative,the order was delayed and disappointing,Negative
RV00522,O06211,C00432,4,"Good service, just a minor delay.",Positive,good service just a minor delay,Positive
RV00523,O06210,C00660,1,"Terrible experience, food arrived very late.",Negative,terrible experience food arrived very late,Negative
RV00524,O03047,C00549,4,Good food and the delivery was on time.,Positive,good food and the delivery was on time,Positive
RV00525,O06558,C01844,3,The order was fine overall.,Neutral,the order was fine overall,Positive
RV00526,O07349,C01281,4,Really good experience overall.,Positive,really good experience overall,Positive
RV00527,O02133,C01310,2,The order was delayed and disappointing.,Negative,the order was delayed and disappointing,Negative
RV00528,O06606,C01195,4,Food was tasty and delivery was smooth.,Positive,food was tasty and delivery was smooth,Neutral
RV00529,O04656,C00150,5,"Loved the food, would definitely order again.",Positive,loved the food would definitely order again,Positive
RV00530,O04090,C01216,3,The order was fine overall.,Neutral,the order was fine overall,Positive
RV00531,O01806,C01892,5,"Loved the food, would definitely order again.",Positive,loved the food would definitely order again,Positive
RV00532,O06858,C01049,2,Food was cold when it arrived.,Negative,food was cold when it arrived,Neutral
RV00533,O02464,C01534,3,The order was fine overall.,Neutral,the order was fine overall,Positive
RV00534,O02632,C01527,1,Very late delivery and the food was cold.,Negative,very late delivery and the food was cold,Neutral
RV00535,O07103,C01096,1,Food was disappointing and delivery was extremely slow.,Negative,food was disappointing and delivery was extremely slow,Negative
RV00536,O01173,C01258,4,Food was tasty and delivery was smooth.,Positive,food was tasty and delivery was smooth,Neutral
RV00537,O03163,C01561,5,Everything was perfect and arrived on time.,Positive,everything was perfect and arrived on time,Positive
RV00538,O08670,C00816,5,Amazing food and great delivery experience.,Positive,amazing food and great delivery experience,Positive
RV00539,O06459,C00078,3,Food was decent but could have been better.,Neutral,food was decent but could have been better,Positive
RV00540,O09767,C01164,5,Everything was perfect and arrived on time.,Positive,everything was perfect and arrived on time,Positive
RV00541,O04694,C00416,1,"Very poor service, would not order again.",Negative,very poor service would not order again,Negative
RV00542,O09932,C01635,3,Food was okay but delivery took some time.,Neutral,food was okay but delivery took some time,Positive
RV00543,O04430,C00156,4,Good food and the delivery was on time.,Positive,good food and the delivery was on time,Positive
RV00544,O03213,C01213,5,Everything was perfect and arrived on time.,Positive,everything was perfect and arrived on time,Positive
RV00545,O07098,C00585,3,"Average experience, nothing special.",Neutral,average experience nothing special,Negative
RV00546,O04591,C00623,5,Everything was perfect and arrived on time.,Positive,everything was perfect and arrived on time,Positive
RV00547,O08504,C01692,4,Really good experience overall.,Positive,really good experience overall,Positive
RV00548,O03808,C00708,4,Really good experience overall.,Positive,really good experience overall,Positive
RV00549,O00475,C01192,4,"Good service, just a minor delay.",Positive,good service just a minor delay,Positive
RV00550,O05598,C01251,4,Food was tasty and delivery was smooth.,Positive,food was tasty and delivery was smooth,Neutral
RV00551,O04122,C01393,4,Really good experience overall.,Positive,really good experience overall,Positive
RV00552,O02705,C01443,5,"Loved the food, would definitely order again.",Positive,loved the food would definitely order again,Positive
RV00553,O05606,C01353,5,Amazing food and great delivery experience.,Positive,amazing food and great delivery experience,Positive
RV00554,O05887,C01208,4,Good food and the delivery was on time.,Positive,good food and the delivery was on time,Positive
RV00555,O06314,C00388,4,Really good experience overall.,Positive,really good experience overall,Positive
RV00556,O09029,C00380,4,Food was tasty and delivery was smooth.,Positive,food was tasty and delivery was smooth,Neutral
RV00557,O02467,C01720,2,Not happy with the delivery experience.,Negative,not happy with the delivery experience,Negative
RV00558,O00726,C00186,4,Really good experience overall.,Positive,really good experience overall,Positive
RV00559,O08531,C00503,5,Amazing food and great delivery experience.,Positive,amazing food and great delivery experience,Positive
RV00560,O00373,C00723,3,Food was decent but could have been better.,Neutral,food was decent but could have been better,Positive
RV00561,O08872,C00263,3,Food was decent but could have been better.,Neutral,food was decent but could have been better,Positive
RV00562,O07723,C01896,4,Food was tasty and delivery was smooth.,Positive,food was tasty and delivery was smooth,Neutral
RV00563,O02298,C00368,4,Food was tasty and delivery was smooth.,Positive,food was tasty and delivery was smooth,Neutral
RV00564,O04677,C00107,2,Delivery was late and the food was not very good.,Negative,delivery was late and the food was not very good,Negative
RV00565,O09007,C00287,2,Delivery was late and the food was not very good.,Negative,delivery was late and the food was not very good,Negative
RV00566,O01457,C01628,4,Really good experience overall.,Positive,really good experience overall,Positive
RV00567,O01319,C01968,4,Food was tasty and delivery was smooth.,Positive,food was tasty and delivery was smooth,Neutral
RV00568,O06122,C01235,5,Amazing food and great delivery experience.,Positive,amazing food and great delivery experience,Positive
RV00569,O01756,C01699,5,"Loved the food, would definitely order again.",Positive,loved the food would definitely order again,Positive
RV00570,O05647,C01813,5,Food was excellent and delivery was very quick.,Positive,food was excellent and delivery was very quick,Positive
RV00571,O04244,C00595,4,Really good experience overall.,Positive,really good experience overall,Positive
RV00572,O09634,C00592,2,The order was delayed and disappointing.,Negative,the order was delayed and disappointing,Negative
RV00573,O07215,C00120,3,"Average experience, nothing special.",Neutral,average experience nothing special,Negative
RV00574,O03970,C00512,5,Everything was perfect and arrived on time.,Positive,everything was perfect and arrived on time,Positive
RV00575,O08936,C01236,3,The order was fine overall.,Neutral,the order was fine overall,Positive
RV00576,O08328,C00226,4,"Good service, just a minor delay.",Positive,good service just a minor delay,Positive
RV00577,O08478,C00954,4,Food was tasty and delivery was smooth.,Positive,food was tasty and delivery was smooth,Neutral
RV00578,O09867,C00838,5,Amazing food and great delivery experience.,Positive,amazing food and great delivery experience,Positive
RV00579,O01406,C01577,5,Food was excellent and delivery was very quick.,Positive,food was excellent and delivery was very quick,Positive
RV00580,O03052,C00571,1,Food was disappointing and delivery was extremely slow.,Negative,food was disappointing and delivery was extremely slow,Negative
RV00581,O07729,C01472,4,Really good experience overall.,Positive,really good experience overall,Positive
RV00582,O08470,C01158,4,Food was tasty and delivery was smooth.,Positive,food was tasty and delivery was smooth,Neutral
RV00583,O02459,C00839,1,Food was disappointing and delivery was extremely slow.,Negative,food was disappointing and delivery was extremely slow,Negative
RV00584,O07029,C00102,3,Food was decent but could have been better.,Neutral,food was decent but could have been better,Positive
RV00585,O04169,C01715,4,Good food and the delivery was on time.,Positive,good food and the delivery was on time,Positive
RV00586,O04561,C01665,5,"Loved the food, would definitely order again.",Positive,loved the food would definitely order again,Positive
RV00587,O03114,C00986,5,Amazing food and great delivery experience.,Positive,amazing food and great delivery experience,Positive
RV00588,O00175,C00972,3,Food was okay but delivery took some time.,Neutral,food was okay but delivery took some time,Positive
RV00589,O07838,C01425,4,Good food and the delivery was on time.,Positive,good food and the delivery was on time,Positive
RV00590,O04977,C01682,5,Amazing food and great delivery experience.,Positive,amazing food and great delivery experience,Positive
RV00591,O05229,C01924,4,Food was tasty and delivery was smooth.,Positive,food was tasty and delivery was smooth,Neutral
RV00592,O03535,C01536,3,The order was fine overall.,Neutral,the order was fine overall,Positive
RV00593,O06288,C01018,2,The order was delayed and disappointing.,Negative,the order was delayed and disappointing,Negative
RV00594,O06885,C01811,4,"Good service, just a minor delay.",Positive,good service just a minor delay,Positive
RV00595,O08632,C01636,4,Food was tasty and delivery was smooth.,Positive,food was tasty and delivery was smooth,Neutral
RV00596,O06493,C00219,4,Really good experience overall.,Positive,really good experience overall,Positive
RV00597,O06451,C01694,5,Amazing food and great delivery experience.,Positive,amazing food and great delivery experience,Positive
RV00598,O01499,C01378,4,Really good experience overall.,Positive,really good experience overall,Positive
RV00599,O01520,C01440,5,Amazing food and great delivery experience.,Positive,amazing food and great delivery experience,Positive
RV00600,O02994,C00013,2,Delivery was late and the food was not very good.,Negative,delivery was late and the food was not very good,Negative
RV00601,O02614,C00917,2,Food was cold when it arrived.,Negative,food was cold when it arrived,Neutral
RV00602,O01498,C01940,5,Food was excellent and delivery was very quick.,Positive,food was excellent and delivery was very quick,Positive
RV00603,O07264,C00047,5,Amazing food and great delivery experience.,Positive,amazing food and great delivery experience,Positive
RV00604,O02370,C01226,3,"Average experience, nothing special.",Neutral,average experience nothing special,Negative
RV00605,O05859,C01331,1,"Very poor service, would not order again.",Negative,very poor service would not order again,Negative
RV00606,O01443,C00694,1,"Terrible experience, food arrived very late.",Negative,terrible experience food arrived very late,Negative
RV00607,O09085,C00507,3,"Average experience, nothing special.",Neutral,average experience nothing special,Negative
RV00608,O04261,C01482,4,Food was tasty and delivery was smooth.,Positive,food was tasty and delivery was smooth,Neutral
RV00609,O02645,C01210,4,Good food and the delivery was on time.,Positive,good food and the delivery was on time,Positive
RV00610,O09163,C01744,5,Food was excellent and delivery was very quick.,Positive,food was excellent and delivery was very quick,Positive
RV00611,O03407,C00958,5,Amazing food and great delivery experience.,Positive,amazing food and great delivery experience,Positive
RV00612,O08746,C01105,5,Everything was perfect and arrived on time.,Positive,everything was perfect and arrived on time,Positive
RV00613,O04802,C00563,3,Food was okay but delivery took some time.,Neutral,food was okay but delivery took some time,Positive
RV00614,O07364,C00131,4,Really good experience overall.,Positive,really good experience overall,Positive
RV00615,O02591,C01766,4,Good food and the delivery was on time.,Positive,good food and the delivery was on time,Positive
RV00616,O08068,C00477,4,"Good service, just a minor delay.",Positive,good service just a minor delay,Positive
RV00617,O00692,C01009,1,Food was disappointing and delivery was extremely slow.,Negative,food was disappointing and delivery was extremely slow,Negative
RV00618,O04237,C01730,3,Food was okay but delivery took some time.,Neutral,food was okay but delivery took some time,Positive
RV00619,O00471,C01204,2,Delivery was late and the food was not very good.,Negative,delivery was late and the food was not very good,Negative
RV00620,O05766,C00801,1,"Terrible experience, food arrived very late.",Negative,terrible experience food arrived very late,Negative
RV00621,O02954,C00975,2,Not happy with the delivery experience.,Negative,not happy with the delivery experience,Negative
RV00622,O01963,C01101,5,Food was excellent and delivery was very quick.,Positive,food was excellent and delivery was very quick,Positive
RV00623,O07460,C01879,4,"Good service, just a minor delay.",Positive,good service just a minor delay,Positive
RV00624,O08120,C01893,4,Really good experience overall.,Positive,really good experience overall,Positive
RV00625,O07638,C01943,5,Everything was perfect and arrived on time.,Positive,everything was perfect and arrived on time,Positive
RV00626,O00408,C00016,4,"Good service, just a minor delay.",Positive,good service just a minor delay,Positive
RV00627,O01518,C01712,3,Food was decent but could have been better.,Neutral,food was decent but could have been better,Positive
RV00628,O09877,C00139,4,Food was tasty and delivery was smooth.,Positive,food was tasty and delivery was smooth,Neutral
RV00629,O04639,C00351,2,Delivery was late and the food was not very good.,Negative,delivery was late and the food was not very good,Negative
RV00630,O02537,C01909,4,Really good experience overall.,Positive,really good experience overall,Positive
RV00631,O02627,C01243,4,Food was tasty and delivery was smooth.,Positive,food was tasty and delivery was smooth,Neutral
RV00632,O07247,C01935,5,Amazing food and great delivery experience.,Positive,amazing food and great delivery experience,Positive
RV00633,O08930,C01387,4,"Good service, just a minor delay.",Positive,good service just a minor delay,Positive
RV00634,O01769,C00078,4,Good food and the delivery was on time.,Positive,good food and the delivery was on time,Positive
RV00635,O04542,C00691,4,Good food and the delivery was on time.,Positive,good food and the delivery was on time,Positive
RV00636,O00425,C00571,2,Delivery was late and the food was not very good.,Negative,delivery was late and the food was not very good,Negative
RV00637,O04715,C00537,5,Food was excellent and delivery was very quick.,Positive,food was excellent and delivery was very quick,Positive
RV00638,O01856,C01425,4,"Good service, just a minor delay.",Positive,good service just a minor delay,Positive
RV00639,O04479,C00655,3,Food was decent but could have been better.,Neutral,food was decent but could have been better,Positive
RV00640,O08006,C01136,1,Food was disappointing and delivery was extremely slow.,Negative,food was disappointing and delivery was extremely slow,Negative
RV00641,O03301,C00512,5,Everything was perfect and arrived on time.,Positive,everything was perfect and arrived on time,Positive
RV00642,O00889,C01060,4,Really good experience overall.,Positive,really good experience overall,Positive
RV00643,O07067,C00698,3,"Average experience, nothing special.",Neutral,average experience nothing special,Negative
RV00644,O06278,C00221,3,Food was decent but could have been better.,Neutral,food was decent but could have been better,Positive
RV00645,O08589,C00641,4,"Good service, just a minor delay.",Positive,good service just a minor delay,Positive
RV00646,O07688,C00667,1,"Terrible experience, food arrived very late.",Negative,terrible experience food arrived very late,Negative
RV00647,O07354,C01520,5,"Loved the food, would definitely order again.",Positive,loved the food would definitely order again,Positive
RV00648,O02696,C00867,3,The order was fine overall.,Neutral,the order was fine overall,Positive
RV00649,O04795,C01338,3,Food was okay but delivery took some time.,Neutral,food was okay but delivery took some time,Positive
RV00650,O09626,C00913,3,The order was fine overall.,Neutral,the order was fine overall,Positive
RV00651,O07593,C01897,5,"Loved the food, would definitely order again.",Positive,loved the food would definitely order again,Positive
RV00652,O09487,C00818,1,Food was disappointing and delivery was extremely slow.,Negative,food was disappointing and delivery was extremely slow,Negative
RV00653,O07027,C00216,4,Food was tasty and delivery was smooth.,Positive,food was tasty and delivery was smooth,Neutral
RV00654,O02407,C01083,5,Everything was perfect and arrived on time.,Positive,everything was perfect and arrived on time,Positive
RV00655,O07195,C00742,5,Food was excellent and delivery was very quick.,Positive,food was excellent and delivery was very quick,Positive
RV00656,O05641,C00714,4,Really good experience overall.,Positive,really good experience overall,Positive
RV00657,O02815,C00659,3,Food was decent but could have been better.,Neutral,food was decent but could have been better,Positive
RV00658,O07824,C00041,4,"Good service, just a minor delay.",Positive,good service just a minor delay,Positive
RV00659,O08150,C00279,3,The order was fine overall.,Neutral,the order was fine overall,Positive
RV00660,O09453,C00254,2,Not happy with the delivery experience.,Negative,not happy with the delivery experience,Negative
RV00661,O04016,C01179,3,Food was decent but could have been better.,Neutral,food was decent but could have been better,Positive
RV00662,O08967,C00375,5,Amazing food and great delivery experience.,Positive,amazing food and great delivery experience,Positive
RV00663,O08456,C00885,5,Amazing food and great delivery experience.,Positive,amazing food and great delivery experience,Positive
RV00664,O05925,C01360,3,"Average experience, nothing special.",Neutral,average experience nothing special,Negative
RV00665,O08427,C01052,5,Everything was perfect and arrived on time.,Positive,everything was perfect and arrived on time,Positive
RV00666,O00036,C00731,4,"Good service, just a minor delay.",Positive,good service just a minor delay,Positive
RV00667,O03515,C00062,3,"Average experience, nothing special.",Neutral,average experience nothing special,Negative
RV00668,O08899,C01530,5,Food was excellent and delivery was very quick.,Positive,food was excellent and delivery was very quick,Positive
RV00669,O01178,C01081,2,Not happy with the delivery experience.,Negative,not happy with the delivery experience,Negative
RV00670,O00477,C01174,5,Food was excellent and delivery was very quick.,Positive,food was excellent and delivery was very quick,Positive
RV00671,O00283,C01882,4,Food was tasty and delivery was smooth.,Positive,food was tasty and delivery was smooth,Neutral
RV00672,O04865,C01877,5,"Loved the food, would definitely order again.",Positive,loved the food would definitely order again,Positive
RV00673,O06377,C01577,5,"Loved the food, would definitely order again.",Positive,loved the food would definitely order again,Positive
RV00674,O01165,C01486,4,Food was tasty and delivery was smooth.,Positive,food was tasty and delivery was smooth,Neutral
RV00675,O05926,C00793,5,Amazing food and great delivery experience.,Positive,amazing food and great delivery experience,Positive
RV00676,O06951,C00129,1,Very late delivery and the food was cold.,Negative,very late delivery and the food was cold,Neutral
RV00677,O00109,C01152,1,Very late delivery and the food was cold.,Negative,very late delivery and the food was cold,Neutral
RV00678,O01041,C01574,4,Food was tasty and delivery was smooth.,Positive,food was tasty and delivery was smooth,Neutral
RV00679,O08713,C01962,4,Really good experience overall.,Positive,really good experience overall,Positive
RV00680,O09078,C00165,1,"Very poor service, would not order again.",Negative,very poor service would not order again,Negative
RV00681,O04363,C01603,5,Food was excellent and delivery was very quick.,Positive,food was excellent and delivery was very quick,Positive
RV00682,O09720,C01323,5,Everything was perfect and arrived on time.,Positive,everything was perfect and arrived on time,Positive
RV00683,O08865,C00317,2,Delivery was late and the food was not very good.,Negative,delivery was late and the food was not very good,Negative
RV00684,O05681,C00219,4,Really good experience overall.,Positive,really good experience overall,Positive
RV00685,O00701,C00801,4,Food was tasty and delivery was smooth.,Positive,food was tasty and delivery was smooth,Neutral
RV00686,O09668,C01802,4,Good food and the delivery was on time.,Positive,good food and the delivery was on time,Positive
RV00687,O07728,C01269,2,The order was delayed and disappointing.,Negative,the order was delayed and disappointing,Negative
RV00688,O02718,C00570,3,Food was decent but could have been better.,Neutral,food was decent but could have been better,Positive
RV00689,O00256,C00427,5,Food was excellent and delivery was very quick.,Positive,food was excellent and delivery was very quick,Positive
RV00690,O04017,C01101,4,Really good experience overall.,Positive,really good experience overall,Positive
RV00691,O08635,C00839,4,Really good experience overall.,Positive,really good experience overall,Positive
RV00692,O04968,C00800,4,Food was tasty and delivery was smooth.,Positive,food was tasty and delivery was smooth,Neutral
RV00693,O08511,C00462,5,Food was excellent and delivery was very quick.,Positive,food was excellent and delivery was very quick,Positive
RV00694,O04550,C00024,5,Food was excellent and delivery was very quick.,Positive,food was excellent and delivery was very quick,Positive
RV00695,O04800,C00794,1,Very late delivery and the food was cold.,Negative,very late delivery and the food was cold,Neutral
RV00696,O04862,C00491,4,Really good experience overall.,Positive,really good experience overall,Positive
RV00697,O02331,C01979,5,"Loved the food, would definitely order again.",Positive,loved the food would definitely order again,Positive
RV00698,O00611,C01514,4,"Good service, just a minor delay.",Positive,good service just a minor delay,Positive
RV00699,O08692,C01200,5,Food was excellent and delivery was very quick.,Positive,food was excellent and delivery was very quick,Positive
RV00700,O03307,C01752,3,Food was decent but could have been better.,Neutral,food was decent but could have been better,Positive
RV00701,O00659,C01215,2,The order was delayed and disappointing.,Negative,the order was delayed and disappointing,Negative
RV00702,O05978,C01622,2,Not happy with the delivery experience.,Negative,not happy with the delivery experience,Negative
RV00703,O03269,C00493,3,The order was fine overall.,Neutral,the order was fine overall,Positive
RV00704,O09304,C00399,5,Amazing food and great delivery experience.,Positive,amazing food and great delivery experience,Positive
RV00705,O01877,C00025,5,Food was excellent and delivery was very quick.,Positive,food was excellent and delivery was very quick,Positive
RV00706,O03988,C00245,5,Food was excellent and delivery was very quick.,Positive,food was excellent and delivery was very quick,Positive
RV00707,O06996,C01286,4,Really good experience overall.,Positive,really good experience overall,Positive
RV00708,O07217,C01836,4,Good food and the delivery was on time.,Positive,good food and the delivery was on time,Positive
RV00709,O09694,C00293,5,"Loved the food, would definitely order again.",Positive,loved the food would definitely order again,Positive
RV00710,O00128,C00568,1,Food was disappointing and delivery was extremely slow.,Negative,food was disappointing and delivery was extremely slow,Negative
RV00711,O04146,C00317,4,Really good experience overall.,Positive,really good experience overall,Positive
RV00712,O09351,C01973,4,Good food and the delivery was on time.,Positive,good food and the delivery was on time,Positive
RV00713,O09595,C00842,2,Food was cold when it arrived.,Negative,food was cold when it arrived,Neutral
RV00714,O05270,C00997,2,Delivery was late and the food was not very good.,Negative,delivery was late and the food was not very good,Negative
RV00715,O07176,C00463,3,Food was okay but delivery took some time.,Neutral,food was okay but delivery took some time,Positive
RV00716,O05457,C01729,4,Good food and the delivery was on time.,Positive,good food and the delivery was on time,Positive
RV00717,O09808,C01731,5,"Loved the food, would definitely order again.",Positive,loved the food would definitely order again,Positive
RV00718,O09803,C00974,4,Really good experience overall.,Positive,really good experience overall,Positive
RV00719,O00049,C00619,4,Good food and the delivery was on time.,Positive,good food and the delivery was on time,Positive
RV00720,O07662,C00064,3,The order was fine overall.,Neutral,the order was fine overall,Positive
RV00721,O06516,C00350,4,"Good service, just a minor delay.",Positive,good service just a minor delay,Positive
RV00722,O06151,C01312,5,Food was excellent and delivery was very quick.,Positive,food was excellent and delivery was very quick,Positive
RV00723,O02350,C01217,5,"Loved the food, would definitely order again.",Positive,loved the food would definitely order again,Positive
RV00724,O02703,C01203,5,"Loved the food, would definitely order again.",Positive,loved the food would definitely order again,Positive
RV00725,O03471,C01119,1,Food was disappointing and delivery was extremely slow.,Negative,food was disappointing and delivery was extremely slow,Negative
RV00726,O08248,C01677,5,"Loved the food, would definitely order again.",Positive,loved the food would definitely order again,Positive
RV00727,O05658,C00418,5,"Loved the food, would definitely order again.",Positive,loved the food would definitely order again,Positive
RV00728,O08344,C01089,5,Amazing food and great delivery experience.,Positive,amazing food and great delivery experience,Positive
RV00729,O08404,C00254,3,Food was decent but could have been better.,Neutral,food was decent but could have been better,Positive
RV00730,O04538,C01544,4,Really good experience overall.,Positive,really good experience overall,Positive
RV00731,O03288,C00189,4,Food was tasty and delivery was smooth.,Positive,food was tasty and delivery was smooth,Neutral
RV00732,O00895,C00206,4,Really good experience overall.,Positive,really good experience overall,Positive
RV00733,O01685,C00310,3,The order was fine overall.,Neutral,the order was fine overall,Positive
RV00734,O00851,C00962,2,Food was cold when it arrived.,Negative,food was cold when it arrived,Neutral
RV00735,O06662,C00021,5,Food was excellent and delivery was very quick.,Positive,food was excellent and delivery was very quick,Positive
RV00736,O05815,C00029,4,Really good experience overall.,Positive,really good experience overall,Positive
RV00737,O00962,C00417,5,Amazing food and great delivery experience.,Positive,amazing food and great delivery experience,Positive
RV00738,O00039,C00362,3,Food was okay but delivery took some time.,Neutral,food was okay but delivery took some time,Positive
RV00739,O08382,C00772,4,Food was tasty and delivery was smooth.,Positive,food was tasty and delivery was smooth,Neutral
RV00740,O04341,C00727,2,Delivery was late and the food was not very good.,Negative,delivery was late and the food was not very good,Negative
RV00741,O09511,C00149,3,Food was decent but could have been better.,Neutral,food was decent but could have been better,Positive
RV00742,O09224,C01840,5,Food was excellent and delivery was very quick.,Positive,food was excellent and delivery was very quick,Positive
RV00743,O02468,C00185,4,"Good service, just a minor delay.",Positive,good service just a minor delay,Positive
RV00744,O07894,C00112,5,Food was excellent and delivery was very quick.,Positive,food was excellent and delivery was very quick,Positive
RV00745,O01423,C00473,3,Food was decent but could have been better.,Neutral,food was decent but could have been better,Positive
RV00746,O02414,C01819,4,Really good experience overall.,Positive,really good experience overall,Positive
RV00747,O04566,C00133,5,"Loved the food, would definitely order again.",Positive,loved the food would definitely order again,Positive
RV00748,O05883,C01990,1,"Terrible experience, food arrived very late.",Negative,terrible experience food arrived very late,Negative
RV00749,O03370,C01544,4,Food was tasty and delivery was smooth.,Positive,food was tasty and delivery was smooth,Neutral
RV00750,O05772,C00061,5,Amazing food and great delivery experience.,Positive,amazing food and great delivery experience,Positive
RV00751,O09750,C00868,3,"Average experience, nothing special.",Neutral,average experience nothing special,Negative
RV00752,O06832,C00744,1,"Terrible experience, food arrived very late.",Negative,terrible experience food arrived very late,Negative
RV00753,O03498,C01831,3,The order was fine overall.,Neutral,the order was fine overall,Positive
RV00754,O07091,C01715,4,Really good experience overall.,Positive,really good experience overall,Positive
RV00755,O06841,C00903,2,The order was delayed and disappointing.,Negative,the order was delayed and disappointing,Negative
RV00756,O09708,C01498,4,"Good service, just a minor delay.",Positive,good service just a minor delay,Positive
RV00757,O01791,C01406,5,Everything was perfect and arrived on time.,Positive,everything was perfect and arrived on time,Positive
RV00758,O08678,C01026,2,Not happy with the delivery experience.,Negative,not happy with the delivery experience,Negative
RV00759,O05749,C01799,3,Food was okay but delivery took some time.,Neutral,food was okay but delivery took some time,Positive
RV00760,O01135,C00800,4,Food was tasty and delivery was smooth.,Positive,food was tasty and delivery was smooth,Neutral
RV00761,O05870,C00073,4,Good food and the delivery was on time.,Positive,good food and the delivery was on time,Positive
RV00762,O02454,C01463,4,Food was tasty and delivery was smooth.,Positive,food was tasty and delivery was smooth,Neutral
RV00763,O07826,C01292,4,Food was tasty and delivery was smooth.,Positive,food was tasty and delivery was smooth,Neutral
RV00764,O02702,C00580,1,Very late delivery and the food was cold.,Negative,very late delivery and the food was cold,Neutral
RV00765,O06740,C00371,4,"Good service, just a minor delay.",Positive,good service just a minor delay,Positive
RV00766,O05722,C00833,1,Food was disappointing and delivery was extremely slow.,Negative,food was disappointing and delivery was extremely slow,Negative
RV00767,O01855,C00547,5,Amazing food and great delivery experience.,Positive,amazing food and great delivery experience,Positive
RV00768,O03165,C01193,5,Amazing food and great delivery experience.,Positive,amazing food and great delivery experience,Positive
RV00769,O08108,C00783,4,"Good service, just a minor delay.",Positive,good service just a minor delay,Positive
RV00770,O08826,C00245,4,Food was tasty and delivery was smooth.,Positive,food was tasty and delivery was smooth,Neutral
RV00771,O07712,C01243,4,Good food and the delivery was on time.,Positive,good food and the delivery was on time,Positive
RV00772,O03867,C01737,5,Amazing food and great delivery experience.,Positive,amazing food and great delivery experience,Positive
RV00773,O01599,C00361,5,Everything was perfect and arrived on time.,Positive,everything was perfect and arrived on time,Positive
RV00774,O07553,C00034,5,Everything was perfect and arrived on time.,Positive,everything was perfect and arrived on time,Positive
RV00775,O09303,C01732,4,Food was tasty and delivery was smooth.,Positive,food was tasty and delivery was smooth,Neutral
RV00776,O06792,C01147,2,The order was delayed and disappointing.,Negative,the order was delayed and disappointing,Negative
RV00777,O01696,C00263,3,The order was fine overall.,Neutral,the order was fine overall,Positive
RV00778,O07766,C01178,4,Good food and the delivery was on time.,Positive,good food and the delivery was on time,Positive
RV00779,O09255,C01419,1,Very late delivery and the food was cold.,Negative,very late delivery and the food was cold,Neutral
RV00780,O06967,C00498,4,Good food and the delivery was on time.,Positive,good food and the delivery was on time,Positive
RV00781,O05782,C01458,3,Food was okay but delivery took some time.,Neutral,food was okay but delivery took some time,Positive
RV00782,O03384,C00416,2,Not happy with the delivery experience.,Negative,not happy with the delivery experience,Negative
RV00783,O07335,C01170,4,Good food and the delivery was on time.,Positive,good food and the delivery was on time,Positive
RV00784,O01708,C01119,4,"Good service, just a minor delay.",Positive,good service just a minor delay,Positive
RV00785,O06576,C00095,4,Food was tasty and delivery was smooth.,Positive,food was tasty and delivery was smooth,Neutral
RV00786,O02855,C01272,3,"Average experience, nothing special.",Neutral,average experience nothing special,Negative
RV00787,O00334,C00049,3,The order was fine overall.,Neutral,the order was fine overall,Positive
RV00788,O00874,C00117,3,Food was okay but delivery took some time.,Neutral,food was okay but delivery took some time,Positive
RV00789,O08045,C01021,5,Food was excellent and delivery was very quick.,Positive,food was excellent and delivery was very quick,Positive
RV00790,O09319,C00233,5,Amazing food and great delivery experience.,Positive,amazing food and great delivery experience,Positive
RV00791,O08773,C01506,3,Food was okay but delivery took some time.,Neutral,food was okay but delivery took some time,Positive
RV00792,O03055,C00240,4,"Good service, just a minor delay.",Positive,good service just a minor delay,Positive
RV00793,O04498,C01190,3,Food was decent but could have been better.,Neutral,food was decent but could have been better,Positive
RV00794,O01088,C00331,1,Very late delivery and the food was cold.,Negative,very late delivery and the food was cold,Neutral
RV00795,O00808,C00606,3,"Average experience, nothing special.",Neutral,average experience nothing special,Negative
RV00796,O09665,C01097,2,Food was cold when it arrived.,Negative,food was cold when it arrived,Neutral
RV00797,O01079,C01225,5,Food was excellent and delivery was very quick.,Positive,food was excellent and delivery was very quick,Positive
RV00798,O04170,C00641,5,Everything was perfect and arrived on time.,Positive,everything was perfect and arrived on time,Positive
RV00799,O00616,C00960,3,"Average experience, nothing special.",Neutral,average experience nothing special,Negative
RV00800,O02172,C00590,5,Everything was perfect and arrived on time.,Positive,everything was perfect and arrived on time,Positive
RV00801,O00337,C01673,5,Amazing food and great delivery experience.,Positive,amazing food and great delivery experience,Positive
RV00802,O04630,C00374,5,Food was excellent and delivery was very quick.,Positive,food was excellent and delivery was very quick,Positive
RV00803,O08335,C00174,1,Very late delivery and the food was cold.,Negative,very late delivery and the food was cold,Neutral
RV00804,O04873,C01623,3,"Average experience, nothing special.",Neutral,average experience nothing special,Negative
RV00805,O03326,C00439,4,Food was tasty and delivery was smooth.,Positive,food was tasty and delivery was smooth,Neutral
RV00806,O09004,C00862,5,"Loved the food, would definitely order again.",Positive,loved the food would definitely order again,Positive
RV00807,O03094,C01855,3,Food was decent but could have been better.,Neutral,food was decent but could have been better,Positive
RV00808,O05846,C01629,4,Good food and the delivery was on time.,Positive,good food and the delivery was on time,Positive
RV00809,O06596,C01283,4,Food was tasty and delivery was smooth.,Positive,food was tasty and delivery was smooth,Neutral
RV00810,O05812,C01091,2,Not happy with the delivery experience.,Negative,not happy with the delivery experience,Negative
RV00811,O03521,C00698,4,Really good experience overall.,Positive,really good experience overall,Positive
RV00812,O04108,C00283,4,Really good experience overall.,Positive,really good experience overall,Positive
RV00813,O04359,C01011,2,Food was cold when it arrived.,Negative,food was cold when it arrived,Neutral
RV00814,O02603,C01227,3,The order was fine overall.,Neutral,the order was fine overall,Positive
RV00815,O07055,C01910,2,Not happy with the delivery experience.,Negative,not happy with the delivery experience,Negative
RV00816,O01873,C00834,4,Really good experience overall.,Positive,really good experience overall,Positive
RV00817,O09779,C01948,5,Everything was perfect and arrived on time.,Positive,everything was perfect and arrived on time,Positive
RV00818,O03368,C00055,4,"Good service, just a minor delay.",Positive,good service just a minor delay,Positive
RV00819,O03127,C01267,4,Really good experience overall.,Positive,really good experience overall,Positive
RV00820,O05561,C00823,5,Food was excellent and delivery was very quick.,Positive,food was excellent and delivery was very quick,Positive
RV00821,O01330,C01111,5,"Loved the food, would definitely order again.",Positive,loved the food would definitely order again,Positive
RV00822,O00744,C00790,4,Good food and the delivery was on time.,Positive,good food and the delivery was on time,Positive
RV00823,O07090,C00155,4,Really good experience overall.,Positive,really good experience overall,Positive
RV00824,O04665,C01938,4,Good food and the delivery was on time.,Positive,good food and the delivery was on time,Positive
RV00825,O01893,C00587,3,Food was okay but delivery took some time.,Neutral,food was okay but delivery took some time,Positive
RV00826,O04899,C01474,2,Delivery was late and the food was not very good.,Negative,delivery was late and the food was not very good,Negative
RV00827,O05679,C01144,4,Good food and the delivery was on time.,Positive,good food and the delivery was on time,Positive
RV00828,O03544,C00372,5,Food was excellent and delivery was very quick.,Positive,food was excellent and delivery was very quick,Positive
RV00829,O05147,C00575,4,Good food and the delivery was on time.,Positive,good food and the delivery was on time,Positive
RV00830,O09530,C00222,3,Food was decent but could have been better.,Neutral,food was decent but could have been better,Positive
RV00831,O03065,C01807,4,Really good experience overall.,Positive,really good experience overall,Positive
RV00832,O00796,C01954,4,"Good service, just a minor delay.",Positive,good service just a minor delay,Positive
RV00833,O04189,C00444,4,Good food and the delivery was on time.,Positive,good food and the delivery was on time,Positive
RV00834,O06021,C01533,4,Really good experience overall.,Positive,really good experience overall,Positive
RV00835,O08991,C01358,4,Really good experience overall.,Positive,really good experience overall,Positive
RV00836,O00055,C01404,5,Food was excellent and delivery was very quick.,Positive,food was excellent and delivery was very quick,Positive
RV00837,O05911,C00324,3,The order was fine overall.,Neutral,the order was fine overall,Positive
RV00838,O01860,C00820,1,"Very poor service, would not order again.",Negative,very poor service would not order again,Negative
RV00839,O07123,C00991,5,"Loved the food, would definitely order again.",Positive,loved the food would definitely order again,Positive
RV00840,O09915,C01831,3,Food was decent but could have been better.,Neutral,food was decent but could have been better,Positive
RV00841,O05823,C01351,4,"Good service, just a minor delay.",Positive,good service just a minor delay,Positive
RV00842,O01346,C01929,4,"Good service, just a minor delay.",Positive,good service just a minor delay,Positive
RV00843,O02140,C00338,2,Food was cold when it arrived.,Negative,food was cold when it arrived,Neutral
RV00844,O05140,C01440,5,"Loved the food, would definitely order again.",Positive,loved the food would definitely order again,Positive
RV00845,O00663,C01110,2,Not happy with the delivery experience.,Negative,not happy with the delivery experience,Negative
RV00846,O01044,C01196,5,Everything was perfect and arrived on time.,Positive,everything was perfect and arrived on time,Positive
RV00847,O00658,C00188,2,Delivery was late and the food was not very good.,Negative,delivery was late and the food was not very good,Negative
RV00848,O03312,C00180,3,Food was decent but could have been better.,Neutral,food was decent but could have been better,Positive
RV00849,O03113,C00406,3,"Average experience, nothing special.",Neutral,average experience nothing special,Negative
RV00850,O05502,C00771,5,"Loved the food, would definitely order again.",Positive,loved the food would definitely order again,Positive
RV00851,O06745,C00736,2,Food was cold when it arrived.,Negative,food was cold when it arrived,Neutral
RV00852,O00891,C01923,4,Really good experience overall.,Positive,really good experience overall,Positive
RV00853,O07658,C00140,4,Food was tasty and delivery was smooth.,Positive,food was tasty and delivery was smooth,Neutral
RV00854,O05607,C01869,3,Food was okay but delivery took some time.,Neutral,food was okay but delivery took some time,Positive
RV00855,O05891,C00368,1,"Very poor service, would not order again.",Negative,very poor service would not order again,Negative
RV00856,O01919,C00368,5,Everything was perfect and arrived on time.,Positive,everything was perfect and arrived on time,Positive
RV00857,O05654,C01986,2,Food was cold when it arrived.,Negative,food was cold when it arrived,Neutral
RV00858,O00743,C01092,5,Amazing food and great delivery experience.,Positive,amazing food and great delivery experience,Positive
RV00859,O00299,C00025,4,Good food and the delivery was on time.,Positive,good food and the delivery was on time,Positive
RV00860,O08282,C01222,2,The order was delayed and disappointing.,Negative,the order was delayed and disappointing,Negative
RV00861,O08164,C00763,1,"Very poor service, would not order again.",Negative,very poor service would not order again,Negative
RV00862,O01904,C00374,4,Really good experience overall.,Positive,really good experience overall,Positive
RV00863,O07337,C00814,3,The order was fine overall.,Neutral,the order was fine overall,Positive
RV00864,O01785,C00807,4,Really good experience overall.,Positive,really good experience overall,Positive
RV00865,O07931,C01363,5,Food was excellent and delivery was very quick.,Positive,food was excellent and delivery was very quick,Positive
RV00866,O06246,C00554,5,Everything was perfect and arrived on time.,Positive,everything was perfect and arrived on time,Positive
RV00867,O00429,C01850,5,Everything was perfect and arrived on time.,Positive,everything was perfect and arrived on time,Positive
RV00868,O01220,C01729,2,Delivery was late and the food was not very good.,Negative,delivery was late and the food was not very good,Negative
RV00869,O06160,C00404,4,Good food and the delivery was on time.,Positive,good food and the delivery was on time,Positive
RV00870,O05081,C00379,5,Amazing food and great delivery experience.,Positive,amazing food and great delivery experience,Positive
RV00871,O01523,C01583,1,"Very poor service, would not order again.",Negative,very poor service would not order again,Negative
RV00872,O02704,C00357,3,Food was decent but could have been better.,Neutral,food was decent but could have been better,Positive
RV00873,O02475,C01105,2,Not happy with the delivery experience.,Negative,not happy with the delivery experience,Negative
RV00874,O03242,C01017,5,"Loved the food, would definitely order again.",Positive,loved the food would definitely order again,Positive
RV00875,O08118,C01138,2,Delivery was late and the food was not very good.,Negative,delivery was late and the food was not very good,Negative
RV00876,O03763,C00405,5,Food was excellent and delivery was very quick.,Positive,food was excellent and delivery was very quick,Positive
RV00877,O08757,C00088,5,Amazing food and great delivery experience.,Positive,amazing food and great delivery experience,Positive
RV00878,O08490,C00741,5,Amazing food and great delivery experience.,Positive,amazing food and great delivery experience,Positive
RV00879,O03753,C01314,4,Good food and the delivery was on time.,Positive,good food and the delivery was on time,Positive
RV00880,O01492,C00386,5,Food was excellent and delivery was very quick.,Positive,food was excellent and delivery was very quick,Positive
RV00881,O05322,C00475,4,Really good experience overall.,Positive,really good experience overall,Positive
RV00882,O07580,C01431,2,The order was delayed and disappointing.,Negative,the order was delayed and disappointing,Negative
RV00883,O06044,C00379,3,Food was decent but could have been better.,Neutral,food was decent but could have been better,Positive
RV00884,O05759,C00967,3,"Average experience, nothing special.",Neutral,average experience nothing special,Negative
RV00885,O05644,C01498,4,Food was tasty and delivery was smooth.,Positive,food was tasty and delivery was smooth,Neutral
RV00886,O07507,C00579,4,Food was tasty and delivery was smooth.,Positive,food was tasty and delivery was smooth,Neutral
RV00887,O02181,C00193,2,Not happy with the delivery experience.,Negative,not happy with the delivery experience,Negative
RV00888,O01830,C00590,5,"Loved the food, would definitely order again.",Positive,loved the food would definitely order again,Positive
RV00889,O02927,C01072,2,Delivery was late and the food was not very good.,Negative,delivery was late and the food was not very good,Negative
RV00890,O03850,C00915,4,"Good service, just a minor delay.",Positive,good service just a minor delay,Positive
RV00891,O08891,C01578,1,Food was disappointing and delivery was extremely slow.,Negative,food was disappointing and delivery was extremely slow,Negative
RV00892,O03569,C00333,3,Food was okay but delivery took some time.,Neutral,food was okay but delivery took some time,Positive
RV00893,O02011,C01415,4,Food was tasty and delivery was smooth.,Positive,food was tasty and delivery was smooth,Neutral
RV00894,O09986,C01882,4,Really good experience overall.,Positive,really good experience overall,Positive
RV00895,O00653,C00375,4,Food was tasty and delivery was smooth.,Positive,food was tasty and delivery was smooth,Neutral
RV00896,O01186,C00640,4,Good food and the delivery was on time.,Positive,good food and the delivery was on time,Positive
RV00897,O05670,C00100,4,Really good experience overall.,Positive,really good experience overall,Positive
RV00898,O08392,C01218,3,Food was okay but delivery took some time.,Neutral,food was okay but delivery took some time,Positive
RV00899,O09314,C01750,3,"Average experience, nothing special.",Neutral,average experience nothing special,Negative
RV00900,O05924,C01550,1,"Terrible experience, food arrived very late.",Negative,terrible experience food arrived very late,Negative
RV00901,O04004,C00627,1,Food was disappointing and delivery was extremely slow.,Negative,food was disappointing and delivery was extremely slow,Negative
RV00902,O01459,C00724,3,Food was decent but could have been better.,Neutral,food was decent but could have been better,Positive
RV00903,O03196,C00634,4,Good food and the delivery was on time.,Positive,good food and the delivery was on time,Positive
RV00904,O08025,C01540,5,Amazing food and great delivery experience.,Positive,amazing food and great delivery experience,Positive
RV00905,O04459,C01557,1,Very late delivery and the food was cold.,Negative,very late delivery and the food was cold,Neutral
RV00906,O04175,C01033,2,Not happy with the delivery experience.,Negative,not happy with the delivery experience,Negative
RV00907,O02042,C00759,4,Food was tasty and delivery was smooth.,Positive,food was tasty and delivery was smooth,Neutral
RV00908,O00799,C00062,2,Food was cold when it arrived.,Negative,food was cold when it arrived,Neutral
RV00909,O01152,C01020,5,Food was excellent and delivery was very quick.,Positive,food was excellent and delivery was very quick,Positive
RV00910,O06772,C00760,5,Food was excellent and delivery was very quick.,Positive,food was excellent and delivery was very quick,Positive
RV00911,O00719,C01386,5,Amazing food and great delivery experience.,Positive,amazing food and great delivery experience,Positive
RV00912,O02851,C01993,3,Food was decent but could have been better.,Neutral,food was decent but could have been better,Positive
RV00913,O02327,C01574,3,"Average experience, nothing special.",Neutral,average experience nothing special,Negative
RV00914,O07594,C00941,3,Food was decent but could have been better.,Neutral,food was decent but could have been better,Positive
RV00915,O04044,C01138,4,Good food and the delivery was on time.,Positive,good food and the delivery was on time,Positive
RV00916,O04496,C01026,2,Delivery was late and the food was not very good.,Negative,delivery was late and the food was not very good,Negative
RV00917,O03260,C01877,5,Amazing food and great delivery experience.,Positive,amazing food and great delivery experience,Positive
RV00918,O00671,C00963,1,"Very poor service, would not order again.",Negative,very poor service would not order again,Negative
RV00919,O06016,C00099,4,"Good service, just a minor delay.",Positive,good service just a minor delay,Positive
RV00920,O05367,C00308,4,Good food and the delivery was on time.,Positive,good food and the delivery was on time,Positive
RV00921,O09996,C01188,5,Amazing food and great delivery experience.,Positive,amazing food and great delivery experience,Positive
RV00922,O01753,C00948,3,The order was fine overall.,Neutral,the order was fine overall,Positive
RV00923,O04960,C00999,3,The order was fine overall.,Neutral,the order was fine overall,Positive
RV00924,O03128,C01644,3,Food was okay but delivery took some time.,Neutral,food was okay but delivery took some time,Positive
RV00925,O08306,C01127,3,Food was okay but delivery took some time.,Neutral,food was okay but delivery took some time,Positive
RV00926,O00433,C00722,4,Really good experience overall.,Positive,really good experience overall,Positive
RV00927,O00797,C00849,3,Food was okay but delivery took some time.,Neutral,food was okay but delivery took some time,Positive
RV00928,O07427,C01056,4,Really good experience overall.,Positive,really good experience overall,Positive
RV00929,O07016,C01881,5,"Loved the food, would definitely order again.",Positive,loved the food would definitely order again,Positive
RV00930,O02733,C01917,4,Food was tasty and delivery was smooth.,Positive,food was tasty and delivery was smooth,Neutral
RV00931,O03244,C00499,3,The order was fine overall.,Neutral,the order was fine overall,Positive
RV00932,O00617,C00091,4,"Good service, just a minor delay.",Positive,good service just a minor delay,Positive
RV00933,O08869,C01505,5,"Loved the food, would definitely order again.",Positive,loved the food would definitely order again,Positive
RV00934,O04396,C00884,4,Really good experience overall.,Positive,really good experience overall,Positive
RV00935,O01119,C01233,2,Not happy with the delivery experience.,Negative,not happy with the delivery experience,Negative
RV00936,O00666,C00844,3,Food was okay but delivery took some time.,Neutral,food was okay but delivery took some time,Positive
RV00937,O04126,C00704,3,Food was okay but delivery took some time.,Neutral,food was okay but delivery took some time,Positive
RV00938,O00705,C00680,4,"Good service, just a minor delay.",Positive,good service just a minor delay,Positive
RV00939,O01393,C01137,4,Really good experience overall.,Positive,really good experience overall,Positive
RV00940,O00390,C01333,5,Food was excellent and delivery was very quick.,Positive,food was excellent and delivery was very quick,Positive
RV00941,O05986,C01131,5,"Loved the food, would definitely order again.",Positive,loved the food would definitely order again,Positive
RV00942,O02123,C00220,1,"Terrible experience, food arrived very late.",Negative,terrible experience food arrived very late,Negative
RV00943,O03903,C01919,3,The order was fine overall.,Neutral,the order was fine overall,Positive
RV00944,O03117,C01184,3,Food was decent but could have been better.,Neutral,food was decent but could have been better,Positive
RV00945,O00912,C00021,1,"Terrible experience, food arrived very late.",Negative,terrible experience food arrived very late,Negative
RV00946,O02046,C01774,5,"Loved the food, would definitely order again.",Positive,loved the food would definitely order again,Positive
RV00947,O04605,C00771,4,"Good service, just a minor delay.",Positive,good service just a minor delay,Positive
RV00948,O08963,C01689,4,Food was tasty and delivery was smooth.,Positive,food was tasty and delivery was smooth,Neutral
RV00949,O01642,C01872,4,Food was tasty and delivery was smooth.,Positive,food was tasty and delivery was smooth,Neutral
RV00950,O06370,C00665,5,Food was excellent and delivery was very quick.,Positive,food was excellent and delivery was very quick,Positive
RV00951,O00268,C00612,5,Amazing food and great delivery experience.,Positive,amazing food and great delivery experience,Positive
RV00952,O03803,C01419,4,Good food and the delivery was on time.,Positive,good food and the delivery was on time,Positive
RV00953,O02988,C00896,5,Food was excellent and delivery was very quick.,Positive,food was excellent and delivery was very quick,Positive
RV00954,O00574,C00566,1,"Very poor service, would not order again.",Negative,very poor service would not order again,Negative
RV00955,O08966,C01346,3,The order was fine overall.,Neutral,the order was fine overall,Positive
RV00956,O03813,C00783,4,Food was tasty and delivery was smooth.,Positive,food was tasty and delivery was smooth,Neutral
RV00957,O00096,C00360,5,Food was excellent and delivery was very quick.,Positive,food was excellent and delivery was very quick,Positive
RV00958,O06265,C00034,4,Good food and the delivery was on time.,Positive,good food and the delivery was on time,Positive
RV00959,O08169,C01332,4,"Good service, just a minor delay.",Positive,good service just a minor delay,Positive
RV00960,O08577,C00916,4,Good food and the delivery was on time.,Positive,good food and the delivery was on time,Positive
RV00961,O05280,C00304,1,Very late delivery and the food was cold.,Negative,very late delivery and the food was cold,Neutral
RV00962,O04548,C01447,3,Food was okay but delivery took some time.,Neutral,food was okay but delivery took some time,Positive
RV00963,O09913,C01524,1,"Very poor service, would not order again.",Negative,very poor service would not order again,Negative
RV00964,O02822,C01191,5,"Loved the food, would definitely order again.",Positive,loved the food would definitely order again,Positive
RV00965,O01545,C00872,5,"Loved the food, would definitely order again.",Positive,loved the food would definitely order again,Positive
RV00966,O09755,C00301,1,"Terrible experience, food arrived very late.",Negative,terrible experience food arrived very late,Negative
RV00967,O00519,C01254,1,"Very poor service, would not order again.",Negative,very poor service would not order again,Negative
RV00968,O06080,C00991,4,Good food and the delivery was on time.,Positive,good food and the delivery was on time,Positive
RV00969,O01584,C01134,5,Everything was perfect and arrived on time.,Positive,everything was perfect and arrived on time,Positive
RV00970,O04445,C01250,1,"Terrible experience, food arrived very late.",Negative,terrible experience food arrived very late,Negative
RV00971,O07557,C00606,1,Food was disappointing and delivery was extremely slow.,Negative,food was disappointing and delivery was extremely slow,Negative
RV00972,O02412,C01160,2,Not happy with the delivery experience.,Negative,not happy with the delivery experience,Negative
RV00973,O01889,C01551,5,"Loved the food, would definitely order again.",Positive,loved the food would definitely order again,Positive
RV00974,O06675,C01270,3,Food was decent but could have been better.,Neutral,food was decent but could have been better,Positive
RV00975,O01579,C00246,3,Food was decent but could have been better.,Neutral,food was decent but could have been better,Positive
RV00976,O01067,C00451,3,Food was decent but could have been better.,Neutral,food was decent but could have been better,Positive
RV00977,O02450,C01191,4,Really good experience overall.,Positive,really good experience overall,Positive
RV00978,O05279,C00741,5,"Loved the food, would definitely order again.",Positive,loved the food would definitely order again,Positive
RV00979,O03723,C00664,5,Everything was perfect and arrived on time.,Positive,everything was perfect and arrived on time,Positive
RV00980,O06479,C01708,1,Very late delivery and the food was cold.,Negative,very late delivery and the food was cold,Neutral
RV00981,O06673,C01828,3,Food was decent but could have been better.,Neutral,food was decent but could have been better,Positive
RV00982,O06672,C00227,4,Really good experience overall.,Positive,really good experience overall,Positive
RV00983,O09260,C00274,5,Food was excellent and delivery was very quick.,Positive,food was excellent and delivery was very quick,Positive
RV00984,O06587,C00179,3,The order was fine overall.,Neutral,the order was fine overall,Positive
RV00985,O08157,C00064,3,"Average experience, nothing special.",Neutral,average experience nothing special,Negative
RV00986,O07877,C00588,5,Food was excellent and delivery was very quick.,Positive,food was excellent and delivery was very quick,Positive
RV00987,O04838,C00378,4,Good food and the delivery was on time.,Positive,good food and the delivery was on time,Positive
RV00988,O02999,C01898,5,Food was excellent and delivery was very quick.,Positive,food was excellent and delivery was very quick,Positive
RV00989,O09411,C01747,3,The order was fine overall.,Neutral,the order was fine overall,Positive
RV00990,O01628,C00346,3,"Average experience, nothing special.",Neutral,average experience nothing special,Negative
RV00991,O01013,C01000,5,Everything was perfect and arrived on time.,Positive,everything was perfect and arrived on time,Positive
RV00992,O05636,C01973,1,"Terrible experience, food arrived very late.",Negative,terrible experience food arrived very late,Negative
RV00993,O09829,C00187,5,Everything was perfect and arrived on time.,Positive,everything was perfect and arrived on time,Positive
RV00994,O06617,C01106,4,Good food and the delivery was on time.,Positive,good food and the delivery was on time,Positive
RV00995,O00265,C00688,3,Food was okay but delivery took some time.,Neutral,food was okay but delivery took some time,Positive
RV00996,O02354,C01764,4,Good food and the delivery was on time.,Positive,good food and the delivery was on time,Positive
RV00997,O09338,C01826,5,Food was excellent and delivery was very quick.,Positive,food was excellent and delivery was very quick,Positive
RV00998,O08782,C01359,4,Food was tasty and delivery was smooth.,Positive,food was tasty and delivery was smooth,Neutral
RV00999,O07816,C00567,4,"Good service, just a minor delay.",Positive,good service just a minor delay,Positive
RV01000,O02972,C01663,4,"Good service, just a minor delay.",Positive,good service just a minor delay,Positive
RV01001,O07161,C00287,1,Food was disappointing and delivery was extremely slow.,Negative,food was disappointing and delivery was extremely slow,Negative
RV01002,O04015,C01068,3,Food was okay but delivery took some time.,Neutral,food was okay but delivery took some time,Positive
RV01003,O00830,C00975,2,Not happy with the delivery experience.,Negative,not happy with the delivery experience,Negative
RV01004,O07740,C00478,5,Amazing food and great delivery experience.,Positive,amazing food and great delivery experience,Positive
RV01005,O03751,C01601,3,"Average experience, nothing special.",Neutral,average experience nothing special,Negative
RV01006,O00239,C00112,1,Food was disappointing and delivery was extremely slow.,Negative,food was disappointing and delivery was extremely slow,Negative
RV01007,O01306,C01978,4,Food was tasty and delivery was smooth.,Positive,food was tasty and delivery was smooth,Neutral
RV01008,O01283,C01127,4,Good food and the delivery was on time.,Positive,good food and the delivery was on time,Positive
RV01009,O05093,C00424,3,Food was okay but delivery took some time.,Neutral,food was okay but delivery took some time,Positive
RV01010,O06859,C00957,1,Very late delivery and the food was cold.,Negative,very late delivery and the food was cold,Neutral
RV01011,O04928,C01983,4,Really good experience overall.,Positive,really good experience overall,Positive
RV01012,O05511,C00626,4,Food was tasty and delivery was smooth.,Positive,food was tasty and delivery was smooth,Neutral
RV01013,O02307,C00231,5,"Loved the food, would definitely order again.",Positive,loved the food would definitely order again,Positive
RV01014,O05704,C00056,5,Amazing food and great delivery experience.,Positive,amazing food and great delivery experience,Positive
RV01015,O01192,C01689,2,The order was delayed and disappointing.,Negative,the order was delayed and disappointing,Negative
RV01016,O06647,C01067,4,Good food and the delivery was on time.,Positive,good food and the delivery was on time,Positive
RV01017,O07328,C01871,4,Really good experience overall.,Positive,really good experience overall,Positive
RV01018,O04057,C00850,5,Amazing food and great delivery experience.,Positive,amazing food and great delivery experience,Positive
RV01019,O08578,C01142,5,Everything was perfect and arrived on time.,Positive,everything was perfect and arrived on time,Positive
RV01020,O08830,C00868,4,Really good experience overall.,Positive,really good experience overall,Positive
RV01021,O01979,C01709,2,Food was cold when it arrived.,Negative,food was cold when it arrived,Neutral
RV01022,O08593,C01638,4,"Good service, just a minor delay.",Positive,good service just a minor delay,Positive
RV01023,O01863,C01619,1,"Very poor service, would not order again.",Negative,very poor service would not order again,Negative
RV01024,O01515,C00913,1,Very late delivery and the food was cold.,Negative,very late delivery and the food was cold,Neutral
RV01025,O06597,C00243,5,Food was excellent and delivery was very quick.,Positive,food was excellent and delivery was very quick,Positive
RV01026,O08724,C01077,5,"Loved the food, would definitely order again.",Positive,loved the food would definitely order again,Positive
RV01027,O07099,C00708,5,"Loved the food, would definitely order again.",Positive,loved the food would definitely order again,Positive
RV01028,O02413,C01886,4,"Good service, just a minor delay.",Positive,good service just a minor delay,Positive
RV01029,O07327,C01385,2,Food was cold when it arrived.,Negative,food was cold when it arrived,Neutral
RV01030,O06312,C00972,4,"Good service, just a minor delay.",Positive,good service just a minor delay,Positive
RV01031,O01258,C00666,3,The order was fine overall.,Neutral,the order was fine overall,Positive
RV01032,O08949,C01639,4,"Good service, just a minor delay.",Positive,good service just a minor delay,Positive
RV01033,O06591,C00767,4,Good food and the delivery was on time.,Positive,good food and the delivery was on time,Positive
RV01034,O02269,C00609,1,Food was disappointing and delivery was extremely slow.,Negative,food was disappointing and delivery was extremely slow,Negative
RV01035,O04821,C01361,4,Food was tasty and delivery was smooth.,Positive,food was tasty and delivery was smooth,Neutral
RV01036,O07399,C01688,5,Amazing food and great delivery experience.,Positive,amazing food and great delivery experience,Positive
RV01037,O01735,C00785,5,"Loved the food, would definitely order again.",Positive,loved the food would definitely order again,Positive
RV01038,O03637,C01649,3,Food was decent but could have been better.,Neutral,food was decent but could have been better,Positive
RV01039,O03654,C01694,5,"Loved the food, would definitely order again.",Positive,loved the food would definitely order again,Positive
RV01040,O09032,C01251,4,Food was tasty and delivery was smooth.,Positive,food was tasty and delivery was smooth,Neutral
RV01041,O01801,C00722,5,"Loved the food, would definitely order again.",Positive,loved the food would definitely order again,Positive
RV01042,O03526,C00847,1,"Terrible experience, food arrived very late.",Negative,terrible experience food arrived very late,Negative
RV01043,O02097,C01101,5,"Loved the food, would definitely order again.",Positive,loved the food would definitely order again,Positive
RV01044,O07315,C00876,5,Amazing food and great delivery experience.,Positive,amazing food and great delivery experience,Positive
RV01045,O01843,C00053,4,Food was tasty and delivery was smooth.,Positive,food was tasty and delivery was smooth,Neutral
RV01046,O08415,C01748,4,"Good service, just a minor delay.",Positive,good service just a minor delay,Positive
RV01047,O07608,C01073,3,"Average experience, nothing special.",Neutral,average experience nothing special,Negative
RV01048,O09944,C00065,1,Food was disappointing and delivery was extremely slow.,Negative,food was disappointing and delivery was extremely slow,Negative
RV01049,O00455,C00930,5,"Loved the food, would definitely order again.",Positive,loved the food would definitely order again,Positive
RV01050,O02745,C01371,2,Delivery was late and the food was not very good.,Negative,delivery was late and the food was not very good,Negative
RV01051,O03023,C00913,5,Amazing food and great delivery experience.,Positive,amazing food and great delivery experience,Positive
RV01052,O01633,C00302,4,"Good service, just a minor delay.",Positive,good service just a minor delay,Positive
RV01053,O00201,C01632,4,Good food and the delivery was on time.,Positive,good food and the delivery was on time,Positive
RV01054,O04191,C00079,5,Food was excellent and delivery was very quick.,Positive,food was excellent and delivery was very quick,Positive
RV01055,O09165,C00515,4,"Good service, just a minor delay.",Positive,good service just a minor delay,Positive
RV01056,O08520,C00466,3,Food was okay but delivery took some time.,Neutral,food was okay but delivery took some time,Positive
RV01057,O00832,C01867,5,Everything was perfect and arrived on time.,Positive,everything was perfect and arrived on time,Positive
RV01058,O06696,C00223,5,Amazing food and great delivery experience.,Positive,amazing food and great delivery experience,Positive
RV01059,O01938,C01123,4,Really good experience overall.,Positive,really good experience overall,Positive
RV01060,O05207,C00897,5,Everything was perfect and arrived on time.,Positive,everything was perfect and arrived on time,Positive
RV01061,O01966,C01181,1,"Very poor service, would not order again.",Negative,very poor service would not order again,Negative
RV01062,O06733,C00691,4,Really good experience overall.,Positive,really good experience overall,Positive
RV01063,O01491,C00059,2,Food was cold when it arrived.,Negative,food was cold when it arrived,Neutral
RV01064,O01362,C00998,4,Food was tasty and delivery was smooth.,Positive,food was tasty and delivery was smooth,Neutral
RV01065,O01931,C01179,2,Not happy with the delivery experience.,Negative,not happy with the delivery experience,Negative
RV01066,O07952,C00818,4,Food was tasty and delivery was smooth.,Positive,food was tasty and delivery was smooth,Neutral
RV01067,O03266,C00966,2,Delivery was late and the food was not very good.,Negative,delivery was late and the food was not very good,Negative
RV01068,O01338,C00284,5,"Loved the food, would definitely order again.",Positive,loved the food would definitely order again,Positive
RV01069,O09080,C01355,5,Amazing food and great delivery experience.,Positive,amazing food and great delivery experience,Positive
RV01070,O04732,C00136,4,"Good service, just a minor delay.",Positive,good service just a minor delay,Positive
RV01071,O01957,C01446,2,Delivery was late and the food was not very good.,Negative,delivery was late and the food was not very good,Negative
RV01072,O01541,C00818,4,Good food and the delivery was on time.,Positive,good food and the delivery was on time,Positive
RV01073,O09647,C00587,2,Delivery was late and the food was not very good.,Negative,delivery was late and the food was not very good,Negative
RV01074,O00197,C00580,4,Good food and the delivery was on time.,Positive,good food and the delivery was on time,Positive
RV01075,O05551,C00879,4,Good food and the delivery was on time.,Positive,good food and the delivery was on time,Positive
RV01076,O08073,C00861,3,Food was okay but delivery took some time.,Neutral,food was okay but delivery took some time,Positive
RV01077,O01435,C01304,4,"Good service, just a minor delay.",Positive,good service just a minor delay,Positive
RV01078,O09601,C01057,1,"Very poor service, would not order again.",Negative,very poor service would not order again,Negative
RV01079,O09263,C01824,5,Everything was perfect and arrived on time.,Positive,everything was perfect and arrived on time,Positive
RV01080,O02823,C01659,2,Food was cold when it arrived.,Negative,food was cold when it arrived,Neutral
RV01081,O08611,C01779,2,The order was delayed and disappointing.,Negative,the order was delayed and disappointing,Negative
RV01082,O06942,C00581,4,Food was tasty and delivery was smooth.,Positive,food was tasty and delivery was smooth,Neutral
RV01083,O00159,C00397,5,Amazing food and great delivery experience.,Positive,amazing food and great delivery experience,Positive
RV01084,O04965,C00196,4,"Good service, just a minor delay.",Positive,good service just a minor delay,Positive
RV01085,O06573,C01608,4,"Good service, just a minor delay.",Positive,good service just a minor delay,Positive
RV01086,O09795,C00696,1,Very late delivery and the food was cold.,Negative,very late delivery and the food was cold,Neutral
RV01087,O01734,C00447,4,Really good experience overall.,Positive,really good experience overall,Positive
RV01088,O02517,C01174,4,"Good service, just a minor delay.",Positive,good service just a minor delay,Positive
RV01089,O00882,C01018,2,Food was cold when it arrived.,Negative,food was cold when it arrived,Neutral
RV01090,O00297,C00935,1,"Terrible experience, food arrived very late.",Negative,terrible experience food arrived very late,Negative
RV01091,O05548,C01098,3,Food was decent but could have been better.,Neutral,food was decent but could have been better,Positive
RV01092,O01522,C01518,1,Food was disappointing and delivery was extremely slow.,Negative,food was disappointing and delivery was extremely slow,Negative
RV01093,O02664,C01275,3,"Average experience, nothing special.",Neutral,average experience nothing special,Negative
RV01094,O08421,C01947,4,Really good experience overall.,Positive,really good experience overall,Positive
RV01095,O03378,C00853,4,Really good experience overall.,Positive,really good experience overall,Positive
RV01096,O04286,C01167,5,Food was excellent and delivery was very quick.,Positive,food was excellent and delivery was very quick,Positive
RV01097,O00533,C01176,3,Food was okay but delivery took some time.,Neutral,food was okay but delivery took some time,Positive
RV01098,O05856,C01410,1,"Terrible experience, food arrived very late.",Negative,terrible experience food arrived very late,Negative
RV01099,O09169,C00954,1,"Terrible experience, food arrived very late.",Negative,terrible experience food arrived very late,Negative
RV01100,O07821,C01563,4,Good food and the delivery was on time.,Positive,good food and the delivery was on time,Positive
RV01101,O08204,C00833,3,Food was decent but could have been better.,Neutral,food was decent but could have been better,Positive
RV01102,O02392,C01186,2,Delivery was late and the food was not very good.,Negative,delivery was late and the food was not very good,Negative
RV01103,O01495,C01641,4,Food was tasty and delivery was smooth.,Positive,food was tasty and delivery was smooth,Neutral
RV01104,O02138,C01614,2,Not happy with the delivery experience.,Negative,not happy with the delivery experience,Negative
RV01105,O02010,C01819,4,Food was tasty and delivery was smooth.,Positive,food was tasty and delivery was smooth,Neutral
RV01106,O02371,C01374,5,"Loved the food, would definitely order again.",Positive,loved the food would definitely order again,Positive
RV01107,O06742,C00167,2,Food was cold when it arrived.,Negative,food was cold when it arrived,Neutral
RV01108,O04436,C00804,5,"Loved the food, would definitely order again.",Positive,loved the food would definitely order again,Positive
RV01109,O09122,C01782,4,Good food and the delivery was on time.,Positive,good food and the delivery was on time,Positive
RV01110,O02738,C00270,3,"Average experience, nothing special.",Neutral,average experience nothing special,Negative
RV01111,O03267,C00910,3,The order was fine overall.,Neutral,the order was fine overall,Positive
RV01112,O01636,C01443,4,Good food and the delivery was on time.,Positive,good food and the delivery was on time,Positive
RV01113,O02977,C01168,2,The order was delayed and disappointing.,Negative,the order was delayed and disappointing,Negative
RV01114,O03568,C01942,4,Really good experience overall.,Positive,really good experience overall,Positive
RV01115,O00351,C01778,5,Everything was perfect and arrived on time.,Positive,everything was perfect and arrived on time,Positive
RV01116,O07371,C00215,5,Food was excellent and delivery was very quick.,Positive,food was excellent and delivery was very quick,Positive
RV01117,O07533,C01871,4,"Good service, just a minor delay.",Positive,good service just a minor delay,Positive
RV01118,O04442,C00056,1,"Terrible experience, food arrived very late.",Negative,terrible experience food arrived very late,Negative
RV01119,O07963,C00346,5,Everything was perfect and arrived on time.,Positive,everything was perfect and arrived on time,Positive
RV01120,O00450,C01974,2,Not happy with the delivery experience.,Negative,not happy with the delivery experience,Negative
RV01121,O04083,C00334,5,Everything was perfect and arrived on time.,Positive,everything was perfect and arrived on time,Positive
RV01122,O09341,C01159,3,Food was decent but could have been better.,Neutral,food was decent but could have been better,Positive
RV01123,O05507,C00863,5,Amazing food and great delivery experience.,Positive,amazing food and great delivery experience,Positive
RV01124,O09099,C01727,5,Food was excellent and delivery was very quick.,Positive,food was excellent and delivery was very quick,Positive
RV01125,O00710,C00897,3,The order was fine overall.,Neutral,the order was fine overall,Positive
RV01126,O07146,C01835,3,"Average experience, nothing special.",Neutral,average experience nothing special,Negative
RV01127,O05301,C00222,5,Food was excellent and delivery was very quick.,Positive,food was excellent and delivery was very quick,Positive
RV01128,O09537,C00580,4,"Good service, just a minor delay.",Positive,good service just a minor delay,Positive
RV01129,O06793,C01558,1,"Terrible experience, food arrived very late.",Negative,terrible experience food arrived very late,Negative
RV01130,O06609,C00691,2,Food was cold when it arrived.,Negative,food was cold when it arrived,Neutral
RV01131,O05729,C01618,2,The order was delayed and disappointing.,Negative,the order was delayed and disappointing,Negative
RV01132,O05028,C01300,5,Everything was perfect and arrived on time.,Positive,everything was perfect and arrived on time,Positive
RV01133,O05505,C01090,3,Food was okay but delivery took some time.,Neutral,food was okay but delivery took some time,Positive
RV01134,O00595,C00767,2,Food was cold when it arrived.,Negative,food was cold when it arrived,Neutral
RV01135,O08005,C01725,5,"Loved the food, would definitely order again.",Positive,loved the food would definitely order again,Positive
RV01136,O01054,C00511,3,Food was okay but delivery took some time.,Neutral,food was okay but delivery took some time,Positive
RV01137,O07348,C00177,3,Food was okay but delivery took some time.,Neutral,food was okay but delivery took some time,Positive
RV01138,O03103,C01130,5,Amazing food and great delivery experience.,Positive,amazing food and great delivery experience,Positive
RV01139,O00307,C00434,5,Everything was perfect and arrived on time.,Positive,everything was perfect and arrived on time,Positive
RV01140,O06607,C01949,5,Food was excellent and delivery was very quick.,Positive,food was excellent and delivery was very quick,Positive
RV01141,O03319,C00620,2,Not happy with the delivery experience.,Negative,not happy with the delivery experience,Negative
RV01142,O03966,C01598,3,The order was fine overall.,Neutral,the order was fine overall,Positive
RV01143,O06257,C00548,5,Everything was perfect and arrived on time.,Positive,everything was perfect and arrived on time,Positive
RV01144,O02668,C00484,5,Amazing food and great delivery experience.,Positive,amazing food and great delivery experience,Positive
RV01145,O02933,C01186,4,Good food and the delivery was on time.,Positive,good food and the delivery was on time,Positive
RV01146,O03801,C00207,4,Good food and the delivery was on time.,Positive,good food and the delivery was on time,Positive
RV01147,O07631,C01293,5,Amazing food and great delivery experience.,Positive,amazing food and great delivery experience,Positive
RV01148,O02840,C01006,3,The order was fine overall.,Neutral,the order was fine overall,Positive
RV01149,O03208,C00386,5,Food was excellent and delivery was very quick.,Positive,food was excellent and delivery was very quick,Positive
RV01150,O02993,C01701,3,Food was okay but delivery took some time.,Neutral,food was okay but delivery took some time,Positive
RV01151,O09242,C00883,5,Everything was perfect and arrived on time.,Positive,everything was perfect and arrived on time,Positive
RV01152,O01084,C01143,2,Delivery was late and the food was not very good.,Negative,delivery was late and the food was not very good,Negative
RV01153,O05175,C01113,4,Food was tasty and delivery was smooth.,Positive,food was tasty and delivery was smooth,Neutral
RV01154,O07703,C00836,3,Food was decent but could have been better.,Neutral,food was decent but could have been better,Positive
RV01155,O02995,C01726,3,The order was fine overall.,Neutral,the order was fine overall,Positive
RV01156,O01205,C00403,1,Food was disappointing and delivery was extremely slow.,Negative,food was disappointing and delivery was extremely slow,Negative
RV01157,O02727,C01357,5,Everything was perfect and arrived on time.,Positive,everything was perfect and arrived on time,Positive
RV01158,O08866,C01503,5,"Loved the food, would definitely order again.",Positive,loved the food would definitely order again,Positive
RV01159,O03523,C01878,5,Everything was perfect and arrived on time.,Positive,everything was perfect and arrived on time,Positive
RV01160,O03967,C00133,5,Everything was perfect and arrived on time.,Positive,everything was perfect and arrived on time,Positive
RV01161,O06945,C00124,3,Food was decent but could have been better.,Neutral,food was decent but could have been better,Positive
RV01162,O02391,C01693,5,"Loved the food, would definitely order again.",Positive,loved the food would definitely order again,Positive
RV01163,O09316,C01471,2,Food was cold when it arrived.,Negative,food was cold when it arrived,Neutral
RV01164,O06943,C00821,5,"Loved the food, would definitely order again.",Positive,loved the food would definitely order again,Positive
RV01165,O07100,C01935,5,"Loved the food, would definitely order again.",Positive,loved the food would definitely order again,Positive
RV01166,O07433,C01260,5,"Loved the food, would definitely order again.",Positive,loved the food would definitely order again,Positive
RV01167,O03485,C01289,3,Food was okay but delivery took some time.,Neutral,food was okay but delivery took some time,Positive
RV01168,O05855,C00649,4,Good food and the delivery was on time.,Positive,good food and the delivery was on time,Positive
RV01169,O04214,C01141,2,Food was cold when it arrived.,Negative,food was cold when it arrived,Neutral
RV01170,O08510,C00853,4,Good food and the delivery was on time.,Positive,good food and the delivery was on time,Positive
RV01171,O05629,C01801,3,"Average experience, nothing special.",Neutral,average experience nothing special,Negative
RV01172,O08562,C01705,4,Really good experience overall.,Positive,really good experience overall,Positive
RV01173,O09910,C01321,1,Food was disappointing and delivery was extremely slow.,Negative,food was disappointing and delivery was extremely slow,Negative
RV01174,O05775,C00272,3,The order was fine overall.,Neutral,the order was fine overall,Positive
RV01175,O02090,C01018,5,Amazing food and great delivery experience.,Positive,amazing food and great delivery experience,Positive
RV01176,O06198,C01916,5,Food was excellent and delivery was very quick.,Positive,food was excellent and delivery was very quick,Positive
RV01177,O04064,C00565,3,Food was okay but delivery took some time.,Neutral,food was okay but delivery took some time,Positive
RV01178,O07614,C00614,1,Very late delivery and the food was cold.,Negative,very late delivery and the food was cold,Neutral
RV01179,O08550,C01519,4,Food was tasty and delivery was smooth.,Positive,food was tasty and delivery was smooth,Neutral
RV01180,O04961,C00304,5,Food was excellent and delivery was very quick.,Positive,food was excellent and delivery was very quick,Positive
RV01181,O06301,C01776,4,Good food and the delivery was on time.,Positive,good food and the delivery was on time,Positive
RV01182,O05231,C01526,4,"Good service, just a minor delay.",Positive,good service just a minor delay,Positive
RV01183,O09333,C00725,5,"Loved the food, would definitely order again.",Positive,loved the food would definitely order again,Positive
RV01184,O05613,C01297,4,"Good service, just a minor delay.",Positive,good service just a minor delay,Positive
RV01185,O06262,C01009,5,Food was excellent and delivery was very quick.,Positive,food was excellent and delivery was very quick,Positive
RV01186,O09657,C01385,4,Good food and the delivery was on time.,Positive,good food and the delivery was on time,Positive
RV01187,O01303,C00215,1,Food was disappointing and delivery was extremely slow.,Negative,food was disappointing and delivery was extremely slow,Negative
RV01188,O06209,C00356,4,"Good service, just a minor delay.",Positive,good service just a minor delay,Positive
RV01189,O07458,C01914,4,Food was tasty and delivery was smooth.,Positive,food was tasty and delivery was smooth,Neutral
RV01190,O05335,C00288,4,Food was tasty and delivery was smooth.,Positive,food was tasty and delivery was smooth,Neutral
RV01191,O09016,C00815,4,Good food and the delivery was on time.,Positive,good food and the delivery was on time,Positive
RV01192,O09134,C01238,5,Food was excellent and delivery was very quick.,Positive,food was excellent and delivery was very quick,Positive
RV01193,O00941,C01944,3,Food was decent but could have been better.,Neutral,food was decent but could have been better,Positive
RV01194,O08617,C01420,3,The order was fine overall.,Neutral,the order was fine overall,Positive
RV01195,O01812,C00926,2,The order was delayed and disappointing.,Negative,the order was delayed and disappointing,Negative
RV01196,O04920,C01311,4,Food was tasty and delivery was smooth.,Positive,food was tasty and delivery was smooth,Neutral
RV01197,O09365,C01369,4,Really good experience overall.,Positive,really good experience overall,Positive
RV01198,O06600,C01928,1,"Terrible experience, food arrived very late.",Negative,terrible experience food arrived very late,Negative
RV01199,O06957,C00071,4,"Good service, just a minor delay.",Positive,good service just a minor delay,Positive
RV01200,O01348,C01564,3,Food was okay but delivery took some time.,Neutral,food was okay but delivery took some time,Positive
RV01201,O00560,C01790,4,"Good service, just a minor delay.",Positive,good service just a minor delay,Positive
RV01202,O01587,C01434,4,Good food and the delivery was on time.,Positive,good food and the delivery was on time,Positive
RV01203,O01722,C01063,4,Really good experience overall.,Positive,really good experience overall,Positive
RV01204,O01667,C00072,1,Very late delivery and the food was cold.,Negative,very late delivery and the food was cold,Neutral
RV01205,O08694,C00984,3,The order was fine overall.,Neutral,the order was fine overall,Positive
RV01206,O04382,C00393,4,Food was tasty and delivery was smooth.,Positive,food was tasty and delivery was smooth,Neutral
RV01207,O03254,C01535,5,Amazing food and great delivery experience.,Positive,amazing food and great delivery experience,Positive
RV01208,O09956,C01554,1,"Very poor service, would not order again.",Negative,very poor service would not order again,Negative
RV01209,O03173,C01151,5,Everything was perfect and arrived on time.,Positive,everything was perfect and arrived on time,Positive
RV01210,O03984,C01702,1,Very late delivery and the food was cold.,Negative,very late delivery and the food was cold,Neutral
RV01211,O02554,C01976,2,Food was cold when it arrived.,Negative,food was cold when it arrived,Neutral
RV01212,O03973,C00987,3,"Average experience, nothing special.",Neutral,average experience nothing special,Negative
RV01213,O02397,C01467,4,Food was tasty and delivery was smooth.,Positive,food was tasty and delivery was smooth,Neutral
RV01214,O03062,C01374,1,"Very poor service, would not order again.",Negative,very poor service would not order again,Negative
RV01215,O08424,C00531,2,Not happy with the delivery experience.,Negative,not happy with the delivery experience,Negative
RV01216,O06509,C01979,5,Amazing food and great delivery experience.,Positive,amazing food and great delivery experience,Positive
RV01217,O05436,C01039,3,The order was fine overall.,Neutral,the order was fine overall,Positive
RV01218,O04863,C00283,5,Amazing food and great delivery experience.,Positive,amazing food and great delivery experience,Positive
RV01219,O01361,C00032,4,Really good experience overall.,Positive,really good experience overall,Positive
RV01220,O00447,C00304,5,Amazing food and great delivery experience.,Positive,amazing food and great delivery experience,Positive
RV01221,O05640,C00395,5,Everything was perfect and arrived on time.,Positive,everything was perfect and arrived on time,Positive
RV01222,O01093,C00134,2,The order was delayed and disappointing.,Negative,the order was delayed and disappointing,Negative
RV01223,O00950,C00725,5,Amazing food and great delivery experience.,Positive,amazing food and great delivery experience,Positive
RV01224,O01012,C01624,4,Good food and the delivery was on time.,Positive,good food and the delivery was on time,Positive
RV01225,O02259,C00441,3,Food was okay but delivery took some time.,Neutral,food was okay but delivery took some time,Positive
RV01226,O08971,C00269,4,Good food and the delivery was on time.,Positive,good food and the delivery was on time,Positive
RV01227,O05120,C01938,1,Food was disappointing and delivery was extremely slow.,Negative,food was disappointing and delivery was extremely slow,Negative
RV01228,O06899,C01030,5,Food was excellent and delivery was very quick.,Positive,food was excellent and delivery was very quick,Positive
RV01229,O04745,C00476,3,The order was fine overall.,Neutral,the order was fine overall,Positive
RV01230,O04054,C01594,4,Good food and the delivery was on time.,Positive,good food and the delivery was on time,Positive
RV01231,O08136,C01453,5,"Loved the food, would definitely order again.",Positive,loved the food would definitely order again,Positive
RV01232,O01533,C01391,4,Really good experience overall.,Positive,really good experience overall,Positive
RV01233,O05167,C00013,4,Really good experience overall.,Positive,really good experience overall,Positive
RV01234,O05241,C00823,5,Amazing food and great delivery experience.,Positive,amazing food and great delivery experience,Positive
RV01235,O00332,C01892,3,Food was decent but could have been better.,Neutral,food was decent but could have been better,Positive
RV01236,O03591,C00876,2,Not happy with the delivery experience.,Negative,not happy with the delivery experience,Negative
RV01237,O03795,C00299,1,Very late delivery and the food was cold.,Negative,very late delivery and the food was cold,Neutral
RV01238,O05256,C01802,3,The order was fine overall.,Neutral,the order was fine overall,Positive
RV01239,O03648,C00404,3,Food was decent but could have been better.,Neutral,food was decent but could have been better,Positive
RV01240,O02513,C01530,4,Good food and the delivery was on time.,Positive,good food and the delivery was on time,Positive
RV01241,O08648,C00265,4,Food was tasty and delivery was smooth.,Positive,food was tasty and delivery was smooth,Neutral
RV01242,O00006,C00947,3,The order was fine overall.,Neutral,the order was fine overall,Positive
RV01243,O02316,C00586,5,Amazing food and great delivery experience.,Positive,amazing food and great delivery experience,Positive
RV01244,O07442,C00404,4,Food was tasty and delivery was smooth.,Positive,food was tasty and delivery was smooth,Neutral
RV01245,O05198,C00067,1,"Terrible experience, food arrived very late.",Negative,terrible experience food arrived very late,Negative
RV01246,O06690,C00740,1,Very late delivery and the food was cold.,Negative,very late delivery and the food was cold,Neutral
RV01247,O09171,C00914,4,Good food and the delivery was on time.,Positive,good food and the delivery was on time,Positive
RV01248,O04332,C01275,5,"Loved the food, would definitely order again.",Positive,loved the food would definitely order again,Positive
RV01249,O01727,C01993,1,"Very poor service, would not order again.",Negative,very poor service would not order again,Negative
RV01250,O01150,C00316,5,Everything was perfect and arrived on time.,Positive,everything was perfect and arrived on time,Positive
RV01251,O01670,C01197,2,The order was delayed and disappointing.,Negative,the order was delayed and disappointing,Negative
RV01252,O01910,C00047,5,Food was excellent and delivery was very quick.,Positive,food was excellent and delivery was very quick,Positive
RV01253,O01930,C00597,1,Food was disappointing and delivery was extremely slow.,Negative,food was disappointing and delivery was extremely slow,Negative
RV01254,O03578,C01190,3,"Average experience, nothing special.",Neutral,average experience nothing special,Negative
RV01255,O00954,C01576,4,Really good experience overall.,Positive,really good experience overall,Positive
RV01256,O08547,C00692,5,Amazing food and great delivery experience.,Positive,amazing food and great delivery experience,Positive
RV01257,O02293,C00745,2,The order was delayed and disappointing.,Negative,the order was delayed and disappointing,Negative
RV01258,O06653,C01369,2,Not happy with the delivery experience.,Negative,not happy with the delivery experience,Negative
RV01259,O02701,C00262,5,"Loved the food, would definitely order again.",Positive,loved the food would definitely order again,Positive
RV01260,O04970,C00757,3,The order was fine overall.,Neutral,the order was fine overall,Positive
RV01261,O01733,C01098,4,Food was tasty and delivery was smooth.,Positive,food was tasty and delivery was smooth,Neutral
RV01262,O07547,C00444,3,Food was decent but could have been better.,Neutral,food was decent but could have been better,Positive
RV01263,O02335,C00351,2,Delivery was late and the food was not very good.,Negative,delivery was late and the food was not very good,Negative
RV01264,O04444,C01156,1,"Terrible experience, food arrived very late.",Negative,terrible experience food arrived very late,Negative
RV01265,O06691,C01323,2,Not happy with the delivery experience.,Negative,not happy with the delivery experience,Negative
RV01266,O09377,C01914,5,Amazing food and great delivery experience.,Positive,amazing food and great delivery experience,Positive
RV01267,O04966,C01900,5,Food was excellent and delivery was very quick.,Positive,food was excellent and delivery was very quick,Positive
RV01268,O01160,C01225,5,"Loved the food, would definitely order again.",Positive,loved the food would definitely order again,Positive
RV01269,O00368,C01905,1,"Very poor service, would not order again.",Negative,very poor service would not order again,Negative
RV01270,O05461,C00168,4,Really good experience overall.,Positive,really good experience overall,Positive
RV01271,O02873,C01983,4,Food was tasty and delivery was smooth.,Positive,food was tasty and delivery was smooth,Neutral
RV01272,O07451,C00276,2,Delivery was late and the food was not very good.,Negative,delivery was late and the food was not very good,Negative
RV01273,O06590,C00137,4,Food was tasty and delivery was smooth.,Positive,food was tasty and delivery was smooth,Neutral
RV01274,O06614,C01690,4,Food was tasty and delivery was smooth.,Positive,food was tasty and delivery was smooth,Neutral
RV01275,O04233,C00780,5,Everything was perfect and arrived on time.,Positive,everything was perfect and arrived on time,Positive
RV01276,O04425,C00372,1,"Terrible experience, food arrived very late.",Negative,terrible experience food arrived very late,Negative
RV01277,O04680,C00283,4,Really good experience overall.,Positive,really good experience overall,Positive
RV01278,O09998,C01246,1,Very late delivery and the food was cold.,Negative,very late delivery and the food was cold,Neutral
RV01279,O00160,C01198,4,Good food and the delivery was on time.,Positive,good food and the delivery was on time,Positive
RV01280,O00404,C01501,5,"Loved the food, would definitely order again.",Positive,loved the food would definitely order again,Positive
RV01281,O06744,C01661,4,Good food and the delivery was on time.,Positive,good food and the delivery was on time,Positive
RV01282,O02150,C00009,4,Good food and the delivery was on time.,Positive,good food and the delivery was on time,Positive
RV01283,O03618,C00351,3,The order was fine overall.,Neutral,the order was fine overall,Positive
RV01284,O08446,C00531,3,The order was fine overall.,Neutral,the order was fine overall,Positive
RV01285,O00589,C00869,4,Food was tasty and delivery was smooth.,Positive,food was tasty and delivery was smooth,Neutral
RV01286,O08524,C00660,2,The order was delayed and disappointing.,Negative,the order was delayed and disappointing,Negative
RV01287,O01968,C00125,3,"Average experience, nothing special.",Neutral,average experience nothing special,Negative
RV01288,O02619,C01517,2,Delivery was late and the food was not very good.,Negative,delivery was late and the food was not very good,Negative
RV01289,O05580,C01938,5,Everything was perfect and arrived on time.,Positive,everything was perfect and arrived on time,Positive
RV01290,O08715,C01211,4,Good food and the delivery was on time.,Positive,good food and the delivery was on time,Positive
RV01291,O06481,C00119,4,Good food and the delivery was on time.,Positive,good food and the delivery was on time,Positive
RV01292,O08296,C00032,5,Amazing food and great delivery experience.,Positive,amazing food and great delivery experience,Positive
RV01293,O06010,C01226,1,"Terrible experience, food arrived very late.",Negative,terrible experience food arrived very late,Negative
RV01294,O03608,C01866,5,Amazing food and great delivery experience.,Positive,amazing food and great delivery experience,Positive
RV01295,O03061,C00611,5,Food was excellent and delivery was very quick.,Positive,food was excellent and delivery was very quick,Positive
RV01296,O01075,C01296,5,Food was excellent and delivery was very quick.,Positive,food was excellent and delivery was very quick,Positive
RV01297,O09960,C01293,2,Delivery was late and the food was not very good.,Negative,delivery was late and the food was not very good,Negative
RV01298,O05021,C00726,3,"Average experience, nothing special.",Neutral,average experience nothing special,Negative
RV01299,O05522,C01051,2,Not happy with the delivery experience.,Negative,not happy with the delivery experience,Negative
RV01300,O06322,C01244,4,Good food and the delivery was on time.,Positive,good food and the delivery was on time,Positive
RV01301,O05676,C00690,3,Food was okay but delivery took some time.,Neutral,food was okay but delivery took some time,Positive
RV01302,O01616,C00609,2,Not happy with the delivery experience.,Negative,not happy with the delivery experience,Negative
RV01303,O05030,C01628,3,"Average experience, nothing special.",Neutral,average experience nothing special,Negative
RV01304,O07360,C01601,4,Really good experience overall.,Positive,really good experience overall,Positive
RV01305,O05716,C01003,4,"Good service, just a minor delay.",Positive,good service just a minor delay,Positive
RV01306,O01264,C01615,1,Very late delivery and the food was cold.,Negative,very late delivery and the food was cold,Neutral
RV01307,O03804,C01999,4,Really good experience overall.,Positive,really good experience overall,Positive
RV01308,O00757,C00727,3,The order was fine overall.,Neutral,the order was fine overall,Positive
RV01309,O03929,C01402,5,Food was excellent and delivery was very quick.,Positive,food was excellent and delivery was very quick,Positive
RV01310,O03864,C01594,5,Amazing food and great delivery experience.,Positive,amazing food and great delivery experience,Positive
RV01311,O06685,C01002,3,"Average experience, nothing special.",Neutral,average experience nothing special,Negative
RV01312,O02434,C00994,2,The order was delayed and disappointing.,Negative,the order was delayed and disappointing,Negative
RV01313,O07872,C01521,1,"Very poor service, would not order again.",Negative,very poor service would not order again,Negative
RV01314,O09541,C00901,4,Good food and the delivery was on time.,Positive,good food and the delivery was on time,Positive
RV01315,O09961,C00941,1,Very late delivery and the food was cold.,Negative,very late delivery and the food was cold,Neutral
RV01316,O01420,C00463,5,Amazing food and great delivery experience.,Positive,amazing food and great delivery experience,Positive
RV01317,O00623,C00556,2,The order was delayed and disappointing.,Negative,the order was delayed and disappointing,Negative
RV01318,O08871,C01760,1,Very late delivery and the food was cold.,Negative,very late delivery and the food was cold,Neutral
RV01319,O04698,C01241,5,"Loved the food, would definitely order again.",Positive,loved the food would definitely order again,Positive
RV01320,O06928,C01973,5,Food was excellent and delivery was very quick.,Positive,food was excellent and delivery was very quick,Positive
RV01321,O03563,C00723,4,Good food and the delivery was on time.,Positive,good food and the delivery was on time,Positive
RV01322,O03080,C00459,5,"Loved the food, would definitely order again.",Positive,loved the food would definitely order again,Positive
RV01323,O03649,C00290,5,Food was excellent and delivery was very quick.,Positive,food was excellent and delivery was very quick,Positive
RV01324,O05970,C00321,4,"Good service, just a minor delay.",Positive,good service just a minor delay,Positive
RV01325,O07941,C01752,1,Very late delivery and the food was cold.,Negative,very late delivery and the food was cold,Neutral
RV01326,O02087,C00502,4,Really good experience overall.,Positive,really good experience overall,Positive
RV01327,O01288,C01544,3,"Average experience, nothing special.",Neutral,average experience nothing special,Negative
RV01328,O03140,C01814,4,Food was tasty and delivery was smooth.,Positive,food was tasty and delivery was smooth,Neutral
RV01329,O03757,C00426,2,Delivery was late and the food was not very good.,Negative,delivery was late and the food was not very good,Negative
RV01330,O01897,C01986,5,Everything was perfect and arrived on time.,Positive,everything was perfect and arrived on time,Positive
RV01331,O00674,C00946,5,"Loved the food, would definitely order again.",Positive,loved the food would definitely order again,Positive
RV01332,O04119,C01105,3,Food was okay but delivery took some time.,Neutral,food was okay but delivery took some time,Positive
RV01333,O09291,C01303,5,"Loved the food, would definitely order again.",Positive,loved the food would definitely order again,Positive
RV01334,O02174,C01969,5,Everything was perfect and arrived on time.,Positive,everything was perfect and arrived on time,Positive
RV01335,O03038,C01128,4,Food was tasty and delivery was smooth.,Positive,food was tasty and delivery was smooth,Neutral
RV01336,O09130,C01850,4,Good food and the delivery was on time.,Positive,good food and the delivery was on time,Positive
RV01337,O09056,C01027,3,Food was okay but delivery took some time.,Neutral,food was okay but delivery took some time,Positive
RV01338,O06814,C00570,5,"Loved the food, would definitely order again.",Positive,loved the food would definitely order again,Positive
RV01339,O03149,C00968,4,Really good experience overall.,Positive,really good experience overall,Positive
RV01340,O01949,C01872,5,Amazing food and great delivery experience.,Positive,amazing food and great delivery experience,Positive
RV01341,O06851,C01309,5,Food was excellent and delivery was very quick.,Positive,food was excellent and delivery was very quick,Positive
RV01342,O09031,C00366,4,Good food and the delivery was on time.,Positive,good food and the delivery was on time,Positive
RV01343,O00391,C01879,2,Delivery was late and the food was not very good.,Negative,delivery was late and the food was not very good,Negative
RV01344,O07811,C01299,1,"Terrible experience, food arrived very late.",Negative,terrible experience food arrived very late,Negative
RV01345,O09922,C00600,5,"Loved the food, would definitely order again.",Positive,loved the food would definitely order again,Positive
RV01346,O07299,C01897,5,"Loved the food, would definitely order again.",Positive,loved the food would definitely order again,Positive
RV01347,O07164,C00212,5,"Loved the food, would definitely order again.",Positive,loved the food would definitely order again,Positive
RV01348,O08495,C00079,3,"Average experience, nothing special.",Neutral,average experience nothing special,Negative
RV01349,O07544,C01265,3,"Average experience, nothing special.",Neutral,average experience nothing special,Negative
RV01350,O03796,C00172,1,"Terrible experience, food arrived very late.",Negative,terrible experience food arrived very late,Negative
RV01351,O00492,C00498,3,Food was decent but could have been better.,Neutral,food was decent but could have been better,Positive
RV01352,O04804,C00052,3,Food was okay but delivery took some time.,Neutral,food was okay but delivery took some time,Positive
RV01353,O07498,C01194,4,"Good service, just a minor delay.",Positive,good service just a minor delay,Positive
RV01354,O04225,C00732,3,The order was fine overall.,Neutral,the order was fine overall,Positive
RV01355,O05020,C00410,3,Food was okay but delivery took some time.,Neutral,food was okay but delivery took some time,Positive
RV01356,O07769,C00517,3,"Average experience, nothing special.",Neutral,average experience nothing special,Negative
RV01357,O01898,C00627,4,Food was tasty and delivery was smooth.,Positive,food was tasty and delivery was smooth,Neutral
RV01358,O09974,C01609,3,Food was okay but delivery took some time.,Neutral,food was okay but delivery took some time,Positive
RV01359,O07982,C01795,5,Food was excellent and delivery was very quick.,Positive,food was excellent and delivery was very quick,Positive
RV01360,O04817,C01714,4,Food was tasty and delivery was smooth.,Positive,food was tasty and delivery was smooth,Neutral
RV01361,O06292,C00088,5,Everything was perfect and arrived on time.,Positive,everything was perfect and arrived on time,Positive
RV01362,O08476,C01721,4,"Good service, just a minor delay.",Positive,good service just a minor delay,Positive
RV01363,O07875,C00740,5,Food was excellent and delivery was very quick.,Positive,food was excellent and delivery was very quick,Positive
RV01364,O05468,C01605,5,"Loved the food, would definitely order again.",Positive,loved the food would definitely order again,Positive
RV01365,O08376,C00946,5,Everything was perfect and arrived on time.,Positive,everything was perfect and arrived on time,Positive
RV01366,O02232,C00974,4,Food was tasty and delivery was smooth.,Positive,food was tasty and delivery was smooth,Neutral
RV01367,O00189,C01408,4,Good food and the delivery was on time.,Positive,good food and the delivery was on time,Positive
RV01368,O05781,C00998,1,Food was disappointing and delivery was extremely slow.,Negative,food was disappointing and delivery was extremely slow,Negative
RV01369,O07627,C01304,3,Food was okay but delivery took some time.,Neutral,food was okay but delivery took some time,Positive
RV01370,O06937,C00797,4,"Good service, just a minor delay.",Positive,good service just a minor delay,Positive
RV01371,O05867,C01843,1,Food was disappointing and delivery was extremely slow.,Negative,food was disappointing and delivery was extremely slow,Negative
RV01372,O09765,C01370,5,Amazing food and great delivery experience.,Positive,amazing food and great delivery experience,Positive
RV01373,O04145,C01924,3,"Average experience, nothing special.",Neutral,average experience nothing special,Negative
RV01374,O04024,C00239,2,Delivery was late and the food was not very good.,Negative,delivery was late and the food was not very good,Negative
RV01375,O08965,C00569,5,Amazing food and great delivery experience.,Positive,amazing food and great delivery experience,Positive
RV01376,O01693,C00740,1,Food was disappointing and delivery was extremely slow.,Negative,food was disappointing and delivery was extremely slow,Negative
RV01377,O02233,C01192,5,Amazing food and great delivery experience.,Positive,amazing food and great delivery experience,Positive
RV01378,O00805,C00551,1,Food was disappointing and delivery was extremely slow.,Negative,food was disappointing and delivery was extremely slow,Negative
RV01379,O00829,C01346,3,Food was okay but delivery took some time.,Neutral,food was okay but delivery took some time,Positive
RV01380,O09041,C01468,3,Food was okay but delivery took some time.,Neutral,food was okay but delivery took some time,Positive
RV01381,O00733,C00171,4,"Good service, just a minor delay.",Positive,good service just a minor delay,Positive
RV01382,O07897,C01270,3,The order was fine overall.,Neutral,the order was fine overall,Positive
RV01383,O01605,C00753,5,Food was excellent and delivery was very quick.,Positive,food was excellent and delivery was very quick,Positive
RV01384,O06830,C00050,4,Food was tasty and delivery was smooth.,Positive,food was tasty and delivery was smooth,Neutral
RV01385,O07096,C00783,4,"Good service, just a minor delay.",Positive,good service just a minor delay,Positive
RV01386,O07332,C01552,3,Food was okay but delivery took some time.,Neutral,food was okay but delivery took some time,Positive
RV01387,O06781,C00560,1,"Very poor service, would not order again.",Negative,very poor service would not order again,Negative
RV01388,O05736,C01369,4,Food was tasty and delivery was smooth.,Positive,food was tasty and delivery was smooth,Neutral
RV01389,O01759,C01825,3,Food was decent but could have been better.,Neutral,food was decent but could have been better,Positive
RV01390,O05288,C01072,3,Food was decent but could have been better.,Neutral,food was decent but could have been better,Positive
RV01391,O06476,C00612,5,"Loved the food, would definitely order again.",Positive,loved the food would definitely order again,Positive
RV01392,O04323,C00308,3,Food was decent but could have been better.,Neutral,food was decent but could have been better,Positive
RV01393,O06892,C01109,5,Food was excellent and delivery was very quick.,Positive,food was excellent and delivery was very quick,Positive
RV01394,O02068,C00396,5,Amazing food and great delivery experience.,Positive,amazing food and great delivery experience,Positive
RV01395,O05459,C01370,2,Food was cold when it arrived.,Negative,food was cold when it arrived,Neutral
RV01396,O01415,C01746,3,Food was okay but delivery took some time.,Neutral,food was okay but delivery took some time,Positive
RV01397,O03338,C01362,4,Good food and the delivery was on time.,Positive,good food and the delivery was on time,Positive
RV01398,O02633,C00027,5,Everything was perfect and arrived on time.,Positive,everything was perfect and arrived on time,Positive
RV01399,O09966,C00822,3,Food was decent but could have been better.,Neutral,food was decent but could have been better,Positive
RV01400,O08870,C01735,5,"Loved the food, would definitely order again.",Positive,loved the food would definitely order again,Positive
RV01401,O08050,C01446,5,"Loved the food, would definitely order again.",Positive,loved the food would definitely order again,Positive
RV01402,O03395,C01666,3,Food was decent but could have been better.,Neutral,food was decent but could have been better,Positive
RV01403,O03789,C01311,5,"Loved the food, would definitely order again.",Positive,loved the food would definitely order again,Positive
RV01404,O06779,C01853,1,"Terrible experience, food arrived very late.",Negative,terrible experience food arrived very late,Negative
RV01405,O01774,C00768,3,Food was decent but could have been better.,Neutral,food was decent but could have been better,Positive
RV01406,O02192,C00408,4,Really good experience overall.,Positive,really good experience overall,Positive
RV01407,O09024,C00348,2,Not happy with the delivery experience.,Negative,not happy with the delivery experience,Negative
RV01408,O01219,C00284,5,"Loved the food, would definitely order again.",Positive,loved the food would definitely order again,Positive
RV01409,O07246,C00646,2,Delivery was late and the food was not very good.,Negative,delivery was late and the food was not very good,Negative
RV01410,O02148,C01932,5,"Loved the food, would definitely order again.",Positive,loved the food would definitely order again,Positive
RV01411,O03923,C00382,5,Food was excellent and delivery was very quick.,Positive,food was excellent and delivery was very quick,Positive
RV01412,O00760,C00378,5,Food was excellent and delivery was very quick.,Positive,food was excellent and delivery was very quick,Positive
RV01413,O05102,C00678,4,Good food and the delivery was on time.,Positive,good food and the delivery was on time,Positive
RV01414,O06092,C00640,4,Good food and the delivery was on time.,Positive,good food and the delivery was on time,Positive
RV01415,O03413,C01945,5,Amazing food and great delivery experience.,Positive,amazing food and great delivery experience,Positive
RV01416,O08482,C01072,5,Everything was perfect and arrived on time.,Positive,everything was perfect and arrived on time,Positive
RV01417,O07690,C01972,5,Food was excellent and delivery was very quick.,Positive,food was excellent and delivery was very quick,Positive
RV01418,O06819,C00528,5,Food was excellent and delivery was very quick.,Positive,food was excellent and delivery was very quick,Positive
RV01419,O08397,C00324,3,The order was fine overall.,Neutral,the order was fine overall,Positive
RV01420,O09105,C01271,5,Food was excellent and delivery was very quick.,Positive,food was excellent and delivery was very quick,Positive
RV01421,O07205,C00207,2,Food was cold when it arrived.,Negative,food was cold when it arrived,Neutral
RV01422,O04128,C01385,1,"Terrible experience, food arrived very late.",Negative,terrible experience food arrived very late,Negative
RV01423,O09423,C01185,4,Good food and the delivery was on time.,Positive,good food and the delivery was on time,Positive
RV01424,O06316,C00781,4,Good food and the delivery was on time.,Positive,good food and the delivery was on time,Positive
RV01425,O06277,C00024,3,Food was okay but delivery took some time.,Neutral,food was okay but delivery took some time,Positive
RV01426,O08215,C00892,2,The order was delayed and disappointing.,Negative,the order was delayed and disappointing,Negative
RV01427,O02339,C00598,4,Really good experience overall.,Positive,really good experience overall,Positive
RV01428,O00214,C01467,5,Everything was perfect and arrived on time.,Positive,everything was perfect and arrived on time,Positive
RV01429,O04295,C00980,5,Everything was perfect and arrived on time.,Positive,everything was perfect and arrived on time,Positive
RV01430,O03878,C00047,3,The order was fine overall.,Neutral,the order was fine overall,Positive
RV01431,O01157,C01700,1,Food was disappointing and delivery was extremely slow.,Negative,food was disappointing and delivery was extremely slow,Negative
RV01432,O02915,C01436,2,The order was delayed and disappointing.,Negative,the order was delayed and disappointing,Negative
RV01433,O00825,C01000,3,Food was decent but could have been better.,Neutral,food was decent but could have been better,Positive
RV01434,O07724,C00007,5,Everything was perfect and arrived on time.,Positive,everything was perfect and arrived on time,Positive
RV01435,O02729,C01999,3,"Average experience, nothing special.",Neutral,average experience nothing special,Negative
RV01436,O05632,C00234,1,"Terrible experience, food arrived very late.",Negative,terrible experience food arrived very late,Negative
RV01437,O04670,C00326,4,Good food and the delivery was on time.,Positive,good food and the delivery was on time,Positive
RV01438,O03339,C00522,1,Very late delivery and the food was cold.,Negative,very late delivery and the food was cold,Neutral
RV01439,O04458,C01202,2,Not happy with the delivery experience.,Negative,not happy with the delivery experience,Negative
RV01440,O01764,C01246,3,The order was fine overall.,Neutral,the order was fine overall,Positive
RV01441,O00472,C00377,5,Amazing food and great delivery experience.,Positive,amazing food and great delivery experience,Positive
RV01442,O08435,C00176,5,Everything was perfect and arrived on time.,Positive,everything was perfect and arrived on time,Positive
RV01443,O06704,C00426,5,Amazing food and great delivery experience.,Positive,amazing food and great delivery experience,Positive
RV01444,O05395,C01474,2,The order was delayed and disappointing.,Negative,the order was delayed and disappointing,Negative
RV01445,O02351,C00244,4,"Good service, just a minor delay.",Positive,good service just a minor delay,Positive
RV01446,O00679,C01117,3,Food was decent but could have been better.,Neutral,food was decent but could have been better,Positive
RV01447,O00043,C00156,2,Food was cold when it arrived.,Negative,food was cold when it arrived,Neutral
RV01448,O07603,C01730,5,Food was excellent and delivery was very quick.,Positive,food was excellent and delivery was very quick,Positive
RV01449,O06276,C00985,3,The order was fine overall.,Neutral,the order was fine overall,Positive
RV01450,O01467,C01332,5,"Loved the food, would definitely order again.",Positive,loved the food would definitely order again,Positive
RV01451,O09489,C01661,5,Amazing food and great delivery experience.,Positive,amazing food and great delivery experience,Positive
RV01452,O08218,C00750,5,Amazing food and great delivery experience.,Positive,amazing food and great delivery experience,Positive
RV01453,O08529,C01296,5,"Loved the food, would definitely order again.",Positive,loved the food would definitely order again,Positive
RV01454,O06201,C01986,3,"Average experience, nothing special.",Neutral,average experience nothing special,Negative
RV01455,O07976,C00705,3,The order was fine overall.,Neutral,the order was fine overall,Positive
RV01456,O05292,C00802,3,Food was okay but delivery took some time.,Neutral,food was okay but delivery took some time,Positive
RV01457,O02204,C00596,4,Good food and the delivery was on time.,Positive,good food and the delivery was on time,Positive
RV01458,O09100,C01245,2,The order was delayed and disappointing.,Negative,the order was delayed and disappointing,Negative
RV01459,O06778,C01902,5,Amazing food and great delivery experience.,Positive,amazing food and great delivery experience,Positive
RV01460,O06457,C00999,5,Amazing food and great delivery experience.,Positive,amazing food and great delivery experience,Positive
RV01461,O09382,C00087,5,Everything was perfect and arrived on time.,Positive,everything was perfect and arrived on time,Positive
RV01462,O05008,C00494,5,Everything was perfect and arrived on time.,Positive,everything was perfect and arrived on time,Positive
RV01463,O09917,C00553,5,Everything was perfect and arrived on time.,Positive,everything was perfect and arrived on time,Positive
RV01464,O01975,C01559,5,Food was excellent and delivery was very quick.,Positive,food was excellent and delivery was very quick,Positive
RV01465,O02433,C01610,1,Very late delivery and the food was cold.,Negative,very late delivery and the food was cold,Neutral
RV01466,O08444,C00576,5,Amazing food and great delivery experience.,Positive,amazing food and great delivery experience,Positive
RV01467,O01448,C00249,4,Good food and the delivery was on time.,Positive,good food and the delivery was on time,Positive
RV01468,O02496,C00682,5,Amazing food and great delivery experience.,Positive,amazing food and great delivery experience,Positive
RV01469,O09167,C01931,2,Not happy with the delivery experience.,Negative,not happy with the delivery experience,Negative
RV01470,O03573,C01822,4,Food was tasty and delivery was smooth.,Positive,food was tasty and delivery was smooth,Neutral
RV01471,O07641,C01855,2,Not happy with the delivery experience.,Negative,not happy with the delivery experience,Negative
RV01472,O09653,C00949,5,Everything was perfect and arrived on time.,Positive,everything was perfect and arrived on time,Positive
RV01473,O05372,C00460,1,Food was disappointing and delivery was extremely slow.,Negative,food was disappointing and delivery was extremely slow,Negative
RV01474,O07852,C00580,5,Everything was perfect and arrived on time.,Positive,everything was perfect and arrived on time,Positive
RV01475,O00819,C01712,2,Delivery was late and the food was not very good.,Negative,delivery was late and the food was not very good,Negative
RV01476,O00023,C00545,2,The order was delayed and disappointing.,Negative,the order was delayed and disappointing,Negative
RV01477,O06833,C00731,5,Everything was perfect and arrived on time.,Positive,everything was perfect and arrived on time,Positive
RV01478,O00123,C00383,4,"Good service, just a minor delay.",Positive,good service just a minor delay,Positive
RV01479,O00772,C00893,3,Food was decent but could have been better.,Neutral,food was decent but could have been better,Positive
RV01480,O04597,C01850,2,Not happy with the delivery experience.,Negative,not happy with the delivery experience,Negative
RV01481,O09010,C00284,1,Very late delivery and the food was cold.,Negative,very late delivery and the food was cold,Neutral
RV01482,O06553,C00833,5,Food was excellent and delivery was very quick.,Positive,food was excellent and delivery was very quick,Positive
RV01483,O02576,C00012,2,Not happy with the delivery experience.,Negative,not happy with the delivery experience,Negative
RV01484,O04985,C01389,4,Food was tasty and delivery was smooth.,Positive,food was tasty and delivery was smooth,Neutral
RV01485,O00132,C01272,5,Everything was perfect and arrived on time.,Positive,everything was perfect and arrived on time,Positive
RV01486,O06908,C01374,5,Everything was perfect and arrived on time.,Positive,everything was perfect and arrived on time,Positive
RV01487,O02424,C01170,4,Good food and the delivery was on time.,Positive,good food and the delivery was on time,Positive
RV01488,O07186,C00450,4,Good food and the delivery was on time.,Positive,good food and the delivery was on time,Positive
RV01489,O09483,C00562,4,"Good service, just a minor delay.",Positive,good service just a minor delay,Positive
RV01490,O08938,C01297,4,Really good experience overall.,Positive,really good experience overall,Positive
RV01491,O02622,C00366,5,Food was excellent and delivery was very quick.,Positive,food was excellent and delivery was very quick,Positive
RV01492,O06799,C01651,5,Food was excellent and delivery was very quick.,Positive,food was excellent and delivery was very quick,Positive
RV01493,O01497,C00199,5,Everything was perfect and arrived on time.,Positive,everything was perfect and arrived on time,Positive
RV01494,O02287,C01681,2,Not happy with the delivery experience.,Negative,not happy with the delivery experience,Negative
RV01495,O04042,C00242,4,Good food and the delivery was on time.,Positive,good food and the delivery was on time,Positive
RV01496,O06708,C01928,5,Food was excellent and delivery was very quick.,Positive,food was excellent and delivery was very quick,Positive
RV01497,O01391,C01696,3,"Average experience, nothing special.",Neutral,average experience nothing special,Negative
RV01498,O07957,C00797,5,Food was excellent and delivery was very quick.,Positive,food was excellent and delivery was very quick,Positive
RV01499,O05402,C01169,1,Very late delivery and the food was cold.,Negative,very late delivery and the food was cold,Neutral
RV01500,O09361,C01604,5,Everything was perfect and arrived on time.,Positive,everything was perfect and arrived on time,Positive
RV01501,O09434,C00769,4,Food was tasty and delivery was smooth.,Positive,food was tasty and delivery was smooth,Neutral
RV01502,O01649,C00276,1,"Terrible experience, food arrived very late.",Negative,terrible experience food arrived very late,Negative
RV01503,O08038,C01712,3,Food was decent but could have been better.,Neutral,food was decent but could have been better,Positive
RV01504,O02571,C01054,3,Food was okay but delivery took some time.,Neutral,food was okay but delivery took some time,Positive
RV01505,O00782,C00564,1,Very late delivery and the food was cold.,Negative,very late delivery and the food was cold,Neutral
RV01506,O03584,C01213,4,Really good experience overall.,Positive,really good experience overall,Positive
RV01507,O07983,C00384,2,Food was cold when it arrived.,Negative,food was cold when it arrived,Neutral
RV01508,O02739,C01968,4,"Good service, just a minor delay.",Positive,good service just a minor delay,Positive
RV01509,O09321,C00922,5,Everything was perfect and arrived on time.,Positive,everything was perfect and arrived on time,Positive
RV01510,O09040,C00727,3,Food was okay but delivery took some time.,Neutral,food was okay but delivery took some time,Positive
RV01511,O08903,C01697,2,The order was delayed and disappointing.,Negative,the order was delayed and disappointing,Negative
RV01512,O08873,C01450,1,"Very poor service, would not order again.",Negative,very poor service would not order again,Negative
RV01513,O05535,C01888,3,Food was decent but could have been better.,Neutral,food was decent but could have been better,Positive
RV01514,O02505,C00369,5,"Loved the food, would definitely order again.",Positive,loved the food would definitely order again,Positive
RV01515,O01547,C01207,5,Amazing food and great delivery experience.,Positive,amazing food and great delivery experience,Positive
RV01516,O08459,C01413,2,Delivery was late and the food was not very good.,Negative,delivery was late and the food was not very good,Negative
RV01517,O00508,C00509,5,Food was excellent and delivery was very quick.,Positive,food was excellent and delivery was very quick,Positive
RV01518,O05196,C00148,5,Everything was perfect and arrived on time.,Positive,everything was perfect and arrived on time,Positive
RV01519,O02611,C00771,4,Good food and the delivery was on time.,Positive,good food and the delivery was on time,Positive
RV01520,O06129,C01953,4,"Good service, just a minor delay.",Positive,good service just a minor delay,Positive
RV01521,O02978,C01413,4,"Good service, just a minor delay.",Positive,good service just a minor delay,Positive
RV01522,O07634,C01166,1,"Terrible experience, food arrived very late.",Negative,terrible experience food arrived very late,Negative
RV01523,O04922,C00618,4,Food was tasty and delivery was smooth.,Positive,food was tasty and delivery was smooth,Neutral
RV01524,O03911,C00674,5,"Loved the food, would definitely order again.",Positive,loved the food would definitely order again,Positive
RV01525,O05706,C01954,4,Really good experience overall.,Positive,really good experience overall,Positive
RV01526,O03915,C00365,1,Very late delivery and the food was cold.,Negative,very late delivery and the food was cold,Neutral
RV01527,O03070,C01869,3,Food was okay but delivery took some time.,Neutral,food was okay but delivery took some time,Positive
RV01528,O06251,C00581,5,Amazing food and great delivery experience.,Positive,amazing food and great delivery experience,Positive
RV01529,O01335,C01976,5,Everything was perfect and arrived on time.,Positive,everything was perfect and arrived on time,Positive
RV01530,O02480,C00432,3,Food was okay but delivery took some time.,Neutral,food was okay but delivery took some time,Positive
RV01531,O07611,C01706,4,Good food and the delivery was on time.,Positive,good food and the delivery was on time,Positive
RV01532,O02964,C01034,5,Everything was perfect and arrived on time.,Positive,everything was perfect and arrived on time,Positive
RV01533,O04887,C01763,1,"Terrible experience, food arrived very late.",Negative,terrible experience food arrived very late,Negative
RV01534,O02283,C01690,3,Food was decent but could have been better.,Neutral,food was decent but could have been better,Positive
RV01535,O00005,C00355,4,Really good experience overall.,Positive,really good experience overall,Positive
RV01536,O03393,C00331,5,Food was excellent and delivery was very quick.,Positive,food was excellent and delivery was very quick,Positive
RV01537,O01986,C00369,2,The order was delayed and disappointing.,Negative,the order was delayed and disappointing,Negative
RV01538,O00591,C01823,3,Food was okay but delivery took some time.,Neutral,food was okay but delivery took some time,Positive
RV01539,O06566,C01742,2,Food was cold when it arrived.,Negative,food was cold when it arrived,Neutral
RV01540,O05786,C01343,2,The order was delayed and disappointing.,Negative,the order was delayed and disappointing,Negative
RV01541,O05072,C00575,2,The order was delayed and disappointing.,Negative,the order was delayed and disappointing,Negative
RV01542,O05276,C00661,5,"Loved the food, would definitely order again.",Positive,loved the food would definitely order again,Positive
RV01543,O01107,C01171,4,"Good service, just a minor delay.",Positive,good service just a minor delay,Positive
RV01544,O08583,C01117,1,Food was disappointing and delivery was extremely slow.,Negative,food was disappointing and delivery was extremely slow,Negative
RV01545,O08146,C01288,3,The order was fine overall.,Neutral,the order was fine overall,Positive
RV01546,O04737,C00710,1,Very late delivery and the food was cold.,Negative,very late delivery and the food was cold,Neutral
RV01547,O04220,C00806,4,Food was tasty and delivery was smooth.,Positive,food was tasty and delivery was smooth,Neutral
RV01548,O00817,C00787,4,Really good experience overall.,Positive,really good experience overall,Positive
RV01549,O03096,C01597,4,Good food and the delivery was on time.,Positive,good food and the delivery was on time,Positive
RV01550,O05456,C00901,4,Really good experience overall.,Positive,really good experience overall,Positive
RV01551,O00631,C01082,5,Everything was perfect and arrived on time.,Positive,everything was perfect and arrived on time,Positive
RV01552,O02899,C01014,4,"Good service, just a minor delay.",Positive,good service just a minor delay,Positive
RV01553,O02265,C01660,5,"Loved the food, would definitely order again.",Positive,loved the food would definitely order again,Positive
RV01554,O08743,C00666,5,Food was excellent and delivery was very quick.,Positive,food was excellent and delivery was very quick,Positive
RV01555,O05953,C00516,3,"Average experience, nothing special.",Neutral,average experience nothing special,Negative
RV01556,O08032,C01161,2,Food was cold when it arrived.,Negative,food was cold when it arrived,Neutral
RV01557,O06981,C01687,4,Really good experience overall.,Positive,really good experience overall,Positive
RV01558,O07184,C01545,5,Food was excellent and delivery was very quick.,Positive,food was excellent and delivery was very quick,Positive
RV01559,O03806,C00754,5,Amazing food and great delivery experience.,Positive,amazing food and great delivery experience,Positive
RV01560,O07003,C00775,4,Good food and the delivery was on time.,Positive,good food and the delivery was on time,Positive
RV01561,O03155,C00307,2,Delivery was late and the food was not very good.,Negative,delivery was late and the food was not very good,Negative
RV01562,O00909,C00507,4,"Good service, just a minor delay.",Positive,good service just a minor delay,Positive
RV01563,O00153,C00568,3,"Average experience, nothing special.",Neutral,average experience nothing special,Negative
RV01564,O02741,C01437,3,Food was decent but could have been better.,Neutral,food was decent but could have been better,Positive
RV01565,O00466,C00160,4,Really good experience overall.,Positive,really good experience overall,Positive
RV01566,O01603,C00219,2,Not happy with the delivery experience.,Negative,not happy with the delivery experience,Negative
RV01567,O05226,C00161,1,Food was disappointing and delivery was extremely slow.,Negative,food was disappointing and delivery was extremely slow,Negative
RV01568,O05384,C00428,4,Food was tasty and delivery was smooth.,Positive,food was tasty and delivery was smooth,Neutral
RV01569,O01918,C01941,3,"Average experience, nothing special.",Neutral,average experience nothing special,Negative
RV01570,O04449,C00222,5,Food was excellent and delivery was very quick.,Positive,food was excellent and delivery was very quick,Positive
RV01571,O06426,C01468,4,Really good experience overall.,Positive,really good experience overall,Positive
RV01572,O00714,C00065,5,Food was excellent and delivery was very quick.,Positive,food was excellent and delivery was very quick,Positive
RV01573,O00969,C01947,1,"Very poor service, would not order again.",Negative,very poor service would not order again,Negative
RV01574,O07858,C01687,1,Food was disappointing and delivery was extremely slow.,Negative,food was disappointing and delivery was extremely slow,Negative
RV01575,O09209,C00053,1,Food was disappointing and delivery was extremely slow.,Negative,food was disappointing and delivery was extremely slow,Negative
RV01576,O09642,C00978,4,Food was tasty and delivery was smooth.,Positive,food was tasty and delivery was smooth,Neutral
RV01577,O08722,C01893,2,Not happy with the delivery experience.,Negative,not happy with the delivery experience,Negative
RV01578,O03553,C00591,5,Food was excellent and delivery was very quick.,Positive,food was excellent and delivery was very quick,Positive
RV01579,O09128,C00001,4,"Good service, just a minor delay.",Positive,good service just a minor delay,Positive
RV01580,O03381,C00752,3,Food was okay but delivery took some time.,Neutral,food was okay but delivery took some time,Positive
RV01581,O05159,C00368,4,Good food and the delivery was on time.,Positive,good food and the delivery was on time,Positive
RV01582,O06465,C01719,5,Everything was perfect and arrived on time.,Positive,everything was perfect and arrived on time,Positive
RV01583,O07917,C00372,3,"Average experience, nothing special.",Neutral,average experience nothing special,Negative
RV01584,O06181,C00452,1,"Terrible experience, food arrived very late.",Negative,terrible experience food arrived very late,Negative
RV01585,O07285,C00426,3,Food was decent but could have been better.,Neutral,food was decent but could have been better,Positive
RV01586,O09410,C00189,1,Food was disappointing and delivery was extremely slow.,Negative,food was disappointing and delivery was extremely slow,Negative
RV01587,O09710,C01680,4,Good food and the delivery was on time.,Positive,good food and the delivery was on time,Positive
RV01588,O09436,C00201,5,Amazing food and great delivery experience.,Positive,amazing food and great delivery experience,Positive
RV01589,O00498,C00132,5,"Loved the food, would definitely order again.",Positive,loved the food would definitely order again,Positive
RV01590,O03791,C00617,5,Amazing food and great delivery experience.,Positive,amazing food and great delivery experience,Positive
RV01591,O05068,C00216,5,"Loved the food, would definitely order again.",Positive,loved the food would definitely order again,Positive
RV01592,O02099,C00217,5,Food was excellent and delivery was very quick.,Positive,food was excellent and delivery was very quick,Positive
RV01593,O06458,C01675,1,Food was disappointing and delivery was extremely slow.,Negative,food was disappointing and delivery was extremely slow,Negative
RV01594,O03239,C01738,4,Food was tasty and delivery was smooth.,Positive,food was tasty and delivery was smooth,Neutral
RV01595,O05341,C00052,4,"Good service, just a minor delay.",Positive,good service just a minor delay,Positive
RV01596,O08310,C00672,3,The order was fine overall.,Neutral,the order was fine overall,Positive
RV01597,O02209,C00314,5,Amazing food and great delivery experience.,Positive,amazing food and great delivery experience,Positive
RV01598,O03325,C01867,4,Food was tasty and delivery was smooth.,Positive,food was tasty and delivery was smooth,Neutral
RV01599,O08948,C00432,3,Food was okay but delivery took some time.,Neutral,food was okay but delivery took some time,Positive
RV01600,O06922,C00675,3,Food was okay but delivery took some time.,Neutral,food was okay but delivery took some time,Positive
RV01601,O09824,C01363,4,Really good experience overall.,Positive,really good experience overall,Positive
RV01602,O01850,C00469,4,"Good service, just a minor delay.",Positive,good service just a minor delay,Positive
RV01603,O09469,C01325,5,Amazing food and great delivery experience.,Positive,amazing food and great delivery experience,Positive
RV01604,O01911,C00036,1,Very late delivery and the food was cold.,Negative,very late delivery and the food was cold,Neutral
RV01605,O09717,C01079,3,Food was decent but could have been better.,Neutral,food was decent but could have been better,Positive
RV01606,O09696,C00888,2,Food was cold when it arrived.,Negative,food was cold when it arrived,Neutral
RV01607,O02562,C00808,1,Food was disappointing and delivery was extremely slow.,Negative,food was disappointing and delivery was extremely slow,Negative
RV01608,O06602,C00632,2,The order was delayed and disappointing.,Negative,the order was delayed and disappointing,Negative
RV01609,O03019,C01268,5,Amazing food and great delivery experience.,Positive,amazing food and great delivery experience,Positive
RV01610,O05633,C01399,3,Food was okay but delivery took some time.,Neutral,food was okay but delivery took some time,Positive
RV01611,O06836,C01838,1,Very late delivery and the food was cold.,Negative,very late delivery and the food was cold,Neutral
RV01612,O00419,C01568,3,Food was decent but could have been better.,Neutral,food was decent but could have been better,Positive
RV01613,O00126,C00846,5,"Loved the food, would definitely order again.",Positive,loved the food would definitely order again,Positive
RV01614,O06455,C00181,3,"Average experience, nothing special.",Neutral,average experience nothing special,Negative
RV01615,O02525,C01846,5,Everything was perfect and arrived on time.,Positive,everything was perfect and arrived on time,Positive
RV01616,O04212,C01968,2,Food was cold when it arrived.,Negative,food was cold when it arrived,Neutral
RV01617,O09933,C01687,5,Amazing food and great delivery experience.,Positive,amazing food and great delivery experience,Positive
RV01618,O03073,C00046,5,Food was excellent and delivery was very quick.,Positive,food was excellent and delivery was very quick,Positive
RV01619,O00835,C00458,3,The order was fine overall.,Neutral,the order was fine overall,Positive
RV01620,O04285,C01947,4,"Good service, just a minor delay.",Positive,good service just a minor delay,Positive
RV01621,O03438,C00698,3,Food was decent but could have been better.,Neutral,food was decent but could have been better,Positive
RV01622,O03564,C01645,3,Food was okay but delivery took some time.,Neutral,food was okay but delivery took some time,Positive
RV01623,O04194,C00103,2,Food was cold when it arrived.,Negative,food was cold when it arrived,Neutral
RV01624,O08984,C00255,1,Food was disappointing and delivery was extremely slow.,Negative,food was disappointing and delivery was extremely slow,Negative
RV01625,O06879,C00536,4,Really good experience overall.,Positive,really good experience overall,Positive
RV01626,O04049,C01318,4,Food was tasty and delivery was smooth.,Positive,food was tasty and delivery was smooth,Neutral
RV01627,O09399,C01547,4,Really good experience overall.,Positive,really good experience overall,Positive
RV01628,O00163,C01953,4,Food was tasty and delivery was smooth.,Positive,food was tasty and delivery was smooth,Neutral
RV01629,O06989,C00447,4,Really good experience overall.,Positive,really good experience overall,Positive
RV01630,O03746,C01473,2,The order was delayed and disappointing.,Negative,the order was delayed and disappointing,Negative
RV01631,O00898,C00044,3,The order was fine overall.,Neutral,the order was fine overall,Positive
RV01632,O06093,C01367,3,Food was okay but delivery took some time.,Neutral,food was okay but delivery took some time,Positive
RV01633,O06856,C01370,1,Food was disappointing and delivery was extremely slow.,Negative,food was disappointing and delivery was extremely slow,Negative
RV01634,O03567,C01036,4,Really good experience overall.,Positive,really good experience overall,Positive
RV01635,O00444,C00342,3,Food was decent but could have been better.,Neutral,food was decent but could have been better,Positive
RV01636,O03491,C01760,3,Food was decent but could have been better.,Neutral,food was decent but could have been better,Positive
RV01637,O07104,C00113,1,"Very poor service, would not order again.",Negative,very poor service would not order again,Negative
RV01638,O05555,C00871,2,Not happy with the delivery experience.,Negative,not happy with the delivery experience,Negative
RV01639,O04369,C01389,1,"Very poor service, would not order again.",Negative,very poor service would not order again,Negative
RV01640,O01011,C01788,5,Everything was perfect and arrived on time.,Positive,everything was perfect and arrived on time,Positive
RV01641,O04495,C01719,5,Amazing food and great delivery experience.,Positive,amazing food and great delivery experience,Positive
RV01642,O04259,C01845,1,"Very poor service, would not order again.",Negative,very poor service would not order again,Negative
RV01643,O05326,C00090,2,The order was delayed and disappointing.,Negative,the order was delayed and disappointing,Negative
RV01644,O03715,C00906,4,Food was tasty and delivery was smooth.,Positive,food was tasty and delivery was smooth,Neutral
RV01645,O03271,C01042,4,"Good service, just a minor delay.",Positive,good service just a minor delay,Positive
RV01646,O00288,C00956,3,"Average experience, nothing special.",Neutral,average experience nothing special,Negative
RV01647,O05291,C00727,4,Really good experience overall.,Positive,really good experience overall,Positive
RV01648,O02266,C00917,5,Everything was perfect and arrived on time.,Positive,everything was perfect and arrived on time,Positive
RV01649,O06542,C01001,3,Food was decent but could have been better.,Neutral,food was decent but could have been better,Positive
RV01650,O08647,C00182,3,The order was fine overall.,Neutral,the order was fine overall,Positive
RV01651,O02252,C01315,4,Really good experience overall.,Positive,really good experience overall,Positive
RV01652,O02294,C00683,3,The order was fine overall.,Neutral,the order was fine overall,Positive
RV01653,O09791,C00404,4,"Good service, just a minor delay.",Positive,good service just a minor delay,Positive
RV01654,O02318,C00169,5,Amazing food and great delivery experience.,Positive,amazing food and great delivery experience,Positive
RV01655,O07097,C01491,5,"Loved the food, would definitely order again.",Positive,loved the food would definitely order again,Positive
RV01656,O01573,C00955,4,Good food and the delivery was on time.,Positive,good food and the delivery was on time,Positive
RV01657,O01419,C01495,4,"Good service, just a minor delay.",Positive,good service just a minor delay,Positive
RV01658,O06813,C00584,3,"Average experience, nothing special.",Neutral,average experience nothing special,Negative
RV01659,O01539,C00920,5,Food was excellent and delivery was very quick.,Positive,food was excellent and delivery was very quick,Positive
RV01660,O01402,C01692,4,"Good service, just a minor delay.",Positive,good service just a minor delay,Positive
RV01661,O09842,C00931,5,Everything was perfect and arrived on time.,Positive,everything was perfect and arrived on time,Positive
RV01662,O02752,C00185,3,"Average experience, nothing special.",Neutral,average experience nothing special,Negative
RV01663,O02338,C01660,5,Amazing food and great delivery experience.,Positive,amazing food and great delivery experience,Positive
RV01664,O05114,C00238,4,Good food and the delivery was on time.,Positive,good food and the delivery was on time,Positive
RV01665,O05923,C00016,5,Food was excellent and delivery was very quick.,Positive,food was excellent and delivery was very quick,Positive
RV01666,O08186,C01612,3,Food was okay but delivery took some time.,Neutral,food was okay but delivery took some time,Positive
RV01667,O07438,C00743,4,Good food and the delivery was on time.,Positive,good food and the delivery was on time,Positive
RV01668,O01033,C01707,4,Really good experience overall.,Positive,really good experience overall,Positive
RV01669,O05544,C01361,5,Amazing food and great delivery experience.,Positive,amazing food and great delivery experience,Positive
RV01670,O07002,C01477,3,Food was okay but delivery took some time.,Neutral,food was okay but delivery took some time,Positive
RV01671,O02585,C01384,3,Food was okay but delivery took some time.,Neutral,food was okay but delivery took some time,Positive
RV01672,O00910,C00794,5,Everything was perfect and arrived on time.,Positive,everything was perfect and arrived on time,Positive
RV01673,O07731,C01391,2,The order was delayed and disappointing.,Negative,the order was delayed and disappointing,Negative
RV01674,O06423,C00153,2,Delivery was late and the food was not very good.,Negative,delivery was late and the food was not very good,Negative
RV01675,O05045,C00753,4,"Good service, just a minor delay.",Positive,good service just a minor delay,Positive
RV01676,O07382,C01465,4,"Good service, just a minor delay.",Positive,good service just a minor delay,Positive
RV01677,O02187,C01170,4,Really good experience overall.,Positive,really good experience overall,Positive
RV01678,O07418,C00112,4,Really good experience overall.,Positive,really good experience overall,Positive
RV01679,O05314,C00217,4,"Good service, just a minor delay.",Positive,good service just a minor delay,Positive
RV01680,O03976,C00038,5,Food was excellent and delivery was very quick.,Positive,food was excellent and delivery was very quick,Positive
RV01681,O02833,C00820,4,Really good experience overall.,Positive,really good experience overall,Positive
RV01682,O05954,C01239,1,"Terrible experience, food arrived very late.",Negative,terrible experience food arrived very late,Negative
RV01683,O09206,C00638,5,Food was excellent and delivery was very quick.,Positive,food was excellent and delivery was very quick,Positive
RV01684,O09582,C01404,5,Everything was perfect and arrived on time.,Positive,everything was perfect and arrived on time,Positive
RV01685,O01281,C00474,3,Food was decent but could have been better.,Neutral,food was decent but could have been better,Positive
RV01686,O02939,C00859,2,The order was delayed and disappointing.,Negative,the order was delayed and disappointing,Negative
RV01687,O08801,C00616,3,The order was fine overall.,Neutral,the order was fine overall,Positive
RV01688,O02625,C01854,5,Amazing food and great delivery experience.,Positive,amazing food and great delivery experience,Positive
RV01689,O04679,C00162,5,Food was excellent and delivery was very quick.,Positive,food was excellent and delivery was very quick,Positive
RV01690,O05458,C00399,1,Food was disappointing and delivery was extremely slow.,Negative,food was disappointing and delivery was extremely slow,Negative
RV01691,O01164,C00626,5,Everything was perfect and arrived on time.,Positive,everything was perfect and arrived on time,Positive
RV01692,O06445,C01837,1,"Very poor service, would not order again.",Negative,very poor service would not order again,Negative
RV01693,O06977,C01270,5,"Loved the food, would definitely order again.",Positive,loved the food would definitely order again,Positive
RV01694,O00338,C00503,4,Good food and the delivery was on time.,Positive,good food and the delivery was on time,Positive
RV01695,O02079,C01052,2,Food was cold when it arrived.,Negative,food was cold when it arrived,Neutral
RV01696,O01977,C01155,5,Food was excellent and delivery was very quick.,Positive,food was excellent and delivery was very quick,Positive
RV01697,O09416,C00573,4,Food was tasty and delivery was smooth.,Positive,food was tasty and delivery was smooth,Neutral
RV01698,O06639,C00657,5,Food was excellent and delivery was very quick.,Positive,food was excellent and delivery was very quick,Positive
RV01699,O07994,C00632,3,Food was decent but could have been better.,Neutral,food was decent but could have been better,Positive
RV01700,O02665,C00294,2,The order was delayed and disappointing.,Negative,the order was delayed and disappointing,Negative
RV01701,O01298,C01107,5,"Loved the food, would definitely order again.",Positive,loved the food would definitely order again,Positive
RV01702,O07738,C01037,5,"Loved the food, would definitely order again.",Positive,loved the food would definitely order again,Positive
RV01703,O04991,C01075,5,Food was excellent and delivery was very quick.,Positive,food was excellent and delivery was very quick,Positive
RV01704,O02423,C01878,4,Food was tasty and delivery was smooth.,Positive,food was tasty and delivery was smooth,Neutral
RV01705,O09533,C00684,4,"Good service, just a minor delay.",Positive,good service just a minor delay,Positive
RV01706,O06471,C01135,3,"Average experience, nothing special.",Neutral,average experience nothing special,Negative
RV01707,O09768,C00114,1,Food was disappointing and delivery was extremely slow.,Negative,food was disappointing and delivery was extremely slow,Negative
RV01708,O08612,C00827,3,"Average experience, nothing special.",Neutral,average experience nothing special,Negative
RV01709,O00221,C00272,5,Food was excellent and delivery was very quick.,Positive,food was excellent and delivery was very quick,Positive
RV01710,O05249,C00516,4,"Good service, just a minor delay.",Positive,good service just a minor delay,Positive
RV01711,O03086,C01710,1,Food was disappointing and delivery was extremely slow.,Negative,food was disappointing and delivery was extremely slow,Negative
RV01712,O00215,C01965,2,The order was delayed and disappointing.,Negative,the order was delayed and disappointing,Negative
RV01713,O05394,C00626,5,"Loved the food, would definitely order again.",Positive,loved the food would definitely order again,Positive
RV01714,O06218,C01945,5,Food was excellent and delivery was very quick.,Positive,food was excellent and delivery was very quick,Positive
RV01715,O00790,C01781,4,Food was tasty and delivery was smooth.,Positive,food was tasty and delivery was smooth,Neutral
RV01716,O05984,C01780,5,Amazing food and great delivery experience.,Positive,amazing food and great delivery experience,Positive
RV01717,O08847,C00179,4,Food was tasty and delivery was smooth.,Positive,food was tasty and delivery was smooth,Neutral
RV01718,O01456,C00874,4,"Good service, just a minor delay.",Positive,good service just a minor delay,Positive
RV01719,O02023,C01492,5,Everything was perfect and arrived on time.,Positive,everything was perfect and arrived on time,Positive
RV01720,O05002,C01873,1,"Very poor service, would not order again.",Negative,very poor service would not order again,Negative
RV01721,O03825,C01749,4,Good food and the delivery was on time.,Positive,good food and the delivery was on time,Positive
RV01722,O09181,C00380,5,"Loved the food, would definitely order again.",Positive,loved the food would definitely order again,Positive
RV01723,O05713,C01249,5,Food was excellent and delivery was very quick.,Positive,food was excellent and delivery was very quick,Positive
RV01724,O07925,C00185,3,Food was okay but delivery took some time.,Neutral,food was okay but delivery took some time,Positive
RV01725,O02153,C01584,5,"Loved the food, would definitely order again.",Positive,loved the food would definitely order again,Positive
RV01726,O02617,C01782,2,The order was delayed and disappointing.,Negative,the order was delayed and disappointing,Negative
RV01727,O01630,C00328,5,Food was excellent and delivery was very quick.,Positive,food was excellent and delivery was very quick,Positive
RV01728,O03502,C01628,3,Food was decent but could have been better.,Neutral,food was decent but could have been better,Positive
RV01729,O09812,C00918,4,Really good experience overall.,Positive,really good experience overall,Positive
RV01730,O04910,C01347,4,Food was tasty and delivery was smooth.,Positive,food was tasty and delivery was smooth,Neutral
RV01731,O00791,C00796,3,"Average experience, nothing special.",Neutral,average experience nothing special,Negative
RV01732,O09168,C01136,4,Good food and the delivery was on time.,Positive,good food and the delivery was on time,Positive
RV01733,O05938,C00232,4,Really good experience overall.,Positive,really good experience overall,Positive
RV01734,O09387,C01507,5,Everything was perfect and arrived on time.,Positive,everything was perfect and arrived on time,Positive
RV01735,O04729,C00400,5,Amazing food and great delivery experience.,Positive,amazing food and great delivery experience,Positive
RV01736,O05771,C00814,3,The order was fine overall.,Neutral,the order was fine overall,Positive
RV01737,O01315,C01126,2,Not happy with the delivery experience.,Negative,not happy with the delivery experience,Negative
RV01738,O03784,C00546,4,Food was tasty and delivery was smooth.,Positive,food was tasty and delivery was smooth,Neutral
RV01739,O06707,C01220,2,Delivery was late and the food was not very good.,Negative,delivery was late and the food was not very good,Negative
RV01740,O07739,C01170,5,"Loved the food, would definitely order again.",Positive,loved the food would definitely order again,Positive
RV01741,O06909,C01224,5,Food was excellent and delivery was very quick.,Positive,food was excellent and delivery was very quick,Positive
RV01742,O09482,C00824,3,Food was okay but delivery took some time.,Neutral,food was okay but delivery took some time,Positive
RV01743,O06145,C00866,1,Very late delivery and the food was cold.,Negative,very late delivery and the food was cold,Neutral
RV01744,O08557,C01538,4,Food was tasty and delivery was smooth.,Positive,food was tasty and delivery was smooth,Neutral
RV01745,O07105,C00757,5,Amazing food and great delivery experience.,Positive,amazing food and great delivery experience,Positive
RV01746,O04130,C01634,1,Food was disappointing and delivery was extremely slow.,Negative,food was disappointing and delivery was extremely slow,Negative
RV01747,O00025,C00824,4,Really good experience overall.,Positive,really good experience overall,Positive
RV01748,O09524,C01054,5,Amazing food and great delivery experience.,Positive,amazing food and great delivery experience,Positive
RV01749,O03329,C01678,5,"Loved the food, would definitely order again.",Positive,loved the food would definitely order again,Positive
RV01750,O08523,C01984,4,Really good experience overall.,Positive,really good experience overall,Positive
RV01751,O03701,C01542,5,Everything was perfect and arrived on time.,Positive,everything was perfect and arrived on time,Positive
RV01752,O00078,C01371,2,Not happy with the delivery experience.,Negative,not happy with the delivery experience,Negative
RV01753,O00596,C00082,5,Amazing food and great delivery experience.,Positive,amazing food and great delivery experience,Positive
RV01754,O00858,C01912,5,"Loved the food, would definitely order again.",Positive,loved the food would definitely order again,Positive
RV01755,O02967,C00290,5,Food was excellent and delivery was very quick.,Positive,food was excellent and delivery was very quick,Positive
RV01756,O00372,C00176,2,Food was cold when it arrived.,Negative,food was cold when it arrived,Neutral
RV01757,O08091,C01043,2,Not happy with the delivery experience.,Negative,not happy with the delivery experience,Negative
RV01758,O05406,C00969,5,Everything was perfect and arrived on time.,Positive,everything was perfect and arrived on time,Positive
RV01759,O01773,C01042,4,Good food and the delivery was on time.,Positive,good food and the delivery was on time,Positive
RV01760,O06287,C01751,3,Food was decent but could have been better.,Neutral,food was decent but could have been better,Positive
RV01761,O07347,C01647,5,"Loved the food, would definitely order again.",Positive,loved the food would definitely order again,Positive
RV01762,O09522,C00658,2,Not happy with the delivery experience.,Negative,not happy with the delivery experience,Negative
RV01763,O03231,C01302,3,"Average experience, nothing special.",Neutral,average experience nothing special,Negative
RV01764,O09305,C01843,5,Everything was perfect and arrived on time.,Positive,everything was perfect and arrived on time,Positive
RV01765,O05240,C01177,1,"Terrible experience, food arrived very late.",Negative,terrible experience food arrived very late,Negative
RV01766,O06717,C00466,3,Food was decent but could have been better.,Neutral,food was decent but could have been better,Positive
RV01767,O02508,C00357,2,Delivery was late and the food was not very good.,Negative,delivery was late and the food was not very good,Negative
RV01768,O04435,C00783,3,The order was fine overall.,Neutral,the order was fine overall,Positive
RV01769,O07138,C01562,5,Amazing food and great delivery experience.,Positive,amazing food and great delivery experience,Positive
RV01770,O04317,C01359,4,Food was tasty and delivery was smooth.,Positive,food was tasty and delivery was smooth,Neutral
RV01771,O02127,C00271,2,Delivery was late and the food was not very good.,Negative,delivery was late and the food was not very good,Negative
RV01772,O05490,C00398,2,Not happy with the delivery experience.,Negative,not happy with the delivery experience,Negative
RV01773,O03682,C00655,5,Food was excellent and delivery was very quick.,Positive,food was excellent and delivery was very quick,Positive
RV01774,O05695,C00856,2,The order was delayed and disappointing.,Negative,the order was delayed and disappointing,Negative
RV01775,O08961,C00223,4,Good food and the delivery was on time.,Positive,good food and the delivery was on time,Positive
RV01776,O03513,C01111,4,"Good service, just a minor delay.",Positive,good service just a minor delay,Positive
RV01777,O07367,C00799,3,The order was fine overall.,Neutral,the order was fine overall,Positive
RV01778,O06884,C00105,5,"Loved the food, would definitely order again.",Positive,loved the food would definitely order again,Positive
RV01779,O09590,C00017,2,Delivery was late and the food was not very good.,Negative,delivery was late and the food was not very good,Negative
RV01780,O07505,C00488,4,Really good experience overall.,Positive,really good experience overall,Positive
RV01781,O08787,C01249,4,Really good experience overall.,Positive,really good experience overall,Positive
RV01782,O08544,C00764,1,"Terrible experience, food arrived very late.",Negative,terrible experience food arrived very late,Negative
RV01783,O00287,C00841,5,Food was excellent and delivery was very quick.,Positive,food was excellent and delivery was very quick,Positive
RV01784,O04953,C01281,4,Good food and the delivery was on time.,Positive,good food and the delivery was on time,Positive
RV01785,O09077,C00839,5,Amazing food and great delivery experience.,Positive,amazing food and great delivery experience,Positive
RV01786,O01109,C01439,1,Very late delivery and the food was cold.,Negative,very late delivery and the food was cold,Neutral
RV01787,O05683,C01934,4,Food was tasty and delivery was smooth.,Positive,food was tasty and delivery was smooth,Neutral
RV01788,O05011,C01491,4,Good food and the delivery was on time.,Positive,good food and the delivery was on time,Positive
RV01789,O00892,C01257,5,Food was excellent and delivery was very quick.,Positive,food was excellent and delivery was very quick,Positive
RV01790,O07070,C01588,3,The order was fine overall.,Neutral,the order was fine overall,Positive
RV01791,O05847,C01029,1,Food was disappointing and delivery was extremely slow.,Negative,food was disappointing and delivery was extremely slow,Negative
RV01792,O03958,C01920,4,"Good service, just a minor delay.",Positive,good service just a minor delay,Positive
RV01793,O01444,C00034,1,Very late delivery and the food was cold.,Negative,very late delivery and the food was cold,Neutral
RV01794,O02923,C01793,5,Everything was perfect and arrived on time.,Positive,everything was perfect and arrived on time,Positive
RV01795,O08633,C00214,3,"Average experience, nothing special.",Neutral,average experience nothing special,Negative
RV01796,O08564,C01995,4,Good food and the delivery was on time.,Positive,good food and the delivery was on time,Positive
RV01797,O02710,C01037,4,Good food and the delivery was on time.,Positive,good food and the delivery was on time,Positive
RV01798,O08353,C01262,4,Really good experience overall.,Positive,really good experience overall,Positive
RV01799,O09945,C01605,5,"Loved the food, would definitely order again.",Positive,loved the food would definitely order again,Positive
RV01800,O02720,C00840,5,Everything was perfect and arrived on time.,Positive,everything was perfect and arrived on time,Positive
RV01801,O05866,C00515,4,Food was tasty and delivery was smooth.,Positive,food was tasty and delivery was smooth,Neutral
RV01802,O06333,C00847,4,"Good service, just a minor delay.",Positive,good service just a minor delay,Positive
RV01803,O03193,C00360,3,Food was decent but could have been better.,Neutral,food was decent but could have been better,Positive
RV01804,O05733,C01473,1,"Very poor service, would not order again.",Negative,very poor service would not order again,Negative
RV01805,O00179,C01441,3,Food was decent but could have been better.,Neutral,food was decent but could have been better,Positive
RV01806,O06183,C00944,3,Food was decent but could have been better.,Neutral,food was decent but could have been better,Positive
RV01807,O07683,C00577,3,Food was okay but delivery took some time.,Neutral,food was okay but delivery took some time,Positive
RV01808,O09617,C00271,4,Good food and the delivery was on time.,Positive,good food and the delivery was on time,Positive
RV01809,O02072,C01834,3,Food was okay but delivery took some time.,Neutral,food was okay but delivery took some time,Positive
RV01810,O04818,C01038,5,Amazing food and great delivery experience.,Positive,amazing food and great delivery experience,Positive
RV01811,O00995,C00548,2,Delivery was late and the food was not very good.,Negative,delivery was late and the food was not very good,Negative
RV01812,O00280,C01919,5,Amazing food and great delivery experience.,Positive,amazing food and great delivery experience,Positive
RV01813,O00100,C01757,4,"Good service, just a minor delay.",Positive,good service just a minor delay,Positive
RV01814,O09061,C01681,4,Good food and the delivery was on time.,Positive,good food and the delivery was on time,Positive
RV01815,O01959,C00072,3,Food was decent but could have been better.,Neutral,food was decent but could have been better,Positive
RV01816,O01782,C00514,2,Food was cold when it arrived.,Negative,food was cold when it arrived,Neutral
RV01817,O02971,C00193,5,Food was excellent and delivery was very quick.,Positive,food was excellent and delivery was very quick,Positive
RV01818,O05904,C00100,4,"Good service, just a minor delay.",Positive,good service just a minor delay,Positive
RV01819,O07049,C01231,3,Food was decent but could have been better.,Neutral,food was decent but could have been better,Positive
RV01820,O08123,C01842,5,Amazing food and great delivery experience.,Positive,amazing food and great delivery experience,Positive
RV01821,O03508,C00671,2,Delivery was late and the food was not very good.,Negative,delivery was late and the food was not very good,Negative
RV01822,O06224,C01213,3,Food was decent but could have been better.,Neutral,food was decent but could have been better,Positive
RV01823,O04234,C01652,3,Food was okay but delivery took some time.,Neutral,food was okay but delivery took some time,Positive
RV01824,O04268,C00756,2,Not happy with the delivery experience.,Negative,not happy with the delivery experience,Negative
RV01825,O02215,C00832,4,Food was tasty and delivery was smooth.,Positive,food was tasty and delivery was smooth,Neutral
RV01826,O01430,C01361,1,Very late delivery and the food was cold.,Negative,very late delivery and the food was cold,Neutral
RV01827,O03972,C00988,5,Everything was perfect and arrived on time.,Positive,everything was perfect and arrived on time,Positive
RV01828,O05918,C00968,5,Food was excellent and delivery was very quick.,Positive,food was excellent and delivery was very quick,Positive
RV01829,O02159,C00792,3,Food was decent but could have been better.,Neutral,food was decent but could have been better,Positive
RV01830,O01120,C01957,5,Everything was perfect and arrived on time.,Positive,everything was perfect and arrived on time,Positive
RV01831,O06225,C00012,5,Food was excellent and delivery was very quick.,Positive,food was excellent and delivery was very quick,Positive
RV01832,O05273,C01838,5,Amazing food and great delivery experience.,Positive,amazing food and great delivery experience,Positive
RV01833,O02463,C00562,1,"Terrible experience, food arrived very late.",Negative,terrible experience food arrived very late,Negative
RV01834,O07768,C00893,4,Really good experience overall.,Positive,really good experience overall,Positive
RV01835,O06638,C00819,2,The order was delayed and disappointing.,Negative,the order was delayed and disappointing,Negative
RV01836,O08414,C01325,1,Very late delivery and the food was cold.,Negative,very late delivery and the food was cold,Neutral
RV01837,O04320,C01825,3,Food was okay but delivery took some time.,Neutral,food was okay but delivery took some time,Positive
RV01838,O04692,C01891,5,Amazing food and great delivery experience.,Positive,amazing food and great delivery experience,Positive
RV01839,O09711,C00077,3,"Average experience, nothing special.",Neutral,average experience nothing special,Negative
RV01840,O07675,C01005,5,Everything was perfect and arrived on time.,Positive,everything was perfect and arrived on time,Positive
RV01841,O09220,C00650,5,Everything was perfect and arrived on time.,Positive,everything was perfect and arrived on time,Positive
RV01842,O01805,C01399,3,"Average experience, nothing special.",Neutral,average experience nothing special,Negative
RV01843,O04228,C00049,5,"Loved the food, would definitely order again.",Positive,loved the food would definitely order again,Positive
RV01844,O01017,C01168,4,Good food and the delivery was on time.,Positive,good food and the delivery was on time,Positive
RV01845,O03106,C00318,2,Not happy with the delivery experience.,Negative,not happy with the delivery experience,Negative
RV01846,O09594,C01526,5,Amazing food and great delivery experience.,Positive,amazing food and great delivery experience,Positive
RV01847,O01176,C01522,4,Really good experience overall.,Positive,really good experience overall,Positive
RV01848,O09733,C00420,4,"Good service, just a minor delay.",Positive,good service just a minor delay,Positive
RV01849,O03708,C00412,4,Food was tasty and delivery was smooth.,Positive,food was tasty and delivery was smooth,Neutral
RV01850,O09568,C01968,5,Amazing food and great delivery experience.,Positive,amazing food and great delivery experience,Positive
RV01851,O05259,C01661,5,"Loved the food, would definitely order again.",Positive,loved the food would definitely order again,Positive
RV01852,O09193,C01627,3,The order was fine overall.,Neutral,the order was fine overall,Positive
RV01853,O09437,C00444,5,Food was excellent and delivery was very quick.,Positive,food was excellent and delivery was very quick,Positive
RV01854,O05219,C01741,4,Food was tasty and delivery was smooth.,Positive,food was tasty and delivery was smooth,Neutral
RV01855,O01111,C01320,4,"Good service, just a minor delay.",Positive,good service just a minor delay,Positive
RV01856,O00876,C01754,5,Amazing food and great delivery experience.,Positive,amazing food and great delivery experience,Positive
RV01857,O04608,C01463,4,Really good experience overall.,Positive,really good experience overall,Positive
RV01858,O07363,C01284,4,"Good service, just a minor delay.",Positive,good service just a minor delay,Positive
RV01859,O02914,C01847,5,"Loved the food, would definitely order again.",Positive,loved the food would definitely order again,Positive
RV01860,O02170,C00049,5,Everything was perfect and arrived on time.,Positive,everything was perfect and arrived on time,Positive
RV01861,O08638,C01854,4,Really good experience overall.,Positive,really good experience overall,Positive
RV01862,O04050,C00701,5,Amazing food and great delivery experience.,Positive,amazing food and great delivery experience,Positive
RV01863,O09284,C00787,5,Amazing food and great delivery experience.,Positive,amazing food and great delivery experience,Positive
RV01864,O04592,C01173,5,Everything was perfect and arrived on time.,Positive,everything was perfect and arrived on time,Positive
RV01865,O04537,C00582,5,Everything was perfect and arrived on time.,Positive,everything was perfect and arrived on time,Positive
RV01866,O01432,C01885,4,Food was tasty and delivery was smooth.,Positive,food was tasty and delivery was smooth,Neutral
RV01867,O03225,C01910,3,Food was decent but could have been better.,Neutral,food was decent but could have been better,Positive
RV01868,O00983,C00649,3,Food was decent but could have been better.,Neutral,food was decent but could have been better,Positive
RV01869,O01683,C01189,2,Food was cold when it arrived.,Negative,food was cold when it arrived,Neutral
RV01870,O02470,C00510,3,The order was fine overall.,Neutral,the order was fine overall,Positive
RV01871,O06152,C01162,5,"Loved the food, would definitely order again.",Positive,loved the food would definitely order again,Positive
RV01872,O01421,C01754,5,"Loved the food, would definitely order again.",Positive,loved the food would definitely order again,Positive
RV01873,O03527,C00487,3,Food was decent but could have been better.,Neutral,food was decent but could have been better,Positive
RV01874,O07080,C00877,3,Food was okay but delivery took some time.,Neutral,food was okay but delivery took some time,Positive
RV01875,O08789,C00555,5,"Loved the food, would definitely order again.",Positive,loved the food would definitely order again,Positive
RV01876,O02268,C01791,3,Food was okay but delivery took some time.,Neutral,food was okay but delivery took some time,Positive
RV01877,O07827,C01162,3,"Average experience, nothing special.",Neutral,average experience nothing special,Negative
RV01878,O05078,C01955,3,Food was okay but delivery took some time.,Neutral,food was okay but delivery took some time,Positive
RV01879,O02643,C00739,5,"Loved the food, would definitely order again.",Positive,loved the food would definitely order again,Positive
RV01880,O09187,C01280,3,The order was fine overall.,Neutral,the order was fine overall,Positive
RV01881,O02527,C01513,5,Everything was perfect and arrived on time.,Positive,everything was perfect and arrived on time,Positive
RV01882,O05584,C00210,4,"Good service, just a minor delay.",Positive,good service just a minor delay,Positive
RV01883,O07884,C00046,5,Amazing food and great delivery experience.,Positive,amazing food and great delivery experience,Positive
RV01884,O07269,C00089,2,Not happy with the delivery experience.,Negative,not happy with the delivery experience,Negative
RV01885,O04995,C00592,1,"Very poor service, would not order again.",Negative,very poor service would not order again,Negative
RV01886,O04040,C00519,3,Food was decent but could have been better.,Neutral,food was decent but could have been better,Positive
RV01887,O01529,C00419,3,Food was okay but delivery took some time.,Neutral,food was okay but delivery took some time,Positive
RV01888,O07413,C01400,3,The order was fine overall.,Neutral,the order was fine overall,Positive
RV01889,O06887,C01596,2,Food was cold when it arrived.,Negative,food was cold when it arrived,Neutral
RV01890,O07810,C00871,5,Amazing food and great delivery experience.,Positive,amazing food and great delivery experience,Positive
RV01891,O08693,C01609,5,Everything was perfect and arrived on time.,Positive,everything was perfect and arrived on time,Positive
RV01892,O00363,C00359,4,Good food and the delivery was on time.,Positive,good food and the delivery was on time,Positive
RV01893,O07585,C00205,4,Really good experience overall.,Positive,really good experience overall,Positive
RV01894,O02175,C01382,5,Food was excellent and delivery was very quick.,Positive,food was excellent and delivery was very quick,Positive
RV01895,O08281,C01529,1,Food was disappointing and delivery was extremely slow.,Negative,food was disappointing and delivery was extremely slow,Negative
RV01896,O09654,C00655,5,Food was excellent and delivery was very quick.,Positive,food was excellent and delivery was very quick,Positive
RV01897,O03249,C01104,4,Food was tasty and delivery was smooth.,Positive,food was tasty and delivery was smooth,Neutral
RV01898,O04720,C01959,4,"Good service, just a minor delay.",Positive,good service just a minor delay,Positive
RV01899,O05907,C01369,5,Amazing food and great delivery experience.,Positive,amazing food and great delivery experience,Positive
RV01900,O09214,C00139,5,"Loved the food, would definitely order again.",Positive,loved the food would definitely order again,Positive
RV01901,O09237,C00322,5,Food was excellent and delivery was very quick.,Positive,food was excellent and delivery was very quick,Positive
RV01902,O06984,C00021,4,Really good experience overall.,Positive,really good experience overall,Positive
RV01903,O09740,C01713,4,Food was tasty and delivery was smooth.,Positive,food was tasty and delivery was smooth,Neutral
RV01904,O00322,C01228,3,The order was fine overall.,Neutral,the order was fine overall,Positive
RV01905,O04518,C00496,4,"Good service, just a minor delay.",Positive,good service just a minor delay,Positive
RV01906,O00022,C00196,3,Food was okay but delivery took some time.,Neutral,food was okay but delivery took some time,Positive
RV01907,O05712,C00264,2,Delivery was late and the food was not very good.,Negative,delivery was late and the food was not very good,Negative
RV01908,O09207,C00949,4,Really good experience overall.,Positive,really good experience overall,Positive
RV01909,O08751,C00269,4,Food was tasty and delivery was smooth.,Positive,food was tasty and delivery was smooth,Neutral
RV01910,O04345,C00217,3,"Average experience, nothing special.",Neutral,average experience nothing special,Negative
RV01911,O07288,C00486,4,Really good experience overall.,Positive,really good experience overall,Positive
RV01912,O02853,C01712,2,Not happy with the delivery experience.,Negative,not happy with the delivery experience,Negative
RV01913,O06139,C00139,4,Really good experience overall.,Positive,really good experience overall,Positive
RV01914,O04102,C00520,4,Good food and the delivery was on time.,Positive,good food and the delivery was on time,Positive
RV01915,O09259,C01221,4,"Good service, just a minor delay.",Positive,good service just a minor delay,Positive
RV01916,O01237,C01722,2,Food was cold when it arrived.,Negative,food was cold when it arrived,Neutral
RV01917,O02734,C01375,5,Everything was perfect and arrived on time.,Positive,everything was perfect and arrived on time,Positive
RV01918,O07023,C00696,5,Amazing food and great delivery experience.,Positive,amazing food and great delivery experience,Positive
RV01919,O03429,C01413,4,Really good experience overall.,Positive,really good experience overall,Positive
RV01920,O09466,C01529,5,"Loved the food, would definitely order again.",Positive,loved the food would definitely order again,Positive
RV01921,O09324,C00367,1,Food was disappointing and delivery was extremely slow.,Negative,food was disappointing and delivery was extremely slow,Negative
RV01922,O07609,C00544,5,Food was excellent and delivery was very quick.,Positive,food was excellent and delivery was very quick,Positive
RV01923,O03419,C01733,4,"Good service, just a minor delay.",Positive,good service just a minor delay,Positive
RV01924,O05650,C01426,5,Food was excellent and delivery was very quick.,Positive,food was excellent and delivery was very quick,Positive
RV01925,O02960,C00618,2,Delivery was late and the food was not very good.,Negative,delivery was late and the food was not very good,Negative
RV01926,O07726,C00826,4,Food was tasty and delivery was smooth.,Positive,food was tasty and delivery was smooth,Neutral
RV01927,O04580,C00624,5,"Loved the food, would definitely order again.",Positive,loved the food would definitely order again,Positive
RV01928,O06774,C01352,3,Food was decent but could have been better.,Neutral,food was decent but could have been better,Positive
RV01929,O08745,C00843,4,Really good experience overall.,Positive,really good experience overall,Positive
RV01930,O02845,C00245,2,Food was cold when it arrived.,Negative,food was cold when it arrived,Neutral
RV01931,O02879,C01478,5,Everything was perfect and arrived on time.,Positive,everything was perfect and arrived on time,Positive
RV01932,O07474,C00355,3,Food was okay but delivery took some time.,Neutral,food was okay but delivery took some time,Positive
RV01933,O03811,C01200,2,Food was cold when it arrived.,Negative,food was cold when it arrived,Neutral
RV01934,O07309,C00740,4,Good food and the delivery was on time.,Positive,good food and the delivery was on time,Positive
RV01935,O02210,C00606,3,Food was decent but could have been better.,Neutral,food was decent but could have been better,Positive
RV01936,O03927,C01213,5,"Loved the food, would definitely order again.",Positive,loved the food would definitely order again,Positive
RV01937,O02844,C00017,5,"Loved the food, would definitely order again.",Positive,loved the food would definitely order again,Positive
RV01938,O09245,C00832,4,"Good service, just a minor delay.",Positive,good service just a minor delay,Positive
RV01939,O00774,C01314,1,"Terrible experience, food arrived very late.",Negative,terrible experience food arrived very late,Negative
RV01940,O03496,C00677,3,The order was fine overall.,Neutral,the order was fine overall,Positive
RV01941,O04556,C00327,1,Very late delivery and the food was cold.,Negative,very late delivery and the food was cold,Neutral
RV01942,O02191,C00653,5,Amazing food and great delivery experience.,Positive,amazing food and great delivery experience,Positive
RV01943,O09972,C00649,3,Food was decent but could have been better.,Neutral,food was decent but could have been better,Positive
RV01944,O06630,C01027,5,Amazing food and great delivery experience.,Positive,amazing food and great delivery experience,Positive
RV01945,O06605,C01293,3,Food was decent but could have been better.,Neutral,food was decent but could have been better,Positive
RV01946,O01568,C01046,4,"Good service, just a minor delay.",Positive,good service just a minor delay,Positive
RV01947,O01816,C00440,1,"Terrible experience, food arrived very late.",Negative,terrible experience food arrived very late,Negative
RV01948,O04412,C01104,5,Everything was perfect and arrived on time.,Positive,everything was perfect and arrived on time,Positive
RV01949,O09110,C01530,4,"Good service, just a minor delay.",Positive,good service just a minor delay,Positive
RV01950,O02130,C00792,2,Food was cold when it arrived.,Negative,food was cold when it arrived,Neutral
RV01951,O01057,C01897,5,Amazing food and great delivery experience.,Positive,amazing food and great delivery experience,Positive
RV01952,O07828,C01030,3,Food was decent but could have been better.,Neutral,food was decent but could have been better,Positive
RV01953,O05325,C01380,1,Food was disappointing and delivery was extremely slow.,Negative,food was disappointing and delivery was extremely slow,Negative
RV01954,O03481,C01797,4,Good food and the delivery was on time.,Positive,good food and the delivery was on time,Positive
RV01955,O01550,C01906,3,The order was fine overall.,Neutral,the order was fine overall,Positive
RV01956,O08017,C00996,5,Food was excellent and delivery was very quick.,Positive,food was excellent and delivery was very quick,Positive
RV01957,O04298,C00922,2,The order was delayed and disappointing.,Negative,the order was delayed and disappointing,Negative
RV01958,O04055,C00423,3,Food was okay but delivery took some time.,Neutral,food was okay but delivery took some time,Positive
RV01959,O02406,C01254,4,Food was tasty and delivery was smooth.,Positive,food was tasty and delivery was smooth,Neutral
RV01960,O07492,C00447,5,Everything was perfect and arrived on time.,Positive,everything was perfect and arrived on time,Positive
RV01961,O02355,C01060,3,Food was okay but delivery took some time.,Neutral,food was okay but delivery took some time,Positive
RV01962,O07124,C01382,4,Really good experience overall.,Positive,really good experience overall,Positive
RV01963,O06683,C00723,2,Food was cold when it arrived.,Negative,food was cold when it arrived,Neutral
RV01964,O05264,C01459,2,Food was cold when it arrived.,Negative,food was cold when it arrived,Neutral
RV01965,O04420,C01193,5,Everything was perfect and arrived on time.,Positive,everything was perfect and arrived on time,Positive
RV01966,O04634,C01978,3,The order was fine overall.,Neutral,the order was fine overall,Positive
RV01967,O03493,C01007,4,Food was tasty and delivery was smooth.,Positive,food was tasty and delivery was smooth,Neutral
RV01968,O00250,C01468,2,The order was delayed and disappointing.,Negative,the order was delayed and disappointing,Negative
RV01969,O03519,C00619,3,"Average experience, nothing special.",Neutral,average experience nothing special,Negative
RV01970,O07962,C00633,4,Really good experience overall.,Positive,really good experience overall,Positive
RV01971,O09586,C01444,1,"Very poor service, would not order again.",Negative,very poor service would not order again,Negative
RV01972,O03817,C00864,3,Food was decent but could have been better.,Neutral,food was decent but could have been better,Positive
RV01973,O02839,C01754,3,Food was decent but could have been better.,Neutral,food was decent but could have been better,Positive
RV01974,O09473,C01791,2,Not happy with the delivery experience.,Negative,not happy with the delivery experience,Negative
RV01975,O00146,C01034,3,"Average experience, nothing special.",Neutral,average experience nothing special,Negative
RV01976,O07395,C01460,4,Food was tasty and delivery was smooth.,Positive,food was tasty and delivery was smooth,Neutral
RV01977,O01427,C00240,5,Amazing food and great delivery experience.,Positive,amazing food and great delivery experience,Positive
RV01978,O00605,C01328,3,Food was okay but delivery took some time.,Neutral,food was okay but delivery took some time,Positive
RV01979,O01656,C01776,4,Food was tasty and delivery was smooth.,Positive,food was tasty and delivery was smooth,Neutral
RV01980,O07549,C01252,1,Food was disappointing and delivery was extremely slow.,Negative,food was disappointing and delivery was extremely slow,Negative
RV01981,O02438,C01437,4,Food was tasty and delivery was smooth.,Positive,food was tasty and delivery was smooth,Neutral
RV01982,O07121,C00575,4,Really good experience overall.,Positive,really good experience overall,Positive
RV01983,O08104,C01845,4,Good food and the delivery was on time.,Positive,good food and the delivery was on time,Positive
RV01984,O01101,C01131,4,Really good experience overall.,Positive,really good experience overall,Positive
RV01985,O08139,C01466,5,"Loved the food, would definitely order again.",Positive,loved the food would definitely order again,Positive
RV01986,O08031,C00898,1,"Very poor service, would not order again.",Negative,very poor service would not order again,Negative
RV01987,O07009,C00397,1,Very late delivery and the food was cold.,Negative,very late delivery and the food was cold,Neutral
RV01988,O08060,C00301,5,"Loved the food, would definitely order again.",Positive,loved the food would definitely order again,Positive
RV01989,O08513,C00117,4,"Good service, just a minor delay.",Positive,good service just a minor delay,Positive
RV01990,O07548,C00434,3,"Average experience, nothing special.",Neutral,average experience nothing special,Negative
RV01991,O08320,C01891,5,Everything was perfect and arrived on time.,Positive,everything was perfect and arrived on time,Positive
RV01992,O00820,C00982,4,Good food and the delivery was on time.,Positive,good food and the delivery was on time,Positive
RV01993,O05067,C01710,4,Good food and the delivery was on time.,Positive,good food and the delivery was on time,Positive
RV01994,O03656,C00987,4,Good food and the delivery was on time.,Positive,good food and the delivery was on time,Positive
RV01995,O08256,C01430,5,Amazing food and great delivery experience.,Positive,amazing food and great delivery experience,Positive
RV01996,O01768,C01657,3,"Average experience, nothing special.",Neutral,average experience nothing special,Negative
RV01997,O04113,C00113,5,"Loved the food, would definitely order again.",Positive,loved the food would definitely order again,Positive
RV01998,O03993,C01407,3,"Average experience, nothing special.",Neutral,average experience nothing special,Negative
RV01999,O07084,C01972,4,Good food and the delivery was on time.,Positive,good food and the delivery was on time,Positive
RV02000,O05540,C00942,5,Food was excellent and delivery was very quick.,Positive,food was excellent and delivery was very quick,Positive
RV02001,O09614,C01754,4,"Good service, just a minor delay.",Positive,good service just a minor delay,Positive
RV02002,O04686,C01267,2,Delivery was late and the food was not very good.,Negative,delivery was late and the food was not very good,Negative
RV02003,O08183,C01185,5,Amazing food and great delivery experience.,Positive,amazing food and great delivery experience,Positive
RV02004,O01274,C00869,5,Food was excellent and delivery was very quick.,Positive,food was excellent and delivery was very quick,Positive
RV02005,O03205,C00135,2,Food was cold when it arrived.,Negative,food was cold when it arrived,Neutral
RV02006,O00628,C01593,4,Good food and the delivery was on time.,Positive,good food and the delivery was on time,Positive
RV02007,O06674,C01572,3,The order was fine overall.,Neutral,the order was fine overall,Positive
RV02008,O09890,C00416,4,Really good experience overall.,Positive,really good experience overall,Positive
RV02009,O06111,C01784,2,Food was cold when it arrived.,Negative,food was cold when it arrived,Neutral
RV02010,O02220,C01102,5,Amazing food and great delivery experience.,Positive,amazing food and great delivery experience,Positive
RV02011,O04783,C00593,5,Amazing food and great delivery experience.,Positive,amazing food and great delivery experience,Positive
RV02012,O03621,C00348,3,"Average experience, nothing special.",Neutral,average experience nothing special,Negative
RV02013,O00999,C00395,3,The order was fine overall.,Neutral,the order was fine overall,Positive
RV02014,O01973,C00626,4,Good food and the delivery was on time.,Positive,good food and the delivery was on time,Positive
RV02015,O05065,C01448,4,Good food and the delivery was on time.,Positive,good food and the delivery was on time,Positive
RV02016,O02810,C01878,3,Food was okay but delivery took some time.,Neutral,food was okay but delivery took some time,Positive
RV02017,O00323,C00520,1,"Terrible experience, food arrived very late.",Negative,terrible experience food arrived very late,Negative
RV02018,O02050,C00593,3,The order was fine overall.,Neutral,the order was fine overall,Positive
RV02019,O01053,C00334,4,Really good experience overall.,Positive,really good experience overall,Positive
RV02020,O08180,C00711,4,Really good experience overall.,Positive,really good experience overall,Positive
RV02021,O02016,C00107,5,Everything was perfect and arrived on time.,Positive,everything was perfect and arrived on time,Positive
RV02022,O05192,C00610,3,The order was fine overall.,Neutral,the order was fine overall,Positive
RV02023,O08629,C00123,5,Amazing food and great delivery experience.,Positive,amazing food and great delivery experience,Positive
RV02024,O06313,C00378,1,Very late delivery and the food was cold.,Negative,very late delivery and the food was cold,Neutral
RV02025,O01797,C00489,4,Really good experience overall.,Positive,really good experience overall,Positive
RV02026,O02347,C01556,4,"Good service, just a minor delay.",Positive,good service just a minor delay,Positive
RV02027,O06753,C00945,5,Amazing food and great delivery experience.,Positive,amazing food and great delivery experience,Positive
RV02028,O02342,C00040,3,Food was okay but delivery took some time.,Neutral,food was okay but delivery took some time,Positive
RV02029,O07045,C00292,4,"Good service, just a minor delay.",Positive,good service just a minor delay,Positive
RV02030,O05383,C01624,4,Really good experience overall.,Positive,really good experience overall,Positive
RV02031,O03414,C00331,5,Amazing food and great delivery experience.,Positive,amazing food and great delivery experience,Positive
RV02032,O00836,C01603,5,Amazing food and great delivery experience.,Positive,amazing food and great delivery experience,Positive
RV02033,O07385,C00180,5,Amazing food and great delivery experience.,Positive,amazing food and great delivery experience,Positive
RV02034,O03995,C01429,4,Food was tasty and delivery was smooth.,Positive,food was tasty and delivery was smooth,Neutral
RV02035,O07804,C00166,4,Food was tasty and delivery was smooth.,Positive,food was tasty and delivery was smooth,Neutral
RV02036,O03684,C00783,2,The order was delayed and disappointing.,Negative,the order was delayed and disappointing,Negative
RV02037,O08806,C01327,5,Food was excellent and delivery was very quick.,Positive,food was excellent and delivery was very quick,Positive
RV02038,O01209,C01554,3,The order was fine overall.,Neutral,the order was fine overall,Positive
RV02039,O04402,C00649,4,Really good experience overall.,Positive,really good experience overall,Positive
RV02040,O06394,C01616,5,Food was excellent and delivery was very quick.,Positive,food was excellent and delivery was very quick,Positive
RV02041,O06376,C00786,2,Not happy with the delivery experience.,Negative,not happy with the delivery experience,Negative
RV02042,O09492,C00391,5,Amazing food and great delivery experience.,Positive,amazing food and great delivery experience,Positive
RV02043,O02410,C00354,2,The order was delayed and disappointing.,Negative,the order was delayed and disappointing,Negative
RV02044,O05311,C00311,3,"Average experience, nothing special.",Neutral,average experience nothing special,Negative
RV02045,O02572,C00466,4,Food was tasty and delivery was smooth.,Positive,food was tasty and delivery was smooth,Neutral
RV02046,O02682,C01452,5,Food was excellent and delivery was very quick.,Positive,food was excellent and delivery was very quick,Positive
RV02047,O07092,C01533,5,Everything was perfect and arrived on time.,Positive,everything was perfect and arrived on time,Positive
RV02048,O08539,C00844,5,Everything was perfect and arrived on time.,Positive,everything was perfect and arrived on time,Positive
RV02049,O01501,C00162,3,Food was decent but could have been better.,Neutral,food was decent but could have been better,Positive
RV02050,O02984,C00857,5,Amazing food and great delivery experience.,Positive,amazing food and great delivery experience,Positive
RV02051,O07031,C00054,5,"Loved the food, would definitely order again.",Positive,loved the food would definitely order again,Positive
RV02052,O04675,C00872,1,Very late delivery and the food was cold.,Negative,very late delivery and the food was cold,Neutral
RV02053,O01461,C01914,3,Food was okay but delivery took some time.,Neutral,food was okay but delivery took some time,Positive
RV02054,O04094,C01585,5,"Loved the food, would definitely order again.",Positive,loved the food would definitely order again,Positive
RV02055,O02037,C01386,3,"Average experience, nothing special.",Neutral,average experience nothing special,Negative
RV02056,O01262,C00046,5,"Loved the food, would definitely order again.",Positive,loved the food would definitely order again,Positive
RV02057,O02613,C00959,4,"Good service, just a minor delay.",Positive,good service just a minor delay,Positive
RV02058,O03549,C00053,4,Food was tasty and delivery was smooth.,Positive,food was tasty and delivery was smooth,Neutral
RV02059,O07066,C01006,2,Not happy with the delivery experience.,Negative,not happy with the delivery experience,Negative
RV02060,O03831,C01601,2,Not happy with the delivery experience.,Negative,not happy with the delivery experience,Negative
RV02061,O07714,C01414,5,"Loved the food, would definitely order again.",Positive,loved the food would definitely order again,Positive
RV02062,O08250,C00898,5,"Loved the food, would definitely order again.",Positive,loved the food would definitely order again,Positive
RV02063,O06890,C00527,2,The order was delayed and disappointing.,Negative,the order was delayed and disappointing,Negative
RV02064,O02769,C01295,2,Not happy with the delivery experience.,Negative,not happy with the delivery experience,Negative
RV02065,O00530,C00378,5,Food was excellent and delivery was very quick.,Positive,food was excellent and delivery was very quick,Positive
RV02066,O08820,C00859,5,Everything was perfect and arrived on time.,Positive,everything was perfect and arrived on time,Positive
RV02067,O04539,C01965,2,Not happy with the delivery experience.,Negative,not happy with the delivery experience,Negative
RV02068,O00655,C01708,4,Really good experience overall.,Positive,really good experience overall,Positive
RV02069,O03509,C00843,5,"Loved the food, would definitely order again.",Positive,loved the food would definitely order again,Positive
RV02070,O04218,C00562,4,"Good service, just a minor delay.",Positive,good service just a minor delay,Positive
RV02071,O06660,C01473,2,Delivery was late and the food was not very good.,Negative,delivery was late and the food was not very good,Negative
RV02072,O03031,C01621,4,Food was tasty and delivery was smooth.,Positive,food was tasty and delivery was smooth,Neutral
RV02073,O05073,C01565,3,Food was decent but could have been better.,Neutral,food was decent but could have been better,Positive
RV02074,O08071,C01336,4,Good food and the delivery was on time.,Positive,good food and the delivery was on time,Positive
RV02075,O01922,C00754,5,"Loved the food, would definitely order again.",Positive,loved the food would definitely order again,Positive
RV02076,O05871,C00010,4,Really good experience overall.,Positive,really good experience overall,Positive
RV02077,O07035,C00616,2,Food was cold when it arrived.,Negative,food was cold when it arrived,Neutral
RV02078,O03403,C01259,5,Everything was perfect and arrived on time.,Positive,everything was perfect and arrived on time,Positive
RV02079,O07445,C01055,3,"Average experience, nothing special.",Neutral,average experience nothing special,Negative
RV02080,O02374,C01062,1,"Very poor service, would not order again.",Negative,very poor service would not order again,Negative
RV02081,O04125,C01853,2,Delivery was late and the food was not very good.,Negative,delivery was late and the food was not very good,Negative
RV02082,O06526,C00020,4,Food was tasty and delivery was smooth.,Positive,food was tasty and delivery was smooth,Neutral
RV02083,O03277,C01496,5,Everything was perfect and arrived on time.,Positive,everything was perfect and arrived on time,Positive
RV02084,O04193,C00927,5,Amazing food and great delivery experience.,Positive,amazing food and great delivery experience,Positive
RV02085,O06372,C01723,3,The order was fine overall.,Neutral,the order was fine overall,Positive
RV02086,O05487,C00173,4,Good food and the delivery was on time.,Positive,good food and the delivery was on time,Positive
RV02087,O06640,C01937,4,Good food and the delivery was on time.,Positive,good food and the delivery was on time,Positive
RV02088,O09758,C01887,1,Very late delivery and the food was cold.,Negative,very late delivery and the food was cold,Neutral
RV02089,O07207,C00394,5,"Loved the food, would definitely order again.",Positive,loved the food would definitely order again,Positive
RV02090,O00897,C01965,3,Food was okay but delivery took some time.,Neutral,food was okay but delivery took some time,Positive
RV02091,O00569,C00405,4,"Good service, just a minor delay.",Positive,good service just a minor delay,Positive
RV02092,O03495,C01807,1,"Terrible experience, food arrived very late.",Negative,terrible experience food arrived very late,Negative
RV02093,O08001,C01336,2,Delivery was late and the food was not very good.,Negative,delivery was late and the food was not very good,Negative
RV02094,O02195,C00851,3,Food was okay but delivery took some time.,Neutral,food was okay but delivery took some time,Positive
RV02095,O00034,C01280,3,The order was fine overall.,Neutral,the order was fine overall,Positive
RV02096,O05009,C00546,3,Food was okay but delivery took some time.,Neutral,food was okay but delivery took some time,Positive
RV02097,O04731,C01042,3,Food was okay but delivery took some time.,Neutral,food was okay but delivery took some time,Positive
RV02098,O02869,C01579,5,"Loved the food, would definitely order again.",Positive,loved the food would definitely order again,Positive
RV02099,O04730,C00528,1,Very late delivery and the food was cold.,Negative,very late delivery and the food was cold,Neutral
RV02100,O00271,C00057,4,Really good experience overall.,Positive,really good experience overall,Positive
RV02101,O09794,C00509,2,Not happy with the delivery experience.,Negative,not happy with the delivery experience,Negative
RV02102,O07725,C01587,5,Food was excellent and delivery was very quick.,Positive,food was excellent and delivery was very quick,Positive
RV02103,O09426,C00453,5,Food was excellent and delivery was very quick.,Positive,food was excellent and delivery was very quick,Positive
RV02104,O00229,C00976,4,Good food and the delivery was on time.,Positive,good food and the delivery was on time,Positive
RV02105,O08570,C00318,4,Good food and the delivery was on time.,Positive,good food and the delivery was on time,Positive
RV02106,O06279,C01984,1,Very late delivery and the food was cold.,Negative,very late delivery and the food was cold,Neutral
RV02107,O06087,C01608,4,"Good service, just a minor delay.",Positive,good service just a minor delay,Positive
RV02108,O05568,C00411,4,"Good service, just a minor delay.",Positive,good service just a minor delay,Positive
RV02109,O09578,C00683,5,Food was excellent and delivery was very quick.,Positive,food was excellent and delivery was very quick,Positive
RV02110,O06754,C00029,1,Food was disappointing and delivery was extremely slow.,Negative,food was disappointing and delivery was extremely slow,Negative
RV02111,O07805,C01727,2,The order was delayed and disappointing.,Negative,the order was delayed and disappointing,Negative
RV02112,O05042,C00876,3,Food was decent but could have been better.,Neutral,food was decent but could have been better,Positive
RV02113,O04612,C01710,4,Food was tasty and delivery was smooth.,Positive,food was tasty and delivery was smooth,Neutral
RV02114,O09455,C01935,4,Really good experience overall.,Positive,really good experience overall,Positive
RV02115,O08944,C00694,5,Amazing food and great delivery experience.,Positive,amazing food and great delivery experience,Positive
RV02116,O03309,C00169,4,Really good experience overall.,Positive,really good experience overall,Positive
RV02117,O07204,C00515,5,Amazing food and great delivery experience.,Positive,amazing food and great delivery experience,Positive
RV02118,O02897,C00256,4,"Good service, just a minor delay.",Positive,good service just a minor delay,Positive
RV02119,O05055,C00928,4,Food was tasty and delivery was smooth.,Positive,food was tasty and delivery was smooth,Neutral
RV02120,O04934,C01299,5,Everything was perfect and arrived on time.,Positive,everything was perfect and arrived on time,Positive
RV02121,O04958,C00015,1,"Terrible experience, food arrived very late.",Negative,terrible experience food arrived very late,Negative
RV02122,O01651,C01188,4,Good food and the delivery was on time.,Positive,good food and the delivery was on time,Positive
RV02123,O04340,C01321,5,Food was excellent and delivery was very quick.,Positive,food was excellent and delivery was very quick,Positive
RV02124,O09835,C01284,3,"Average experience, nothing special.",Neutral,average experience nothing special,Negative
RV02125,O09464,C00879,1,Very late delivery and the food was cold.,Negative,very late delivery and the food was cold,Neutral
RV02126,O09858,C00921,2,Food was cold when it arrived.,Negative,food was cold when it arrived,Neutral
RV02127,O05707,C01046,5,Amazing food and great delivery experience.,Positive,amazing food and great delivery experience,Positive
RV02128,O06447,C00435,2,Food was cold when it arrived.,Negative,food was cold when it arrived,Neutral
RV02129,O08641,C00792,3,"Average experience, nothing special.",Neutral,average experience nothing special,Negative
RV02130,O04627,C00946,4,Really good experience overall.,Positive,really good experience overall,Positive
RV02131,O04837,C00358,3,The order was fine overall.,Neutral,the order was fine overall,Positive
RV02132,O08554,C01874,5,Food was excellent and delivery was very quick.,Positive,food was excellent and delivery was very quick,Positive
RV02133,O05755,C01993,3,"Average experience, nothing special.",Neutral,average experience nothing special,Negative
RV02134,O01010,C00378,2,Food was cold when it arrived.,Negative,food was cold when it arrived,Neutral
RV02135,O01917,C01170,3,"Average experience, nothing special.",Neutral,average experience nothing special,Negative
RV02136,O07162,C01909,2,Not happy with the delivery experience.,Negative,not happy with the delivery experience,Negative
RV02137,O01639,C00307,3,Food was decent but could have been better.,Neutral,food was decent but could have been better,Positive
RV02138,O07118,C00113,3,"Average experience, nothing special.",Neutral,average experience nothing special,Negative
RV02139,O06595,C01206,5,"Loved the food, would definitely order again.",Positive,loved the food would definitely order again,Positive
RV02140,O04131,C01058,5,Food was excellent and delivery was very quick.,Positive,food was excellent and delivery was very quick,Positive
RV02141,O04419,C01277,5,Food was excellent and delivery was very quick.,Positive,food was excellent and delivery was very quick,Positive
RV02142,O08974,C01012,5,Everything was perfect and arrived on time.,Positive,everything was perfect and arrived on time,Positive
RV02143,O04107,C01130,4,"Good service, just a minor delay.",Positive,good service just a minor delay,Positive
RV02144,O03104,C01857,5,Amazing food and great delivery experience.,Positive,amazing food and great delivery experience,Positive
RV02145,O04401,C00544,5,"Loved the food, would definitely order again.",Positive,loved the food would definitely order again,Positive
RV02146,O07626,C00238,2,Delivery was late and the food was not very good.,Negative,delivery was late and the food was not very good,Negative
RV02147,O08894,C01790,4,"Good service, just a minor delay.",Positive,good service just a minor delay,Positive
RV02148,O06621,C00048,4,"Good service, just a minor delay.",Positive,good service just a minor delay,Positive
RV02149,O01240,C01642,5,Food was excellent and delivery was very quick.,Positive,food was excellent and delivery was very quick,Positive
RV02150,O06347,C01266,4,Good food and the delivery was on time.,Positive,good food and the delivery was on time,Positive
RV02151,O03635,C01474,4,Food was tasty and delivery was smooth.,Positive,food was tasty and delivery was smooth,Neutral
RV02152,O07920,C00110,4,"Good service, just a minor delay.",Positive,good service just a minor delay,Positive
RV02153,O08070,C01101,3,Food was okay but delivery took some time.,Neutral,food was okay but delivery took some time,Positive
RV02154,O09718,C01332,4,Really good experience overall.,Positive,really good experience overall,Positive
RV02155,O02059,C01350,5,Food was excellent and delivery was very quick.,Positive,food was excellent and delivery was very quick,Positive
RV02156,O04405,C00095,4,Really good experience overall.,Positive,really good experience overall,Positive
RV02157,O00406,C01027,5,Amazing food and great delivery experience.,Positive,amazing food and great delivery experience,Positive
RV02158,O03202,C00916,4,Really good experience overall.,Positive,really good experience overall,Positive
RV02159,O04569,C01286,4,"Good service, just a minor delay.",Positive,good service just a minor delay,Positive
RV02160,O01383,C00078,3,Food was decent but could have been better.,Neutral,food was decent but could have been better,Positive
RV02161,O02530,C01084,5,Food was excellent and delivery was very quick.,Positive,food was excellent and delivery was very quick,Positive
RV02162,O06622,C01616,5,"Loved the food, would definitely order again.",Positive,loved the food would definitely order again,Positive
RV02163,O09229,C00671,5,Amazing food and great delivery experience.,Positive,amazing food and great delivery experience,Positive
RV02164,O06815,C00220,5,Everything was perfect and arrived on time.,Positive,everything was perfect and arrived on time,Positive
RV02165,O08285,C00648,4,"Good service, just a minor delay.",Positive,good service just a minor delay,Positive
RV02166,O05333,C00982,4,Really good experience overall.,Positive,really good experience overall,Positive
RV02167,O02082,C00628,1,"Very poor service, would not order again.",Negative,very poor service would not order again,Negative
RV02168,O07633,C01225,1,Very late delivery and the food was cold.,Negative,very late delivery and the food was cold,Neutral
RV02169,O02780,C01336,3,"Average experience, nothing special.",Neutral,average experience nothing special,Negative
RV02170,O02533,C01493,4,Good food and the delivery was on time.,Positive,good food and the delivery was on time,Positive
RV02171,O03780,C00421,5,Food was excellent and delivery was very quick.,Positive,food was excellent and delivery was very quick,Positive
RV02172,O03576,C01492,4,Good food and the delivery was on time.,Positive,good food and the delivery was on time,Positive
RV02173,O01134,C00968,5,"Loved the food, would definitely order again.",Positive,loved the food would definitely order again,Positive
RV02174,O00888,C00842,5,Food was excellent and delivery was very quick.,Positive,food was excellent and delivery was very quick,Positive
RV02175,O04603,C00861,3,Food was okay but delivery took some time.,Neutral,food was okay but delivery took some time,Positive
RV02176,O07199,C00498,5,Amazing food and great delivery experience.,Positive,amazing food and great delivery experience,Positive
RV02177,O08702,C00279,3,The order was fine overall.,Neutral,the order was fine overall,Positive
RV02178,O04848,C00784,4,Good food and the delivery was on time.,Positive,good food and the delivery was on time,Positive
RV02179,O00181,C00149,2,The order was delayed and disappointing.,Negative,the order was delayed and disappointing,Negative
RV02180,O09074,C01459,4,Good food and the delivery was on time.,Positive,good food and the delivery was on time,Positive
RV02181,O03629,C00498,1,"Terrible experience, food arrived very late.",Negative,terrible experience food arrived very late,Negative
RV02182,O08643,C00752,4,Food was tasty and delivery was smooth.,Positive,food was tasty and delivery was smooth,Neutral
RV02183,O06315,C01815,5,Amazing food and great delivery experience.,Positive,amazing food and great delivery experience,Positive
RV02184,O08791,C00663,3,The order was fine overall.,Neutral,the order was fine overall,Positive
RV02185,O00463,C00303,5,"Loved the food, would definitely order again.",Positive,loved the food would definitely order again,Positive
RV02186,O07600,C01901,3,The order was fine overall.,Neutral,the order was fine overall,Positive
RV02187,O09238,C00806,4,Food was tasty and delivery was smooth.,Positive,food was tasty and delivery was smooth,Neutral
RV02188,O04134,C00059,2,The order was delayed and disappointing.,Negative,the order was delayed and disappointing,Negative
RV02189,O04684,C01097,5,Amazing food and great delivery experience.,Positive,amazing food and great delivery experience,Positive
RV02190,O06958,C00273,2,Delivery was late and the food was not very good.,Negative,delivery was late and the food was not very good,Negative
RV02191,O07812,C01076,5,Amazing food and great delivery experience.,Positive,amazing food and great delivery experience,Positive
RV02192,O04197,C00990,5,"Loved the food, would definitely order again.",Positive,loved the food would definitely order again,Positive
RV02193,O02093,C00695,5,Food was excellent and delivery was very quick.,Positive,food was excellent and delivery was very quick,Positive
RV02194,O00375,C01795,4,Food was tasty and delivery was smooth.,Positive,food was tasty and delivery was smooth,Neutral
RV02195,O04301,C01560,5,Everything was perfect and arrived on time.,Positive,everything was perfect and arrived on time,Positive
RV02196,O00102,C00955,4,Really good experience overall.,Positive,really good experience overall,Positive
RV02197,O07432,C00269,4,"Good service, just a minor delay.",Positive,good service just a minor delay,Positive
RV02198,O02863,C00027,2,Not happy with the delivery experience.,Negative,not happy with the delivery experience,Negative
RV02199,O07072,C01732,5,Amazing food and great delivery experience.,Positive,amazing food and great delivery experience,Positive
RV02200,O03303,C01811,5,Food was excellent and delivery was very quick.,Positive,food was excellent and delivery was very quick,Positive
RV02201,O09728,C01031,2,The order was delayed and disappointing.,Negative,the order was delayed and disappointing,Negative
RV02202,O03434,C01598,2,Delivery was late and the food was not very good.,Negative,delivery was late and the food was not very good,Negative
RV02203,O00438,C00697,3,Food was okay but delivery took some time.,Neutral,food was okay but delivery took some time,Positive
RV02204,O09269,C01905,3,The order was fine overall.,Neutral,the order was fine overall,Positive
RV02205,O04025,C01037,4,Good food and the delivery was on time.,Positive,good food and the delivery was on time,Positive
RV02206,O05041,C01310,2,Not happy with the delivery experience.,Negative,not happy with the delivery experience,Negative
RV02207,O03760,C00006,5,Amazing food and great delivery experience.,Positive,amazing food and great delivery experience,Positive
RV02208,O04849,C01829,5,Food was excellent and delivery was very quick.,Positive,food was excellent and delivery was very quick,Positive
RV02209,O08537,C00700,4,Food was tasty and delivery was smooth.,Positive,food was tasty and delivery was smooth,Neutral
RV02210,O03336,C01964,4,Really good experience overall.,Positive,really good experience overall,Positive
RV02211,O00648,C00221,3,The order was fine overall.,Neutral,the order was fine overall,Positive
RV02212,O01738,C00484,4,Really good experience overall.,Positive,really good experience overall,Positive
RV02213,O02523,C00836,4,Really good experience overall.,Positive,really good experience overall,Positive
RV02214,O09799,C00123,5,Amazing food and great delivery experience.,Positive,amazing food and great delivery experience,Positive
RV02215,O04780,C00562,1,"Terrible experience, food arrived very late.",Negative,terrible experience food arrived very late,Negative
RV02216,O09435,C00358,4,Good food and the delivery was on time.,Positive,good food and the delivery was on time,Positive
RV02217,O07677,C01408,4,Food was tasty and delivery was smooth.,Positive,food was tasty and delivery was smooth,Neutral
RV02218,O01133,C01051,4,Good food and the delivery was on time.,Positive,good food and the delivery was on time,Positive
RV02219,O05564,C00444,5,Everything was perfect and arrived on time.,Positive,everything was perfect and arrived on time,Positive
RV02220,O08607,C00443,4,Good food and the delivery was on time.,Positive,good food and the delivery was on time,Positive
RV02221,O04078,C01961,1,Very late delivery and the food was cold.,Negative,very late delivery and the food was cold,Neutral
RV02222,O00164,C01301,5,Amazing food and great delivery experience.,Positive,amazing food and great delivery experience,Positive
RV02223,O09535,C00925,5,Everything was perfect and arrived on time.,Positive,everything was perfect and arrived on time,Positive
RV02224,O00643,C00590,2,Food was cold when it arrived.,Negative,food was cold when it arrived,Neutral
RV02225,O00746,C01576,5,Everything was perfect and arrived on time.,Positive,everything was perfect and arrived on time,Positive
RV02226,O04708,C00882,4,Really good experience overall.,Positive,really good experience overall,Positive
RV02227,O07373,C01275,3,Food was decent but could have been better.,Neutral,food was decent but could have been better,Positive
RV02228,O09699,C00631,3,The order was fine overall.,Neutral,the order was fine overall,Positive
RV02229,O00266,C00171,5,Food was excellent and delivery was very quick.,Positive,food was excellent and delivery was very quick,Positive
RV02230,O02260,C01564,2,Food was cold when it arrived.,Negative,food was cold when it arrived,Neutral
RV02231,O04557,C00970,4,Really good experience overall.,Positive,really good experience overall,Positive
RV02232,O05803,C01412,4,Really good experience overall.,Positive,really good experience overall,Positive
RV02233,O09936,C00167,5,"Loved the food, would definitely order again.",Positive,loved the food would definitely order again,Positive
RV02234,O02990,C01675,3,Food was decent but could have been better.,Neutral,food was decent but could have been better,Positive
RV02235,O00626,C01381,2,The order was delayed and disappointing.,Negative,the order was delayed and disappointing,Negative
RV02236,O02362,C00932,2,Food was cold when it arrived.,Negative,food was cold when it arrived,Neutral
RV02237,O08501,C00160,4,Good food and the delivery was on time.,Positive,good food and the delivery was on time,Positive
RV02238,O06108,C00348,4,Good food and the delivery was on time.,Positive,good food and the delivery was on time,Positive
RV02239,O05305,C00511,3,The order was fine overall.,Neutral,the order was fine overall,Positive
RV02240,O09759,C00529,5,"Loved the food, would definitely order again.",Positive,loved the food would definitely order again,Positive
RV02241,O03520,C01684,2,The order was delayed and disappointing.,Negative,the order was delayed and disappointing,Negative
RV02242,O03582,C00512,5,Everything was perfect and arrived on time.,Positive,everything was perfect and arrived on time,Positive
RV02243,O02997,C00340,4,"Good service, just a minor delay.",Positive,good service just a minor delay,Positive
RV02244,O09347,C00385,5,"Loved the food, would definitely order again.",Positive,loved the food would definitely order again,Positive
RV02245,O01066,C01580,4,Really good experience overall.,Positive,really good experience overall,Positive
RV02246,O02830,C01135,3,"Average experience, nothing special.",Neutral,average experience nothing special,Negative
RV02247,O06473,C01875,2,Food was cold when it arrived.,Negative,food was cold when it arrived,Neutral
RV02248,O08602,C00387,1,Very late delivery and the food was cold.,Negative,very late delivery and the food was cold,Neutral
RV02249,O07030,C00123,5,Everything was perfect and arrived on time.,Positive,everything was perfect and arrived on time,Positive
RV02250,O04682,C00484,4,Really good experience overall.,Positive,really good experience overall,Positive
RV02251,O00944,C00014,1,"Terrible experience, food arrived very late.",Negative,terrible experience food arrived very late,Negative
RV02252,O06153,C01641,5,Amazing food and great delivery experience.,Positive,amazing food and great delivery experience,Positive
RV02253,O09413,C01702,5,"Loved the food, would definitely order again.",Positive,loved the food would definitely order again,Positive
RV02254,O06855,C00896,5,"Loved the food, would definitely order again.",Positive,loved the food would definitely order again,Positive
RV02255,O08289,C01682,2,Food was cold when it arrived.,Negative,food was cold when it arrived,Neutral
RV02256,O05014,C00650,3,Food was decent but could have been better.,Neutral,food was decent but could have been better,Positive
RV02257,O08491,C01681,2,Delivery was late and the food was not very good.,Negative,delivery was late and the food was not very good,Negative
RV02258,O03457,C00308,2,The order was delayed and disappointing.,Negative,the order was delayed and disappointing,Negative
RV02259,O03933,C00156,5,"Loved the food, would definitely order again.",Positive,loved the food would definitely order again,Positive
RV02260,O05376,C00667,3,"Average experience, nothing special.",Neutral,average experience nothing special,Negative
RV02261,O02451,C00168,2,Delivery was late and the food was not very good.,Negative,delivery was late and the food was not very good,Negative
RV02262,O05298,C01049,5,Everything was perfect and arrived on time.,Positive,everything was perfect and arrived on time,Positive
RV02263,O08931,C01842,5,"Loved the food, would definitely order again.",Positive,loved the food would definitely order again,Positive
RV02264,O09383,C00991,5,Amazing food and great delivery experience.,Positive,amazing food and great delivery experience,Positive
RV02265,O05828,C00534,5,Everything was perfect and arrived on time.,Positive,everything was perfect and arrived on time,Positive
RV02266,O00115,C01344,4,Really good experience overall.,Positive,really good experience overall,Positive
RV02267,O03978,C00629,1,Very late delivery and the food was cold.,Negative,very late delivery and the food was cold,Neutral
RV02268,O03758,C01726,3,"Average experience, nothing special.",Neutral,average experience nothing special,Negative
RV02269,O07244,C00619,5,Food was excellent and delivery was very quick.,Positive,food was excellent and delivery was very quick,Positive
RV02270,O07314,C00108,3,Food was okay but delivery took some time.,Neutral,food was okay but delivery took some time,Positive
RV02271,O02900,C01852,5,Food was excellent and delivery was very quick.,Positive,food was excellent and delivery was very quick,Positive
RV02272,O09471,C00033,5,"Loved the food, would definitely order again.",Positive,loved the food would definitely order again,Positive
RV02273,O08559,C01812,4,Really good experience overall.,Positive,really good experience overall,Positive
RV02274,O04354,C01910,5,Food was excellent and delivery was very quick.,Positive,food was excellent and delivery was very quick,Positive
RV02275,O03035,C00213,4,Food was tasty and delivery was smooth.,Positive,food was tasty and delivery was smooth,Neutral
RV02276,O06328,C00440,2,The order was delayed and disappointing.,Negative,the order was delayed and disappointing,Negative
RV02277,O02858,C00598,5,Everything was perfect and arrived on time.,Positive,everything was perfect and arrived on time,Positive
RV02278,O09118,C00104,2,The order was delayed and disappointing.,Negative,the order was delayed and disappointing,Negative
RV02279,O05889,C00017,5,Everything was perfect and arrived on time.,Positive,everything was perfect and arrived on time,Positive
RV02280,O08113,C01671,5,"Loved the food, would definitely order again.",Positive,loved the food would definitely order again,Positive
RV02281,O09285,C01493,4,Really good experience overall.,Positive,really good experience overall,Positive
RV02282,O09820,C00962,3,Food was decent but could have been better.,Neutral,food was decent but could have been better,Positive
RV02283,O09298,C00948,5,Food was excellent and delivery was very quick.,Positive,food was excellent and delivery was very quick,Positive
RV02284,O03404,C01355,3,The order was fine overall.,Neutral,the order was fine overall,Positive
RV02285,O03009,C00359,1,Very late delivery and the food was cold.,Negative,very late delivery and the food was cold,Neutral
RV02286,O00994,C00307,1,"Terrible experience, food arrived very late.",Negative,terrible experience food arrived very late,Negative
RV02287,O07567,C00399,2,Delivery was late and the food was not very good.,Negative,delivery was late and the food was not very good,Negative
RV02288,O04543,C00758,4,Food was tasty and delivery was smooth.,Positive,food was tasty and delivery was smooth,Neutral
RV02289,O06956,C00939,4,Really good experience overall.,Positive,really good experience overall,Positive
RV02290,O04020,C01462,4,"Good service, just a minor delay.",Positive,good service just a minor delay,Positive
RV02291,O04683,C00667,3,The order was fine overall.,Neutral,the order was fine overall,Positive
RV02292,O04179,C00677,4,"Good service, just a minor delay.",Positive,good service just a minor delay,Positive
RV02293,O09781,C01769,4,Food was tasty and delivery was smooth.,Positive,food was tasty and delivery was smooth,Neutral
RV02294,O09769,C00580,5,"Loved the food, would definitely order again.",Positive,loved the food would definitely order again,Positive
RV02295,O07148,C01923,3,Food was decent but could have been better.,Neutral,food was decent but could have been better,Positive
RV02296,O04456,C00151,4,Really good experience overall.,Positive,really good experience overall,Positive
RV02297,O06765,C00869,5,"Loved the food, would definitely order again.",Positive,loved the food would definitely order again,Positive
RV02298,O08200,C00028,4,Good food and the delivery was on time.,Positive,good food and the delivery was on time,Positive
RV02299,O00001,C00489,3,Food was decent but could have been better.,Neutral,food was decent but could have been better,Positive
RV02300,O05589,C01926,5,Food was excellent and delivery was very quick.,Positive,food was excellent and delivery was very quick,Positive
RV02301,O09161,C01444,3,The order was fine overall.,Neutral,the order was fine overall,Positive
RV02302,O09724,C01310,5,Food was excellent and delivery was very quick.,Positive,food was excellent and delivery was very quick,Positive
RV02303,O05024,C00318,5,"Loved the food, would definitely order again.",Positive,loved the food would definitely order again,Positive
RV02304,O03340,C00199,3,Food was decent but could have been better.,Neutral,food was decent but could have been better,Positive
RV02305,O01915,C01385,5,Amazing food and great delivery experience.,Positive,amazing food and great delivery experience,Positive
RV02306,O01029,C00275,3,The order was fine overall.,Neutral,the order was fine overall,Positive
RV02307,O08339,C01532,3,"Average experience, nothing special.",Neutral,average experience nothing special,Negative
RV02308,O03478,C01433,5,Amazing food and great delivery experience.,Positive,amazing food and great delivery experience,Positive
RV02309,O05185,C01848,3,Food was okay but delivery took some time.,Neutral,food was okay but delivery took some time,Positive
RV02310,O02507,C01680,2,The order was delayed and disappointing.,Negative,the order was delayed and disappointing,Negative
RV02311,O03253,C01232,3,The order was fine overall.,Neutral,the order was fine overall,Positive
RV02312,O07789,C01089,4,"Good service, just a minor delay.",Positive,good service just a minor delay,Positive
RV02313,O06794,C01691,4,Really good experience overall.,Positive,really good experience overall,Positive
RV02314,O01200,C00349,5,Everything was perfect and arrived on time.,Positive,everything was perfect and arrived on time,Positive
RV02315,O00019,C01726,2,Not happy with the delivery experience.,Negative,not happy with the delivery experience,Negative
RV02316,O00134,C01647,5,Amazing food and great delivery experience.,Positive,amazing food and great delivery experience,Positive
RV02317,O04026,C00122,5,Food was excellent and delivery was very quick.,Positive,food was excellent and delivery was very quick,Positive
RV02318,O08655,C01220,4,Good food and the delivery was on time.,Positive,good food and the delivery was on time,Positive
RV02319,O07339,C01143,3,Food was okay but delivery took some time.,Neutral,food was okay but delivery took some time,Positive
RV02320,O00635,C00669,3,Food was decent but could have been better.,Neutral,food was decent but could have been better,Positive
RV02321,O06862,C00516,5,"Loved the food, would definitely order again.",Positive,loved the food would definitely order again,Positive
RV02322,O05879,C01062,5,"Loved the food, would definitely order again.",Positive,loved the food would definitely order again,Positive
RV02323,O05380,C00187,5,"Loved the food, would definitely order again.",Positive,loved the food would definitely order again,Positive
RV02324,O04790,C00236,5,Amazing food and great delivery experience.,Positive,amazing food and great delivery experience,Positive
RV02325,O07660,C00021,5,"Loved the food, would definitely order again.",Positive,loved the food would definitely order again,Positive
RV02326,O06827,C01955,5,Amazing food and great delivery experience.,Positive,amazing food and great delivery experience,Positive
RV02327,O05392,C00561,5,Everything was perfect and arrived on time.,Positive,everything was perfect and arrived on time,Positive
RV02328,O02222,C00072,3,Food was okay but delivery took some time.,Neutral,food was okay but delivery took some time,Positive
RV02329,O09108,C01245,3,The order was fine overall.,Neutral,the order was fine overall,Positive
RV02330,O03597,C00264,2,Delivery was late and the food was not very good.,Negative,delivery was late and the food was not very good,Negative
RV02331,O09879,C00420,2,Food was cold when it arrived.,Negative,food was cold when it arrived,Neutral
RV02332,O00633,C01204,4,Food was tasty and delivery was smooth.,Positive,food was tasty and delivery was smooth,Neutral
RV02333,O06503,C01709,3,Food was decent but could have been better.,Neutral,food was decent but could have been better,Positive
RV02334,O01888,C00437,5,Amazing food and great delivery experience.,Positive,amazing food and great delivery experience,Positive
RV02335,O01470,C00338,2,Delivery was late and the food was not very good.,Negative,delivery was late and the food was not very good,Negative
RV02336,O03207,C00754,4,Food was tasty and delivery was smooth.,Positive,food was tasty and delivery was smooth,Neutral
RV02337,O08486,C01070,5,Amazing food and great delivery experience.,Positive,amazing food and great delivery experience,Positive
RV02338,O08298,C00028,3,Food was decent but could have been better.,Neutral,food was decent but could have been better,Positive
RV02339,O05827,C00689,4,Food was tasty and delivery was smooth.,Positive,food was tasty and delivery was smooth,Neutral
RV02340,O03525,C01913,1,"Terrible experience, food arrived very late.",Negative,terrible experience food arrived very late,Negative
RV02341,O00246,C01765,5,Everything was perfect and arrived on time.,Positive,everything was perfect and arrived on time,Positive
RV02342,O04246,C00565,3,Food was decent but could have been better.,Neutral,food was decent but could have been better,Positive
RV02343,O04564,C01945,5,Everything was perfect and arrived on time.,Positive,everything was perfect and arrived on time,Positive
RV02344,O01534,C00029,4,Really good experience overall.,Positive,really good experience overall,Positive
RV02345,O08342,C01738,2,Delivery was late and the food was not very good.,Negative,delivery was late and the food was not very good,Negative
RV02346,O04306,C00109,4,Good food and the delivery was on time.,Positive,good food and the delivery was on time,Positive
RV02347,O06532,C01139,4,Good food and the delivery was on time.,Positive,good food and the delivery was on time,Positive
RV02348,O08665,C01163,4,Food was tasty and delivery was smooth.,Positive,food was tasty and delivery was smooth,Neutral
RV02349,O01061,C01266,4,"Good service, just a minor delay.",Positive,good service just a minor delay,Positive
RV02350,O01167,C00196,5,Food was excellent and delivery was very quick.,Positive,food was excellent and delivery was very quick,Positive
RV02351,O09729,C00676,4,Food was tasty and delivery was smooth.,Positive,food was tasty and delivery was smooth,Neutral
RV02352,O09501,C01856,4,Food was tasty and delivery was smooth.,Positive,food was tasty and delivery was smooth,Neutral
RV02353,O02673,C01656,2,Delivery was late and the food was not very good.,Negative,delivery was late and the food was not very good,Negative
RV02354,O09515,C01647,4,Really good experience overall.,Positive,really good experience overall,Positive
RV02355,O04993,C01895,2,Not happy with the delivery experience.,Negative,not happy with the delivery experience,Negative
RV02356,O03259,C00581,5,Everything was perfect and arrived on time.,Positive,everything was perfect and arrived on time,Positive
RV02357,O05865,C00954,5,Everything was perfect and arrived on time.,Positive,everything was perfect and arrived on time,Positive
RV02358,O08040,C00554,3,Food was okay but delivery took some time.,Neutral,food was okay but delivery took some time,Positive
RV02359,O09067,C00896,2,Food was cold when it arrived.,Negative,food was cold when it arrived,Neutral
RV02360,O00371,C00663,4,Really good experience overall.,Positive,really good experience overall,Positive
RV02361,O07150,C00247,4,Really good experience overall.,Positive,really good experience overall,Positive
RV02362,O01535,C00966,4,Food was tasty and delivery was smooth.,Positive,food was tasty and delivery was smooth,Neutral
RV02363,O07730,C01389,4,Good food and the delivery was on time.,Positive,good food and the delivery was on time,Positive
RV02364,O07043,C01317,5,Amazing food and great delivery experience.,Positive,amazing food and great delivery experience,Positive
RV02365,O06667,C01014,5,Everything was perfect and arrived on time.,Positive,everything was perfect and arrived on time,Positive
RV02366,O03366,C01469,3,Food was decent but could have been better.,Neutral,food was decent but could have been better,Positive
RV02367,O02500,C00666,3,Food was decent but could have been better.,Neutral,food was decent but could have been better,Positive
RV02368,O02602,C01676,2,Not happy with the delivery experience.,Negative,not happy with the delivery experience,Negative
RV02369,O08346,C01689,1,"Very poor service, would not order again.",Negative,very poor service would not order again,Negative
RV02370,O01351,C00509,5,Everything was perfect and arrived on time.,Positive,everything was perfect and arrived on time,Positive
RV02371,O03681,C00814,5,Amazing food and great delivery experience.,Positive,amazing food and great delivery experience,Positive
RV02372,O07301,C00309,5,Food was excellent and delivery was very quick.,Positive,food was excellent and delivery was very quick,Positive
RV02373,O08608,C00656,3,Food was okay but delivery took some time.,Neutral,food was okay but delivery took some time,Positive
RV02374,O09603,C00415,5,Food was excellent and delivery was very quick.,Positive,food was excellent and delivery was very quick,Positive
RV02375,O08634,C01946,2,Food was cold when it arrived.,Negative,food was cold when it arrived,Neutral
RV02376,O00423,C00025,5,"Loved the food, would definitely order again.",Positive,loved the food would definitely order again,Positive
RV02377,O07964,C00724,3,"Average experience, nothing special.",Neutral,average experience nothing special,Negative
RV02378,O04909,C01500,3,"Average experience, nothing special.",Neutral,average experience nothing special,Negative
RV02379,O05066,C00471,5,Food was excellent and delivery was very quick.,Positive,food was excellent and delivery was very quick,Positive
RV02380,O05169,C01192,5,"Loved the food, would definitely order again.",Positive,loved the food would definitely order again,Positive
RV02381,O02452,C00566,5,"Loved the food, would definitely order again.",Positive,loved the food would definitely order again,Positive
RV02382,O09625,C01614,4,Good food and the delivery was on time.,Positive,good food and the delivery was on time,Positive
RV02383,O08864,C01815,4,Good food and the delivery was on time.,Positive,good food and the delivery was on time,Positive
RV02384,O08835,C00415,2,Delivery was late and the food was not very good.,Negative,delivery was late and the food was not very good,Negative
RV02385,O09265,C00968,3,Food was decent but could have been better.,Neutral,food was decent but could have been better,Positive
RV02386,O07229,C00857,4,"Good service, just a minor delay.",Positive,good service just a minor delay,Positive
RV02387,O07977,C00982,5,Everything was perfect and arrived on time.,Positive,everything was perfect and arrived on time,Positive
RV02388,O00582,C01935,4,Food was tasty and delivery was smooth.,Positive,food was tasty and delivery was smooth,Neutral
RV02389,O01065,C00634,3,The order was fine overall.,Neutral,the order was fine overall,Positive
RV02390,O04129,C00233,4,Good food and the delivery was on time.,Positive,good food and the delivery was on time,Positive
RV02391,O01123,C00826,3,Food was decent but could have been better.,Neutral,food was decent but could have been better,Positive
RV02392,O06025,C00490,4,Really good experience overall.,Positive,really good experience overall,Positive
RV02393,O04697,C01726,5,Amazing food and great delivery experience.,Positive,amazing food and great delivery experience,Positive
RV02394,O01382,C00994,2,Not happy with the delivery experience.,Negative,not happy with the delivery experience,Negative
RV02395,O06966,C01501,1,Food was disappointing and delivery was extremely slow.,Negative,food was disappointing and delivery was extremely slow,Negative
RV02396,O06371,C00862,4,Food was tasty and delivery was smooth.,Positive,food was tasty and delivery was smooth,Neutral
RV02397,O00386,C01150,5,Amazing food and great delivery experience.,Positive,amazing food and great delivery experience,Positive
RV02398,O01594,C01911,2,Delivery was late and the food was not very good.,Negative,delivery was late and the food was not very good,Negative
RV02399,O08411,C00036,5,"Loved the food, would definitely order again.",Positive,loved the food would definitely order again,Positive
RV02400,O05660,C00574,5,Everything was perfect and arrived on time.,Positive,everything was perfect and arrived on time,Positive
RV02401,O01839,C01301,5,"Loved the food, would definitely order again.",Positive,loved the food would definitely order again,Positive
RV02402,O04570,C01306,3,The order was fine overall.,Neutral,the order was fine overall,Positive
RV02403,O04472,C01344,5,Everything was perfect and arrived on time.,Positive,everything was perfect and arrived on time,Positive
RV02404,O09003,C01619,3,Food was okay but delivery took some time.,Neutral,food was okay but delivery took some time,Positive
RV02405,O01974,C01615,4,Really good experience overall.,Positive,really good experience overall,Positive
RV02406,O08012,C00734,1,Very late delivery and the food was cold.,Negative,very late delivery and the food was cold,Neutral
RV02407,O03619,C00583,5,Everything was perfect and arrived on time.,Positive,everything was perfect and arrived on time,Positive
RV02408,O03122,C00679,4,"Good service, just a minor delay.",Positive,good service just a minor delay,Positive
RV02409,O04014,C01335,3,Food was decent but could have been better.,Neutral,food was decent but could have been better,Positive
RV02410,O03402,C00911,4,Food was tasty and delivery was smooth.,Positive,food was tasty and delivery was smooth,Neutral
RV02411,O07743,C01677,5,Everything was perfect and arrived on time.,Positive,everything was perfect and arrived on time,Positive
RV02412,O01596,C01787,5,"Loved the food, would definitely order again.",Positive,loved the food would definitely order again,Positive
RV02413,O03097,C00576,1,"Terrible experience, food arrived very late.",Negative,terrible experience food arrived very late,Negative
RV02414,O03066,C00143,5,"Loved the food, would definitely order again.",Positive,loved the food would definitely order again,Positive
RV02415,O08874,C00166,4,"Good service, just a minor delay.",Positive,good service just a minor delay,Positive
RV02416,O01620,C00008,5,Food was excellent and delivery was very quick.,Positive,food was excellent and delivery was very quick,Positive
RV02417,O01049,C01727,2,Food was cold when it arrived.,Negative,food was cold when it arrived,Neutral
RV02418,O07102,C01072,3,The order was fine overall.,Neutral,the order was fine overall,Positive
RV02419,O02015,C00812,1,Food was disappointing and delivery was extremely slow.,Negative,food was disappointing and delivery was extremely slow,Negative
RV02420,O01699,C01249,3,The order was fine overall.,Neutral,the order was fine overall,Positive
RV02421,O00629,C00802,4,Really good experience overall.,Positive,really good experience overall,Positive
RV02422,O03847,C00201,2,Delivery was late and the food was not very good.,Negative,delivery was late and the food was not very good,Negative
RV02423,O07168,C01058,4,"Good service, just a minor delay.",Positive,good service just a minor delay,Positive
RV02424,O09567,C01996,5,Amazing food and great delivery experience.,Positive,amazing food and great delivery experience,Positive
RV02425,O05088,C00692,1,Food was disappointing and delivery was extremely slow.,Negative,food was disappointing and delivery was extremely slow,Negative
RV02426,O07979,C01266,3,The order was fine overall.,Neutral,the order was fine overall,Positive
RV02427,O00050,C01448,2,Delivery was late and the food was not very good.,Negative,delivery was late and the food was not very good,Negative
RV02428,O04701,C00086,2,Food was cold when it arrived.,Negative,food was cold when it arrived,Neutral
RV02429,O00381,C00927,3,Food was okay but delivery took some time.,Neutral,food was okay but delivery took some time,Positive
RV02430,O07655,C01170,4,"Good service, just a minor delay.",Positive,good service just a minor delay,Positive
RV02431,O07782,C00841,4,"Good service, just a minor delay.",Positive,good service just a minor delay,Positive
RV02432,O08852,C01194,2,Food was cold when it arrived.,Negative,food was cold when it arrived,Neutral
RV02433,O08793,C00575,5,"Loved the food, would definitely order again.",Positive,loved the food would definitely order again,Positive
RV02434,O06736,C00778,3,Food was decent but could have been better.,Neutral,food was decent but could have been better,Positive
RV02435,O01302,C01485,5,Amazing food and great delivery experience.,Positive,amazing food and great delivery experience,Positive
RV02436,O04651,C01688,4,Good food and the delivery was on time.,Positive,good food and the delivery was on time,Positive
RV02437,O01921,C01252,5,Amazing food and great delivery experience.,Positive,amazing food and great delivery experience,Positive
RV02438,O05943,C00833,4,Good food and the delivery was on time.,Positive,good food and the delivery was on time,Positive
RV02439,O05138,C00776,4,"Good service, just a minor delay.",Positive,good service just a minor delay,Positive
RV02440,O08884,C01904,5,Food was excellent and delivery was very quick.,Positive,food was excellent and delivery was very quick,Positive
RV02441,O01960,C01287,2,Food was cold when it arrived.,Negative,food was cold when it arrived,Neutral
RV02442,O02880,C01305,4,Food was tasty and delivery was smooth.,Positive,food was tasty and delivery was smooth,Neutral
RV02443,O05293,C00254,4,Food was tasty and delivery was smooth.,Positive,food was tasty and delivery was smooth,Neutral
RV02444,O09790,C01747,4,Food was tasty and delivery was smooth.,Positive,food was tasty and delivery was smooth,Neutral
RV02445,O05667,C01748,5,Amazing food and great delivery experience.,Positive,amazing food and great delivery experience,Positive
RV02446,O01231,C00086,5,Amazing food and great delivery experience.,Positive,amazing food and great delivery experience,Positive
RV02447,O04434,C00465,3,The order was fine overall.,Neutral,the order was fine overall,Positive
RV02448,O02234,C01433,4,Food was tasty and delivery was smooth.,Positive,food was tasty and delivery was smooth,Neutral
RV02449,O07209,C01829,4,"Good service, just a minor delay.",Positive,good service just a minor delay,Positive
RV02450,O08914,C01733,4,Food was tasty and delivery was smooth.,Positive,food was tasty and delivery was smooth,Neutral
RV02451,O01519,C00675,4,Good food and the delivery was on time.,Positive,good food and the delivery was on time,Positive
RV02452,O07516,C01659,1,Very late delivery and the food was cold.,Negative,very late delivery and the food was cold,Neutral
RV02453,O05961,C01487,4,"Good service, just a minor delay.",Positive,good service just a minor delay,Positive
RV02454,O00971,C00142,4,Really good experience overall.,Positive,really good experience overall,Positive
RV02455,O00561,C01477,5,"Loved the food, would definitely order again.",Positive,loved the food would definitely order again,Positive
RV02456,O01530,C00350,4,Food was tasty and delivery was smooth.,Positive,food was tasty and delivery was smooth,Neutral
RV02457,O08337,C00205,3,Food was okay but delivery took some time.,Neutral,food was okay but delivery took some time,Positive
RV02458,O09532,C01642,4,Food was tasty and delivery was smooth.,Positive,food was tasty and delivery was smooth,Neutral
RV02459,O05418,C01819,4,Really good experience overall.,Positive,really good experience overall,Positive
RV02460,O02846,C00718,4,Really good experience overall.,Positive,really good experience overall,Positive
RV02461,O08127,C01664,4,Really good experience overall.,Positive,really good experience overall,Positive
RV02462,O04918,C01013,3,The order was fine overall.,Neutral,the order was fine overall,Positive
RV02463,O06839,C01327,5,Everything was perfect and arrived on time.,Positive,everything was perfect and arrived on time,Positive
RV02464,O00512,C01558,5,Food was excellent and delivery was very quick.,Positive,food was excellent and delivery was very quick,Positive
RV02465,O09043,C01105,4,Really good experience overall.,Positive,really good experience overall,Positive
RV02466,O07060,C00110,4,Food was tasty and delivery was smooth.,Positive,food was tasty and delivery was smooth,Neutral
RV02467,O01191,C01740,4,Really good experience overall.,Positive,really good experience overall,Positive
RV02468,O09236,C01959,4,Food was tasty and delivery was smooth.,Positive,food was tasty and delivery was smooth,Neutral
RV02469,O04645,C01076,2,Food was cold when it arrived.,Negative,food was cold when it arrived,Neutral
RV02470,O08450,C01561,1,Very late delivery and the food was cold.,Negative,very late delivery and the food was cold,Neutral
RV02471,O01752,C00495,5,Everything was perfect and arrived on time.,Positive,everything was perfect and arrived on time,Positive
RV02472,O03832,C00344,3,Food was decent but could have been better.,Neutral,food was decent but could have been better,Positive
RV02473,O05475,C01598,4,"Good service, just a minor delay.",Positive,good service just a minor delay,Positive
RV02474,O00068,C01518,4,Good food and the delivery was on time.,Positive,good food and the delivery was on time,Positive
RV02475,O05750,C00111,4,"Good service, just a minor delay.",Positive,good service just a minor delay,Positive
RV02476,O05793,C00589,2,Not happy with the delivery experience.,Negative,not happy with the delivery experience,Negative
RV02477,O08721,C01533,1,"Very poor service, would not order again.",Negative,very poor service would not order again,Negative
RV02478,O07986,C00206,3,The order was fine overall.,Neutral,the order was fine overall,Positive
RV02479,O06875,C01738,4,"Good service, just a minor delay.",Positive,good service just a minor delay,Positive
RV02480,O08020,C00124,4,Really good experience overall.,Positive,really good experience overall,Positive
RV02481,O07183,C00202,5,Everything was perfect and arrived on time.,Positive,everything was perfect and arrived on time,Positive
RV02482,O08121,C01453,3,Food was decent but could have been better.,Neutral,food was decent but could have been better,Positive
RV02483,O03981,C01726,5,Food was excellent and delivery was very quick.,Positive,food was excellent and delivery was very quick,Positive
RV02484,O05449,C01558,4,"Good service, just a minor delay.",Positive,good service just a minor delay,Positive
RV02485,O08774,C01723,1,"Terrible experience, food arrived very late.",Negative,terrible experience food arrived very late,Negative
RV02486,O00145,C01072,2,Food was cold when it arrived.,Negative,food was cold when it arrived,Neutral
RV02487,O06298,C01802,3,Food was decent but could have been better.,Neutral,food was decent but could have been better,Positive
RV02488,O01156,C00483,3,"Average experience, nothing special.",Neutral,average experience nothing special,Negative
RV02489,O00852,C00684,5,Everything was perfect and arrived on time.,Positive,everything was perfect and arrived on time,Positive
RV02490,O06594,C01204,5,"Loved the food, would definitely order again.",Positive,loved the food would definitely order again,Positive
RV02491,O02819,C00837,4,Good food and the delivery was on time.,Positive,good food and the delivery was on time,Positive
RV02492,O02430,C01369,3,Food was okay but delivery took some time.,Neutral,food was okay but delivery took some time,Positive
RV02493,O02928,C01086,5,Everything was perfect and arrived on time.,Positive,everything was perfect and arrived on time,Positive
RV02494,O02040,C01545,4,"Good service, just a minor delay.",Positive,good service just a minor delay,Positive
RV02495,O05806,C01750,4,Really good experience overall.,Positive,really good experience overall,Positive
RV02496,O03960,C00214,4,Good food and the delivery was on time.,Positive,good food and the delivery was on time,Positive
RV02497,O07926,C00964,4,Really good experience overall.,Positive,really good experience overall,Positive
RV02498,O05530,C01671,5,Everything was perfect and arrived on time.,Positive,everything was perfect and arrived on time,Positive
RV02499,O02607,C00468,2,The order was delayed and disappointing.,Negative,the order was delayed and disappointing,Negative
RV02500,O07762,C00534,4,Good food and the delivery was on time.,Positive,good food and the delivery was on time,Positive
RV02501,O09433,C01264,2,Food was cold when it arrived.,Negative,food was cold when it arrived,Neutral
RV02502,O03848,C00239,2,Food was cold when it arrived.,Negative,food was cold when it arrived,Neutral
RV02503,O08574,C00855,4,"Good service, just a minor delay.",Positive,good service just a minor delay,Positive
RV02504,O06100,C01076,3,Food was okay but delivery took some time.,Neutral,food was okay but delivery took some time,Positive
RV02505,O02680,C00543,5,Everything was perfect and arrived on time.,Positive,everything was perfect and arrived on time,Positive
RV02506,O03965,C01091,2,Delivery was late and the food was not very good.,Negative,delivery was late and the food was not very good,Negative
RV02507,O00456,C00703,5,Everything was perfect and arrived on time.,Positive,everything was perfect and arrived on time,Positive
RV02508,O04676,C00713,5,Everything was perfect and arrived on time.,Positive,everything was perfect and arrived on time,Positive
RV02509,O03653,C00711,5,Everything was perfect and arrived on time.,Positive,everything was perfect and arrived on time,Positive
RV02510,O07200,C00244,4,Really good experience overall.,Positive,really good experience overall,Positive
RV02511,O05868,C00755,4,"Good service, just a minor delay.",Positive,good service just a minor delay,Positive
RV02512,O00848,C01041,5,Everything was perfect and arrived on time.,Positive,everything was perfect and arrived on time,Positive
RV02513,O09736,C01585,2,Food was cold when it arrived.,Negative,food was cold when it arrived,Neutral
RV02514,O02409,C01286,4,"Good service, just a minor delay.",Positive,good service just a minor delay,Positive
RV02515,O03833,C01207,5,Food was excellent and delivery was very quick.,Positive,food was excellent and delivery was very quick,Positive
RV02516,O05007,C00298,4,"Good service, just a minor delay.",Positive,good service just a minor delay,Positive
RV02517,O08687,C00608,3,The order was fine overall.,Neutral,the order was fine overall,Positive
RV02518,O05206,C00443,3,Food was decent but could have been better.,Neutral,food was decent but could have been better,Positive
RV02519,O08036,C00658,5,Everything was perfect and arrived on time.,Positive,everything was perfect and arrived on time,Positive
RV02520,O00209,C00235,1,Food was disappointing and delivery was extremely slow.,Negative,food was disappointing and delivery was extremely slow,Negative
RV02521,O02070,C00606,4,Good food and the delivery was on time.,Positive,good food and the delivery was on time,Positive
RV02522,O03342,C01074,3,"Average experience, nothing special.",Neutral,average experience nothing special,Negative
RV02523,O04895,C00717,3,The order was fine overall.,Neutral,the order was fine overall,Positive
RV02524,O05635,C01874,3,The order was fine overall.,Neutral,the order was fine overall,Positive
RV02525,O00012,C01315,5,Amazing food and great delivery experience.,Positive,amazing food and great delivery experience,Positive
RV02526,O02476,C01398,5,Food was excellent and delivery was very quick.,Positive,food was excellent and delivery was very quick,Positive
RV02527,O03651,C00339,5,Food was excellent and delivery was very quick.,Positive,food was excellent and delivery was very quick,Positive
RV02528,O00599,C00209,4,Food was tasty and delivery was smooth.,Positive,food was tasty and delivery was smooth,Neutral
RV02529,O00017,C00621,2,Food was cold when it arrived.,Negative,food was cold when it arrived,Neutral
RV02530,O09507,C01836,4,Really good experience overall.,Positive,really good experience overall,Positive
RV02531,O09159,C00025,4,Food was tasty and delivery was smooth.,Positive,food was tasty and delivery was smooth,Neutral
RV02532,O00968,C01419,4,"Good service, just a minor delay.",Positive,good service just a minor delay,Positive
RV02533,O04635,C01566,1,Very late delivery and the food was cold.,Negative,very late delivery and the food was cold,Neutral
RV02534,O09798,C01532,3,The order was fine overall.,Neutral,the order was fine overall,Positive
RV02535,O00411,C01670,1,"Very poor service, would not order again.",Negative,very poor service would not order again,Negative
RV02536,O08919,C01996,5,Food was excellent and delivery was very quick.,Positive,food was excellent and delivery was very quick,Positive
RV02537,O01560,C00614,5,Amazing food and great delivery experience.,Positive,amazing food and great delivery experience,Positive
RV02538,O01386,C01297,5,Amazing food and great delivery experience.,Positive,amazing food and great delivery experience,Positive
RV02539,O09166,C00215,3,The order was fine overall.,Neutral,the order was fine overall,Positive
RV02540,O09363,C01778,3,The order was fine overall.,Neutral,the order was fine overall,Positive
RV02541,O09106,C01384,4,Really good experience overall.,Positive,really good experience overall,Positive
RV02542,O01869,C01201,3,The order was fine overall.,Neutral,the order was fine overall,Positive
RV02543,O07059,C00657,2,The order was delayed and disappointing.,Negative,the order was delayed and disappointing,Negative
RV02544,O05624,C00117,2,The order was delayed and disappointing.,Negative,the order was delayed and disappointing,Negative
RV02545,O00649,C00979,4,Food was tasty and delivery was smooth.,Positive,food was tasty and delivery was smooth,Neutral
RV02546,O09090,C00168,4,Really good experience overall.,Positive,really good experience overall,Positive
RV02547,O03228,C00079,4,Really good experience overall.,Positive,really good experience overall,Positive
RV02548,O05046,C00657,5,Food was excellent and delivery was very quick.,Positive,food was excellent and delivery was very quick,Positive
RV02549,O02116,C00450,5,Amazing food and great delivery experience.,Positive,amazing food and great delivery experience,Positive
RV02550,O01261,C01095,3,Food was decent but could have been better.,Neutral,food was decent but could have been better,Positive
RV02551,O03658,C01443,2,Delivery was late and the food was not very good.,Negative,delivery was late and the food was not very good,Negative
RV02552,O03311,C00983,5,Everything was perfect and arrived on time.,Positive,everything was perfect and arrived on time,Positive
RV02553,O06491,C00685,4,Good food and the delivery was on time.,Positive,good food and the delivery was on time,Positive
RV02554,O00273,C00246,4,Really good experience overall.,Positive,really good experience overall,Positive
RV02555,O05103,C00475,4,Really good experience overall.,Positive,really good experience overall,Positive
RV02556,O05837,C00933,3,The order was fine overall.,Neutral,the order was fine overall,Positive
RV02557,O06510,C01157,4,Food was tasty and delivery was smooth.,Positive,food was tasty and delivery was smooth,Neutral
RV02558,O00880,C00764,4,Good food and the delivery was on time.,Positive,good food and the delivery was on time,Positive
RV02559,O09627,C00328,4,Really good experience overall.,Positive,really good experience overall,Positive
RV02560,O08767,C01649,4,Food was tasty and delivery was smooth.,Positive,food was tasty and delivery was smooth,Neutral
RV02561,O01660,C01413,1,"Very poor service, would not order again.",Negative,very poor service would not order again,Negative
RV02562,O00670,C01089,3,Food was okay but delivery took some time.,Neutral,food was okay but delivery took some time,Positive
RV02563,O09655,C00474,2,Food was cold when it arrived.,Negative,food was cold when it arrived,Neutral
RV02564,O06082,C01538,5,"Loved the food, would definitely order again.",Positive,loved the food would definitely order again,Positive
RV02565,O00723,C01310,4,"Good service, just a minor delay.",Positive,good service just a minor delay,Positive
RV02566,O02831,C00692,4,"Good service, just a minor delay.",Positive,good service just a minor delay,Positive
RV02567,O05209,C00399,4,Good food and the delivery was on time.,Positive,good food and the delivery was on time,Positive
RV02568,O07259,C00820,2,Food was cold when it arrived.,Negative,food was cold when it arrived,Neutral
RV02569,O02398,C00423,3,Food was okay but delivery took some time.,Neutral,food was okay but delivery took some time,Positive
RV02570,O08111,C01428,3,"Average experience, nothing special.",Neutral,average experience nothing special,Negative
RV02571,O09191,C00065,4,"Good service, just a minor delay.",Positive,good service just a minor delay,Positive
RV02572,O08041,C00809,4,"Good service, just a minor delay.",Positive,good service just a minor delay,Positive
RV02573,O08533,C01587,4,Food was tasty and delivery was smooth.,Positive,food was tasty and delivery was smooth,Neutral
RV02574,O08876,C00428,5,Food was excellent and delivery was very quick.,Positive,food was excellent and delivery was very quick,Positive
RV02575,O00812,C01145,2,The order was delayed and disappointing.,Negative,the order was delayed and disappointing,Negative
RV02576,O07664,C01096,3,The order was fine overall.,Neutral,the order was fine overall,Positive
RV02577,O02213,C00569,4,Food was tasty and delivery was smooth.,Positive,food was tasty and delivery was smooth,Neutral
RV02578,O04522,C00705,4,Food was tasty and delivery was smooth.,Positive,food was tasty and delivery was smooth,Neutral
RV02579,O09761,C01790,4,Food was tasty and delivery was smooth.,Positive,food was tasty and delivery was smooth,Neutral
RV02580,O05079,C00372,4,Really good experience overall.,Positive,really good experience overall,Positive
RV02581,O08553,C00980,4,Really good experience overall.,Positive,really good experience overall,Positive
RV02582,O08792,C01320,5,Amazing food and great delivery experience.,Positive,amazing food and great delivery experience,Positive
RV02583,O00235,C01446,3,"Average experience, nothing special.",Neutral,average experience nothing special,Negative
RV02584,O09050,C01307,4,Good food and the delivery was on time.,Positive,good food and the delivery was on time,Positive
RV02585,O05142,C01638,5,Food was excellent and delivery was very quick.,Positive,food was excellent and delivery was very quick,Positive
RV02586,O07640,C01847,4,Good food and the delivery was on time.,Positive,good food and the delivery was on time,Positive
RV02587,O04406,C00017,3,The order was fine overall.,Neutral,the order was fine overall,Positive
RV02588,O05453,C00852,2,Not happy with the delivery experience.,Negative,not happy with the delivery experience,Negative
RV02589,O01390,C01328,1,"Terrible experience, food arrived very late.",Negative,terrible experience food arrived very late,Negative
RV02590,O09702,C01951,5,Amazing food and great delivery experience.,Positive,amazing food and great delivery experience,Positive
RV02591,O06654,C01532,3,Food was decent but could have been better.,Neutral,food was decent but could have been better,Positive
RV02592,O02221,C01370,4,Good food and the delivery was on time.,Positive,good food and the delivery was on time,Positive
RV02593,O08287,C00871,4,Food was tasty and delivery was smooth.,Positive,food was tasty and delivery was smooth,Neutral
RV02594,O05001,C00508,5,Everything was perfect and arrived on time.,Positive,everything was perfect and arrived on time,Positive
RV02595,O04092,C01684,1,"Very poor service, would not order again.",Negative,very poor service would not order again,Negative
RV02596,O05913,C01326,3,The order was fine overall.,Neutral,the order was fine overall,Positive
RV02597,O02490,C01630,3,The order was fine overall.,Neutral,the order was fine overall,Positive
RV02598,O02041,C00386,4,Really good experience overall.,Positive,really good experience overall,Positive
RV02599,O08788,C00907,4,Really good experience overall.,Positive,really good experience overall,Positive
RV02600,O06933,C00392,3,Food was decent but could have been better.,Neutral,food was decent but could have been better,Positive
RV02601,O08839,C01662,2,Food was cold when it arrived.,Negative,food was cold when it arrived,Neutral
RV02602,O04723,C00650,5,Food was excellent and delivery was very quick.,Positive,food was excellent and delivery was very quick,Positive
RV02603,O09807,C01107,4,Really good experience overall.,Positive,really good experience overall,Positive
RV02604,O04400,C01113,2,Delivery was late and the food was not very good.,Negative,delivery was late and the food was not very good,Negative
RV02605,O00615,C01383,4,Good food and the delivery was on time.,Positive,good food and the delivery was on time,Positive
RV02606,O01105,C01019,5,"Loved the food, would definitely order again.",Positive,loved the food would definitely order again,Positive
RV02607,O08099,C01182,3,Food was decent but could have been better.,Neutral,food was decent but could have been better,Positive
RV02608,O01926,C01579,2,Delivery was late and the food was not very good.,Negative,delivery was late and the food was not very good,Negative
RV02609,O05739,C00177,5,"Loved the food, would definitely order again.",Positive,loved the food would definitely order again,Positive
RV02610,O09855,C00227,1,"Terrible experience, food arrived very late.",Negative,terrible experience food arrived very late,Negative
RV02611,O01990,C01132,4,Food was tasty and delivery was smooth.,Positive,food was tasty and delivery was smooth,Neutral
RV02612,O06666,C01468,5,Everything was perfect and arrived on time.,Positive,everything was perfect and arrived on time,Positive
RV02613,O09264,C00583,4,"Good service, just a minor delay.",Positive,good service just a minor delay,Positive
RV02614,O04168,C00212,1,"Very poor service, would not order again.",Negative,very poor service would not order again,Negative
RV02615,O00740,C01624,5,"Loved the food, would definitely order again.",Positive,loved the food would definitely order again,Positive
RV02616,O02589,C00797,5,"Loved the food, would definitely order again.",Positive,loved the food would definitely order again,Positive
RV02617,O07321,C01464,1,Food was disappointing and delivery was extremely slow.,Negative,food was disappointing and delivery was extremely slow,Negative
RV02618,O03161,C01178,4,"Good service, just a minor delay.",Positive,good service just a minor delay,Positive
RV02619,O01826,C01196,3,Food was decent but could have been better.,Neutral,food was decent but could have been better,Positive
RV02620,O09698,C00056,5,Everything was perfect and arrived on time.,Positive,everything was perfect and arrived on time,Positive
RV02621,O06661,C01012,4,Food was tasty and delivery was smooth.,Positive,food was tasty and delivery was smooth,Neutral
RV02622,O06256,C01740,2,Not happy with the delivery experience.,Negative,not happy with the delivery experience,Negative
RV02623,O00691,C01544,1,"Terrible experience, food arrived very late.",Negative,terrible experience food arrived very late,Negative
RV02624,O07665,C00990,4,Really good experience overall.,Positive,really good experience overall,Positive
RV02625,O01256,C00969,3,Food was decent but could have been better.,Neutral,food was decent but could have been better,Positive
RV02626,O01813,C00856,3,Food was okay but delivery took some time.,Neutral,food was okay but delivery took some time,Positive
RV02627,O09751,C00462,5,Food was excellent and delivery was very quick.,Positive,food was excellent and delivery was very quick,Positive
RV02628,O02017,C01572,3,Food was decent but could have been better.,Neutral,food was decent but could have been better,Positive
RV02629,O07456,C01106,4,Really good experience overall.,Positive,really good experience overall,Positive
RV02630,O08061,C01223,4,Really good experience overall.,Positive,really good experience overall,Positive
RV02631,O07833,C00809,3,Food was decent but could have been better.,Neutral,food was decent but could have been better,Positive
RV02632,O09518,C01673,4,Good food and the delivery was on time.,Positive,good food and the delivery was on time,Positive
RV02633,O02982,C01835,4,Really good experience overall.,Positive,really good experience overall,Positive
RV02634,O07135,C01144,3,The order was fine overall.,Neutral,the order was fine overall,Positive
RV02635,O04502,C01780,3,The order was fine overall.,Neutral,the order was fine overall,Positive
RV02636,O08196,C01036,3,"Average experience, nothing special.",Neutral,average experience nothing special,Negative
RV02637,O05718,C01854,3,Food was okay but delivery took some time.,Neutral,food was okay but delivery took some time,Positive
RV02638,O05282,C00570,3,Food was decent but could have been better.,Neutral,food was decent but could have been better,Positive
RV02639,O08137,C01911,5,"Loved the food, would definitely order again.",Positive,loved the food would definitely order again,Positive
RV02640,O08946,C00562,3,Food was decent but could have been better.,Neutral,food was decent but could have been better,Positive
RV02641,O02697,C00380,1,Very late delivery and the food was cold.,Negative,very late delivery and the food was cold,Neutral
RV02642,O03524,C00178,4,Food was tasty and delivery was smooth.,Positive,food was tasty and delivery was smooth,Neutral
RV02643,O04182,C01841,3,"Average experience, nothing special.",Neutral,average experience nothing special,Negative
RV02644,O02324,C00224,4,Good food and the delivery was on time.,Positive,good food and the delivery was on time,Positive
RV02645,O02671,C00814,5,Food was excellent and delivery was very quick.,Positive,food was excellent and delivery was very quick,Positive
RV02646,O05723,C01091,4,Good food and the delivery was on time.,Positive,good food and the delivery was on time,Positive
RV02647,O07128,C01502,5,Food was excellent and delivery was very quick.,Positive,food was excellent and delivery was very quick,Positive
RV02648,O03440,C01702,5,Food was excellent and delivery was very quick.,Positive,food was excellent and delivery was very quick,Positive
RV02649,O01380,C01273,1,Very late delivery and the food was cold.,Negative,very late delivery and the food was cold,Neutral
RV02650,O01332,C01085,2,The order was delayed and disappointing.,Negative,the order was delayed and disappointing,Negative
RV02651,O01916,C01549,3,"Average experience, nothing special.",Neutral,average experience nothing special,Negative
RV02652,O05519,C00155,2,Food was cold when it arrived.,Negative,food was cold when it arrived,Neutral
RV02653,O09101,C01016,4,"Good service, just a minor delay.",Positive,good service just a minor delay,Positive
RV02654,O02198,C01903,5,Amazing food and great delivery experience.,Positive,amazing food and great delivery experience,Positive
RV02655,O07684,C01158,5,Food was excellent and delivery was very quick.,Positive,food was excellent and delivery was very quick,Positive
RV02656,O03705,C00579,5,"Loved the food, would definitely order again.",Positive,loved the food would definitely order again,Positive
RV02657,O01373,C00791,3,Food was okay but delivery took some time.,Neutral,food was okay but delivery took some time,Positive
RV02658,O05261,C01770,4,Really good experience overall.,Positive,really good experience overall,Positive
RV02659,O08208,C01839,4,"Good service, just a minor delay.",Positive,good service just a minor delay,Positive
RV02660,O09849,C01086,5,Amazing food and great delivery experience.,Positive,amazing food and great delivery experience,Positive
RV02661,O07381,C01218,4,Food was tasty and delivery was smooth.,Positive,food was tasty and delivery was smooth,Neutral
RV02662,O05047,C01380,4,Good food and the delivery was on time.,Positive,good food and the delivery was on time,Positive
RV02663,O04138,C00718,2,The order was delayed and disappointing.,Negative,the order was delayed and disappointing,Negative
RV02664,O07322,C00689,4,"Good service, just a minor delay.",Positive,good service just a minor delay,Positive
RV02665,O01776,C01467,5,Food was excellent and delivery was very quick.,Positive,food was excellent and delivery was very quick,Positive
RV02666,O02103,C01047,3,Food was okay but delivery took some time.,Neutral,food was okay but delivery took some time,Positive
RV02667,O08683,C01102,1,"Terrible experience, food arrived very late.",Negative,terrible experience food arrived very late,Negative
RV02668,O08996,C01578,3,"Average experience, nothing special.",Neutral,average experience nothing special,Negative
RV02669,O09274,C01691,3,Food was okay but delivery took some time.,Neutral,food was okay but delivery took some time,Positive
RV02670,O08998,C00456,2,Not happy with the delivery experience.,Negative,not happy with the delivery experience,Negative
RV02671,O05553,C01810,3,Food was decent but could have been better.,Neutral,food was decent but could have been better,Positive
RV02672,O09272,C01311,5,Amazing food and great delivery experience.,Positive,amazing food and great delivery experience,Positive
RV02673,O00326,C01932,5,Everything was perfect and arrived on time.,Positive,everything was perfect and arrived on time,Positive
RV02674,O03453,C01146,5,Amazing food and great delivery experience.,Positive,amazing food and great delivery experience,Positive
RV02675,O01483,C00962,5,Food was excellent and delivery was very quick.,Positive,food was excellent and delivery was very quick,Positive
RV02676,O06835,C01820,5,Amazing food and great delivery experience.,Positive,amazing food and great delivery experience,Positive
RV02677,O03816,C00963,2,Delivery was late and the food was not very good.,Negative,delivery was late and the food was not very good,Negative
RV02678,O02183,C01401,1,"Terrible experience, food arrived very late.",Negative,terrible experience food arrived very late,Negative
RV02679,O07425,C00969,2,Food was cold when it arrived.,Negative,food was cold when it arrived,Neutral
RV02680,O03187,C01670,4,Food was tasty and delivery was smooth.,Positive,food was tasty and delivery was smooth,Neutral
RV02681,O05060,C00893,5,Food was excellent and delivery was very quick.,Positive,food was excellent and delivery was very quick,Positive
RV02682,O03488,C01785,4,Food was tasty and delivery was smooth.,Positive,food was tasty and delivery was smooth,Neutral
RV02683,O04162,C00360,5,Food was excellent and delivery was very quick.,Positive,food was excellent and delivery was very quick,Positive
RV02684,O01187,C00106,1,"Terrible experience, food arrived very late.",Negative,terrible experience food arrived very late,Negative
RV02685,O03697,C00518,5,Everything was perfect and arrived on time.,Positive,everything was perfect and arrived on time,Positive
RV02686,O09616,C01233,5,Food was excellent and delivery was very quick.,Positive,food was excellent and delivery was very quick,Positive
RV02687,O00451,C00816,4,Really good experience overall.,Positive,really good experience overall,Positive
RV02688,O07543,C01529,3,Food was decent but could have been better.,Neutral,food was decent but could have been better,Positive
RV02689,O01308,C01825,5,Everything was perfect and arrived on time.,Positive,everything was perfect and arrived on time,Positive
RV02690,O07686,C01904,3,The order was fine overall.,Neutral,the order was fine overall,Positive
RV02691,O00977,C01262,5,Food was excellent and delivery was very quick.,Positive,food was excellent and delivery was very quick,Positive
RV02692,O05520,C00486,5,Amazing food and great delivery experience.,Positive,amazing food and great delivery experience,Positive
RV02693,O07020,C01998,5,"Loved the food, would definitely order again.",Positive,loved the food would definitely order again,Positive
RV02694,O01442,C01092,5,Food was excellent and delivery was very quick.,Positive,food was excellent and delivery was very quick,Positive
RV02695,O02791,C01372,4,Really good experience overall.,Positive,really good experience overall,Positive
RV02696,O07672,C00580,5,"Loved the food, would definitely order again.",Positive,loved the food would definitely order again,Positive
RV02697,O03044,C01991,1,"Terrible experience, food arrived very late.",Negative,terrible experience food arrived very late,Negative
RV02698,O03500,C00211,1,"Terrible experience, food arrived very late.",Negative,terrible experience food arrived very late,Negative
RV02699,O04552,C00055,5,Everything was perfect and arrived on time.,Positive,everything was perfect and arrived on time,Positive
RV02700,O01375,C00464,3,Food was decent but could have been better.,Neutral,food was decent but could have been better,Positive
RV02701,O05370,C01823,5,Everything was perfect and arrived on time.,Positive,everything was perfect and arrived on time,Positive
RV02702,O01828,C00861,4,Food was tasty and delivery was smooth.,Positive,food was tasty and delivery was smooth,Neutral
RV02703,O03364,C00371,5,Everything was perfect and arrived on time.,Positive,everything was perfect and arrived on time,Positive
RV02704,O07041,C00977,2,Delivery was late and the food was not very good.,Negative,delivery was late and the food was not very good,Negative
RV02705,O07904,C00747,2,The order was delayed and disappointing.,Negative,the order was delayed and disappointing,Negative
RV02706,O08626,C01447,4,Really good experience overall.,Positive,really good experience overall,Positive
RV02707,O02832,C01724,1,"Very poor service, would not order again.",Negative,very poor service would not order again,Negative
RV02708,O03547,C01987,3,"Average experience, nothing special.",Neutral,average experience nothing special,Negative
RV02709,O04839,C00172,2,The order was delayed and disappointing.,Negative,the order was delayed and disappointing,Negative
RV02710,O05202,C01964,3,Food was okay but delivery took some time.,Neutral,food was okay but delivery took some time,Positive
RV02711,O01189,C00215,5,Amazing food and great delivery experience.,Positive,amazing food and great delivery experience,Positive
RV02712,O06192,C00789,5,Everything was perfect and arrived on time.,Positive,everything was perfect and arrived on time,Positive
RV02713,O04059,C01231,4,Really good experience overall.,Positive,really good experience overall,Positive
RV02714,O06013,C00158,5,"Loved the food, would definitely order again.",Positive,loved the food would definitely order again,Positive
RV02715,O03936,C01790,1,"Terrible experience, food arrived very late.",Negative,terrible experience food arrived very late,Negative
RV02716,O02634,C00942,5,Food was excellent and delivery was very quick.,Positive,food was excellent and delivery was very quick,Positive
RV02717,O04372,C00760,5,"Loved the food, would definitely order again.",Positive,loved the food would definitely order again,Positive
RV02718,O05254,C01483,4,Food was tasty and delivery was smooth.,Positive,food was tasty and delivery was smooth,Neutral
RV02719,O09125,C01645,5,Food was excellent and delivery was very quick.,Positive,food was excellent and delivery was very quick,Positive
RV02720,O05481,C01025,5,"Loved the food, would definitely order again.",Positive,loved the food would definitely order again,Positive
RV02721,O01795,C00056,3,Food was decent but could have been better.,Neutral,food was decent but could have been better,Positive
RV02722,O02249,C00120,2,Food was cold when it arrived.,Negative,food was cold when it arrived,Neutral
RV02723,O05949,C01968,4,"Good service, just a minor delay.",Positive,good service just a minor delay,Positive
RV02724,O05091,C00834,1,"Very poor service, would not order again.",Negative,very poor service would not order again,Negative
RV02725,O09666,C00215,4,"Good service, just a minor delay.",Positive,good service just a minor delay,Positive
RV02726,O09091,C00995,5,Amazing food and great delivery experience.,Positive,amazing food and great delivery experience,Positive
RV02727,O01055,C00383,5,"Loved the food, would definitely order again.",Positive,loved the food would definitely order again,Positive
RV02728,O03971,C00211,5,Food was excellent and delivery was very quick.,Positive,food was excellent and delivery was very quick,Positive
RV02729,O01312,C00465,3,The order was fine overall.,Neutral,the order was fine overall,Positive
RV02730,O04507,C01607,4,Good food and the delivery was on time.,Positive,good food and the delivery was on time,Positive
RV02731,O04553,C01050,3,Food was decent but could have been better.,Neutral,food was decent but could have been better,Positive
RV02732,O02301,C01877,1,Food was disappointing and delivery was extremely slow.,Negative,food was disappointing and delivery was extremely slow,Negative
RV02733,O01796,C01254,3,Food was decent but could have been better.,Neutral,food was decent but could have been better,Positive
RV02734,O02818,C01851,5,Amazing food and great delivery experience.,Positive,amazing food and great delivery experience,Positive
RV02735,O01691,C00439,4,Really good experience overall.,Positive,really good experience overall,Positive
RV02736,O00166,C00847,5,Everything was perfect and arrived on time.,Positive,everything was perfect and arrived on time,Positive
RV02737,O05894,C01521,5,Amazing food and great delivery experience.,Positive,amazing food and great delivery experience,Positive
RV02738,O01277,C01024,1,Very late delivery and the food was cold.,Negative,very late delivery and the food was cold,Neutral
RV02739,O04516,C01837,3,The order was fine overall.,Neutral,the order was fine overall,Positive
RV02740,O06766,C01412,5,Amazing food and great delivery experience.,Positive,amazing food and great delivery experience,Positive
RV02741,O08846,C00814,1,"Terrible experience, food arrived very late.",Negative,terrible experience food arrived very late,Negative
RV02742,O06701,C00405,5,Food was excellent and delivery was very quick.,Positive,food was excellent and delivery was very quick,Positive
RV02743,O05982,C00917,5,Food was excellent and delivery was very quick.,Positive,food was excellent and delivery was very quick,Positive
RV02744,O01980,C00776,2,Food was cold when it arrived.,Negative,food was cold when it arrived,Neutral
RV02745,O05740,C00584,4,Food was tasty and delivery was smooth.,Positive,food was tasty and delivery was smooth,Neutral
RV02746,O06929,C00308,5,"Loved the food, would definitely order again.",Positive,loved the food would definitely order again,Positive
RV02747,O09257,C01805,5,Everything was perfect and arrived on time.,Positive,everything was perfect and arrived on time,Positive
RV02748,O02054,C00016,5,"Loved the food, would definitely order again.",Positive,loved the food would definitely order again,Positive
RV02749,O06983,C00917,5,Food was excellent and delivery was very quick.,Positive,food was excellent and delivery was very quick,Positive
RV02750,O09658,C01976,1,"Very poor service, would not order again.",Negative,very poor service would not order again,Negative
RV02751,O07879,C01713,4,"Good service, just a minor delay.",Positive,good service just a minor delay,Positive
RV02752,O08952,C00983,3,"Average experience, nothing special.",Neutral,average experience nothing special,Negative
RV02753,O03667,C01512,2,Food was cold when it arrived.,Negative,food was cold when it arrived,Neutral
RV02754,O06775,C01429,3,Food was decent but could have been better.,Neutral,food was decent but could have been better,Positive
RV02755,O06770,C01571,5,Everything was perfect and arrived on time.,Positive,everything was perfect and arrived on time,Positive
RV02756,O01355,C00462,2,Not happy with the delivery experience.,Negative,not happy with the delivery experience,Negative
RV02757,O05567,C00794,3,Food was okay but delivery took some time.,Neutral,food was okay but delivery took some time,Positive
RV02758,O09602,C01323,3,"Average experience, nothing special.",Neutral,average experience nothing special,Negative
RV02759,O09770,C01531,2,The order was delayed and disappointing.,Negative,the order was delayed and disappointing,Negative
RV02760,O06114,C00423,2,Delivery was late and the food was not very good.,Negative,delivery was late and the food was not very good,Negative
RV02761,O00766,C00653,3,Food was decent but could have been better.,Neutral,food was decent but could have been better,Positive
RV02762,O06238,C00577,4,Good food and the delivery was on time.,Positive,good food and the delivery was on time,Positive
RV02763,O08880,C00796,4,Food was tasty and delivery was smooth.,Positive,food was tasty and delivery was smooth,Neutral
RV02764,O00522,C01413,5,Everything was perfect and arrived on time.,Positive,everything was perfect and arrived on time,Positive
RV02765,O08199,C01039,2,Delivery was late and the food was not very good.,Negative,delivery was late and the food was not very good,Negative
RV02766,O09055,C01145,1,Very late delivery and the food was cold.,Negative,very late delivery and the food was cold,Neutral
RV02767,O00421,C00269,5,Amazing food and great delivery experience.,Positive,amazing food and great delivery experience,Positive
RV02768,O01016,C00774,4,Really good experience overall.,Positive,really good experience overall,Positive
RV02769,O04907,C01530,2,Delivery was late and the food was not very good.,Negative,delivery was late and the food was not very good,Negative
RV02770,O07471,C00863,5,Food was excellent and delivery was very quick.,Positive,food was excellent and delivery was very quick,Positive
RV02771,O03901,C00985,3,"Average experience, nothing special.",Neutral,average experience nothing special,Negative
RV02772,O08750,C00295,5,Food was excellent and delivery was very quick.,Positive,food was excellent and delivery was very quick,Positive
RV02773,O09523,C01620,3,Food was decent but could have been better.,Neutral,food was decent but could have been better,Positive
RV02774,O01234,C00336,4,Good food and the delivery was on time.,Positive,good food and the delivery was on time,Positive
RV02775,O07829,C00242,4,"Good service, just a minor delay.",Positive,good service just a minor delay,Positive
RV02776,O04357,C00731,1,Very late delivery and the food was cold.,Negative,very late delivery and the food was cold,Neutral
RV02777,O03082,C01433,2,Food was cold when it arrived.,Negative,food was cold when it arrived,Neutral
RV02778,O05783,C00038,4,"Good service, just a minor delay.",Positive,good service just a minor delay,Positive
RV02779,O04308,C01947,1,"Very poor service, would not order again.",Negative,very poor service would not order again,Negative
RV02780,O02985,C01465,3,Food was okay but delivery took some time.,Neutral,food was okay but delivery took some time,Positive
RV02781,O01296,C00530,5,Food was excellent and delivery was very quick.,Positive,food was excellent and delivery was very quick,Positive
RV02782,O09802,C01187,5,"Loved the food, would definitely order again.",Positive,loved the food would definitely order again,Positive
RV02783,O04712,C00040,5,Amazing food and great delivery experience.,Positive,amazing food and great delivery experience,Positive
RV02784,O01282,C00382,1,"Terrible experience, food arrived very late.",Negative,terrible experience food arrived very late,Negative
RV02785,O03283,C01761,4,Really good experience overall.,Positive,really good experience overall,Positive
RV02786,O02486,C01543,5,"Loved the food, would definitely order again.",Positive,loved the food would definitely order again,Positive
RV02787,O08748,C01826,3,Food was decent but could have been better.,Neutral,food was decent but could have been better,Positive
RV02788,O01862,C01676,5,Everything was perfect and arrived on time.,Positive,everything was perfect and arrived on time,Positive
RV02789,O02320,C00792,1,"Very poor service, would not order again.",Negative,very poor service would not order again,Negative
RV02790,O05998,C00051,5,"Loved the food, would definitely order again.",Positive,loved the food would definitely order again,Positive
RV02791,O01436,C01140,1,Very late delivery and the food was cold.,Negative,very late delivery and the food was cold,Neutral
RV02792,O01473,C01670,3,The order was fine overall.,Neutral,the order was fine overall,Positive
RV02793,O09691,C01067,5,Amazing food and great delivery experience.,Positive,amazing food and great delivery experience,Positive
RV02794,O04257,C01602,4,Good food and the delivery was on time.,Positive,good food and the delivery was on time,Positive
RV02795,O08181,C00870,5,Everything was perfect and arrived on time.,Positive,everything was perfect and arrived on time,Positive
RV02796,O09597,C00651,3,Food was decent but could have been better.,Neutral,food was decent but could have been better,Positive
RV02797,O01072,C00830,5,Food was excellent and delivery was very quick.,Positive,food was excellent and delivery was very quick,Positive
RV02798,O02275,C01923,3,Food was decent but could have been better.,Neutral,food was decent but could have been better,Positive
RV02799,O02361,C00719,3,"Average experience, nothing special.",Neutral,average experience nothing special,Negative
RV02800,O06416,C00758,5,Amazing food and great delivery experience.,Positive,amazing food and great delivery experience,Positive
RV02801,O04617,C01272,5,Everything was perfect and arrived on time.,Positive,everything was perfect and arrived on time,Positive
RV02802,O02013,C00618,5,Amazing food and great delivery experience.,Positive,amazing food and great delivery experience,Positive
RV02803,O01007,C01992,3,"Average experience, nothing special.",Neutral,average experience nothing special,Negative
RV02804,O08945,C01170,5,Food was excellent and delivery was very quick.,Positive,food was excellent and delivery was very quick,Positive
RV02805,O02431,C01290,2,The order was delayed and disappointing.,Negative,the order was delayed and disappointing,Negative
RV02806,O09425,C00899,4,"Good service, just a minor delay.",Positive,good service just a minor delay,Positive
RV02807,O07785,C01519,3,"Average experience, nothing special.",Neutral,average experience nothing special,Negative
RV02808,O04707,C00959,2,Delivery was late and the food was not very good.,Negative,delivery was late and the food was not very good,Negative
RV02809,O06136,C00969,2,Not happy with the delivery experience.,Negative,not happy with the delivery experience,Negative
RV02810,O06650,C01630,3,Food was okay but delivery took some time.,Neutral,food was okay but delivery took some time,Positive
RV02811,O00769,C00196,3,"Average experience, nothing special.",Neutral,average experience nothing special,Negative
RV02812,O07318,C00135,3,The order was fine overall.,Neutral,the order was fine overall,Positive
RV02813,O07713,C00234,5,Everything was perfect and arrived on time.,Positive,everything was perfect and arrived on time,Positive
RV02814,O01469,C00493,4,"Good service, just a minor delay.",Positive,good service just a minor delay,Positive
RV02815,O06927,C01169,3,"Average experience, nothing special.",Neutral,average experience nothing special,Negative
RV02816,O06545,C01563,5,Amazing food and great delivery experience.,Positive,amazing food and great delivery experience,Positive
RV02817,O01276,C00929,3,Food was okay but delivery took some time.,Neutral,food was okay but delivery took some time,Positive
RV02818,O08368,C00814,5,Food was excellent and delivery was very quick.,Positive,food was excellent and delivery was very quick,Positive
RV02819,O07806,C00769,5,Food was excellent and delivery was very quick.,Positive,food was excellent and delivery was very quick,Positive
RV02820,O03389,C01545,4,Good food and the delivery was on time.,Positive,good food and the delivery was on time,Positive
RV02821,O04303,C01449,5,"Loved the food, would definitely order again.",Positive,loved the food would definitely order again,Positive
RV02822,O07088,C00206,5,"Loved the food, would definitely order again.",Positive,loved the food would definitely order again,Positive
RV02823,O09064,C00775,2,Food was cold when it arrived.,Negative,food was cold when it arrived,Neutral
RV02824,O04940,C00537,4,Food was tasty and delivery was smooth.,Positive,food was tasty and delivery was smooth,Neutral
RV02825,O05194,C00542,1,"Terrible experience, food arrived very late.",Negative,terrible experience food arrived very late,Negative
RV02826,O08921,C00525,4,Good food and the delivery was on time.,Positive,good food and the delivery was on time,Positive
RV02827,O01804,C01449,2,The order was delayed and disappointing.,Negative,the order was delayed and disappointing,Negative
RV02828,O09757,C01935,1,Very late delivery and the food was cold.,Negative,very late delivery and the food was cold,Neutral
RV02829,O07109,C00159,4,Really good experience overall.,Positive,really good experience overall,Positive
RV02830,O08590,C01000,2,Food was cold when it arrived.,Negative,food was cold when it arrived,Neutral
RV02831,O09158,C00347,5,Food was excellent and delivery was very quick.,Positive,food was excellent and delivery was very quick,Positive
RV02832,O00348,C00067,5,Food was excellent and delivery was very quick.,Positive,food was excellent and delivery was very quick,Positive
RV02833,O07130,C01873,5,Everything was perfect and arrived on time.,Positive,everything was perfect and arrived on time,Positive
RV02834,O00729,C01488,4,Food was tasty and delivery was smooth.,Positive,food was tasty and delivery was smooth,Neutral
RV02835,O02005,C00765,5,Food was excellent and delivery was very quick.,Positive,food was excellent and delivery was very quick,Positive
RV02836,O02574,C01923,5,"Loved the food, would definitely order again.",Positive,loved the food would definitely order again,Positive
RV02837,O09753,C00750,3,The order was fine overall.,Neutral,the order was fine overall,Positive
RV02838,O05699,C01387,1,"Very poor service, would not order again.",Negative,very poor service would not order again,Negative
RV02839,O08928,C01089,3,"Average experience, nothing special.",Neutral,average experience nothing special,Negative
RV02840,O07021,C00613,3,Food was decent but could have been better.,Neutral,food was decent but could have been better,Positive
RV02841,O08679,C01772,5,Amazing food and great delivery experience.,Positive,amazing food and great delivery experience,Positive
RV02842,O01844,C00806,2,Delivery was late and the food was not very good.,Negative,delivery was late and the food was not very good,Negative
RV02843,O04453,C01530,3,The order was fine overall.,Neutral,the order was fine overall,Positive
RV02844,O06436,C01983,5,Everything was perfect and arrived on time.,Positive,everything was perfect and arrived on time,Positive
RV02845,O06633,C01892,5,Everything was perfect and arrived on time.,Positive,everything was perfect and arrived on time,Positive
RV02846,O06046,C00895,2,Delivery was late and the food was not very good.,Negative,delivery was late and the food was not very good,Negative
RV02847,O00793,C01643,5,Food was excellent and delivery was very quick.,Positive,food was excellent and delivery was very quick,Positive
RV02848,O07734,C01311,2,The order was delayed and disappointing.,Negative,the order was delayed and disappointing,Negative
RV02849,O09639,C01507,4,Really good experience overall.,Positive,really good experience overall,Positive
RV02850,O01872,C01409,5,Food was excellent and delivery was very quick.,Positive,food was excellent and delivery was very quick,Positive
RV02851,O04945,C01947,2,Delivery was late and the food was not very good.,Negative,delivery was late and the food was not very good,Negative
RV02852,O03877,C01222,4,Food was tasty and delivery was smooth.,Positive,food was tasty and delivery was smooth,Neutral
RV02853,O03200,C01246,5,"Loved the food, would definitely order again.",Positive,loved the food would definitely order again,Positive
RV02854,O06306,C01768,5,"Loved the food, would definitely order again.",Positive,loved the food would definitely order again,Positive
RV02855,O06624,C00376,3,The order was fine overall.,Neutral,the order was fine overall,Positive
RV02856,O02992,C01553,5,Amazing food and great delivery experience.,Positive,amazing food and great delivery experience,Positive
RV02857,O06233,C00048,4,Food was tasty and delivery was smooth.,Positive,food was tasty and delivery was smooth,Neutral
RV02858,O08761,C00584,1,"Terrible experience, food arrived very late.",Negative,terrible experience food arrived very late,Negative
RV02859,O00275,C01075,4,Food was tasty and delivery was smooth.,Positive,food was tasty and delivery was smooth,Neutral
RV02860,O08409,C00556,2,Not happy with the delivery experience.,Negative,not happy with the delivery experience,Negative
RV02861,O09875,C00343,4,Good food and the delivery was on time.,Positive,good food and the delivery was on time,Positive
RV02862,O07969,C01038,5,"Loved the food, would definitely order again.",Positive,loved the food would definitely order again,Positive
RV02863,O08438,C01481,2,Delivery was late and the food was not very good.,Negative,delivery was late and the food was not very good,Negative
RV02864,O03730,C01509,2,Delivery was late and the food was not very good.,Negative,delivery was late and the food was not very good,Negative
RV02865,O07694,C00250,5,Amazing food and great delivery experience.,Positive,amazing food and great delivery experience,Positive
RV02866,O03885,C00687,4,Good food and the delivery was on time.,Positive,good food and the delivery was on time,Positive
RV02867,O03643,C01986,5,Everything was perfect and arrived on time.,Positive,everything was perfect and arrived on time,Positive
RV02868,O04709,C00992,3,The order was fine overall.,Neutral,the order was fine overall,Positive
RV02869,O07732,C01946,5,Everything was perfect and arrived on time.,Positive,everything was perfect and arrived on time,Positive
RV02870,O03034,C00872,2,Not happy with the delivery experience.,Negative,not happy with the delivery experience,Negative
RV02871,O00575,C00752,4,Good food and the delivery was on time.,Positive,good food and the delivery was on time,Positive
RV02872,O07948,C01411,1,Very late delivery and the food was cold.,Negative,very late delivery and the food was cold,Neutral
RV02873,O05154,C00633,3,Food was okay but delivery took some time.,Neutral,food was okay but delivery took some time,Positive
RV02874,O02902,C01794,5,Everything was perfect and arrived on time.,Positive,everything was perfect and arrived on time,Positive
RV02875,O08300,C00423,5,"Loved the food, would definitely order again.",Positive,loved the food would definitely order again,Positive
RV02876,O03171,C01811,5,"Loved the food, would definitely order again.",Positive,loved the food would definitely order again,Positive
RV02877,O02360,C01047,4,Good food and the delivery was on time.,Positive,good food and the delivery was on time,Positive
RV02878,O09844,C00711,4,Food was tasty and delivery was smooth.,Positive,food was tasty and delivery was smooth,Neutral
RV02879,O01280,C00244,3,Food was okay but delivery took some time.,Neutral,food was okay but delivery took some time,Positive
RV02880,O06448,C01450,4,Good food and the delivery was on time.,Positive,good food and the delivery was on time,Positive
RV02881,O04943,C00766,5,Food was excellent and delivery was very quick.,Positive,food was excellent and delivery was very quick,Positive
RV02882,O00397,C01044,5,Everything was perfect and arrived on time.,Positive,everything was perfect and arrived on time,Positive
RV02883,O05527,C00096,5,Food was excellent and delivery was very quick.,Positive,food was excellent and delivery was very quick,Positive
RV02884,O02083,C01329,5,"Loved the food, would definitely order again.",Positive,loved the food would definitely order again,Positive
RV02885,O03599,C01554,5,Everything was perfect and arrived on time.,Positive,everything was perfect and arrived on time,Positive
RV02886,O02495,C00904,3,Food was decent but could have been better.,Neutral,food was decent but could have been better,Positive
RV02887,O02906,C01328,4,Really good experience overall.,Positive,really good experience overall,Positive
RV02888,O01320,C01832,3,Food was okay but delivery took some time.,Neutral,food was okay but delivery took some time,Positive
RV02889,O04321,C01838,4,"Good service, just a minor delay.",Positive,good service just a minor delay,Positive
RV02890,O07801,C01405,3,"Average experience, nothing special.",Neutral,average experience nothing special,Negative
RV02891,O01682,C01453,3,"Average experience, nothing special.",Neutral,average experience nothing special,Negative
RV02892,O08813,C01382,4,"Good service, just a minor delay.",Positive,good service just a minor delay,Positive
RV02893,O02514,C00256,4,Good food and the delivery was on time.,Positive,good food and the delivery was on time,Positive
RV02894,O09393,C00678,4,"Good service, just a minor delay.",Positive,good service just a minor delay,Positive
RV02895,O06157,C01246,4,Food was tasty and delivery was smooth.,Positive,food was tasty and delivery was smooth,Neutral
RV02896,O01034,C01509,4,"Good service, just a minor delay.",Positive,good service just a minor delay,Positive
RV02897,O02712,C00726,2,The order was delayed and disappointing.,Negative,the order was delayed and disappointing,Negative
RV02898,O00170,C01533,5,"Loved the food, would definitely order again.",Positive,loved the food would definitely order again,Positive
RV02899,O02835,C00234,3,Food was decent but could have been better.,Neutral,food was decent but could have been better,Positive
RV02900,O04284,C00710,5,Food was excellent and delivery was very quick.,Positive,food was excellent and delivery was very quick,Positive
RV02901,O03820,C01638,4,Food was tasty and delivery was smooth.,Positive,food was tasty and delivery was smooth,Neutral
RV02902,O09385,C01913,4,Food was tasty and delivery was smooth.,Positive,food was tasty and delivery was smooth,Neutral
RV02903,O04695,C00426,5,Food was excellent and delivery was very quick.,Positive,food was excellent and delivery was very quick,Positive
RV02904,O00966,C01076,4,"Good service, just a minor delay.",Positive,good service just a minor delay,Positive
RV02905,O00121,C00069,1,"Very poor service, would not order again.",Negative,very poor service would not order again,Negative
RV02906,O04504,C00380,3,"Average experience, nothing special.",Neutral,average experience nothing special,Negative
RV02907,O08063,C00488,4,Food was tasty and delivery was smooth.,Positive,food was tasty and delivery was smooth,Neutral
RV02908,O09663,C01944,3,The order was fine overall.,Neutral,the order was fine overall,Positive
RV02909,O03601,C01501,3,The order was fine overall.,Neutral,the order was fine overall,Positive
RV02910,O05493,C01471,2,Food was cold when it arrived.,Negative,food was cold when it arrived,Neutral
RV02911,O06158,C00331,5,Everything was perfect and arrived on time.,Positive,everything was perfect and arrived on time,Positive
RV02912,O08863,C00930,4,Food was tasty and delivery was smooth.,Positive,food was tasty and delivery was smooth,Neutral
RV02913,O03321,C00360,5,Food was excellent and delivery was very quick.,Positive,food was excellent and delivery was very quick,Positive
RV02914,O03016,C00042,4,Good food and the delivery was on time.,Positive,good food and the delivery was on time,Positive
RV02915,O09538,C01901,4,Really good experience overall.,Positive,really good experience overall,Positive
RV02916,O09415,C01946,3,"Average experience, nothing special.",Neutral,average experience nothing special,Negative
RV02917,O07224,C00602,4,Good food and the delivery was on time.,Positive,good food and the delivery was on time,Positive
RV02918,O02776,C01910,1,Very late delivery and the food was cold.,Negative,very late delivery and the food was cold,Neutral
RV02919,O07630,C00138,3,"Average experience, nothing special.",Neutral,average experience nothing special,Negative
RV02920,O00859,C00035,3,The order was fine overall.,Neutral,the order was fine overall,Positive
RV02921,O09878,C01146,4,Good food and the delivery was on time.,Positive,good food and the delivery was on time,Positive
RV02922,O04199,C01271,3,The order was fine overall.,Neutral,the order was fine overall,Positive
RV02923,O00779,C00818,5,Food was excellent and delivery was very quick.,Positive,food was excellent and delivery was very quick,Positive
RV02924,O00258,C00568,1,Very late delivery and the food was cold.,Negative,very late delivery and the food was cold,Neutral
RV02925,O02805,C01736,3,Food was decent but could have been better.,Neutral,food was decent but could have been better,Positive
RV02926,O09175,C00699,1,Food was disappointing and delivery was extremely slow.,Negative,food was disappointing and delivery was extremely slow,Negative
RV02927,O04850,C00332,4,Good food and the delivery was on time.,Positive,good food and the delivery was on time,Positive
RV02928,O06864,C00240,5,Everything was perfect and arrived on time.,Positive,everything was perfect and arrived on time,Positive
RV02929,O07568,C01358,4,Food was tasty and delivery was smooth.,Positive,food was tasty and delivery was smooth,Neutral
RV02930,O02180,C00346,1,Food was disappointing and delivery was extremely slow.,Negative,food was disappointing and delivery was extremely slow,Negative
RV02931,O06574,C00915,2,Not happy with the delivery experience.,Negative,not happy with the delivery experience,Negative
RV02932,O04541,C00736,3,Food was okay but delivery took some time.,Neutral,food was okay but delivery took some time,Positive
RV02933,O08357,C00979,3,"Average experience, nothing special.",Neutral,average experience nothing special,Negative
RV02934,O01779,C01448,5,Amazing food and great delivery experience.,Positive,amazing food and great delivery experience,Positive
RV02935,O01174,C01165,5,"Loved the food, would definitely order again.",Positive,loved the food would definitely order again,Positive
RV02936,O03331,C01992,5,Amazing food and great delivery experience.,Positive,amazing food and great delivery experience,Positive
RV02937,O06826,C01042,2,Delivery was late and the food was not very good.,Negative,delivery was late and the food was not very good,Negative
RV02938,O05033,C01253,4,Really good experience overall.,Positive,really good experience overall,Positive
RV02939,O09218,C01906,2,Not happy with the delivery experience.,Negative,not happy with the delivery experience,Negative
RV02940,O04008,C00492,4,Really good experience overall.,Positive,really good experience overall,Positive
RV02941,O03616,C01816,2,Food was cold when it arrived.,Negative,food was cold when it arrived,Neutral
RV02942,O05105,C00112,5,Everything was perfect and arrived on time.,Positive,everything was perfect and arrived on time,Positive
RV02943,O06453,C00249,5,Everything was perfect and arrived on time.,Positive,everything was perfect and arrived on time,Positive
RV02944,O04615,C00711,5,"Loved the food, would definitely order again.",Positive,loved the food would definitely order again,Positive
RV02945,O08582,C00132,1,Very late delivery and the food was cold.,Negative,very late delivery and the food was cold,Neutral
RV02946,O06098,C01367,2,Delivery was late and the food was not very good.,Negative,delivery was late and the food was not very good,Negative
RV02947,O05824,C01209,5,Food was excellent and delivery was very quick.,Positive,food was excellent and delivery was very quick,Positive
RV02948,O09042,C00681,4,Food was tasty and delivery was smooth.,Positive,food was tasty and delivery was smooth,Neutral
RV02949,O07954,C01660,4,Good food and the delivery was on time.,Positive,good food and the delivery was on time,Positive
RV02950,O04451,C01364,4,Really good experience overall.,Positive,really good experience overall,Positive
RV02951,O03469,C01597,3,The order was fine overall.,Neutral,the order was fine overall,Positive
RV02952,O07521,C00816,5,"Loved the food, would definitely order again.",Positive,loved the food would definitely order again,Positive
RV02953,O05899,C01577,4,Food was tasty and delivery was smooth.,Positive,food was tasty and delivery was smooth,Neutral
RV02954,O04275,C00381,4,Food was tasty and delivery was smooth.,Positive,food was tasty and delivery was smooth,Neutral
RV02955,O03538,C01583,3,"Average experience, nothing special.",Neutral,average experience nothing special,Negative
RV02956,O01249,C01664,4,Food was tasty and delivery was smooth.,Positive,food was tasty and delivery was smooth,Neutral
RV02957,O08802,C00158,2,Not happy with the delivery experience.,Negative,not happy with the delivery experience,Negative
RV02958,O00725,C00739,2,The order was delayed and disappointing.,Negative,the order was delayed and disappointing,Negative
RV02959,O02592,C01468,1,Food was disappointing and delivery was extremely slow.,Negative,food was disappointing and delivery was extremely slow,Negative
RV02960,O03706,C01995,3,The order was fine overall.,Neutral,the order was fine overall,Positive
RV02961,O06963,C00166,1,Food was disappointing and delivery was extremely slow.,Negative,food was disappointing and delivery was extremely slow,Negative
RV02962,O08902,C01149,4,Really good experience overall.,Positive,really good experience overall,Positive
RV02963,O04151,C01882,1,Very late delivery and the food was cold.,Negative,very late delivery and the food was cold,Neutral
RV02964,O03579,C01723,2,The order was delayed and disappointing.,Negative,the order was delayed and disappointing,Negative
RV02965,O09652,C01451,4,Good food and the delivery was on time.,Positive,good food and the delivery was on time,Positive
RV02966,O00899,C01115,3,"Average experience, nothing special.",Neutral,average experience nothing special,Negative
RV02967,O06462,C00336,2,Delivery was late and the food was not very good.,Negative,delivery was late and the food was not very good,Negative
RV02968,O09477,C01551,3,The order was fine overall.,Neutral,the order was fine overall,Positive
RV02969,O09978,C00488,1,Food was disappointing and delivery was extremely slow.,Negative,food was disappointing and delivery was extremely slow,Negative
RV02970,O03412,C00092,4,Really good experience overall.,Positive,really good experience overall,Positive
RV02971,O05224,C00521,4,Good food and the delivery was on time.,Positive,good food and the delivery was on time,Positive
RV02972,O09084,C01847,3,Food was decent but could have been better.,Neutral,food was decent but could have been better,Positive
RV02973,O00457,C00846,5,"Loved the food, would definitely order again.",Positive,loved the food would definitely order again,Positive
RV02974,O05126,C01703,2,Food was cold when it arrived.,Negative,food was cold when it arrived,Neutral
RV02975,O08008,C01846,5,Amazing food and great delivery experience.,Positive,amazing food and great delivery experience,Positive
RV02976,O09432,C01081,1,Food was disappointing and delivery was extremely slow.,Negative,food was disappointing and delivery was extremely slow,Negative
RV02977,O02012,C00428,4,Good food and the delivery was on time.,Positive,good food and the delivery was on time,Positive
RV02978,O05576,C01609,4,Food was tasty and delivery was smooth.,Positive,food was tasty and delivery was smooth,Neutral
RV02979,O07530,C01429,2,The order was delayed and disappointing.,Negative,the order was delayed and disappointing,Negative
RV02980,O01047,C01269,5,Amazing food and great delivery experience.,Positive,amazing food and great delivery experience,Positive
RV02981,O05454,C00935,4,Good food and the delivery was on time.,Positive,good food and the delivery was on time,Positive
RV02982,O08387,C01618,3,The order was fine overall.,Neutral,the order was fine overall,Positive
RV02983,O05546,C00771,5,Food was excellent and delivery was very quick.,Positive,food was excellent and delivery was very quick,Positive
RV02984,O08440,C01124,4,Good food and the delivery was on time.,Positive,good food and the delivery was on time,Positive
RV02985,O06812,C00724,4,"Good service, just a minor delay.",Positive,good service just a minor delay,Positive
RV02986,O06028,C01242,1,"Terrible experience, food arrived very late.",Negative,terrible experience food arrived very late,Negative
RV02987,O02609,C00385,4,Food was tasty and delivery was smooth.,Positive,food was tasty and delivery was smooth,Neutral
RV02988,O02027,C01037,4,Good food and the delivery was on time.,Positive,good food and the delivery was on time,Positive
RV02989,O09465,C00136,5,"Loved the food, would definitely order again.",Positive,loved the food would definitely order again,Positive
RV02990,O06232,C01826,5,"Loved the food, would definitely order again.",Positive,loved the food would definitely order again,Positive
RV02991,O04530,C01551,3,Food was decent but could have been better.,Neutral,food was decent but could have been better,Positive
RV02992,O06603,C01411,5,"Loved the food, would definitely order again.",Positive,loved the food would definitely order again,Positive
RV02993,O00143,C01342,2,The order was delayed and disappointing.,Negative,the order was delayed and disappointing,Negative
RV02994,O02590,C01136,5,Food was excellent and delivery was very quick.,Positive,food was excellent and delivery was very quick,Positive
RV02995,O09742,C00282,4,"Good service, just a minor delay.",Positive,good service just a minor delay,Positive
RV02996,O06454,C00891,1,"Very poor service, would not order again.",Negative,very poor service would not order again,Negative
RV02997,O06166,C01788,4,"Good service, just a minor delay.",Positive,good service just a minor delay,Positive
RV02998,O06612,C01533,4,Good food and the delivery was on time.,Positive,good food and the delivery was on time,Positive
RV02999,O00559,C01019,5,Everything was perfect and arrived on time.,Positive,everything was perfect and arrived on time,Positive
RV03000,O06934,C01762,5,Everything was perfect and arrived on time.,Positive,everything was perfect and arrived on time,Positive
RV03001,O01971,C00161,3,Food was decent but could have been better.,Neutral,food was decent but could have been better,Positive
RV03002,O01902,C01809,4,"Good service, just a minor delay.",Positive,good service just a minor delay,Positive
RV03003,O03410,C00153,5,Everything was perfect and arrived on time.,Positive,everything was perfect and arrived on time,Positive
RV03004,O07256,C00062,5,Everything was perfect and arrived on time.,Positive,everything was perfect and arrived on time,Positive
RV03005,O07522,C01818,3,The order was fine overall.,Neutral,the order was fine overall,Positive
RV03006,O00749,C00578,4,"Good service, just a minor delay.",Positive,good service just a minor delay,Positive
RV03007,O02881,C01001,4,Food was tasty and delivery was smooth.,Positive,food was tasty and delivery was smooth,Neutral
RV03008,O03160,C00592,3,Food was okay but delivery took some time.,Neutral,food was okay but delivery took some time,Positive
RV03009,O08990,C00799,4,"Good service, just a minor delay.",Positive,good service just a minor delay,Positive
RV03010,O08351,C01858,4,"Good service, just a minor delay.",Positive,good service just a minor delay,Positive
RV03011,O07340,C00855,1,Very late delivery and the food was cold.,Negative,very late delivery and the food was cold,Neutral
RV03012,O05473,C01537,4,Really good experience overall.,Positive,really good experience overall,Positive
RV03013,O03714,C00891,5,Everything was perfect and arrived on time.,Positive,everything was perfect and arrived on time,Positive
RV03014,O02834,C00719,4,Food was tasty and delivery was smooth.,Positive,food was tasty and delivery was smooth,Neutral
RV03015,O03108,C01639,4,"Good service, just a minor delay.",Positive,good service just a minor delay,Positive
RV03016,O03095,C01353,4,Food was tasty and delivery was smooth.,Positive,food was tasty and delivery was smooth,Neutral
RV03017,O08843,C00088,5,Amazing food and great delivery experience.,Positive,amazing food and great delivery experience,Positive
RV03018,O00722,C01233,4,Food was tasty and delivery was smooth.,Positive,food was tasty and delivery was smooth,Neutral
RV03019,O02162,C01132,4,Really good experience overall.,Positive,really good experience overall,Positive
RV03020,O01747,C01337,2,Delivery was late and the food was not very good.,Negative,delivery was late and the food was not very good,Negative
RV03021,O05664,C00810,4,Good food and the delivery was on time.,Positive,good food and the delivery was on time,Positive
RV03022,O05543,C00484,5,"Loved the food, would definitely order again.",Positive,loved the food would definitely order again,Positive
RV03023,O08579,C01030,5,Everything was perfect and arrived on time.,Positive,everything was perfect and arrived on time,Positive
RV03024,O00037,C01833,4,"Good service, just a minor delay.",Positive,good service just a minor delay,Positive
RV03025,O02484,C00481,5,Food was excellent and delivery was very quick.,Positive,food was excellent and delivery was very quick,Positive
RV03026,O07374,C00488,2,Food was cold when it arrived.,Negative,food was cold when it arrived,Neutral
RV03027,O01349,C01385,5,Everything was perfect and arrived on time.,Positive,everything was perfect and arrived on time,Positive
RV03028,O09335,C00712,1,"Terrible experience, food arrived very late.",Negative,terrible experience food arrived very late,Negative
RV03029,O09241,C01890,2,The order was delayed and disappointing.,Negative,the order was delayed and disappointing,Negative
RV03030,O01852,C00764,1,"Very poor service, would not order again.",Negative,very poor service would not order again,Negative
RV03031,O02888,C01904,5,Everything was perfect and arrived on time.,Positive,everything was perfect and arrived on time,Positive
RV03032,O08913,C01055,5,Food was excellent and delivery was very quick.,Positive,food was excellent and delivery was very quick,Positive
RV03033,O08688,C01189,4,"Good service, just a minor delay.",Positive,good service just a minor delay,Positive
RV03034,O03183,C01289,5,"Loved the food, would definitely order again.",Positive,loved the food would definitely order again,Positive
RV03035,O03468,C00844,5,Amazing food and great delivery experience.,Positive,amazing food and great delivery experience,Positive
RV03036,O03673,C00104,3,Food was decent but could have been better.,Neutral,food was decent but could have been better,Positive
RV03037,O06655,C01674,3,"Average experience, nothing special.",Neutral,average experience nothing special,Negative
RV03038,O00302,C01688,5,Food was excellent and delivery was very quick.,Positive,food was excellent and delivery was very quick,Positive
RV03039,O04688,C00799,4,"Good service, just a minor delay.",Positive,good service just a minor delay,Positive
RV03040,O02100,C01352,3,Food was decent but could have been better.,Neutral,food was decent but could have been better,Positive
RV03041,O09463,C00446,5,Everything was perfect and arrived on time.,Positive,everything was perfect and arrived on time,Positive
RV03042,O05788,C01400,4,Food was tasty and delivery was smooth.,Positive,food was tasty and delivery was smooth,Neutral
RV03043,O05037,C00916,2,Not happy with the delivery experience.,Negative,not happy with the delivery experience,Negative
RV03044,O06768,C01666,3,Food was okay but delivery took some time.,Neutral,food was okay but delivery took some time,Positive
RV03045,O00070,C00159,4,Food was tasty and delivery was smooth.,Positive,food was tasty and delivery was smooth,Neutral
RV03046,O07468,C00231,4,Really good experience overall.,Positive,really good experience overall,Positive
RV03047,O05796,C01242,2,Not happy with the delivery experience.,Negative,not happy with the delivery experience,Negative
RV03048,O09185,C00258,4,Good food and the delivery was on time.,Positive,good food and the delivery was on time,Positive
RV03049,O08267,C01837,4,Good food and the delivery was on time.,Positive,good food and the delivery was on time,Positive
RV03050,O06873,C00657,5,"Loved the food, would definitely order again.",Positive,loved the food would definitely order again,Positive
RV03051,O09999,C00126,1,Food was disappointing and delivery was extremely slow.,Negative,food was disappointing and delivery was extremely slow,Negative
RV03052,O03334,C01490,5,Food was excellent and delivery was very quick.,Positive,food was excellent and delivery was very quick,Positive
RV03053,O04735,C01272,2,Food was cold when it arrived.,Negative,food was cold when it arrived,Neutral
RV03054,O01793,C01218,5,Everything was perfect and arrived on time.,Positive,everything was perfect and arrived on time,Positive
RV03055,O04200,C00234,5,Food was excellent and delivery was very quick.,Positive,food was excellent and delivery was very quick,Positive
RV03056,O00694,C01292,5,Everything was perfect and arrived on time.,Positive,everything was perfect and arrived on time,Positive
RV03057,O02077,C00873,3,Food was okay but delivery took some time.,Neutral,food was okay but delivery took some time,Positive
RV03058,O05807,C00627,5,Amazing food and great delivery experience.,Positive,amazing food and great delivery experience,Positive
RV03059,O06656,C01905,3,Food was okay but delivery took some time.,Neutral,food was okay but delivery took some time,Positive
RV03060,O06731,C01699,4,Really good experience overall.,Positive,really good experience overall,Positive
RV03061,O04601,C01284,5,"Loved the food, would definitely order again.",Positive,loved the food would definitely order again,Positive
RV03062,O05412,C01500,5,Everything was perfect and arrived on time.,Positive,everything was perfect and arrived on time,Positive
RV03063,O04484,C01056,4,"Good service, just a minor delay.",Positive,good service just a minor delay,Positive
RV03064,O09450,C01462,4,Good food and the delivery was on time.,Positive,good food and the delivery was on time,Positive
RV03065,O00540,C00438,3,Food was okay but delivery took some time.,Neutral,food was okay but delivery took some time,Positive
RV03066,O09326,C01597,3,Food was decent but could have been better.,Neutral,food was decent but could have been better,Positive
RV03067,O08668,C00847,4,"Good service, just a minor delay.",Positive,good service just a minor delay,Positive
RV03068,O07189,C00019,1,"Terrible experience, food arrived very late.",Negative,terrible experience food arrived very late,Negative
RV03069,O07855,C00554,4,Food was tasty and delivery was smooth.,Positive,food was tasty and delivery was smooth,Neutral
RV03070,O06668,C01946,5,Everything was perfect and arrived on time.,Positive,everything was perfect and arrived on time,Positive
RV03071,O09447,C00029,2,Delivery was late and the food was not very good.,Negative,delivery was late and the food was not very good,Negative
RV03072,O07196,C00624,2,The order was delayed and disappointing.,Negative,the order was delayed and disappointing,Negative
RV03073,O05991,C00071,4,"Good service, just a minor delay.",Positive,good service just a minor delay,Positive
RV03074,O01815,C00046,4,"Good service, just a minor delay.",Positive,good service just a minor delay,Positive
RV03075,O05127,C01886,3,Food was decent but could have been better.,Neutral,food was decent but could have been better,Positive
RV03076,O08023,C00624,3,The order was fine overall.,Neutral,the order was fine overall,Positive
RV03077,O07386,C01004,4,Good food and the delivery was on time.,Positive,good food and the delivery was on time,Positive
RV03078,O00098,C00372,2,Not happy with the delivery experience.,Negative,not happy with the delivery experience,Negative
RV03079,O04281,C00456,5,Everything was perfect and arrived on time.,Positive,everything was perfect and arrived on time,Positive
RV03080,O00843,C01960,5,Everything was perfect and arrived on time.,Positive,everything was perfect and arrived on time,Positive
RV03081,O09397,C00791,3,Food was okay but delivery took some time.,Neutral,food was okay but delivery took some time,Positive
RV03082,O00162,C00466,5,Amazing food and great delivery experience.,Positive,amazing food and great delivery experience,Positive
RV03083,O09126,C01333,4,"Good service, just a minor delay.",Positive,good service just a minor delay,Positive
RV03084,O08714,C00458,5,Food was excellent and delivery was very quick.,Positive,food was excellent and delivery was very quick,Positive
RV03085,O04830,C01375,2,Not happy with the delivery experience.,Negative,not happy with the delivery experience,Negative
RV03086,O03057,C01925,5,Amazing food and great delivery experience.,Positive,amazing food and great delivery experience,Positive
RV03087,O06103,C01718,4,Food was tasty and delivery was smooth.,Positive,food was tasty and delivery was smooth,Neutral
RV03088,O06913,C00966,2,Delivery was late and the food was not very good.,Negative,delivery was late and the food was not very good,Negative
RV03089,O08999,C01712,2,Delivery was late and the food was not very good.,Negative,delivery was late and the food was not very good,Negative
RV03090,O01397,C00441,3,The order was fine overall.,Neutral,the order was fine overall,Positive
RV03091,O00295,C01834,4,"Good service, just a minor delay.",Positive,good service just a minor delay,Positive
RV03092,O03000,C01888,4,"Good service, just a minor delay.",Positive,good service just a minor delay,Positive
RV03093,O03890,C01285,4,Really good experience overall.,Positive,really good experience overall,Positive
RV03094,O02731,C01634,4,Good food and the delivery was on time.,Positive,good food and the delivery was on time,Positive
RV03095,O06990,C01294,5,"Loved the food, would definitely order again.",Positive,loved the food would definitely order again,Positive
RV03096,O09329,C01535,4,Good food and the delivery was on time.,Positive,good food and the delivery was on time,Positive
RV03097,O02442,C00649,3,The order was fine overall.,Neutral,the order was fine overall,Positive
RV03098,O07117,C01116,5,Food was excellent and delivery was very quick.,Positive,food was excellent and delivery was very quick,Positive
RV03099,O04905,C01740,3,Food was decent but could have been better.,Neutral,food was decent but could have been better,Positive
RV03100,O08034,C00441,5,Everything was perfect and arrived on time.,Positive,everything was perfect and arrived on time,Positive
RV03101,O02239,C01126,4,"Good service, just a minor delay.",Positive,good service just a minor delay,Positive
RV03102,O02058,C00651,3,Food was okay but delivery took some time.,Neutral,food was okay but delivery took some time,Positive
RV03103,O09146,C01004,4,Good food and the delivery was on time.,Positive,good food and the delivery was on time,Positive
RV03104,O05936,C00385,5,"Loved the food, would definitely order again.",Positive,loved the food would definitely order again,Positive
RV03105,O07275,C00178,1,"Very poor service, would not order again.",Negative,very poor service would not order again,Negative
RV03106,O02736,C01846,5,Amazing food and great delivery experience.,Positive,amazing food and great delivery experience,Positive
RV03107,O09517,C00500,3,Food was okay but delivery took some time.,Neutral,food was okay but delivery took some time,Positive
RV03108,O05044,C01901,5,Food was excellent and delivery was very quick.,Positive,food was excellent and delivery was very quick,Positive
RV03109,O08469,C01145,5,Everything was perfect and arrived on time.,Positive,everything was perfect and arrived on time,Positive
RV03110,O05610,C01514,1,Food was disappointing and delivery was extremely slow.,Negative,food was disappointing and delivery was extremely slow,Negative
RV03111,O08987,C00126,5,"Loved the food, would definitely order again.",Positive,loved the food would definitely order again,Positive
RV03112,O06101,C00175,4,Food was tasty and delivery was smooth.,Positive,food was tasty and delivery was smooth,Neutral
RV03113,O07338,C01026,5,Everything was perfect and arrived on time.,Positive,everything was perfect and arrived on time,Positive
RV03114,O04660,C01605,4,Food was tasty and delivery was smooth.,Positive,food was tasty and delivery was smooth,Neutral
RV03115,O06797,C01404,4,Really good experience overall.,Positive,really good experience overall,Positive
RV03116,O05058,C00106,4,Food was tasty and delivery was smooth.,Positive,food was tasty and delivery was smooth,Neutral
RV03117,O08995,C01702,5,Food was excellent and delivery was very quick.,Positive,food was excellent and delivery was very quick,Positive
RV03118,O02836,C00024,4,Food was tasty and delivery was smooth.,Positive,food was tasty and delivery was smooth,Neutral
RV03119,O06825,C00254,1,"Very poor service, would not order again.",Negative,very poor service would not order again,Negative
RV03120,O04486,C01198,5,"Loved the food, would definitely order again.",Positive,loved the food would definitely order again,Positive
RV03121,O07924,C00226,5,Amazing food and great delivery experience.,Positive,amazing food and great delivery experience,Positive
RV03122,O00312,C01952,2,The order was delayed and disappointing.,Negative,the order was delayed and disappointing,Negative
RV03123,O01725,C01148,5,"Loved the food, would definitely order again.",Positive,loved the food would definitely order again,Positive
RV03124,O01766,C01039,3,"Average experience, nothing special.",Neutral,average experience nothing special,Negative
RV03125,O07741,C00631,5,"Loved the food, would definitely order again.",Positive,loved the food would definitely order again,Positive
RV03126,O05092,C00717,5,Food was excellent and delivery was very quick.,Positive,food was excellent and delivery was very quick,Positive
RV03127,O00798,C01381,4,Good food and the delivery was on time.,Positive,good food and the delivery was on time,Positive
RV03128,O09804,C01723,5,Everything was perfect and arrived on time.,Positive,everything was perfect and arrived on time,Positive
RV03129,O09565,C00258,4,Really good experience overall.,Positive,really good experience overall,Positive
RV03130,O05118,C00058,5,"Loved the food, would definitely order again.",Positive,loved the food would definitely order again,Positive
RV03131,O08081,C00230,2,Food was cold when it arrived.,Negative,food was cold when it arrived,Neutral
RV03132,O09219,C00509,5,Amazing food and great delivery experience.,Positive,amazing food and great delivery experience,Positive
RV03133,O01304,C01305,2,The order was delayed and disappointing.,Negative,the order was delayed and disappointing,Negative
RV03134,O07081,C01631,2,Delivery was late and the food was not very good.,Negative,delivery was late and the food was not very good,Negative
RV03135,O09895,C00397,5,Food was excellent and delivery was very quick.,Positive,food was excellent and delivery was very quick,Positive
RV03136,O01678,C00995,5,Amazing food and great delivery experience.,Positive,amazing food and great delivery experience,Positive
RV03137,O00770,C00807,5,Amazing food and great delivery experience.,Positive,amazing food and great delivery experience,Positive
RV03138,O03856,C01882,4,Food was tasty and delivery was smooth.,Positive,food was tasty and delivery was smooth,Neutral
RV03139,O09553,C01803,3,The order was fine overall.,Neutral,the order was fine overall,Positive
RV03140,O04190,C01751,3,Food was okay but delivery took some time.,Neutral,food was okay but delivery took some time,Positive
RV03141,O01279,C00774,4,"Good service, just a minor delay.",Positive,good service just a minor delay,Positive
RV03142,O08834,C00480,3,Food was okay but delivery took some time.,Neutral,food was okay but delivery took some time,Positive
RV03143,O06212,C01864,3,"Average experience, nothing special.",Neutral,average experience nothing special,Negative
RV03144,O07163,C01473,4,Really good experience overall.,Positive,really good experience overall,Positive
RV03145,O00579,C00165,4,Good food and the delivery was on time.,Positive,good food and the delivery was on time,Positive
RV03146,O02299,C00638,5,Everything was perfect and arrived on time.,Positive,everything was perfect and arrived on time,Positive
RV03147,O00545,C01223,5,Everything was perfect and arrived on time.,Positive,everything was perfect and arrived on time,Positive
RV03148,O05163,C00378,1,"Terrible experience, food arrived very late.",Negative,terrible experience food arrived very late,Negative
RV03149,O00058,C01260,5,Everything was perfect and arrived on time.,Positive,everything was perfect and arrived on time,Positive
RV03150,O00593,C01101,5,"Loved the food, would definitely order again.",Positive,loved the food would definitely order again,Positive
RV03151,O04904,C01988,4,Food was tasty and delivery was smooth.,Positive,food was tasty and delivery was smooth,Neutral
RV03152,O06325,C00780,2,Delivery was late and the food was not very good.,Negative,delivery was late and the food was not very good,Negative
RV03153,O09971,C01740,4,Good food and the delivery was on time.,Positive,good food and the delivery was on time,Positive
RV03154,O08391,C01219,2,Food was cold when it arrived.,Negative,food was cold when it arrived,Neutral
RV03155,O08284,C01056,2,Delivery was late and the food was not very good.,Negative,delivery was late and the food was not very good,Negative
RV03156,O08232,C00986,5,Amazing food and great delivery experience.,Positive,amazing food and great delivery experience,Positive
RV03157,O01238,C00174,5,"Loved the food, would definitely order again.",Positive,loved the food would definitely order again,Positive
RV03158,O09414,C01948,2,Delivery was late and the food was not very good.,Negative,delivery was late and the food was not very good,Negative
RV03159,O05486,C01131,5,Everything was perfect and arrived on time.,Positive,everything was perfect and arrived on time,Positive
RV03160,O09700,C01228,2,Food was cold when it arrived.,Negative,food was cold when it arrived,Neutral
RV03161,O07004,C01889,4,Really good experience overall.,Positive,really good experience overall,Positive
RV03162,O01965,C01495,5,"Loved the food, would definitely order again.",Positive,loved the food would definitely order again,Positive
RV03163,O04269,C01239,2,The order was delayed and disappointing.,Negative,the order was delayed and disappointing,Negative
RV03164,O05594,C00627,3,"Average experience, nothing special.",Neutral,average experience nothing special,Negative
RV03165,O09302,C00458,5,Amazing food and great delivery experience.,Positive,amazing food and great delivery experience,Positive
RV03166,O07795,C00465,4,Food was tasty and delivery was smooth.,Positive,food was tasty and delivery was smooth,Neutral
RV03167,O06115,C01043,2,Not happy with the delivery experience.,Negative,not happy with the delivery experience,Negative
RV03168,O06788,C01489,2,Delivery was late and the food was not very good.,Negative,delivery was late and the food was not very good,Negative
RV03169,O09173,C00428,2,Not happy with the delivery experience.,Negative,not happy with the delivery experience,Negative
RV03170,O05362,C00515,4,Food was tasty and delivery was smooth.,Positive,food was tasty and delivery was smooth,Neutral
RV03171,O05763,C01266,3,Food was okay but delivery took some time.,Neutral,food was okay but delivery took some time,Positive
RV03172,O00527,C00265,5,"Loved the food, would definitely order again.",Positive,loved the food would definitely order again,Positive
RV03173,O05203,C01817,4,Food was tasty and delivery was smooth.,Positive,food was tasty and delivery was smooth,Neutral
RV03174,O01359,C00122,3,The order was fine overall.,Neutral,the order was fine overall,Positive
RV03175,O06283,C01034,3,Food was okay but delivery took some time.,Neutral,food was okay but delivery took some time,Positive
RV03176,O07915,C00952,4,Good food and the delivery was on time.,Positive,good food and the delivery was on time,Positive
RV03177,O06496,C00845,3,Food was okay but delivery took some time.,Neutral,food was okay but delivery took some time,Positive
RV03178,O07666,C00162,3,The order was fine overall.,Neutral,the order was fine overall,Positive
RV03179,O00430,C01300,4,"Good service, just a minor delay.",Positive,good service just a minor delay,Positive
RV03180,O07428,C00181,4,Food was tasty and delivery was smooth.,Positive,food was tasty and delivery was smooth,Neutral
RV03181,O09448,C01530,2,Food was cold when it arrived.,Negative,food was cold when it arrived,Neutral
RV03182,O05237,C01487,4,Really good experience overall.,Positive,really good experience overall,Positive
RV03183,O03566,C00684,3,"Average experience, nothing special.",Neutral,average experience nothing special,Negative
RV03184,O01381,C00698,4,Good food and the delivery was on time.,Positive,good food and the delivery was on time,Positive
RV03185,O05826,C00646,3,The order was fine overall.,Neutral,the order was fine overall,Positive
RV03186,O01490,C00939,4,Really good experience overall.,Positive,really good experience overall,Positive
RV03187,O02768,C00724,5,Food was excellent and delivery was very quick.,Positive,food was excellent and delivery was very quick,Positive
RV03188,O02044,C00414,5,Food was excellent and delivery was very quick.,Positive,food was excellent and delivery was very quick,Positive
RV03189,O09510,C01999,5,"Loved the food, would definitely order again.",Positive,loved the food would definitely order again,Positive
RV03190,O02924,C01041,4,Food was tasty and delivery was smooth.,Positive,food was tasty and delivery was smooth,Neutral
RV03191,O02273,C00271,3,"Average experience, nothing special.",Neutral,average experience nothing special,Negative
RV03192,O07817,C01038,4,"Good service, just a minor delay.",Positive,good service just a minor delay,Positive
RV03193,O06409,C00642,5,Food was excellent and delivery was very quick.,Positive,food was excellent and delivery was very quick,Positive
RV03194,O02310,C01426,5,Everything was perfect and arrived on time.,Positive,everything was perfect and arrived on time,Positive
RV03195,O02427,C01971,5,Amazing food and great delivery experience.,Positive,amazing food and great delivery experience,Positive
RV03196,O05359,C01699,5,"Loved the food, would definitely order again.",Positive,loved the food would definitely order again,Positive
RV03197,O04944,C00959,5,Everything was perfect and arrived on time.,Positive,everything was perfect and arrived on time,Positive
RV03198,O05774,C01549,3,The order was fine overall.,Neutral,the order was fine overall,Positive
RV03199,O03316,C01796,4,Really good experience overall.,Positive,really good experience overall,Positive
RV03200,O09592,C00339,5,"Loved the food, would definitely order again.",Positive,loved the food would definitely order again,Positive
RV03201,O05345,C01448,4,"Good service, just a minor delay.",Positive,good service just a minor delay,Positive
RV03202,O07293,C01913,3,Food was decent but could have been better.,Neutral,food was decent but could have been better,Positive
RV03203,O04164,C01942,5,"Loved the food, would definitely order again.",Positive,loved the food would definitely order again,Positive
RV03204,O06642,C01812,3,Food was decent but could have been better.,Neutral,food was decent but could have been better,Positive
RV03205,O09217,C00143,3,"Average experience, nothing special.",Neutral,average experience nothing special,Negative
RV03206,O01730,C00180,4,Good food and the delivery was on time.,Positive,good food and the delivery was on time,Positive
RV03207,O04468,C00161,3,Food was decent but could have been better.,Neutral,food was decent but could have been better,Positive
RV03208,O04195,C00623,5,Amazing food and great delivery experience.,Positive,amazing food and great delivery experience,Positive
RV03209,O01508,C01988,4,"Good service, just a minor delay.",Positive,good service just a minor delay,Positive
RV03210,O00142,C01776,4,"Good service, just a minor delay.",Positive,good service just a minor delay,Positive
RV03211,O09882,C00115,4,Food was tasty and delivery was smooth.,Positive,food was tasty and delivery was smooth,Neutral
RV03212,O08672,C01771,2,Delivery was late and the food was not very good.,Negative,delivery was late and the food was not very good,Negative
RV03213,O02723,C00498,1,Food was disappointing and delivery was extremely slow.,Negative,food was disappointing and delivery was extremely slow,Negative
RV03214,O01404,C00623,4,"Good service, just a minor delay.",Positive,good service just a minor delay,Positive
RV03215,O06062,C01942,5,Amazing food and great delivery experience.,Positive,amazing food and great delivery experience,Positive
RV03216,O02169,C01845,2,The order was delayed and disappointing.,Negative,the order was delayed and disappointing,Negative
RV03217,O06849,C00763,1,Food was disappointing and delivery was extremely slow.,Negative,food was disappointing and delivery was extremely slow,Negative
RV03218,O02722,C01514,2,Not happy with the delivery experience.,Negative,not happy with the delivery experience,Negative
RV03219,O06054,C01860,5,Everything was perfect and arrived on time.,Positive,everything was perfect and arrived on time,Positive
RV03220,O08906,C00489,5,Amazing food and great delivery experience.,Positive,amazing food and great delivery experience,Positive
RV03221,O04462,C01162,5,Amazing food and great delivery experience.,Positive,amazing food and great delivery experience,Positive
RV03222,O04640,C00069,5,Amazing food and great delivery experience.,Positive,amazing food and great delivery experience,Positive
RV03223,O04365,C00830,4,"Good service, just a minor delay.",Positive,good service just a minor delay,Positive
RV03224,O04519,C00031,5,"Loved the food, would definitely order again.",Positive,loved the food would definitely order again,Positive
RV03225,O09313,C00379,3,Food was decent but could have been better.,Neutral,food was decent but could have been better,Positive
RV03226,O03853,C00484,4,Really good experience overall.,Positive,really good experience overall,Positive
RV03227,O01096,C00935,3,Food was okay but delivery took some time.,Neutral,food was okay but delivery took some time,Positive
RV03228,O01548,C00864,5,Amazing food and great delivery experience.,Positive,amazing food and great delivery experience,Positive
RV03229,O04759,C00074,5,Everything was perfect and arrived on time.,Positive,everything was perfect and arrived on time,Positive
RV03230,O06374,C00797,4,Really good experience overall.,Positive,really good experience overall,Positive
RV03231,O04611,C00085,4,Good food and the delivery was on time.,Positive,good food and the delivery was on time,Positive
RV03232,O09741,C00090,4,Food was tasty and delivery was smooth.,Positive,food was tasty and delivery was smooth,Neutral
RV03233,O05397,C01471,1,"Very poor service, would not order again.",Negative,very poor service would not order again,Negative
RV03234,O01731,C01121,4,"Good service, just a minor delay.",Positive,good service just a minor delay,Positive
RV03235,O07841,C00085,5,"Loved the food, would definitely order again.",Positive,loved the food would definitely order again,Positive
RV03236,O09345,C00392,2,Delivery was late and the food was not very good.,Negative,delivery was late and the food was not very good,Negative
RV03237,O04348,C00448,5,Amazing food and great delivery experience.,Positive,amazing food and great delivery experience,Positive
RV03238,O00317,C00168,4,Food was tasty and delivery was smooth.,Positive,food was tasty and delivery was smooth,Neutral
RV03239,O08603,C01406,3,The order was fine overall.,Neutral,the order was fine overall,Positive
RV03240,O06938,C00932,5,Amazing food and great delivery experience.,Positive,amazing food and great delivery experience,Positive
RV03241,O04567,C01363,1,Very late delivery and the food was cold.,Negative,very late delivery and the food was cold,Neutral
RV03242,O05000,C01935,5,Amazing food and great delivery experience.,Positive,amazing food and great delivery experience,Positive
RV03243,O00193,C01302,2,The order was delayed and disappointing.,Negative,the order was delayed and disappointing,Negative
RV03244,O03824,C00849,1,"Very poor service, would not order again.",Negative,very poor service would not order again,Negative
RV03245,O02332,C01265,5,Food was excellent and delivery was very quick.,Positive,food was excellent and delivery was very quick,Positive
RV03246,O09852,C00281,1,"Very poor service, would not order again.",Negative,very poor service would not order again,Negative
RV03247,O02376,C00500,4,Really good experience overall.,Positive,really good experience overall,Positive
RV03248,O03186,C01422,5,Amazing food and great delivery experience.,Positive,amazing food and great delivery experience,Positive
RV03249,O03230,C01984,4,Food was tasty and delivery was smooth.,Positive,food was tasty and delivery was smooth,Neutral
RV03250,O06738,C01332,2,Food was cold when it arrived.,Negative,food was cold when it arrived,Neutral
RV03251,O02343,C00303,3,Food was decent but could have been better.,Neutral,food was decent but could have been better,Positive
RV03252,O01772,C01265,4,Food was tasty and delivery was smooth.,Positive,food was tasty and delivery was smooth,Neutral
RV03253,O05758,C00194,1,Food was disappointing and delivery was extremely slow.,Negative,food was disappointing and delivery was extremely slow,Negative
RV03254,O09560,C01500,4,Food was tasty and delivery was smooth.,Positive,food was tasty and delivery was smooth,Neutral
RV03255,O08352,C01091,4,"Good service, just a minor delay.",Positive,good service just a minor delay,Positive
RV03256,O06261,C01106,3,"Average experience, nothing special.",Neutral,average experience nothing special,Negative
RV03257,O00745,C00408,4,"Good service, just a minor delay.",Positive,good service just a minor delay,Positive
RV03258,O08116,C01867,4,Really good experience overall.,Positive,really good experience overall,Positive
RV03259,O09395,C01450,4,Food was tasty and delivery was smooth.,Positive,food was tasty and delivery was smooth,Neutral
RV03260,O07142,C00344,5,Food was excellent and delivery was very quick.,Positive,food was excellent and delivery was very quick,Positive
RV03261,O03623,C00125,4,Good food and the delivery was on time.,Positive,good food and the delivery was on time,Positive
RV03262,O00501,C01156,3,"Average experience, nothing special.",Neutral,average experience nothing special,Negative
RV03263,O00291,C01686,4,"Good service, just a minor delay.",Positive,good service just a minor delay,Positive
RV03264,O00296,C00923,1,"Terrible experience, food arrived very late.",Negative,terrible experience food arrived very late,Negative
RV03265,O09353,C00934,4,"Good service, just a minor delay.",Positive,good service just a minor delay,Positive
RV03266,O00222,C01858,1,"Terrible experience, food arrived very late.",Negative,terrible experience food arrived very late,Negative
RV03267,O00393,C01484,5,"Loved the food, would definitely order again.",Positive,loved the food would definitely order again,Positive
RV03268,O02624,C00915,2,Food was cold when it arrived.,Negative,food was cold when it arrived,Neutral
RV03269,O08448,C01342,5,Amazing food and great delivery experience.,Positive,amazing food and great delivery experience,Positive
RV03270,O00424,C00316,4,Really good experience overall.,Positive,really good experience overall,Positive
RV03271,O04638,C00679,2,Not happy with the delivery experience.,Negative,not happy with the delivery experience,Negative
RV03272,O09258,C01822,4,Food was tasty and delivery was smooth.,Positive,food was tasty and delivery was smooth,Neutral
RV03273,O09970,C01695,4,"Good service, just a minor delay.",Positive,good service just a minor delay,Positive
RV03274,O00282,C01281,4,Good food and the delivery was on time.,Positive,good food and the delivery was on time,Positive
RV03275,O05668,C01590,5,"Loved the food, would definitely order again.",Positive,loved the food would definitely order again,Positive
RV03276,O02654,C00703,4,Food was tasty and delivery was smooth.,Positive,food was tasty and delivery was smooth,Neutral
RV03277,O04000,C00761,3,"Average experience, nothing special.",Neutral,average experience nothing special,Negative
RV03278,O02877,C00296,4,Food was tasty and delivery was smooth.,Positive,food was tasty and delivery was smooth,Neutral
RV03279,O06456,C00703,5,Everything was perfect and arrived on time.,Positive,everything was perfect and arrived on time,Positive
RV03280,O08854,C00374,4,Good food and the delivery was on time.,Positive,good food and the delivery was on time,Positive
RV03281,O08297,C01767,2,The order was delayed and disappointing.,Negative,the order was delayed and disappointing,Negative
RV03282,O02388,C01177,5,Everything was perfect and arrived on time.,Positive,everything was perfect and arrived on time,Positive
RV03283,O06130,C01696,5,"Loved the food, would definitely order again.",Positive,loved the food would definitely order again,Positive
RV03284,O07873,C01169,5,"Loved the food, would definitely order again.",Positive,loved the food would definitely order again,Positive
RV03285,O00720,C00146,1,"Very poor service, would not order again.",Negative,very poor service would not order again,Negative
RV03286,O09083,C00213,5,Amazing food and great delivery experience.,Positive,amazing food and great delivery experience,Positive
RV03287,O07180,C00273,4,Good food and the delivery was on time.,Positive,good food and the delivery was on time,Positive
RV03288,O01255,C01095,3,Food was okay but delivery took some time.,Neutral,food was okay but delivery took some time,Positive
RV03289,O06430,C01003,2,Food was cold when it arrived.,Negative,food was cold when it arrived,Neutral
RV03290,O02675,C00046,4,Good food and the delivery was on time.,Positive,good food and the delivery was on time,Positive
RV03291,O08621,C01713,3,"Average experience, nothing special.",Neutral,average experience nothing special,Negative
RV03292,O05350,C01640,5,"Loved the food, would definitely order again.",Positive,loved the food would definitely order again,Positive
RV03293,O04893,C01867,4,Really good experience overall.,Positive,really good experience overall,Positive
RV03294,O06024,C00746,3,The order was fine overall.,Neutral,the order was fine overall,Positive
RV03295,O03829,C00442,2,Not happy with the delivery experience.,Negative,not happy with the delivery experience,Negative
RV03296,O02415,C00967,4,Good food and the delivery was on time.,Positive,good food and the delivery was on time,Positive
RV03297,O02889,C00342,4,Good food and the delivery was on time.,Positive,good food and the delivery was on time,Positive
RV03298,O00405,C00269,1,"Terrible experience, food arrived very late.",Negative,terrible experience food arrived very late,Negative
RV03299,O07461,C01857,5,"Loved the food, would definitely order again.",Positive,loved the food would definitely order again,Positive
RV03300,O03076,C00064,1,Food was disappointing and delivery was extremely slow.,Negative,food was disappointing and delivery was extremely slow,Negative
RV03301,O07289,C01756,4,Food was tasty and delivery was smooth.,Positive,food was tasty and delivery was smooth,Neutral
RV03302,O00699,C00748,3,The order was fine overall.,Neutral,the order was fine overall,Positive
RV03303,O01983,C01821,5,"Loved the food, would definitely order again.",Positive,loved the food would definitely order again,Positive
RV03304,O02647,C01830,4,Good food and the delivery was on time.,Positive,good food and the delivery was on time,Positive
RV03305,O00824,C00173,5,"Loved the food, would definitely order again.",Positive,loved the food would definitely order again,Positive
RV03306,O02330,C00504,5,Everything was perfect and arrived on time.,Positive,everything was perfect and arrived on time,Positive
RV03307,O07951,C00586,3,Food was decent but could have been better.,Neutral,food was decent but could have been better,Positive
RV03308,O07388,C01738,4,"Good service, just a minor delay.",Positive,good service just a minor delay,Positive
RV03309,O02786,C01040,4,Good food and the delivery was on time.,Positive,good food and the delivery was on time,Positive
RV03310,O02546,C01599,3,"Average experience, nothing special.",Neutral,average experience nothing special,Negative
RV03311,O04851,C01688,4,Food was tasty and delivery was smooth.,Positive,food was tasty and delivery was smooth,Neutral
RV03312,O09045,C01073,4,Food was tasty and delivery was smooth.,Positive,food was tasty and delivery was smooth,Neutral
RV03313,O02118,C01635,4,Really good experience overall.,Positive,really good experience overall,Positive
RV03314,O05940,C00825,3,"Average experience, nothing special.",Neutral,average experience nothing special,Negative
RV03315,O05491,C00294,1,"Terrible experience, food arrived very late.",Negative,terrible experience food arrived very late,Negative
RV03316,O05537,C00939,5,Food was excellent and delivery was very quick.,Positive,food was excellent and delivery was very quick,Positive
RV03317,O00872,C01546,3,Food was okay but delivery took some time.,Neutral,food was okay but delivery took some time,Positive
RV03318,O07645,C00578,2,Delivery was late and the food was not very good.,Negative,delivery was late and the food was not very good,Negative
RV03319,O00860,C01393,1,"Very poor service, would not order again.",Negative,very poor service would not order again,Negative
RV03320,O00588,C01987,4,Food was tasty and delivery was smooth.,Positive,food was tasty and delivery was smooth,Neutral
RV03321,O03726,C01888,4,"Good service, just a minor delay.",Positive,good service just a minor delay,Positive
RV03322,O08159,C00018,3,Food was okay but delivery took some time.,Neutral,food was okay but delivery took some time,Positive
RV03323,O08493,C00082,2,Food was cold when it arrived.,Negative,food was cold when it arrived,Neutral
RV03324,O01612,C01244,4,Really good experience overall.,Positive,really good experience overall,Positive
RV03325,O09430,C00830,5,Food was excellent and delivery was very quick.,Positive,food was excellent and delivery was very quick,Positive
RV03326,O04819,C00246,5,Everything was perfect and arrived on time.,Positive,everything was perfect and arrived on time,Positive
RV03327,O06120,C00837,4,"Good service, just a minor delay.",Positive,good service just a minor delay,Positive
RV03328,O07601,C00580,3,"Average experience, nothing special.",Neutral,average experience nothing special,Negative
RV03329,O08254,C01465,2,Food was cold when it arrived.,Negative,food was cold when it arrived,Neutral
RV03330,O07752,C01157,4,"Good service, just a minor delay.",Positive,good service just a minor delay,Positive
RV03331,O08062,C01683,4,"Good service, just a minor delay.",Positive,good service just a minor delay,Positive
RV03332,O00979,C00664,2,Not happy with the delivery experience.,Negative,not happy with the delivery experience,Negative
RV03333,O06551,C00087,5,Amazing food and great delivery experience.,Positive,amazing food and great delivery experience,Positive
RV03334,O07921,C01939,3,Food was decent but could have been better.,Neutral,food was decent but could have been better,Positive
RV03335,O04853,C01556,4,"Good service, just a minor delay.",Positive,good service just a minor delay,Positive
RV03336,O01528,C00121,2,Delivery was late and the food was not very good.,Negative,delivery was late and the food was not very good,Negative
RV03337,O06118,C00633,3,Food was decent but could have been better.,Neutral,food was decent but could have been better,Positive
RV03338,O08558,C01345,2,Not happy with the delivery experience.,Negative,not happy with the delivery experience,Negative
RV03339,O02383,C00068,5,Amazing food and great delivery experience.,Positive,amazing food and great delivery experience,Positive
RV03340,O06286,C01505,3,Food was decent but could have been better.,Neutral,food was decent but could have been better,Positive
RV03341,O09872,C01433,1,"Very poor service, would not order again.",Negative,very poor service would not order again,Negative
RV03342,O08877,C01728,4,Good food and the delivery was on time.,Positive,good food and the delivery was on time,Positive
RV03343,O09569,C01866,3,The order was fine overall.,Neutral,the order was fine overall,Positive
RV03344,O02218,C00016,3,Food was decent but could have been better.,Neutral,food was decent but could have been better,Positive
RV03345,O07881,C00701,3,Food was okay but delivery took some time.,Neutral,food was okay but delivery took some time,Positive
RV03346,O04378,C00842,3,The order was fine overall.,Neutral,the order was fine overall,Positive
RV03347,O07208,C01045,3,Food was okay but delivery took some time.,Neutral,food was okay but delivery took some time,Positive
RV03348,O01836,C01305,5,"Loved the food, would definitely order again.",Positive,loved the food would definitely order again,Positive
RV03349,O09841,C01353,4,Really good experience overall.,Positive,really good experience overall,Positive
RV03350,O05290,C00268,3,Food was okay but delivery took some time.,Neutral,food was okay but delivery took some time,Positive
RV03351,O05842,C01672,5,Food was excellent and delivery was very quick.,Positive,food was excellent and delivery was very quick,Positive
RV03352,O04464,C00332,3,"Average experience, nothing special.",Neutral,average experience nothing special,Negative
RV03353,O02313,C01516,2,The order was delayed and disappointing.,Negative,the order was delayed and disappointing,Negative
RV03354,O05719,C01180,4,Really good experience overall.,Positive,really good experience overall,Positive
RV03355,O08326,C00017,5,"Loved the food, would definitely order again.",Positive,loved the food would definitely order again,Positive
RV03356,O07228,C01204,4,Good food and the delivery was on time.,Positive,good food and the delivery was on time,Positive
RV03357,O09772,C00691,4,"Good service, just a minor delay.",Positive,good service just a minor delay,Positive
RV03358,O00024,C00717,4,Good food and the delivery was on time.,Positive,good food and the delivery was on time,Positive
RV03359,O09135,C00956,5,Amazing food and great delivery experience.,Positive,amazing food and great delivery experience,Positive
RV03360,O05702,C01717,5,Everything was perfect and arrived on time.,Positive,everything was perfect and arrived on time,Positive
RV03361,O04578,C00244,4,Good food and the delivery was on time.,Positive,good food and the delivery was on time,Positive
RV03362,O02501,C01298,4,"Good service, just a minor delay.",Positive,good service just a minor delay,Positive
RV03363,O04789,C00828,2,Not happy with the delivery experience.,Negative,not happy with the delivery experience,Negative
RV03364,O06684,C01096,1,"Very poor service, would not order again.",Negative,very poor service would not order again,Negative
RV03365,O08329,C00652,5,Everything was perfect and arrived on time.,Positive,everything was perfect and arrived on time,Positive
RV03366,O09069,C00058,5,Food was excellent and delivery was very quick.,Positive,food was excellent and delivery was very quick,Positive
RV03367,O09403,C00538,4,Really good experience overall.,Positive,really good experience overall,Positive
RV03368,O01544,C01213,5,Everything was perfect and arrived on time.,Positive,everything was perfect and arrived on time,Positive
RV03369,O07887,C01602,4,Food was tasty and delivery was smooth.,Positive,food was tasty and delivery was smooth,Neutral
RV03370,O02395,C01400,5,Everything was perfect and arrived on time.,Positive,everything was perfect and arrived on time,Positive
RV03371,O05726,C00874,2,Food was cold when it arrived.,Negative,food was cold when it arrived,Neutral
RV03372,O05444,C01976,5,"Loved the food, would definitely order again.",Positive,loved the food would definitely order again,Positive
RV03373,O05084,C00302,4,Good food and the delivery was on time.,Positive,good food and the delivery was on time,Positive
RV03374,O06037,C00453,5,Food was excellent and delivery was very quick.,Positive,food was excellent and delivery was very quick,Positive
RV03375,O03977,C01067,4,Really good experience overall.,Positive,really good experience overall,Positive
RV03376,O01799,C01856,4,"Good service, just a minor delay.",Positive,good service just a minor delay,Positive
RV03377,O03772,C01786,1,"Terrible experience, food arrived very late.",Negative,terrible experience food arrived very late,Negative
RV03378,O02816,C01881,4,Really good experience overall.,Positive,really good experience overall,Positive
RV03379,O08201,C00388,1,Food was disappointing and delivery was extremely slow.,Negative,food was disappointing and delivery was extremely slow,Negative
RV03380,O08140,C01572,5,Everything was perfect and arrived on time.,Positive,everything was perfect and arrived on time,Positive
RV03381,O04719,C01466,2,Food was cold when it arrived.,Negative,food was cold when it arrived,Neutral
RV03382,O05329,C01695,3,The order was fine overall.,Neutral,the order was fine overall,Positive
RV03383,O08711,C01230,4,"Good service, just a minor delay.",Positive,good service just a minor delay,Positive
RV03384,O07687,C00510,4,Good food and the delivery was on time.,Positive,good food and the delivery was on time,Positive
RV03385,O06694,C01758,4,"Good service, just a minor delay.",Positive,good service just a minor delay,Positive
RV03386,O08395,C01897,2,The order was delayed and disappointing.,Negative,the order was delayed and disappointing,Negative
RV03387,O01177,C01579,2,The order was delayed and disappointing.,Negative,the order was delayed and disappointing,Negative
RV03388,O08155,C01445,5,Everything was perfect and arrived on time.,Positive,everything was perfect and arrived on time,Positive
RV03389,O02154,C00561,5,"Loved the food, would definitely order again.",Positive,loved the food would definitely order again,Positive
RV03390,O03633,C00503,3,The order was fine overall.,Neutral,the order was fine overall,Positive
RV03391,O02890,C01634,4,Good food and the delivery was on time.,Positive,good food and the delivery was on time,Positive
RV03392,O05975,C01841,4,Food was tasty and delivery was smooth.,Positive,food was tasty and delivery was smooth,Neutral
RV03393,O07744,C00115,2,The order was delayed and disappointing.,Negative,the order was delayed and disappointing,Negative
RV03394,O02076,C01669,2,Food was cold when it arrived.,Negative,food was cold when it arrived,Neutral
RV03395,O01653,C01402,4,Good food and the delivery was on time.,Positive,good food and the delivery was on time,Positive
RV03396,O04028,C00684,3,The order was fine overall.,Neutral,the order was fine overall,Positive
RV03397,O07326,C00102,4,"Good service, just a minor delay.",Positive,good service just a minor delay,Positive
RV03398,O08572,C00798,2,Not happy with the delivery experience.,Negative,not happy with the delivery experience,Negative
RV03399,O03925,C01283,2,Not happy with the delivery experience.,Negative,not happy with the delivery experience,Negative
RV03400,O06741,C00451,5,Food was excellent and delivery was very quick.,Positive,food was excellent and delivery was very quick,Positive
RV03401,O09183,C00232,2,Not happy with the delivery experience.,Negative,not happy with the delivery experience,Negative
RV03402,O06801,C01002,5,Food was excellent and delivery was very quick.,Positive,food was excellent and delivery was very quick,Positive
RV03403,O02081,C00475,4,"Good service, just a minor delay.",Positive,good service just a minor delay,Positive
RV03404,O05541,C01952,4,"Good service, just a minor delay.",Positive,good service just a minor delay,Positive
RV03405,O04835,C00989,4,Really good experience overall.,Positive,really good experience overall,Positive
RV03406,O08985,C01487,1,"Terrible experience, food arrived very late.",Negative,terrible experience food arrived very late,Negative
RV03407,O04763,C00586,1,"Very poor service, would not order again.",Negative,very poor service would not order again,Negative
RV03408,O08377,C01087,2,Delivery was late and the food was not very good.,Negative,delivery was late and the food was not very good,Negative
RV03409,O05297,C01205,5,Food was excellent and delivery was very quick.,Positive,food was excellent and delivery was very quick,Positive
RV03410,O05294,C00957,3,Food was decent but could have been better.,Neutral,food was decent but could have been better,Positive
RV03411,O01073,C00257,4,Good food and the delivery was on time.,Positive,good food and the delivery was on time,Positive
RV03412,O03223,C00773,3,Food was okay but delivery took some time.,Neutral,food was okay but delivery took some time,Positive
RV03413,O01005,C00050,5,"Loved the food, would definitely order again.",Positive,loved the food would definitely order again,Positive
RV03414,O05737,C00762,5,"Loved the food, would definitely order again.",Positive,loved the food would definitely order again,Positive
RV03415,O05964,C00375,4,"Good service, just a minor delay.",Positive,good service just a minor delay,Positive
RV03416,O04525,C00446,1,"Terrible experience, food arrived very late.",Negative,terrible experience food arrived very late,Negative
RV03417,O09270,C01104,4,Food was tasty and delivery was smooth.,Positive,food was tasty and delivery was smooth,Neutral
RV03418,O06646,C01051,4,Good food and the delivery was on time.,Positive,good food and the delivery was on time,Positive
RV03419,O04327,C00631,5,"Loved the food, would definitely order again.",Positive,loved the food would definitely order again,Positive
RV03420,O04728,C00412,5,"Loved the food, would definitely order again.",Positive,loved the food would definitely order again,Positive
RV03421,O02288,C01827,5,Everything was perfect and arrived on time.,Positive,everything was perfect and arrived on time,Positive
RV03422,O01845,C01456,5,"Loved the food, would definitely order again.",Positive,loved the food would definitely order again,Positive
RV03423,O04565,C00208,2,The order was delayed and disappointing.,Negative,the order was delayed and disappointing,Negative
RV03424,O05728,C01676,5,Everything was perfect and arrived on time.,Positive,everything was perfect and arrived on time,Positive
RV03425,O02583,C00572,4,"Good service, just a minor delay.",Positive,good service just a minor delay,Positive
RV03426,O06729,C01887,3,Food was decent but could have been better.,Neutral,food was decent but could have been better,Positive
RV03427,O01070,C01228,3,Food was okay but delivery took some time.,Neutral,food was okay but delivery took some time,Positive
RV03428,O02390,C00779,5,"Loved the food, would definitely order again.",Positive,loved the food would definitely order again,Positive
RV03429,O07160,C01323,5,Food was excellent and delivery was very quick.,Positive,food was excellent and delivery was very quick,Positive
RV03430,O05285,C01211,5,Food was excellent and delivery was very quick.,Positive,food was excellent and delivery was very quick,Positive
RV03431,O04073,C01344,2,Not happy with the delivery experience.,Negative,not happy with the delivery experience,Negative
RV03432,O02031,C01522,4,Good food and the delivery was on time.,Positive,good food and the delivery was on time,Positive
RV03433,O00066,C01436,3,The order was fine overall.,Neutral,the order was fine overall,Positive
RV03434,O09390,C01135,3,Food was okay but delivery took some time.,Neutral,food was okay but delivery took some time,Positive
RV03435,O00292,C00776,2,The order was delayed and disappointing.,Negative,the order was delayed and disappointing,Negative
RV03436,O05906,C00438,2,Not happy with the delivery experience.,Negative,not happy with the delivery experience,Negative
RV03437,O01657,C01334,4,Food was tasty and delivery was smooth.,Positive,food was tasty and delivery was smooth,Neutral
RV03438,O02842,C01402,2,Not happy with the delivery experience.,Negative,not happy with the delivery experience,Negative
RV03439,O05484,C01792,2,Not happy with the delivery experience.,Negative,not happy with the delivery experience,Negative
RV03440,O05409,C00669,2,Delivery was late and the food was not very good.,Negative,delivery was late and the food was not very good,Negative
RV03441,O06293,C00455,3,"Average experience, nothing special.",Neutral,average experience nothing special,Negative
RV03442,O05590,C00850,5,Food was excellent and delivery was very quick.,Positive,food was excellent and delivery was very quick,Positive
RV03443,O02684,C00520,1,Very late delivery and the food was cold.,Negative,very late delivery and the food was cold,Neutral
RV03444,O00870,C00494,3,"Average experience, nothing special.",Neutral,average experience nothing special,Negative
RV03445,O09371,C00762,5,Everything was perfect and arrived on time.,Positive,everything was perfect and arrived on time,Positive
RV03446,O05620,C00509,2,Delivery was late and the food was not very good.,Negative,delivery was late and the food was not very good,Negative
RV03447,O08343,C00792,5,"Loved the food, would definitely order again.",Positive,loved the food would definitely order again,Positive
RV03448,O04744,C00806,1,"Terrible experience, food arrived very late.",Negative,terrible experience food arrived very late,Negative
RV03449,O05168,C00536,3,The order was fine overall.,Neutral,the order was fine overall,Positive
RV03450,O05945,C01301,5,Everything was perfect and arrived on time.,Positive,everything was perfect and arrived on time,Positive
RV03451,O09636,C01014,1,"Very poor service, would not order again.",Negative,very poor service would not order again,Negative
RV03452,O00157,C00114,4,"Good service, just a minor delay.",Positive,good service just a minor delay,Positive
RV03453,O00464,C01580,5,Amazing food and great delivery experience.,Positive,amazing food and great delivery experience,Positive
RV03454,O04084,C00032,3,Food was decent but could have been better.,Neutral,food was decent but could have been better,Positive
RV03455,O05500,C01227,2,Food was cold when it arrived.,Negative,food was cold when it arrived,Neutral
RV03456,O05569,C00678,1,Food was disappointing and delivery was extremely slow.,Negative,food was disappointing and delivery was extremely slow,Negative
RV03457,O04826,C01661,5,Food was excellent and delivery was very quick.,Positive,food was excellent and delivery was very quick,Positive
RV03458,O09548,C00368,5,Amazing food and great delivery experience.,Positive,amazing food and great delivery experience,Positive
RV03459,O02542,C00311,4,Really good experience overall.,Positive,really good experience overall,Positive
RV03460,O09870,C01346,5,Food was excellent and delivery was very quick.,Positive,food was excellent and delivery was very quick,Positive
RV03461,O06579,C00331,4,Really good experience overall.,Positive,really good experience overall,Positive
RV03462,O01970,C01876,5,"Loved the food, would definitely order again.",Positive,loved the food would definitely order again,Positive
RV03463,O07440,C00086,4,Good food and the delivery was on time.,Positive,good food and the delivery was on time,Positive
RV03464,O06695,C01994,3,The order was fine overall.,Neutral,the order was fine overall,Positive
RV03465,O00380,C00081,4,Really good experience overall.,Positive,really good experience overall,Positive
RV03466,O00988,C00698,5,Amazing food and great delivery experience.,Positive,amazing food and great delivery experience,Positive
RV03467,O09327,C01387,4,Really good experience overall.,Positive,really good experience overall,Positive
RV03468,O04291,C00254,2,The order was delayed and disappointing.,Negative,the order was delayed and disappointing,Negative
RV03469,O09550,C01516,4,Really good experience overall.,Positive,really good experience overall,Positive
RV03470,O02638,C01247,5,Food was excellent and delivery was very quick.,Positive,food was excellent and delivery was very quick,Positive
RV03471,O03926,C01809,4,Food was tasty and delivery was smooth.,Positive,food was tasty and delivery was smooth,Neutral
RV03472,O04664,C01611,4,"Good service, just a minor delay.",Positive,good service just a minor delay,Positive
RV03473,O01556,C00595,1,"Terrible experience, food arrived very late.",Negative,terrible experience food arrived very late,Negative
RV03474,O00700,C01498,4,Really good experience overall.,Positive,really good experience overall,Positive
RV03475,O04290,C00231,3,Food was okay but delivery took some time.,Neutral,food was okay but delivery took some time,Positive
RV03476,O06338,C01202,4,Food was tasty and delivery was smooth.,Positive,food was tasty and delivery was smooth,Neutral
RV03477,O09149,C00265,2,Food was cold when it arrived.,Negative,food was cold when it arrived,Neutral
RV03478,O03805,C00925,4,Really good experience overall.,Positive,really good experience overall,Positive
RV03479,O00090,C01114,4,Food was tasty and delivery was smooth.,Positive,food was tasty and delivery was smooth,Neutral
RV03480,O03144,C00608,2,Delivery was late and the food was not very good.,Negative,delivery was late and the food was not very good,Negative
RV03481,O06659,C01270,4,Food was tasty and delivery was smooth.,Positive,food was tasty and delivery was smooth,Neutral
RV03482,O05071,C00934,5,Food was excellent and delivery was very quick.,Positive,food was excellent and delivery was very quick,Positive
RV03483,O02519,C00279,4,Really good experience overall.,Positive,really good experience overall,Positive
RV03484,O09771,C01390,1,Food was disappointing and delivery was extremely slow.,Negative,food was disappointing and delivery was extremely slow,Negative
RV03485,O03212,C01586,4,"Good service, just a minor delay.",Positive,good service just a minor delay,Positive
RV03486,O00184,C00584,3,Food was decent but could have been better.,Neutral,food was decent but could have been better,Positive
RV03487,O07046,C01911,5,"Loved the food, would definitely order again.",Positive,loved the food would definitely order again,Positive
RV03488,O02286,C00770,4,"Good service, just a minor delay.",Positive,good service just a minor delay,Positive
RV03489,O03946,C01802,2,The order was delayed and disappointing.,Negative,the order was delayed and disappointing,Negative
RV03490,O09766,C01870,4,"Good service, just a minor delay.",Positive,good service just a minor delay,Positive
RV03491,O02049,C00747,4,"Good service, just a minor delay.",Positive,good service just a minor delay,Positive
RV03492,O02329,C00697,1,"Very poor service, would not order again.",Negative,very poor service would not order again,Negative
RV03493,O01480,C01653,4,"Good service, just a minor delay.",Positive,good service just a minor delay,Positive
RV03494,O05592,C01919,5,Amazing food and great delivery experience.,Positive,amazing food and great delivery experience,Positive
RV03495,O07674,C00983,3,"Average experience, nothing special.",Neutral,average experience nothing special,Negative
RV03496,O01266,C00149,4,"Good service, just a minor delay.",Positive,good service just a minor delay,Positive
RV03497,O02119,C01271,1,Very late delivery and the food was cold.,Negative,very late delivery and the food was cold,Neutral
RV03498,O03233,C00312,3,"Average experience, nothing special.",Neutral,average experience nothing special,Negative
RV03499,O09049,C01904,5,"Loved the food, would definitely order again.",Positive,loved the food would definitely order again,Positive
RV03500,O00131,C01584,5,"Loved the food, would definitely order again.",Positive,loved the food would definitely order again,Positive
RV03501,O07495,C01113,1,Very late delivery and the food was cold.,Negative,very late delivery and the food was cold,Neutral
RV03502,O01424,C00557,3,The order was fine overall.,Neutral,the order was fine overall,Positive
RV03503,O07139,C00627,4,Food was tasty and delivery was smooth.,Positive,food was tasty and delivery was smooth,Neutral
RV03504,O06335,C01942,2,The order was delayed and disappointing.,Negative,the order was delayed and disappointing,Negative
RV03505,O01777,C00928,4,Food was tasty and delivery was smooth.,Positive,food was tasty and delivery was smooth,Neutral
RV03506,O08925,C00746,5,Amazing food and great delivery experience.,Positive,amazing food and great delivery experience,Positive
RV03507,O05446,C01255,4,"Good service, just a minor delay.",Positive,good service just a minor delay,Positive
RV03508,O06142,C01206,5,"Loved the food, would definitely order again.",Positive,loved the food would definitely order again,Positive
RV03509,O07586,C01627,1,"Very poor service, would not order again.",Negative,very poor service would not order again,Negative
RV03510,O08053,C01065,3,Food was decent but could have been better.,Neutral,food was decent but could have been better,Positive
RV03511,O03501,C01337,3,The order was fine overall.,Neutral,the order was fine overall,Positive
RV03512,O07226,C00712,5,"Loved the food, would definitely order again.",Positive,loved the food would definitely order again,Positive
RV03513,O00981,C01554,5,Amazing food and great delivery experience.,Positive,amazing food and great delivery experience,Positive
RV03514,O00011,C00536,5,"Loved the food, would definitely order again.",Positive,loved the food would definitely order again,Positive
RV03515,O09153,C00782,3,Food was okay but delivery took some time.,Neutral,food was okay but delivery took some time,Positive
RV03516,O02143,C00351,5,Food was excellent and delivery was very quick.,Positive,food was excellent and delivery was very quick,Positive
RV03517,O09862,C00243,2,Not happy with the delivery experience.,Negative,not happy with the delivery experience,Negative
RV03518,O03222,C01739,4,Really good experience overall.,Positive,really good experience overall,Positive
RV03519,O03078,C01667,3,The order was fine overall.,Neutral,the order was fine overall,Positive
RV03520,O06168,C00226,4,Food was tasty and delivery was smooth.,Positive,food was tasty and delivery was smooth,Neutral
RV03521,O05374,C00325,4,Good food and the delivery was on time.,Positive,good food and the delivery was on time,Positive
RV03522,O05795,C00499,5,Everything was perfect and arrived on time.,Positive,everything was perfect and arrived on time,Positive
RV03523,O07696,C01024,5,Food was excellent and delivery was very quick.,Positive,food was excellent and delivery was very quick,Positive
RV03524,O07250,C01965,4,Food was tasty and delivery was smooth.,Positive,food was tasty and delivery was smooth,Neutral
RV03525,O00240,C01441,5,Amazing food and great delivery experience.,Positive,amazing food and great delivery experience,Positive
RV03526,O09160,C00976,1,"Very poor service, would not order again.",Negative,very poor service would not order again,Negative
RV03527,O06807,C00228,2,Food was cold when it arrived.,Negative,food was cold when it arrived,Neutral
RV03528,O02203,C00588,3,Food was decent but could have been better.,Neutral,food was decent but could have been better,Positive
RV03529,O01705,C00975,4,"Good service, just a minor delay.",Positive,good service just a minor delay,Positive
RV03530,O08192,C00744,2,Delivery was late and the food was not very good.,Negative,delivery was late and the food was not very good,Negative
RV03531,O00382,C00138,2,Delivery was late and the food was not very good.,Negative,delivery was late and the food was not very good,Negative
RV03532,O03716,C01313,4,Really good experience overall.,Positive,really good experience overall,Positive
RV03533,O09318,C01170,4,Good food and the delivery was on time.,Positive,good food and the delivery was on time,Positive
RV03534,O04540,C01058,5,Everything was perfect and arrived on time.,Positive,everything was perfect and arrived on time,Positive
RV03535,O04139,C00302,3,"Average experience, nothing special.",Neutral,average experience nothing special,Negative
RV03536,O06569,C01467,5,Everything was perfect and arrived on time.,Positive,everything was perfect and arrived on time,Positive
RV03537,O09334,C01840,5,Amazing food and great delivery experience.,Positive,amazing food and great delivery experience,Positive
RV03538,O03721,C00300,4,Food was tasty and delivery was smooth.,Positive,food was tasty and delivery was smooth,Neutral
RV03539,O06369,C00087,4,Really good experience overall.,Positive,really good experience overall,Positive
RV03540,O06757,C01873,4,Good food and the delivery was on time.,Positive,good food and the delivery was on time,Positive
RV03541,O05559,C00457,3,Food was decent but could have been better.,Neutral,food was decent but could have been better,Positive
RV03542,O09566,C01732,3,The order was fine overall.,Neutral,the order was fine overall,Positive
RV03543,O06982,C00708,5,Amazing food and great delivery experience.,Positive,amazing food and great delivery experience,Positive
RV03544,O07807,C01863,3,"Average experience, nothing special.",Neutral,average experience nothing special,Negative
RV03545,O08622,C00021,4,Food was tasty and delivery was smooth.,Positive,food was tasty and delivery was smooth,Neutral
RV03546,O04368,C00899,4,Really good experience overall.,Positive,really good experience overall,Positive
RV03547,O04142,C00897,5,Amazing food and great delivery experience.,Positive,amazing food and great delivery experience,Positive
RV03548,O04573,C01656,2,Food was cold when it arrived.,Negative,food was cold when it arrived,Neutral
RV03549,O07372,C01334,4,Really good experience overall.,Positive,really good experience overall,Positive
RV03550,O05914,C00294,4,Good food and the delivery was on time.,Positive,good food and the delivery was on time,Positive
RV03551,O02802,C00818,5,Amazing food and great delivery experience.,Positive,amazing food and great delivery experience,Positive
RV03552,O04379,C00032,3,Food was decent but could have been better.,Neutral,food was decent but could have been better,Positive
RV03553,O04505,C00835,5,Amazing food and great delivery experience.,Positive,amazing food and great delivery experience,Positive
RV03554,O04053,C00154,5,Everything was perfect and arrived on time.,Positive,everything was perfect and arrived on time,Positive
RV03555,O05849,C00757,5,Amazing food and great delivery experience.,Positive,amazing food and great delivery experience,Positive
RV03556,O01259,C01781,2,Food was cold when it arrived.,Negative,food was cold when it arrived,Neutral
RV03557,O06042,C01551,5,Food was excellent and delivery was very quick.,Positive,food was excellent and delivery was very quick,Positive
RV03558,O03638,C01824,4,"Good service, just a minor delay.",Positive,good service just a minor delay,Positive
RV03559,O08016,C00318,4,Really good experience overall.,Positive,really good experience overall,Positive
RV03560,O04927,C01511,3,"Average experience, nothing special.",Neutral,average experience nothing special,Negative
RV03561,O06888,C01907,5,Food was excellent and delivery was very quick.,Positive,food was excellent and delivery was very quick,Positive
RV03562,O00183,C00987,3,"Average experience, nothing special.",Neutral,average experience nothing special,Negative
RV03563,O04274,C00148,4,Good food and the delivery was on time.,Positive,good food and the delivery was on time,Positive
RV03564,O08027,C01342,3,Food was okay but delivery took some time.,Neutral,food was okay but delivery took some time,Positive
RV03565,O00047,C01962,3,Food was okay but delivery took some time.,Neutral,food was okay but delivery took some time,Positive
RV03566,O00029,C00659,5,Food was excellent and delivery was very quick.,Positive,food was excellent and delivery was very quick,Positive
RV03567,O00304,C00764,1,Food was disappointing and delivery was extremely slow.,Negative,food was disappointing and delivery was extremely slow,Negative
RV03568,O07990,C01992,4,Really good experience overall.,Positive,really good experience overall,Positive
RV03569,O00007,C00288,5,"Loved the food, would definitely order again.",Positive,loved the food would definitely order again,Positive
RV03570,O06935,C00360,3,"Average experience, nothing special.",Neutral,average experience nothing special,Negative
RV03571,O07010,C00683,4,Really good experience overall.,Positive,really good experience overall,Positive
RV03572,O07419,C01987,3,"Average experience, nothing special.",Neutral,average experience nothing special,Negative
RV03573,O07083,C00556,5,Food was excellent and delivery was very quick.,Positive,food was excellent and delivery was very quick,Positive
RV03574,O03270,C00499,3,Food was decent but could have been better.,Neutral,food was decent but could have been better,Positive
RV03575,O05586,C00998,4,"Good service, just a minor delay.",Positive,good service just a minor delay,Positive
RV03576,O09048,C01431,2,Food was cold when it arrived.,Negative,food was cold when it arrived,Neutral
RV03577,O08955,C01435,2,The order was delayed and disappointing.,Negative,the order was delayed and disappointing,Negative
RV03578,O02728,C00562,5,Food was excellent and delivery was very quick.,Positive,food was excellent and delivery was very quick,Positive
RV03579,O06241,C01060,1,"Very poor service, would not order again.",Negative,very poor service would not order again,Negative
RV03580,O08565,C01499,2,The order was delayed and disappointing.,Negative,the order was delayed and disappointing,Negative
RV03581,O05134,C00530,5,Amazing food and great delivery experience.,Positive,amazing food and great delivery experience,Positive
RV03582,O01412,C00161,3,The order was fine overall.,Neutral,the order was fine overall,Positive
RV03583,O08709,C00109,4,Really good experience overall.,Positive,really good experience overall,Positive
RV03584,O03998,C00928,4,Really good experience overall.,Positive,really good experience overall,Positive
RV03585,O06589,C01776,4,Good food and the delivery was on time.,Positive,good food and the delivery was on time,Positive
RV03586,O02039,C01852,3,The order was fine overall.,Neutral,the order was fine overall,Positive
RV03587,O02132,C00963,4,Good food and the delivery was on time.,Positive,good food and the delivery was on time,Positive
RV03588,O03252,C01554,2,The order was delayed and disappointing.,Negative,the order was delayed and disappointing,Negative
RV03589,O09813,C00230,4,Food was tasty and delivery was smooth.,Positive,food was tasty and delivery was smooth,Neutral
RV03590,O07604,C01620,4,Food was tasty and delivery was smooth.,Positive,food was tasty and delivery was smooth,Neutral
RV03591,O04875,C00862,5,Everything was perfect and arrived on time.,Positive,everything was perfect and arrived on time,Positive
RV03592,O00742,C01014,2,Delivery was late and the food was not very good.,Negative,delivery was late and the food was not very good,Negative
RV03593,O04787,C01257,2,Delivery was late and the food was not very good.,Negative,delivery was late and the food was not very good,Negative
RV03594,O07702,C00483,5,"Loved the food, would definitely order again.",Positive,loved the food would definitely order again,Positive
RV03595,O00580,C00878,2,Not happy with the delivery experience.,Negative,not happy with the delivery experience,Negative
RV03596,O05792,C00059,4,Really good experience overall.,Positive,really good experience overall,Positive
RV03597,O04602,C00299,1,"Very poor service, would not order again.",Negative,very poor service would not order again,Negative
RV03598,O08624,C00564,3,Food was okay but delivery took some time.,Neutral,food was okay but delivery took some time,Positive
RV03599,O04424,C00810,4,"Good service, just a minor delay.",Positive,good service just a minor delay,Positive
RV03600,O08636,C00647,4,"Good service, just a minor delay.",Positive,good service just a minor delay,Positive
RV03601,O04243,C00790,5,Food was excellent and delivery was very quick.,Positive,food was excellent and delivery was very quick,Positive
RV03602,O09244,C00235,5,Food was excellent and delivery was very quick.,Positive,food was excellent and delivery was very quick,Positive
RV03603,O08823,C01594,1,Very late delivery and the food was cold.,Negative,very late delivery and the food was cold,Neutral
RV03604,O08425,C01833,1,Very late delivery and the food was cold.,Negative,very late delivery and the food was cold,Neutral
RV03605,O07493,C01153,1,"Terrible experience, food arrived very late.",Negative,terrible experience food arrived very late,Negative
RV03606,O08317,C01571,5,Amazing food and great delivery experience.,Positive,amazing food and great delivery experience,Positive
RV03607,O03924,C01247,5,Amazing food and great delivery experience.,Positive,amazing food and great delivery experience,Positive
RV03608,O00003,C00397,5,Amazing food and great delivery experience.,Positive,amazing food and great delivery experience,Positive
RV03609,O07485,C00265,2,Food was cold when it arrived.,Negative,food was cold when it arrived,Neutral
RV03610,O04771,C00339,5,Amazing food and great delivery experience.,Positive,amazing food and great delivery experience,Positive
RV03611,O00154,C01578,5,Food was excellent and delivery was very quick.,Positive,food was excellent and delivery was very quick,Positive
RV03612,O02243,C01830,5,Food was excellent and delivery was very quick.,Positive,food was excellent and delivery was very quick,Positive
RV03613,O05211,C01361,2,Delivery was late and the food was not very good.,Negative,delivery was late and the food was not very good,Negative
RV03614,O06358,C01654,5,Everything was perfect and arrived on time.,Positive,everything was perfect and arrived on time,Positive
RV03615,O03540,C01074,4,"Good service, just a minor delay.",Positive,good service just a minor delay,Positive
RV03616,O05266,C00588,4,Good food and the delivery was on time.,Positive,good food and the delivery was on time,Positive
RV03617,O04878,C00508,2,Delivery was late and the food was not very good.,Negative,delivery was late and the food was not very good,Negative
RV03618,O02120,C01060,5,Food was excellent and delivery was very quick.,Positive,food was excellent and delivery was very quick,Positive
RV03619,O07996,C01066,4,"Good service, just a minor delay.",Positive,good service just a minor delay,Positive
RV03620,O04619,C00039,5,Everything was perfect and arrived on time.,Positive,everything was perfect and arrived on time,Positive
RV03621,O06356,C00342,3,The order was fine overall.,Neutral,the order was fine overall,Positive
RV03622,O05817,C01569,3,Food was okay but delivery took some time.,Neutral,food was okay but delivery took some time,Positive
RV03623,O00660,C01413,3,Food was decent but could have been better.,Neutral,food was decent but could have been better,Positive
RV03624,O07482,C00087,4,Food was tasty and delivery was smooth.,Positive,food was tasty and delivery was smooth,Neutral
RV03625,O06401,C00926,3,The order was fine overall.,Neutral,the order was fine overall,Positive
RV03626,O08000,C01177,3,Food was okay but delivery took some time.,Neutral,food was okay but delivery took some time,Positive
RV03627,O09585,C01173,1,"Very poor service, would not order again.",Negative,very poor service would not order again,Negative
RV03628,O05107,C00183,4,Really good experience overall.,Positive,really good experience overall,Positive
RV03629,O00571,C00997,5,"Loved the food, would definitely order again.",Positive,loved the food would definitely order again,Positive
RV03630,O02896,C01752,2,Not happy with the delivery experience.,Negative,not happy with the delivery experience,Negative
RV03631,O03460,C00334,4,Really good experience overall.,Positive,really good experience overall,Positive
RV03632,O06349,C01155,4,"Good service, just a minor delay.",Positive,good service just a minor delay,Positive
RV03633,O07935,C00652,4,"Good service, just a minor delay.",Positive,good service just a minor delay,Positive
RV03634,O09339,C01879,4,"Good service, just a minor delay.",Positive,good service just a minor delay,Positive
RV03635,O09926,C00465,3,"Average experience, nothing special.",Neutral,average experience nothing special,Negative
RV03636,O09184,C00835,5,Amazing food and great delivery experience.,Positive,amazing food and great delivery experience,Positive
RV03637,O09001,C01090,3,Food was decent but could have been better.,Neutral,food was decent but could have been better,Positive
RV03638,O03250,C01330,3,Food was decent but could have been better.,Neutral,food was decent but could have been better,Positive
RV03639,O02439,C01638,4,Food was tasty and delivery was smooth.,Positive,food was tasty and delivery was smooth,Neutral
RV03640,O04276,C01133,2,Delivery was late and the food was not very good.,Negative,delivery was late and the food was not very good,Negative
RV03641,O04227,C00468,5,Food was excellent and delivery was very quick.,Positive,food was excellent and delivery was very quick,Positive
RV03642,O06726,C01973,4,"Good service, just a minor delay.",Positive,good service just a minor delay,Positive
RV03643,O07095,C01073,4,Good food and the delivery was on time.,Positive,good food and the delivery was on time,Positive
RV03644,O01451,C01434,5,Amazing food and great delivery experience.,Positive,amazing food and great delivery experience,Positive
RV03645,O02895,C01682,4,Food was tasty and delivery was smooth.,Positive,food was tasty and delivery was smooth,Neutral
RV03646,O09706,C01225,5,"Loved the food, would definitely order again.",Positive,loved the food would definitely order again,Positive
RV03647,O07311,C01254,2,Food was cold when it arrived.,Negative,food was cold when it arrived,Neutral
RV03648,O06986,C00399,2,The order was delayed and disappointing.,Negative,the order was delayed and disappointing,Negative
RV03649,O06332,C01060,4,"Good service, just a minor delay.",Positive,good service just a minor delay,Positive
RV03650,O03724,C01452,5,Food was excellent and delivery was very quick.,Positive,food was excellent and delivery was very quick,Positive
RV03651,O08772,C00106,5,Everything was perfect and arrived on time.,Positive,everything was perfect and arrived on time,Positive
RV03652,O00467,C00154,2,The order was delayed and disappointing.,Negative,the order was delayed and disappointing,Negative
RV03653,O00483,C01084,5,Everything was perfect and arrived on time.,Positive,everything was perfect and arrived on time,Positive
RV03654,O00284,C01180,4,"Good service, just a minor delay.",Positive,good service just a minor delay,Positive
RV03655,O04023,C00039,4,Food was tasty and delivery was smooth.,Positive,food was tasty and delivery was smooth,Neutral
RV03656,O01090,C01544,5,Amazing food and great delivery experience.,Positive,amazing food and great delivery experience,Positive
RV03657,O03025,C00794,4,Food was tasty and delivery was smooth.,Positive,food was tasty and delivery was smooth,Neutral
RV03658,O08434,C00614,4,Food was tasty and delivery was smooth.,Positive,food was tasty and delivery was smooth,Neutral
RV03659,O02721,C01965,5,"Loved the food, would definitely order again.",Positive,loved the food would definitely order again,Positive
RV03660,O01371,C00992,5,"Loved the food, would definitely order again.",Positive,loved the food would definitely order again,Positive
RV03661,O05155,C00319,5,Everything was perfect and arrived on time.,Positive,everything was perfect and arrived on time,Positive
RV03662,O09549,C00936,5,"Loved the food, would definitely order again.",Positive,loved the food would definitely order again,Positive
RV03663,O09914,C01139,4,Food was tasty and delivery was smooth.,Positive,food was tasty and delivery was smooth,Neutral
RV03664,O05700,C00997,5,Food was excellent and delivery was very quick.,Positive,food was excellent and delivery was very quick,Positive
RV03665,O04074,C01791,5,Amazing food and great delivery experience.,Positive,amazing food and great delivery experience,Positive
RV03666,O01078,C00949,1,Food was disappointing and delivery was extremely slow.,Negative,food was disappointing and delivery was extremely slow,Negative
RV03667,O08689,C00458,4,"Good service, just a minor delay.",Positive,good service just a minor delay,Positive
RV03668,O09784,C00942,4,Good food and the delivery was on time.,Positive,good food and the delivery was on time,Positive
RV03669,O02337,C00023,2,Food was cold when it arrived.,Negative,food was cold when it arrived,Neutral
RV03670,O07779,C01934,5,Amazing food and great delivery experience.,Positive,amazing food and great delivery experience,Positive
RV03671,O03583,C01855,1,"Terrible experience, food arrived very late.",Negative,terrible experience food arrived very late,Negative
RV03672,O08138,C00733,2,Food was cold when it arrived.,Negative,food was cold when it arrived,Neutral
RV03673,O03135,C01931,4,"Good service, just a minor delay.",Positive,good service just a minor delay,Positive
RV03674,O04364,C00209,5,Food was excellent and delivery was very quick.,Positive,food was excellent and delivery was very quick,Positive
RV03675,O09901,C00244,1,"Very poor service, would not order again.",Negative,very poor service would not order again,Negative
RV03676,O06403,C01602,3,"Average experience, nothing special.",Neutral,average experience nothing special,Negative
RV03677,O00298,C01747,3,Food was okay but delivery took some time.,Neutral,food was okay but delivery took some time,Positive
RV03678,O04713,C01185,5,"Loved the food, would definitely order again.",Positive,loved the food would definitely order again,Positive
RV03679,O02653,C01417,5,Everything was perfect and arrived on time.,Positive,everything was perfect and arrived on time,Positive
RV03680,O02030,C01858,1,"Very poor service, would not order again.",Negative,very poor service would not order again,Negative
RV03681,O03354,C00333,4,Good food and the delivery was on time.,Positive,good food and the delivery was on time,Positive
RV03682,O01141,C00301,5,"Loved the food, would definitely order again.",Positive,loved the food would definitely order again,Positive
RV03683,O08366,C01279,3,"Average experience, nothing special.",Neutral,average experience nothing special,Negative
RV03684,O07784,C00448,4,"Good service, just a minor delay.",Positive,good service just a minor delay,Positive
RV03685,O06104,C01964,4,Really good experience overall.,Positive,really good experience overall,Positive
RV03686,O08825,C01824,5,"Loved the food, would definitely order again.",Positive,loved the food would definitely order again,Positive
RV03687,O07689,C00079,3,"Average experience, nothing special.",Neutral,average experience nothing special,Negative
RV03688,O03603,C01569,3,The order was fine overall.,Neutral,the order was fine overall,Positive
RV03689,O03834,C00503,5,Amazing food and great delivery experience.,Positive,amazing food and great delivery experience,Positive
RV03690,O00272,C01205,4,Good food and the delivery was on time.,Positive,good food and the delivery was on time,Positive
RV03691,O04666,C01834,5,Amazing food and great delivery experience.,Positive,amazing food and great delivery experience,Positive
RV03692,O06976,C00730,5,Amazing food and great delivery experience.,Positive,amazing food and great delivery experience,Positive
RV03693,O08888,C01281,4,Good food and the delivery was on time.,Positive,good food and the delivery was on time,Positive
RV03694,O00032,C00011,3,"Average experience, nothing special.",Neutral,average experience nothing special,Negative
RV03695,O01945,C00756,3,The order was fine overall.,Neutral,the order was fine overall,Positive
RV03696,O06693,C01317,4,Good food and the delivery was on time.,Positive,good food and the delivery was on time,Positive
RV03697,O09981,C01470,2,Delivery was late and the food was not very good.,Negative,delivery was late and the food was not very good,Negative
RV03698,O07615,C00035,3,The order was fine overall.,Neutral,the order was fine overall,Positive
RV03699,O00259,C00443,4,"Good service, just a minor delay.",Positive,good service just a minor delay,Positive
RV03700,O05179,C00450,5,Amazing food and great delivery experience.,Positive,amazing food and great delivery experience,Positive
RV03701,O09988,C01816,3,Food was okay but delivery took some time.,Neutral,food was okay but delivery took some time,Positive
RV03702,O09673,C01523,3,Food was decent but could have been better.,Neutral,food was decent but could have been better,Positive
RV03703,O00270,C01153,5,"Loved the food, would definitely order again.",Positive,loved the food would definitely order again,Positive
RV03704,O04906,C01818,5,Everything was perfect and arrived on time.,Positive,everything was perfect and arrived on time,Positive
RV03705,O00925,C01421,2,Delivery was late and the food was not very good.,Negative,delivery was late and the food was not very good,Negative
RV03706,O05023,C01047,4,Really good experience overall.,Positive,really good experience overall,Positive
RV03707,O08659,C00528,2,Delivery was late and the food was not very good.,Negative,delivery was late and the food was not very good,Negative
RV03708,O01487,C00626,5,"Loved the food, would definitely order again.",Positive,loved the food would definitely order again,Positive
RV03709,O01961,C01858,2,Not happy with the delivery experience.,Negative,not happy with the delivery experience,Negative
RV03710,O04517,C00528,5,Food was excellent and delivery was very quick.,Positive,food was excellent and delivery was very quick,Positive
RV03711,O08811,C01345,2,Food was cold when it arrived.,Negative,food was cold when it arrived,Neutral
RV03712,O05080,C00070,1,Very late delivery and the food was cold.,Negative,very late delivery and the food was cold,Neutral
RV03713,O06790,C01814,1,Very late delivery and the food was cold.,Negative,very late delivery and the food was cold,Neutral
RV03714,O04980,C00175,5,"Loved the food, would definitely order again.",Positive,loved the food would definitely order again,Positive
RV03715,O04877,C01933,5,Food was excellent and delivery was very quick.,Positive,food was excellent and delivery was very quick,Positive
RV03716,O05560,C00814,4,"Good service, just a minor delay.",Positive,good service just a minor delay,Positive
RV03717,O01068,C00196,5,Amazing food and great delivery experience.,Positive,amazing food and great delivery experience,Positive
RV03718,O03169,C01574,2,Food was cold when it arrived.,Negative,food was cold when it arrived,Neutral
RV03719,O08076,C00518,3,"Average experience, nothing special.",Neutral,average experience nothing special,Negative
RV03720,O08173,C01499,5,Everything was perfect and arrived on time.,Positive,everything was perfect and arrived on time,Positive
RV03721,O08515,C00364,2,Delivery was late and the food was not very good.,Negative,delivery was late and the food was not very good,Negative
RV03722,O09021,C00420,4,Good food and the delivery was on time.,Positive,good food and the delivery was on time,Positive
RV03723,O06327,C01655,2,Not happy with the delivery experience.,Negative,not happy with the delivery experience,Negative
RV03724,O02534,C01769,3,"Average experience, nothing special.",Neutral,average experience nothing special,Negative
RV03725,O03852,C00969,4,Good food and the delivery was on time.,Positive,good food and the delivery was on time,Positive
RV03726,O00918,C00414,5,Amazing food and great delivery experience.,Positive,amazing food and great delivery experience,Positive
RV03727,O01030,C01554,3,"Average experience, nothing special.",Neutral,average experience nothing special,Negative
RV03728,O07912,C01527,4,Food was tasty and delivery was smooth.,Positive,food was tasty and delivery was smooth,Neutral
RV03729,O02382,C00517,5,"Loved the food, would definitely order again.",Positive,loved the food would definitely order again,Positive
RV03730,O03663,C01289,2,Delivery was late and the food was not very good.,Negative,delivery was late and the food was not very good,Negative
RV03731,O04963,C00416,1,Very late delivery and the food was cold.,Negative,very late delivery and the food was cold,Neutral
RV03732,O07597,C00536,3,The order was fine overall.,Neutral,the order was fine overall,Positive
RV03733,O08758,C00925,4,Good food and the delivery was on time.,Positive,good food and the delivery was on time,Positive
RV03734,O02472,C01334,3,The order was fine overall.,Neutral,the order was fine overall,Positive
RV03735,O02961,C01213,3,The order was fine overall.,Neutral,the order was fine overall,Positive
RV03736,O07110,C00786,1,Food was disappointing and delivery was extremely slow.,Negative,food was disappointing and delivery was extremely slow,Negative
RV03737,O02740,C01847,4,Good food and the delivery was on time.,Positive,good food and the delivery was on time,Positive
RV03738,O09746,C00811,5,Everything was perfect and arrived on time.,Positive,everything was perfect and arrived on time,Positive
RV03739,O07513,C01391,5,Food was excellent and delivery was very quick.,Positive,food was excellent and delivery was very quick,Positive
RV03740,O05649,C01212,4,"Good service, just a minor delay.",Positive,good service just a minor delay,Positive
RV03741,O09957,C01808,4,Food was tasty and delivery was smooth.,Positive,food was tasty and delivery was smooth,Neutral
RV03742,O05966,C00948,5,"Loved the food, would definitely order again.",Positive,loved the food would definitely order again,Positive
RV03743,O00982,C01622,5,Everything was perfect and arrived on time.,Positive,everything was perfect and arrived on time,Positive
RV03744,O08723,C00520,3,The order was fine overall.,Neutral,the order was fine overall,Positive
RV03745,O00407,C00770,4,"Good service, just a minor delay.",Positive,good service just a minor delay,Positive
RV03746,O06240,C00754,4,Really good experience overall.,Positive,really good experience overall,Positive
RV03747,O02573,C01123,4,Good food and the delivery was on time.,Positive,good food and the delivery was on time,Positive
RV03748,O03350,C01106,4,Really good experience overall.,Positive,really good experience overall,Positive
RV03749,O08445,C01404,1,"Terrible experience, food arrived very late.",Negative,terrible experience food arrived very late,Negative
RV03750,O09823,C00649,4,"Good service, just a minor delay.",Positive,good service just a minor delay,Positive
RV03751,O02558,C00924,4,Good food and the delivery was on time.,Positive,good food and the delivery was on time,Positive
RV03752,O06274,C00109,4,"Good service, just a minor delay.",Positive,good service just a minor delay,Positive
RV03753,O02520,C01083,5,"Loved the food, would definitely order again.",Positive,loved the food would definitely order again,Positive
RV03754,O08367,C00063,5,Amazing food and great delivery experience.,Positive,amazing food and great delivery experience,Positive
RV03755,O00952,C00003,1,"Very poor service, would not order again.",Negative,very poor service would not order again,Negative
RV03756,O09661,C01977,4,Good food and the delivery was on time.,Positive,good food and the delivery was on time,Positive
RV03757,O05951,C01718,3,Food was okay but delivery took some time.,Neutral,food was okay but delivery took some time,Positive
RV03758,O00008,C01483,3,The order was fine overall.,Neutral,the order was fine overall,Positive
RV03759,O01251,C01779,5,Amazing food and great delivery experience.,Positive,amazing food and great delivery experience,Positive
RV03760,O04262,C00095,5,"Loved the food, would definitely order again.",Positive,loved the food would definitely order again,Positive
RV03761,O09402,C01752,1,"Very poor service, would not order again.",Negative,very poor service would not order again,Negative
RV03762,O06560,C00698,3,"Average experience, nothing special.",Neutral,average experience nothing special,Negative
RV03763,O02236,C01561,5,Amazing food and great delivery experience.,Positive,amazing food and great delivery experience,Positive
RV03764,O05946,C01694,5,Food was excellent and delivery was very quick.,Positive,food was excellent and delivery was very quick,Positive
RV03765,O05166,C01618,2,Food was cold when it arrived.,Negative,food was cold when it arrived,Neutral
RV03766,O09495,C01211,3,Food was decent but could have been better.,Neutral,food was decent but could have been better,Positive
RV03767,O02601,C01190,4,Food was tasty and delivery was smooth.,Positive,food was tasty and delivery was smooth,Neutral
RV03768,O01570,C00465,5,"Loved the food, would definitely order again.",Positive,loved the food would definitely order again,Positive
RV03769,O01834,C00539,3,"Average experience, nothing special.",Neutral,average experience nothing special,Negative
RV03770,O07165,C01100,5,"Loved the food, would definitely order again.",Positive,loved the food would definitely order again,Positive
RV03771,O09445,C01689,2,Delivery was late and the food was not very good.,Negative,delivery was late and the food was not very good,Negative
RV03772,O03767,C00090,4,Really good experience overall.,Positive,really good experience overall,Positive
RV03773,O02693,C01489,4,Good food and the delivery was on time.,Positive,good food and the delivery was on time,Positive
RV03774,O04278,C01145,5,"Loved the food, would definitely order again.",Positive,loved the food would definitely order again,Positive
RV03775,O02262,C00612,2,Food was cold when it arrived.,Negative,food was cold when it arrived,Neutral
RV03776,O02194,C01922,3,Food was okay but delivery took some time.,Neutral,food was okay but delivery took some time,Positive
RV03777,O05596,C01459,4,"Good service, just a minor delay.",Positive,good service just a minor delay,Positive
RV03778,O05927,C01897,5,"Loved the food, would definitely order again.",Positive,loved the food would definitely order again,Positive
RV03779,O02692,C00812,4,Good food and the delivery was on time.,Positive,good food and the delivery was on time,Positive
RV03780,O04662,C00704,4,"Good service, just a minor delay.",Positive,good service just a minor delay,Positive
RV03781,O06255,C00943,5,Everything was perfect and arrived on time.,Positive,everything was perfect and arrived on time,Positive
RV03782,O06860,C01577,4,Really good experience overall.,Positive,really good experience overall,Positive
RV03783,O07625,C00643,3,The order was fine overall.,Neutral,the order was fine overall,Positive
RV03784,O05765,C01394,3,Food was okay but delivery took some time.,Neutral,food was okay but delivery took some time,Positive
RV03785,O01505,C00895,4,Food was tasty and delivery was smooth.,Positive,food was tasty and delivery was smooth,Neutral
RV03786,O08500,C00997,5,"Loved the food, would definitely order again.",Positive,loved the food would definitely order again,Positive
RV03787,O08983,C00822,5,Amazing food and great delivery experience.,Positive,amazing food and great delivery experience,Positive
RV03788,O03318,C00297,4,"Good service, just a minor delay.",Positive,good service just a minor delay,Positive
RV03789,O06167,C01039,4,Food was tasty and delivery was smooth.,Positive,food was tasty and delivery was smooth,Neutral
RV03790,O08015,C01195,4,Really good experience overall.,Positive,really good experience overall,Positive
RV03791,O07447,C01682,3,"Average experience, nothing special.",Neutral,average experience nothing special,Negative
RV03792,O00552,C01812,5,Everything was perfect and arrived on time.,Positive,everything was perfect and arrived on time,Positive
RV03793,O08263,C01493,2,Not happy with the delivery experience.,Negative,not happy with the delivery experience,Negative
RV03794,O02173,C00336,1,"Very poor service, would not order again.",Negative,very poor service would not order again,Negative
RV03795,O05521,C00432,5,Amazing food and great delivery experience.,Positive,amazing food and great delivery experience,Positive
RV03796,O05557,C00138,3,Food was decent but could have been better.,Neutral,food was decent but could have been better,Positive
RV03797,O04881,C00824,1,Very late delivery and the food was cold.,Negative,very late delivery and the food was cold,Neutral
RV03798,O08388,C01557,2,The order was delayed and disappointing.,Negative,the order was delayed and disappointing,Negative
RV03799,O09137,C01580,2,Not happy with the delivery experience.,Negative,not happy with the delivery experience,Negative
RV03800,O04033,C00923,4,Good food and the delivery was on time.,Positive,good food and the delivery was on time,Positive
RV03801,O09398,C01358,1,"Very poor service, would not order again.",Negative,very poor service would not order again,Negative
RV03802,O00085,C01660,3,Food was decent but could have been better.,Neutral,food was decent but could have been better,Positive
RV03803,O06853,C01516,3,Food was okay but delivery took some time.,Neutral,food was okay but delivery took some time,Positive
RV03804,O02353,C00280,3,Food was decent but could have been better.,Neutral,food was decent but could have been better,Positive
RV03805,O02498,C00554,5,Everything was perfect and arrived on time.,Positive,everything was perfect and arrived on time,Positive
RV03806,O06571,C01544,1,Very late delivery and the food was cold.,Negative,very late delivery and the food was cold,Neutral
RV03807,O08037,C00880,4,Food was tasty and delivery was smooth.,Positive,food was tasty and delivery was smooth,Neutral
RV03808,O03248,C01592,4,Good food and the delivery was on time.,Positive,good food and the delivery was on time,Positive
RV03809,O04641,C01187,4,Really good experience overall.,Positive,really good experience overall,Positive
RV03810,O04062,C00883,5,Food was excellent and delivery was very quick.,Positive,food was excellent and delivery was very quick,Positive
RV03811,O03432,C00639,4,Food was tasty and delivery was smooth.,Positive,food was tasty and delivery was smooth,Neutral
RV03812,O05835,C00165,1,Food was disappointing and delivery was extremely slow.,Negative,food was disappointing and delivery was extremely slow,Negative
RV03813,O04882,C01431,4,Really good experience overall.,Positive,really good experience overall,Positive
RV03814,O09989,C01293,5,Amazing food and great delivery experience.,Positive,amazing food and great delivery experience,Positive
RV03815,O01071,C00458,2,Food was cold when it arrived.,Negative,food was cold when it arrived,Neutral
RV03816,O08566,C00023,5,Amazing food and great delivery experience.,Positive,amazing food and great delivery experience,Positive
RV03817,O06623,C01911,2,Food was cold when it arrived.,Negative,food was cold when it arrived,Neutral
RV03818,O02060,C00148,5,Everything was perfect and arrived on time.,Positive,everything was perfect and arrived on time,Positive
RV03819,O08407,C00118,1,"Very poor service, would not order again.",Negative,very poor service would not order again,Negative
RV03820,O05627,C00814,4,"Good service, just a minor delay.",Positive,good service just a minor delay,Positive
RV03821,O05618,C00258,2,Delivery was late and the food was not very good.,Negative,delivery was late and the food was not very good,Negative
RV03822,O04236,C01068,4,Food was tasty and delivery was smooth.,Positive,food was tasty and delivery was smooth,Neutral
RV03823,O00901,C01852,4,Really good experience overall.,Positive,really good experience overall,Positive
RV03824,O02535,C01006,4,"Good service, just a minor delay.",Positive,good service just a minor delay,Positive
RV03825,O07069,C00306,4,"Good service, just a minor delay.",Positive,good service just a minor delay,Positive
RV03826,O06637,C01000,5,Everything was perfect and arrived on time.,Positive,everything was perfect and arrived on time,Positive
RV03827,O01891,C01991,3,Food was okay but delivery took some time.,Neutral,food was okay but delivery took some time,Positive
RV03828,O00041,C01027,2,Not happy with the delivery experience.,Negative,not happy with the delivery experience,Negative
RV03829,O07519,C01961,5,Amazing food and great delivery experience.,Positive,amazing food and great delivery experience,Positive
RV03830,O04011,C00926,5,"Loved the food, would definitely order again.",Positive,loved the food would definitely order again,Positive
RV03831,O03426,C00530,4,Good food and the delivery was on time.,Positive,good food and the delivery was on time,Positive
RV03832,O01364,C00762,5,Everything was perfect and arrived on time.,Positive,everything was perfect and arrived on time,Positive
RV03833,O02447,C01893,5,Food was excellent and delivery was very quick.,Positive,food was excellent and delivery was very quick,Positive
RV03834,O04399,C01728,5,"Loved the food, would definitely order again.",Positive,loved the food would definitely order again,Positive
RV03835,O06863,C01516,5,Amazing food and great delivery experience.,Positive,amazing food and great delivery experience,Positive
RV03836,O02235,C00508,4,"Good service, just a minor delay.",Positive,good service just a minor delay,Positive
RV03837,O08760,C00111,3,"Average experience, nothing special.",Neutral,average experience nothing special,Negative
RV03838,O06195,C01063,1,Food was disappointing and delivery was extremely slow.,Negative,food was disappointing and delivery was extremely slow,Negative
RV03839,O05400,C00179,4,"Good service, just a minor delay.",Positive,good service just a minor delay,Positive
RV03840,O01223,C01302,5,Everything was perfect and arrived on time.,Positive,everything was perfect and arrived on time,Positive
RV03841,O00040,C01283,3,Food was okay but delivery took some time.,Neutral,food was okay but delivery took some time,Positive
RV03842,O04734,C00759,4,"Good service, just a minor delay.",Positive,good service just a minor delay,Positive
RV03843,O01688,C00132,2,Not happy with the delivery experience.,Negative,not happy with the delivery experience,Negative
RV03844,O06931,C01658,1,"Very poor service, would not order again.",Negative,very poor service would not order again,Negative
RV03845,O04807,C01667,3,The order was fine overall.,Neutral,the order was fine overall,Positive
RV03846,O05069,C01117,5,"Loved the food, would definitely order again.",Positive,loved the food would definitely order again,Positive
RV03847,O07771,C01334,5,Food was excellent and delivery was very quick.,Positive,food was excellent and delivery was very quick,Positive
RV03848,O03900,C00440,3,Food was okay but delivery took some time.,Neutral,food was okay but delivery took some time,Positive
RV03849,O09441,C01130,4,"Good service, just a minor delay.",Positive,good service just a minor delay,Positive
RV03850,O02639,C00864,2,Delivery was late and the food was not very good.,Negative,delivery was late and the food was not very good,Negative
RV03851,O07358,C01414,5,Everything was perfect and arrived on time.,Positive,everything was perfect and arrived on time,Positive
RV03852,O01025,C01472,4,Really good experience overall.,Positive,really good experience overall,Positive
RV03853,O07545,C00856,5,"Loved the food, would definitely order again.",Positive,loved the food would definitely order again,Positive
RV03854,O05587,C01927,5,Food was excellent and delivery was very quick.,Positive,food was excellent and delivery was very quick,Positive
RV03855,O09417,C01898,4,"Good service, just a minor delay.",Positive,good service just a minor delay,Positive
RV03856,O07188,C01342,3,Food was okay but delivery took some time.,Neutral,food was okay but delivery took some time,Positive
RV03857,O07236,C01225,1,"Terrible experience, food arrived very late.",Negative,terrible experience food arrived very late,Negative
RV03858,O04245,C00058,5,Food was excellent and delivery was very quick.,Positive,food was excellent and delivery was very quick,Positive
RV03859,O04513,C01018,2,Not happy with the delivery experience.,Negative,not happy with the delivery experience,Negative
RV03860,O09277,C01461,2,Delivery was late and the food was not very good.,Negative,delivery was late and the food was not very good,Negative
RV03861,O07406,C00359,5,Everything was perfect and arrived on time.,Positive,everything was perfect and arrived on time,Positive
RV03862,O05316,C01696,4,Really good experience overall.,Positive,really good experience overall,Positive
RV03863,O03944,C00623,4,Really good experience overall.,Positive,really good experience overall,Positive
RV03864,O03039,C00192,5,Food was excellent and delivery was very quick.,Positive,food was excellent and delivery was very quick,Positive
RV03865,O06249,C01131,5,Amazing food and great delivery experience.,Positive,amazing food and great delivery experience,Positive
RV03866,O02271,C00681,5,Amazing food and great delivery experience.,Positive,amazing food and great delivery experience,Positive
RV03867,O00973,C01488,3,Food was decent but could have been better.,Neutral,food was decent but could have been better,Positive
RV03868,O09605,C00803,1,Food was disappointing and delivery was extremely slow.,Negative,food was disappointing and delivery was extremely slow,Negative
RV03869,O03844,C01654,5,"Loved the food, would definitely order again.",Positive,loved the food would definitely order again,Positive
RV03870,O05381,C00192,4,"Good service, just a minor delay.",Positive,good service just a minor delay,Positive
RV03871,O06965,C00875,5,Everything was perfect and arrived on time.,Positive,everything was perfect and arrived on time,Positive
RV03872,O06357,C01443,3,Food was decent but could have been better.,Neutral,food was decent but could have been better,Positive
RV03873,O06648,C01155,1,Food was disappointing and delivery was extremely slow.,Negative,food was disappointing and delivery was extremely slow,Negative
RV03874,O04297,C00446,3,Food was decent but could have been better.,Neutral,food was decent but could have been better,Positive
RV03875,O02887,C01489,1,"Very poor service, would not order again.",Negative,very poor service would not order again,Negative
RV03876,O08556,C00978,4,"Good service, just a minor delay.",Positive,good service just a minor delay,Positive
RV03877,O01085,C01577,4,"Good service, just a minor delay.",Positive,good service just a minor delay,Positive
RV03878,O02341,C00466,5,Everything was perfect and arrived on time.,Positive,everything was perfect and arrived on time,Positive
RV03879,O01372,C01080,3,Food was decent but could have been better.,Neutral,food was decent but could have been better,Positive
RV03880,O05941,C01219,5,Everything was perfect and arrived on time.,Positive,everything was perfect and arrived on time,Positive
RV03881,O06531,C00405,3,"Average experience, nothing special.",Neutral,average experience nothing special,Negative
RV03882,O02107,C00310,3,Food was decent but could have been better.,Neutral,food was decent but could have been better,Positive
RV03883,O06242,C01487,3,Food was okay but delivery took some time.,Neutral,food was okay but delivery took some time,Positive
RV03884,O03449,C00467,2,Food was cold when it arrived.,Negative,food was cold when it arrived,Neutral
RV03885,O02328,C00044,3,Food was decent but could have been better.,Neutral,food was decent but could have been better,Positive
RV03886,O04532,C01841,4,Really good experience overall.,Positive,really good experience overall,Positive
RV03887,O09223,C01461,3,The order was fine overall.,Neutral,the order was fine overall,Positive
RV03888,O00238,C00303,4,Really good experience overall.,Positive,really good experience overall,Positive
RV03889,O07220,C01561,2,The order was delayed and disappointing.,Negative,the order was delayed and disappointing,Negative
RV03890,O05268,C00726,4,Really good experience overall.,Positive,really good experience overall,Positive
RV03891,O05340,C01662,2,Delivery was late and the food was not very good.,Negative,delivery was late and the food was not very good,Negative
RV03892,O01317,C01750,4,Food was tasty and delivery was smooth.,Positive,food was tasty and delivery was smooth,Neutral
RV03893,O08442,C01764,4,Food was tasty and delivery was smooth.,Positive,food was tasty and delivery was smooth,Neutral
RV03894,O03348,C00670,5,"Loved the food, would definitely order again.",Positive,loved the food would definitely order again,Positive
RV03895,O03294,C00856,4,Really good experience overall.,Positive,really good experience overall,Positive
RV03896,O07909,C01100,4,Food was tasty and delivery was smooth.,Positive,food was tasty and delivery was smooth,Neutral
RV03897,O05158,C01664,4,Good food and the delivery was on time.,Positive,good food and the delivery was on time,Positive
RV03898,O04027,C00144,1,Food was disappointing and delivery was extremely slow.,Negative,food was disappointing and delivery was extremely slow,Negative
RV03899,O00970,C01021,5,Amazing food and great delivery experience.,Positive,amazing food and great delivery experience,Positive
RV03900,O00814,C00899,4,Food was tasty and delivery was smooth.,Positive,food was tasty and delivery was smooth,Neutral
RV03901,O02922,C01411,5,Food was excellent and delivery was very quick.,Positive,food was excellent and delivery was very quick,Positive
RV03902,O05801,C00904,2,Food was cold when it arrived.,Negative,food was cold when it arrived,Neutral
RV03903,O06949,C00524,3,"Average experience, nothing special.",Neutral,average experience nothing special,Negative
RV03904,O00415,C01336,2,Not happy with the delivery experience.,Negative,not happy with the delivery experience,Negative
RV03905,O00507,C01349,3,Food was okay but delivery took some time.,Neutral,food was okay but delivery took some time,Positive
RV03906,O00675,C01822,2,Delivery was late and the food was not very good.,Negative,delivery was late and the food was not very good,Negative
RV03907,O04387,C01604,2,The order was delayed and disappointing.,Negative,the order was delayed and disappointing,Negative
RV03908,O04093,C00601,2,Not happy with the delivery experience.,Negative,not happy with the delivery experience,Negative
RV03909,O08018,C00213,4,"Good service, just a minor delay.",Positive,good service just a minor delay,Positive
RV03910,O07721,C01136,4,"Good service, just a minor delay.",Positive,good service just a minor delay,Positive
RV03911,O08246,C01397,5,Everything was perfect and arrived on time.,Positive,everything was perfect and arrived on time,Positive
RV03912,O06194,C00495,5,Food was excellent and delivery was very quick.,Positive,food was excellent and delivery was very quick,Positive
RV03913,O08618,C00289,5,"Loved the food, would definitely order again.",Positive,loved the food would definitely order again,Positive
RV03914,O09227,C01644,5,Amazing food and great delivery experience.,Positive,amazing food and great delivery experience,Positive
RV03915,O00838,C01283,2,Delivery was late and the food was not very good.,Negative,delivery was late and the food was not very good,Negative
RV03916,O05239,C00704,5,Food was excellent and delivery was very quick.,Positive,food was excellent and delivery was very quick,Positive
RV03917,O06520,C01885,5,"Loved the food, would definitely order again.",Positive,loved the food would definitely order again,Positive
RV03918,O03246,C00429,4,Good food and the delivery was on time.,Positive,good food and the delivery was on time,Positive
RV03919,O07324,C00407,2,Delivery was late and the food was not very good.,Negative,delivery was late and the food was not very good,Negative
RV03920,O07565,C00348,1,Food was disappointing and delivery was extremely slow.,Negative,food was disappointing and delivery was extremely slow,Negative
RV03921,O09201,C01001,4,Food was tasty and delivery was smooth.,Positive,food was tasty and delivery was smooth,Neutral
RV03922,O07698,C01840,4,Really good experience overall.,Positive,really good experience overall,Positive
RV03923,O06030,C00273,5,"Loved the food, would definitely order again.",Positive,loved the food would definitely order again,Positive
RV03924,O06339,C00608,5,Amazing food and great delivery experience.,Positive,amazing food and great delivery experience,Positive
RV03925,O06244,C00915,2,Delivery was late and the food was not very good.,Negative,delivery was late and the food was not very good,Negative
RV03926,O09295,C00665,3,"Average experience, nothing special.",Neutral,average experience nothing special,Negative
RV03927,O01214,C01776,4,Good food and the delivery was on time.,Positive,good food and the delivery was on time,Positive
RV03928,O02843,C00522,4,Really good experience overall.,Positive,really good experience overall,Positive
RV03929,O00916,C01711,1,Food was disappointing and delivery was extremely slow.,Negative,food was disappointing and delivery was extremely slow,Negative
RV03930,O01439,C00335,4,"Good service, just a minor delay.",Positive,good service just a minor delay,Positive
RV03931,O04009,C00827,3,"Average experience, nothing special.",Neutral,average experience nothing special,Negative
RV03932,O01131,C01444,1,Very late delivery and the food was cold.,Negative,very late delivery and the food was cold,Neutral
RV03933,O03226,C00864,3,The order was fine overall.,Neutral,the order was fine overall,Positive
RV03934,O09744,C01195,4,Really good experience overall.,Positive,really good experience overall,Positive
RV03935,O05921,C01799,3,"Average experience, nothing special.",Neutral,average experience nothing special,Negative
RV03936,O04756,C01771,5,Amazing food and great delivery experience.,Positive,amazing food and great delivery experience,Positive
RV03937,O01026,C01982,3,Food was okay but delivery took some time.,Neutral,food was okay but delivery took some time,Positive
RV03938,O08293,C01434,4,Really good experience overall.,Positive,really good experience overall,Positive
RV03939,O07111,C01804,5,"Loved the food, would definitely order again.",Positive,loved the food would definitely order again,Positive
RV03940,O04992,C01352,4,Food was tasty and delivery was smooth.,Positive,food was tasty and delivery was smooth,Neutral
RV03941,O09273,C00819,5,Amazing food and great delivery experience.,Positive,amazing food and great delivery experience,Positive
RV03942,O02053,C00839,4,Good food and the delivery was on time.,Positive,good food and the delivery was on time,Positive
RV03943,O02202,C01158,3,Food was okay but delivery took some time.,Neutral,food was okay but delivery took some time,Positive
RV03944,O00343,C00071,5,Everything was perfect and arrived on time.,Positive,everything was perfect and arrived on time,Positive
RV03945,O05286,C00987,4,"Good service, just a minor delay.",Positive,good service just a minor delay,Positive
RV03946,O08203,C01911,4,Really good experience overall.,Positive,really good experience overall,Positive
RV03947,O02808,C00890,3,Food was okay but delivery took some time.,Neutral,food was okay but delivery took some time,Positive
RV03948,O07272,C01143,3,"Average experience, nothing special.",Neutral,average experience nothing special,Negative
RV03949,O07786,C00684,3,The order was fine overall.,Neutral,the order was fine overall,Positive
RV03950,O06029,C00527,1,Very late delivery and the food was cold.,Negative,very late delivery and the food was cold,Neutral
RV03951,O05306,C00561,3,The order was fine overall.,Neutral,the order was fine overall,Positive
RV03952,O06817,C00787,1,"Terrible experience, food arrived very late.",Negative,terrible experience food arrived very late,Negative
RV03953,O01217,C01615,4,Food was tasty and delivery was smooth.,Positive,food was tasty and delivery was smooth,Neutral
RV03954,O02364,C00390,3,Food was decent but could have been better.,Neutral,food was decent but could have been better,Positive
RV03955,O09176,C01586,5,Everything was perfect and arrived on time.,Positive,everything was perfect and arrived on time,Positive
RV03956,O03536,C01802,3,The order was fine overall.,Neutral,the order was fine overall,Positive
RV03957,O03908,C01420,4,"Good service, just a minor delay.",Positive,good service just a minor delay,Positive
RV03958,O07078,C01491,5,Amazing food and great delivery experience.,Positive,amazing food and great delivery experience,Positive
RV03959,O04346,C01857,3,Food was okay but delivery took some time.,Neutral,food was okay but delivery took some time,Positive
RV03960,O03997,C00217,3,The order was fine overall.,Neutral,the order was fine overall,Positive
RV03961,O06228,C01617,2,The order was delayed and disappointing.,Negative,the order was delayed and disappointing,Negative
RV03962,O05798,C00567,1,Food was disappointing and delivery was extremely slow.,Negative,food was disappointing and delivery was extremely slow,Negative
RV03963,O09484,C00647,4,"Good service, just a minor delay.",Positive,good service just a minor delay,Positive
RV03964,O03217,C01483,4,Good food and the delivery was on time.,Positive,good food and the delivery was on time,Positive
RV03965,O05005,C00848,3,"Average experience, nothing special.",Neutral,average experience nothing special,Negative
RV03966,O01908,C01827,3,"Average experience, nothing special.",Neutral,average experience nothing special,Negative
RV03967,O06148,C00692,5,Food was excellent and delivery was very quick.,Positive,food was excellent and delivery was very quick,Positive
RV03968,O09574,C00773,1,"Terrible experience, food arrived very late.",Negative,terrible experience food arrived very late,Negative
RV03969,O03218,C00744,2,Not happy with the delivery experience.,Negative,not happy with the delivery experience,Negative
RV03970,O02389,C00974,5,Food was excellent and delivery was very quick.,Positive,food was excellent and delivery was very quick,Positive
RV03971,O01110,C00210,3,Food was decent but could have been better.,Neutral,food was decent but could have been better,Positive
RV03972,O03700,C01055,5,Food was excellent and delivery was very quick.,Positive,food was excellent and delivery was very quick,Positive
RV03973,O02753,C00728,5,Everything was perfect and arrived on time.,Positive,everything was perfect and arrived on time,Positive
RV03974,O03401,C01146,5,"Loved the food, would definitely order again.",Positive,loved the food would definitely order again,Positive
RV03975,O04952,C01972,5,Amazing food and great delivery experience.,Positive,amazing food and great delivery experience,Positive
RV03976,O02926,C00830,5,Food was excellent and delivery was very quick.,Positive,food was excellent and delivery was very quick,Positive
RV03977,O01589,C01672,4,Good food and the delivery was on time.,Positive,good food and the delivery was on time,Positive
RV03978,O03138,C01827,2,The order was delayed and disappointing.,Negative,the order was delayed and disappointing,Negative
RV03979,O07435,C00553,3,"Average experience, nothing special.",Neutral,average experience nothing special,Negative
RV03980,O05992,C00664,5,Food was excellent and delivery was very quick.,Positive,food was excellent and delivery was very quick,Positive
RV03981,O00414,C01157,2,Delivery was late and the food was not very good.,Negative,delivery was late and the food was not very good,Negative
RV03982,O09367,C00264,3,"Average experience, nothing special.",Neutral,average experience nothing special,Negative
RV03983,O03040,C01965,4,Good food and the delivery was on time.,Positive,good food and the delivery was on time,Positive
RV03984,O06008,C00260,2,Delivery was late and the food was not very good.,Negative,delivery was late and the food was not very good,Negative
RV03985,O05013,C00239,2,Food was cold when it arrived.,Negative,food was cold when it arrived,Neutral
RV03986,O06498,C00085,4,Really good experience overall.,Positive,really good experience overall,Positive
RV03987,O03261,C00899,5,"Loved the food, would definitely order again.",Positive,loved the food would definitely order again,Positive
RV03988,O09623,C00278,5,"Loved the food, would definitely order again.",Positive,loved the food would definitely order again,Positive
RV03989,O01323,C00141,4,Really good experience overall.,Positive,really good experience overall,Positive
RV03990,O02403,C01725,5,"Loved the food, would definitely order again.",Positive,loved the food would definitely order again,Positive
RV03991,O05981,C01417,5,Food was excellent and delivery was very quick.,Positive,food was excellent and delivery was very quick,Positive
RV03992,O01676,C01044,3,The order was fine overall.,Neutral,the order was fine overall,Positive
RV03993,O08314,C00424,5,"Loved the food, would definitely order again.",Positive,loved the food would definitely order again,Positive
RV03994,O08924,C00178,3,Food was decent but could have been better.,Neutral,food was decent but could have been better,Positive
RV03995,O08047,C01252,3,Food was okay but delivery took some time.,Neutral,food was okay but delivery took some time,Positive
RV03996,O08100,C00066,5,Food was excellent and delivery was very quick.,Positive,food was excellent and delivery was very quick,Positive
RV03997,O04585,C00178,5,"Loved the food, would definitely order again.",Positive,loved the food would definitely order again,Positive
RV03998,O07033,C01638,3,The order was fine overall.,Neutral,the order was fine overall,Positive
RV03999,O01707,C00271,1,Food was disappointing and delivery was extremely slow.,Negative,food was disappointing and delivery was extremely slow,Negative
RV04000,O09162,C01378,4,"Good service, just a minor delay.",Positive,good service just a minor delay,Positive
RV04001,O04777,C00605,4,Really good experience overall.,Positive,really good experience overall,Positive
RV04002,O09235,C01049,5,Amazing food and great delivery experience.,Positive,amazing food and great delivery experience,Positive
RV04003,O07902,C01239,3,The order was fine overall.,Neutral,the order was fine overall,Positive
RV04004,O01401,C00528,5,Food was excellent and delivery was very quick.,Positive,food was excellent and delivery was very quick,Positive
RV04005,O01394,C01704,4,Really good experience overall.,Positive,really good experience overall,Positive
RV04006,O07019,C00685,3,The order was fine overall.,Neutral,the order was fine overall,Positive
RV04007,O08588,C00294,3,The order was fine overall.,Neutral,the order was fine overall,Positive
RV04008,O06978,C00303,3,The order was fine overall.,Neutral,the order was fine overall,Positive
RV04009,O05269,C00943,4,"Good service, just a minor delay.",Positive,good service just a minor delay,Positive
RV04010,O00828,C01125,4,"Good service, just a minor delay.",Positive,good service just a minor delay,Positive
RV04011,O06273,C01885,5,"Loved the food, would definitely order again.",Positive,loved the food would definitely order again,Positive
RV04012,O00538,C01840,5,Food was excellent and delivery was very quick.,Positive,food was excellent and delivery was very quick,Positive
RV04013,O06444,C01702,4,Really good experience overall.,Positive,really good experience overall,Positive
RV04014,O03199,C01733,4,Good food and the delivery was on time.,Positive,good food and the delivery was on time,Positive
RV04015,O02626,C01623,4,Food was tasty and delivery was smooth.,Positive,food was tasty and delivery was smooth,Neutral
RV04016,O06420,C01842,2,The order was delayed and disappointing.,Negative,the order was delayed and disappointing,Negative
RV04017,O02934,C01763,4,"Good service, just a minor delay.",Positive,good service just a minor delay,Positive
RV04018,O00809,C01455,5,Amazing food and great delivery experience.,Positive,amazing food and great delivery experience,Positive
RV04019,O06075,C01943,3,The order was fine overall.,Neutral,the order was fine overall,Positive
RV04020,O02582,C01877,1,Food was disappointing and delivery was extremely slow.,Negative,food was disappointing and delivery was extremely slow,Negative
RV04021,O04035,C00765,1,"Very poor service, would not order again.",Negative,very poor service would not order again,Negative
RV04022,O07944,C01839,1,"Terrible experience, food arrived very late.",Negative,terrible experience food arrived very late,Negative
RV04023,O07960,C01013,5,Food was excellent and delivery was very quick.,Positive,food was excellent and delivery was very quick,Positive
RV04024,O04391,C00270,5,Amazing food and great delivery experience.,Positive,amazing food and great delivery experience,Positive
RV04025,O09607,C00431,1,Very late delivery and the food was cold.,Negative,very late delivery and the food was cold,Neutral
RV04026,O03184,C01775,4,Good food and the delivery was on time.,Positive,good food and the delivery was on time,Positive
RV04027,O05187,C01883,3,The order was fine overall.,Neutral,the order was fine overall,Positive
RV04028,O01246,C01397,3,Food was decent but could have been better.,Neutral,food was decent but could have been better,Positive
RV04029,O06537,C00026,5,Food was excellent and delivery was very quick.,Positive,food was excellent and delivery was very quick,Positive
RV04030,O01611,C00794,4,Good food and the delivery was on time.,Positive,good food and the delivery was on time,Positive
RV04031,O05295,C00870,4,Really good experience overall.,Positive,really good experience overall,Positive
RV04032,O00622,C01228,4,Good food and the delivery was on time.,Positive,good food and the delivery was on time,Positive
RV04033,O09406,C00430,4,Really good experience overall.,Positive,really good experience overall,Positive
RV04034,O08174,C01856,3,Food was okay but delivery took some time.,Neutral,food was okay but delivery took some time,Positive
RV04035,O07722,C00696,4,Good food and the delivery was on time.,Positive,good food and the delivery was on time,Positive
RV04036,O04333,C00324,2,The order was delayed and disappointing.,Negative,the order was delayed and disappointing,Negative
RV04037,O00300,C00806,5,Everything was perfect and arrived on time.,Positive,everything was perfect and arrived on time,Positive
RV04038,O01357,C01612,3,"Average experience, nothing special.",Neutral,average experience nothing special,Negative
RV04039,O07919,C00264,1,Very late delivery and the food was cold.,Negative,very late delivery and the food was cold,Neutral
RV04040,O06524,C00984,5,Food was excellent and delivery was very quick.,Positive,food was excellent and delivery was very quick,Positive
RV04041,O02996,C00987,5,Food was excellent and delivery was very quick.,Positive,food was excellent and delivery was very quick,Positive
RV04042,O01629,C01887,5,Everything was perfect and arrived on time.,Positive,everything was perfect and arrived on time,Positive
RV04043,O03641,C01452,3,The order was fine overall.,Neutral,the order was fine overall,Positive
RV04044,O04506,C00999,2,Delivery was late and the food was not very good.,Negative,delivery was late and the food was not very good,Negative
RV04045,O01311,C00158,1,Very late delivery and the food was cold.,Negative,very late delivery and the food was cold,Neutral
RV04046,O05352,C00470,1,Very late delivery and the food was cold.,Negative,very late delivery and the food was cold,Neutral
RV04047,O03959,C01291,3,The order was fine overall.,Neutral,the order was fine overall,Positive
RV04048,O00243,C01309,3,The order was fine overall.,Neutral,the order was fine overall,Positive
RV04049,O03551,C01860,5,Amazing food and great delivery experience.,Positive,amazing food and great delivery experience,Positive
RV04050,O08674,C01826,3,Food was decent but could have been better.,Neutral,food was decent but could have been better,Positive
RV04051,O06944,C01248,4,Good food and the delivery was on time.,Positive,good food and the delivery was on time,Positive
RV04052,O09249,C01106,5,Food was excellent and delivery was very quick.,Positive,food was excellent and delivery was very quick,Positive
RV04053,O01300,C00288,4,"Good service, just a minor delay.",Positive,good service just a minor delay,Positive
RV04054,O06007,C01772,5,Food was excellent and delivery was very quick.,Positive,food was excellent and delivery was very quick,Positive
RV04055,O07650,C01918,5,"Loved the food, would definitely order again.",Positive,loved the food would definitely order again,Positive
RV04056,O01496,C01701,3,Food was decent but could have been better.,Neutral,food was decent but could have been better,Positive
RV04057,O00248,C00221,4,"Good service, just a minor delay.",Positive,good service just a minor delay,Positive
RV04058,O02425,C01548,3,"Average experience, nothing special.",Neutral,average experience nothing special,Negative
RV04059,O09144,C00694,3,Food was okay but delivery took some time.,Neutral,food was okay but delivery took some time,Positive
RV04060,O00379,C00703,4,Good food and the delivery was on time.,Positive,good food and the delivery was on time,Positive
RV04061,O06285,C01020,4,"Good service, just a minor delay.",Positive,good service just a minor delay,Positive
RV04062,O05659,C01316,1,"Terrible experience, food arrived very late.",Negative,terrible experience food arrived very late,Negative
RV04063,O00347,C01360,5,Food was excellent and delivery was very quick.,Positive,food was excellent and delivery was very quick,Positive
RV04064,O05529,C00194,2,Food was cold when it arrived.,Negative,food was cold when it arrived,Neutral
RV04065,O08089,C00195,4,Food was tasty and delivery was smooth.,Positive,food was tasty and delivery was smooth,Neutral
RV04066,O05776,C01744,4,Really good experience overall.,Positive,really good experience overall,Positive
RV04067,O05952,C00366,3,The order was fine overall.,Neutral,the order was fine overall,Positive
RV04068,O08651,C01557,1,Very late delivery and the food was cold.,Negative,very late delivery and the food was cold,Neutral
RV04069,O04886,C00868,4,"Good service, just a minor delay.",Positive,good service just a minor delay,Positive
RV04070,O08794,C00642,5,Amazing food and great delivery experience.,Positive,amazing food and great delivery experience,Positive
RV04071,O08809,C00621,4,Food was tasty and delivery was smooth.,Positive,food was tasty and delivery was smooth,Neutral
RV04072,O05433,C01669,5,"Loved the food, would definitely order again.",Positive,loved the food would definitely order again,Positive
RV04073,O09300,C00160,5,Amazing food and great delivery experience.,Positive,amazing food and great delivery experience,Positive
RV04074,O03609,C01406,4,Food was tasty and delivery was smooth.,Positive,food was tasty and delivery was smooth,Neutral
RV04075,O09952,C00115,4,"Good service, just a minor delay.",Positive,good service just a minor delay,Positive
RV04076,O06709,C00608,4,Food was tasty and delivery was smooth.,Positive,food was tasty and delivery was smooth,Neutral
RV04077,O00398,C01905,5,"Loved the food, would definitely order again.",Positive,loved the food would definitely order again,Positive
RV04078,O00780,C01924,2,Delivery was late and the food was not very good.,Negative,delivery was late and the food was not very good,Negative
RV04079,O08429,C01348,3,Food was okay but delivery took some time.,Neutral,food was okay but delivery took some time,Positive
RV04080,O01045,C01759,4,Food was tasty and delivery was smooth.,Positive,food was tasty and delivery was smooth,Neutral
RV04081,O04466,C00893,4,Really good experience overall.,Positive,really good experience overall,Positive
RV04082,O02929,C01093,4,Good food and the delivery was on time.,Positive,good food and the delivery was on time,Positive
RV04083,O06250,C00039,5,Everything was perfect and arrived on time.,Positive,everything was perfect and arrived on time,Positive
RV04084,O02112,C01291,1,"Terrible experience, food arrived very late.",Negative,terrible experience food arrived very late,Negative
RV04085,O08417,C01943,5,Everything was perfect and arrived on time.,Positive,everything was perfect and arrived on time,Positive
RV04086,O07040,C00676,5,"Loved the food, would definitely order again.",Positive,loved the food would definitely order again,Positive
RV04087,O09982,C00340,3,The order was fine overall.,Neutral,the order was fine overall,Positive
RV04088,O05703,C01688,5,Amazing food and great delivery experience.,Positive,amazing food and great delivery experience,Positive
RV04089,O07668,C00581,3,"Average experience, nothing special.",Neutral,average experience nothing special,Negative
RV04090,O00369,C01540,5,Everything was perfect and arrived on time.,Positive,everything was perfect and arrived on time,Positive
RV04091,O03274,C00294,4,Good food and the delivery was on time.,Positive,good food and the delivery was on time,Positive
RV04092,O03504,C00490,4,Good food and the delivery was on time.,Positive,good food and the delivery was on time,Positive
RV04093,O06344,C00609,4,"Good service, just a minor delay.",Positive,good service just a minor delay,Positive
RV04094,O08359,C01350,5,"Loved the food, would definitely order again.",Positive,loved the food would definitely order again,Positive
RV04095,O00362,C01238,5,"Loved the food, would definitely order again.",Positive,loved the food would definitely order again,Positive
RV04096,O08274,C00073,3,The order was fine overall.,Neutral,the order was fine overall,Positive
RV04097,O04681,C00269,3,Food was decent but could have been better.,Neutral,food was decent but could have been better,Positive
RV04098,O06485,C00542,4,"Good service, just a minor delay.",Positive,good service just a minor delay,Positive
RV04099,O03688,C00008,5,"Loved the food, would definitely order again.",Positive,loved the food would definitely order again,Positive
RV04100,O06071,C01559,4,Good food and the delivery was on time.,Positive,good food and the delivery was on time,Positive
RV04101,O08260,C00589,2,Delivery was late and the food was not very good.,Negative,delivery was late and the food was not very good,Negative
RV04102,O05150,C01039,4,Food was tasty and delivery was smooth.,Positive,food was tasty and delivery was smooth,Neutral
RV04103,O02949,C01230,5,"Loved the food, would definitely order again.",Positive,loved the food would definitely order again,Positive
RV04104,O05746,C01768,1,"Very poor service, would not order again.",Negative,very poor service would not order again,Negative
RV04105,O04586,C00639,4,Good food and the delivery was on time.,Positive,good food and the delivery was on time,Positive
RV04106,O07436,C00633,2,Food was cold when it arrived.,Negative,food was cold when it arrived,Neutral
RV04107,O06915,C00897,4,Good food and the delivery was on time.,Positive,good food and the delivery was on time,Positive
RV04108,O04407,C00117,1,"Terrible experience, food arrived very late.",Negative,terrible experience food arrived very late,Negative
RV04109,O06527,C00759,4,Food was tasty and delivery was smooth.,Positive,food was tasty and delivery was smooth,Neutral
RV04110,O02826,C00249,5,Amazing food and great delivery experience.,Positive,amazing food and great delivery experience,Positive
RV04111,O00060,C00882,3,"Average experience, nothing special.",Neutral,average experience nothing special,Negative
RV04112,O03120,C01162,3,Food was decent but could have been better.,Neutral,food was decent but could have been better,Positive
RV04113,O07323,C01322,5,Everything was perfect and arrived on time.,Positive,everything was perfect and arrived on time,Positive
RV04114,O05101,C00308,3,Food was okay but delivery took some time.,Neutral,food was okay but delivery took some time,Positive
RV04115,O08908,C01681,3,The order was fine overall.,Neutral,the order was fine overall,Positive
RV04116,O08815,C00648,5,Food was excellent and delivery was very quick.,Positive,food was excellent and delivery was very quick,Positive
RV04117,O01935,C01842,4,Really good experience overall.,Positive,really good experience overall,Positive
RV04118,O06141,C00147,4,Good food and the delivery was on time.,Positive,good food and the delivery was on time,Positive
RV04119,O06919,C00623,4,Food was tasty and delivery was smooth.,Positive,food was tasty and delivery was smooth,Neutral
RV04120,O05902,C00473,1,Food was disappointing and delivery was extremely slow.,Negative,food was disappointing and delivery was extremely slow,Negative
RV04121,O06580,C01837,4,"Good service, just a minor delay.",Positive,good service just a minor delay,Positive
RV04122,O06706,C00770,5,Food was excellent and delivery was very quick.,Positive,food was excellent and delivery was very quick,Positive
RV04123,O07943,C01481,5,Everything was perfect and arrived on time.,Positive,everything was perfect and arrived on time,Positive
RV04124,O08142,C00895,2,Food was cold when it arrived.,Negative,food was cold when it arrived,Neutral
RV04125,O08988,C01417,4,Good food and the delivery was on time.,Positive,good food and the delivery was on time,Positive
RV04126,O02489,C00069,2,Not happy with the delivery experience.,Negative,not happy with the delivery experience,Negative
RV04127,O05532,C01568,5,"Loved the food, would definitely order again.",Positive,loved the food would definitely order again,Positive
RV04128,O03238,C00017,5,"Loved the food, would definitely order again.",Positive,loved the food would definitely order again,Positive
RV04129,O08236,C00687,4,Good food and the delivery was on time.,Positive,good food and the delivery was on time,Positive
RV04130,O08033,C00247,2,Delivery was late and the food was not very good.,Negative,delivery was late and the food was not very good,Negative
RV04131,O05034,C01688,3,Food was okay but delivery took some time.,Neutral,food was okay but delivery took some time,Positive
RV04132,O06800,C01756,4,"Good service, just a minor delay.",Positive,good service just a minor delay,Positive
RV04133,O09674,C00354,4,Good food and the delivery was on time.,Positive,good food and the delivery was on time,Positive
RV04134,O02336,C01746,4,Good food and the delivery was on time.,Positive,good food and the delivery was on time,Positive
RV04135,O09599,C00294,3,Food was okay but delivery took some time.,Neutral,food was okay but delivery took some time,Positive
RV04136,O06837,C00576,4,Good food and the delivery was on time.,Positive,good food and the delivery was on time,Positive
RV04137,O00236,C00207,5,Everything was perfect and arrived on time.,Positive,everything was perfect and arrived on time,Positive
RV04138,O02469,C01363,5,Everything was perfect and arrived on time.,Positive,everything was perfect and arrived on time,Positive
RV04139,O07439,C01840,5,Food was excellent and delivery was very quick.,Positive,food was excellent and delivery was very quick,Positive
RV04140,O00071,C00956,5,"Loved the food, would definitely order again.",Positive,loved the food would definitely order again,Positive
RV04141,O05131,C00197,3,The order was fine overall.,Neutral,the order was fine overall,Positive
RV04142,O06002,C01572,3,Food was okay but delivery took some time.,Neutral,food was okay but delivery took some time,Positive
RV04143,O07628,C01601,3,The order was fine overall.,Neutral,the order was fine overall,Positive
RV04144,O06521,C01221,2,Food was cold when it arrived.,Negative,food was cold when it arrived,Neutral
RV04145,O05052,C01219,4,"Good service, just a minor delay.",Positive,good service just a minor delay,Positive
RV04146,O08923,C00004,5,Everything was perfect and arrived on time.,Positive,everything was perfect and arrived on time,Positive
RV04147,O04041,C01982,5,"Loved the food, would definitely order again.",Positive,loved the food would definitely order again,Positive
RV04148,O05401,C00395,5,Everything was perfect and arrived on time.,Positive,everything was perfect and arrived on time,Positive
RV04149,O07082,C01792,3,Food was decent but could have been better.,Neutral,food was decent but could have been better,Positive
RV04150,O07251,C00502,5,Everything was perfect and arrived on time.,Positive,everything was perfect and arrived on time,Positive
RV04151,O04045,C00819,4,Really good experience overall.,Positive,really good experience overall,Positive
RV04152,O02384,C01764,4,Food was tasty and delivery was smooth.,Positive,food was tasty and delivery was smooth,Neutral
RV04153,O00787,C01393,5,"Loved the food, would definitely order again.",Positive,loved the food would definitely order again,Positive
RV04154,O08630,C00874,4,Good food and the delivery was on time.,Positive,good food and the delivery was on time,Positive
RV04155,O08575,C01217,5,"Loved the food, would definitely order again.",Positive,loved the food would definitely order again,Positive
RV04156,O08568,C00172,2,The order was delayed and disappointing.,Negative,the order was delayed and disappointing,Negative
RV04157,O07422,C00746,4,Really good experience overall.,Positive,really good experience overall,Positive
RV04158,O08989,C00762,5,Everything was perfect and arrived on time.,Positive,everything was perfect and arrived on time,Positive
RV04159,O07042,C00701,5,Amazing food and great delivery experience.,Positive,amazing food and great delivery experience,Positive
RV04160,O04115,C01935,3,Food was decent but could have been better.,Neutral,food was decent but could have been better,Positive
RV04161,O00657,C01746,4,Food was tasty and delivery was smooth.,Positive,food was tasty and delivery was smooth,Neutral
RV04162,O06150,C01958,3,"Average experience, nothing special.",Neutral,average experience nothing special,Negative
RV04163,O02849,C00717,4,"Good service, just a minor delay.",Positive,good service just a minor delay,Positive
RV04164,O09677,C01043,5,Food was excellent and delivery was very quick.,Positive,food was excellent and delivery was very quick,Positive
RV04165,O01126,C01913,4,"Good service, just a minor delay.",Positive,good service just a minor delay,Positive
RV04166,O09132,C01664,4,Good food and the delivery was on time.,Positive,good food and the delivery was on time,Positive
RV04167,O02605,C01780,4,"Good service, just a minor delay.",Positive,good service just a minor delay,Positive
RV04168,O00921,C01428,5,Amazing food and great delivery experience.,Positive,amazing food and great delivery experience,Positive
RV04169,O01819,C01543,5,Amazing food and great delivery experience.,Positive,amazing food and great delivery experience,Positive
RV04170,O05063,C01756,4,Good food and the delivery was on time.,Positive,good food and the delivery was on time,Positive
RV04171,O04019,C01637,3,Food was decent but could have been better.,Neutral,food was decent but could have been better,Positive
RV04172,O01285,C01061,4,Really good experience overall.,Positive,really good experience overall,Positive
RV04173,O08170,C00444,2,The order was delayed and disappointing.,Negative,the order was delayed and disappointing,Negative
RV04174,O02179,C01626,5,Food was excellent and delivery was very quick.,Positive,food was excellent and delivery was very quick,Positive
RV04175,O00476,C01238,2,Food was cold when it arrived.,Negative,food was cold when it arrived,Neutral
RV04176,O04163,C00332,4,Food was tasty and delivery was smooth.,Positive,food was tasty and delivery was smooth,Neutral
RV04177,O04500,C01011,3,The order was fine overall.,Neutral,the order was fine overall,Positive
RV04178,O01149,C00166,5,Food was excellent and delivery was very quick.,Positive,food was excellent and delivery was very quick,Positive
RV04179,O07629,C01456,4,Really good experience overall.,Positive,really good experience overall,Positive
RV04180,O03510,C00335,5,Amazing food and great delivery experience.,Positive,amazing food and great delivery experience,Positive
RV04181,O09034,C00412,5,Food was excellent and delivery was very quick.,Positive,food was excellent and delivery was very quick,Positive
RV04182,O02139,C01321,4,Good food and the delivery was on time.,Positive,good food and the delivery was on time,Positive
RV04183,O05948,C00801,4,Really good experience overall.,Positive,really good experience overall,Positive
RV04184,O02417,C00473,5,Food was excellent and delivery was very quick.,Positive,food was excellent and delivery was very quick,Positive
RV04185,O04998,C00274,4,"Good service, just a minor delay.",Positive,good service just a minor delay,Positive
RV04186,O04699,C01952,5,Amazing food and great delivery experience.,Positive,amazing food and great delivery experience,Positive
RV04187,O00383,C01457,2,Delivery was late and the food was not very good.,Negative,delivery was late and the food was not very good,Negative
RV04188,O05888,C00067,4,Good food and the delivery was on time.,Positive,good food and the delivery was on time,Positive
RV04189,O07822,C01113,4,Really good experience overall.,Positive,really good experience overall,Positive
RV04190,O06492,C00330,3,Food was decent but could have been better.,Neutral,food was decent but could have been better,Positive
RV04191,O05799,C00567,3,"Average experience, nothing special.",Neutral,average experience nothing special,Negative
RV04192,O01130,C01129,2,Not happy with the delivery experience.,Negative,not happy with the delivery experience,Negative
RV04193,O07074,C00954,5,Food was excellent and delivery was very quick.,Positive,food was excellent and delivery was very quick,Positive
RV04194,O00082,C00279,4,"Good service, just a minor delay.",Positive,good service just a minor delay,Positive
RV04195,O01640,C01028,5,Food was excellent and delivery was very quick.,Positive,food was excellent and delivery was very quick,Positive
RV04196,O05319,C00519,1,"Terrible experience, food arrived very late.",Negative,terrible experience food arrived very late,Negative
RV04197,O08096,C00356,5,Everything was perfect and arrived on time.,Positive,everything was perfect and arrived on time,Positive
RV04198,O04022,C01566,2,Not happy with the delivery experience.,Negative,not happy with the delivery experience,Negative
RV04199,O03308,C00079,1,"Terrible experience, food arrived very late.",Negative,terrible experience food arrived very late,Negative
RV04200,O03893,C01110,3,Food was decent but could have been better.,Neutral,food was decent but could have been better,Positive
RV04201,O01428,C00557,5,Amazing food and great delivery experience.,Positive,amazing food and great delivery experience,Positive
RV04202,O00984,C00913,5,"Loved the food, would definitely order again.",Positive,loved the food would definitely order again,Positive
RV04203,O09261,C00590,3,The order was fine overall.,Neutral,the order was fine overall,Positive
RV04204,O05437,C00960,4,"Good service, just a minor delay.",Positive,good service just a minor delay,Positive
RV04205,O02714,C00286,2,Food was cold when it arrived.,Negative,food was cold when it arrived,Neutral
RV04206,O03889,C01997,5,Food was excellent and delivery was very quick.,Positive,food was excellent and delivery was very quick,Positive
RV04207,O05299,C01982,2,Not happy with the delivery experience.,Negative,not happy with the delivery experience,Negative
RV04208,O01952,C00984,2,Delivery was late and the food was not very good.,Negative,delivery was late and the food was not very good,Negative
RV04209,O04785,C01691,3,Food was decent but could have been better.,Neutral,food was decent but could have been better,Positive
RV04210,O02344,C01705,3,"Average experience, nothing special.",Neutral,average experience nothing special,Negative
RV04211,O05281,C01086,4,Really good experience overall.,Positive,really good experience overall,Positive
RV04212,O05173,C01342,2,Delivery was late and the food was not very good.,Negative,delivery was late and the food was not very good,Negative
RV04213,O01748,C01726,3,"Average experience, nothing special.",Neutral,average experience nothing special,Negative
RV04214,O06523,C01677,5,Everything was perfect and arrived on time.,Positive,everything was perfect and arrived on time,Positive
RV04215,O09669,C01983,3,The order was fine overall.,Neutral,the order was fine overall,Positive
RV04216,O08374,C00878,5,Amazing food and great delivery experience.,Positive,amazing food and great delivery experience,Positive
RV04217,O07576,C00892,3,"Average experience, nothing special.",Neutral,average experience nothing special,Negative
RV04218,O00556,C01325,4,Food was tasty and delivery was smooth.,Positive,food was tasty and delivery was smooth,Neutral
RV04219,O05032,C00953,3,"Average experience, nothing special.",Neutral,average experience nothing special,Negative
RV04220,O02778,C01548,4,Food was tasty and delivery was smooth.,Positive,food was tasty and delivery was smooth,Neutral
RV04221,O03109,C01340,5,Everything was perfect and arrived on time.,Positive,everything was perfect and arrived on time,Positive
RV04222,O08744,C01154,2,Food was cold when it arrived.,Negative,food was cold when it arrived,Neutral
RV04223,O08536,C01367,5,Food was excellent and delivery was very quick.,Positive,food was excellent and delivery was very quick,Positive
RV04224,O02142,C01452,3,The order was fine overall.,Neutral,the order was fine overall,Positive
RV04225,O08258,C01625,2,Food was cold when it arrived.,Negative,food was cold when it arrived,Neutral
RV04226,O00225,C01923,4,Food was tasty and delivery was smooth.,Positive,food was tasty and delivery was smooth,Neutral
RV04227,O00801,C00422,5,Everything was perfect and arrived on time.,Positive,everything was perfect and arrived on time,Positive
RV04228,O03669,C00994,4,Food was tasty and delivery was smooth.,Positive,food was tasty and delivery was smooth,Neutral
RV04229,O01197,C01252,5,Everything was perfect and arrived on time.,Positive,everything was perfect and arrived on time,Positive
RV04230,O03178,C01909,4,"Good service, just a minor delay.",Positive,good service just a minor delay,Positive
RV04231,O01823,C00136,5,"Loved the food, would definitely order again.",Positive,loved the food would definitely order again,Positive
RV04232,O07437,C00275,5,Everything was perfect and arrived on time.,Positive,everything was perfect and arrived on time,Positive
RV04233,O02545,C00177,4,Food was tasty and delivery was smooth.,Positive,food was tasty and delivery was smooth,Neutral
RV04234,O05018,C01200,3,Food was okay but delivery took some time.,Neutral,food was okay but delivery took some time,Positive
RV04235,O01829,C00788,1,Food was disappointing and delivery was extremely slow.,Negative,food was disappointing and delivery was extremely slow,Negative
RV04236,O00152,C00044,3,Food was decent but could have been better.,Neutral,food was decent but could have been better,Positive
RV04237,O09136,C00755,3,Food was decent but could have been better.,Neutral,food was decent but could have been better,Positive
RV04238,O00857,C00375,5,Food was excellent and delivery was very quick.,Positive,food was excellent and delivery was very quick,Positive
RV04239,O08610,C01069,5,Food was excellent and delivery was very quick.,Positive,food was excellent and delivery was very quick,Positive
RV04240,O07273,C00735,3,The order was fine overall.,Neutral,the order was fine overall,Positive
RV04241,O08708,C00694,4,Really good experience overall.,Positive,really good experience overall,Positive
RV04242,O07409,C01603,3,Food was okay but delivery took some time.,Neutral,food was okay but delivery took some time,Positive
RV04243,O03353,C01008,5,Food was excellent and delivery was very quick.,Positive,food was excellent and delivery was very quick,Positive
RV04244,O03942,C00797,4,"Good service, just a minor delay.",Positive,good service just a minor delay,Positive
RV04245,O09745,C00638,5,Everything was perfect and arrived on time.,Positive,everything was perfect and arrived on time,Positive
RV04246,O07711,C01522,4,Good food and the delivery was on time.,Positive,good food and the delivery was on time,Positive
RV04247,O04247,C00001,3,Food was decent but could have been better.,Neutral,food was decent but could have been better,Positive
RV04248,O09472,C00647,3,The order was fine overall.,Neutral,the order was fine overall,Positive
RV04249,O07767,C00237,4,Food was tasty and delivery was smooth.,Positive,food was tasty and delivery was smooth,Neutral
RV04250,O01621,C00806,4,"Good service, just a minor delay.",Positive,good service just a minor delay,Positive
RV04251,O08106,C01361,5,Amazing food and great delivery experience.,Positive,amazing food and great delivery experience,Positive
RV04252,O06269,C00658,2,Delivery was late and the food was not very good.,Negative,delivery was late and the food was not very good,Negative
RV04253,O01074,C01553,3,Food was decent but could have been better.,Neutral,food was decent but could have been better,Positive
RV04254,O07454,C01622,5,Everything was perfect and arrived on time.,Positive,everything was perfect and arrived on time,Positive
RV04255,O05878,C00441,4,"Good service, just a minor delay.",Positive,good service just a minor delay,Positive
RV04256,O04622,C00926,5,"Loved the food, would definitely order again.",Positive,loved the food would definitely order again,Positive
RV04257,O04803,C00420,5,Everything was perfect and arrived on time.,Positive,everything was perfect and arrived on time,Positive
RV04258,O06631,C01510,5,"Loved the food, would definitely order again.",Positive,loved the food would definitely order again,Positive
RV04259,O09276,C00545,1,Very late delivery and the food was cold.,Negative,very late delivery and the food was cold,Neutral
RV04260,O02212,C01630,3,"Average experience, nothing special.",Neutral,average experience nothing special,Negative
RV04261,O01146,C01289,4,"Good service, just a minor delay.",Positive,good service just a minor delay,Positive
RV04262,O01581,C00038,5,Food was excellent and delivery was very quick.,Positive,food was excellent and delivery was very quick,Positive
RV04263,O02943,C00178,5,"Loved the food, would definitely order again.",Positive,loved the food would definitely order again,Positive
RV04264,O07464,C00885,1,"Very poor service, would not order again.",Negative,very poor service would not order again,Negative
RV04265,O04816,C00145,1,Food was disappointing and delivery was extremely slow.,Negative,food was disappointing and delivery was extremely slow,Negative
RV04266,O05382,C01237,4,Really good experience overall.,Positive,really good experience overall,Positive
RV04267,O01985,C00233,4,"Good service, just a minor delay.",Positive,good service just a minor delay,Positive
RV04268,O08355,C01631,4,Good food and the delivery was on time.,Positive,good food and the delivery was on time,Positive
RV04269,O08741,C01545,5,"Loved the food, would definitely order again.",Positive,loved the food would definitely order again,Positive
RV04270,O09987,C00074,5,Amazing food and great delivery experience.,Positive,amazing food and great delivery experience,Positive
RV04271,O04621,C01667,4,"Good service, just a minor delay.",Positive,good service just a minor delay,Positive
RV04272,O09195,C00173,4,Food was tasty and delivery was smooth.,Positive,food was tasty and delivery was smooth,Neutral
RV04273,O03400,C00419,5,Amazing food and great delivery experience.,Positive,amazing food and great delivery experience,Positive
RV04274,O01668,C01243,4,Really good experience overall.,Positive,really good experience overall,Positive
RV04275,O03367,C01492,2,Delivery was late and the food was not very good.,Negative,delivery was late and the food was not very good,Negative
RV04276,O02247,C00478,3,Food was decent but could have been better.,Neutral,food was decent but could have been better,Positive
RV04277,O01399,C00859,3,Food was okay but delivery took some time.,Neutral,food was okay but delivery took some time,Positive
RV04278,O05572,C00453,4,Really good experience overall.,Positive,really good experience overall,Positive
RV04279,O07193,C00311,5,"Loved the food, would definitely order again.",Positive,loved the food would definitely order again,Positive
RV04280,O07844,C00138,4,Food was tasty and delivery was smooth.,Positive,food was tasty and delivery was smooth,Neutral
RV04281,O01097,C00355,5,Amazing food and great delivery experience.,Positive,amazing food and great delivery experience,Positive
RV04282,O07624,C00506,5,Everything was perfect and arrived on time.,Positive,everything was perfect and arrived on time,Positive
RV04283,O08418,C01758,4,Good food and the delivery was on time.,Positive,good food and the delivery was on time,Positive
RV04284,O06495,C01694,1,"Terrible experience, food arrived very late.",Negative,terrible experience food arrived very late,Negative
RV04285,O07279,C01366,3,Food was decent but could have been better.,Neutral,food was decent but could have been better,Positive
RV04286,O00294,C00945,5,Everything was perfect and arrived on time.,Positive,everything was perfect and arrived on time,Positive
RV04287,O06170,C00865,2,Not happy with the delivery experience.,Negative,not happy with the delivery experience,Negative
RV04288,O09643,C01414,5,"Loved the food, would definitely order again.",Positive,loved the food would definitely order again,Positive
RV04289,O01887,C01971,4,Really good experience overall.,Positive,really good experience overall,Positive
RV04290,O03736,C00307,4,"Good service, just a minor delay.",Positive,good service just a minor delay,Positive
RV04291,O09279,C00733,2,The order was delayed and disappointing.,Negative,the order was delayed and disappointing,Negative
RV04292,O04367,C01176,4,Good food and the delivery was on time.,Positive,good food and the delivery was on time,Positive
RV04293,O09545,C01489,5,Everything was perfect and arrived on time.,Positive,everything was perfect and arrived on time,Positive
RV04294,O01235,C00051,4,Food was tasty and delivery was smooth.,Positive,food was tasty and delivery was smooth,Neutral
RV04295,O09287,C01621,1,Food was disappointing and delivery was extremely slow.,Negative,food was disappointing and delivery was extremely slow,Negative
RV04296,O06220,C01484,4,Food was tasty and delivery was smooth.,Positive,food was tasty and delivery was smooth,Neutral
RV04297,O08313,C01889,5,"Loved the food, would definitely order again.",Positive,loved the food would definitely order again,Positive
RV04298,O02474,C01370,4,Food was tasty and delivery was smooth.,Positive,food was tasty and delivery was smooth,Neutral
RV04299,O08518,C01735,3,The order was fine overall.,Neutral,the order was fine overall,Positive
RV04300,O00434,C00444,5,Everything was perfect and arrived on time.,Positive,everything was perfect and arrived on time,Positive
RV04301,O08233,C01705,3,Food was decent but could have been better.,Neutral,food was decent but could have been better,Positive
RV04302,O05844,C00993,1,Food was disappointing and delivery was extremely slow.,Negative,food was disappointing and delivery was extremely slow,Negative
RV04303,O06845,C00221,5,Everything was perfect and arrived on time.,Positive,everything was perfect and arrived on time,Positive
RV04304,O00987,C00616,4,Good food and the delivery was on time.,Positive,good food and the delivery was on time,Positive
RV04305,O05565,C00353,3,Food was okay but delivery took some time.,Neutral,food was okay but delivery took some time,Positive
RV04306,O08817,C00891,5,"Loved the food, would definitely order again.",Positive,loved the food would definitely order again,Positive
RV04307,O01376,C00678,5,Amazing food and great delivery experience.,Positive,amazing food and great delivery experience,Positive
RV04308,O03537,C00013,5,Food was excellent and delivery was very quick.,Positive,food was excellent and delivery was very quick,Positive
RV04309,O08013,C01986,4,Food was tasty and delivery was smooth.,Positive,food was tasty and delivery was smooth,Neutral
RV04310,O07968,C01389,4,"Good service, just a minor delay.",Positive,good service just a minor delay,Positive
RV04311,O05193,C00917,5,"Loved the food, would definitely order again.",Positive,loved the food would definitely order again,Positive
RV04312,O05399,C01668,1,"Very poor service, would not order again.",Negative,very poor service would not order again,Negative
RV04313,O00177,C00929,4,Food was tasty and delivery was smooth.,Positive,food was tasty and delivery was smooth,Neutral
RV04314,O01418,C01791,4,"Good service, just a minor delay.",Positive,good service just a minor delay,Positive
RV04315,O02160,C01762,4,Food was tasty and delivery was smooth.,Positive,food was tasty and delivery was smooth,Neutral
RV04316,O09993,C01717,3,Food was decent but could have been better.,Neutral,food was decent but could have been better,Positive
RV04317,O02308,C01225,3,Food was okay but delivery took some time.,Neutral,food was okay but delivery took some time,Positive
RV04318,O05872,C01597,2,Food was cold when it arrived.,Negative,food was cold when it arrived,Neutral
RV04319,O03530,C01271,2,Not happy with the delivery experience.,Negative,not happy with the delivery experience,Negative
RV04320,O02315,C01250,4,Good food and the delivery was on time.,Positive,good food and the delivery was on time,Positive
RV04321,O02073,C00851,4,Food was tasty and delivery was smooth.,Positive,food was tasty and delivery was smooth,Neutral
RV04322,O05188,C01284,5,Everything was perfect and arrived on time.,Positive,everything was perfect and arrived on time,Positive
RV04323,O09937,C01367,3,The order was fine overall.,Neutral,the order was fine overall,Positive
RV04324,O08492,C01116,4,Food was tasty and delivery was smooth.,Positive,food was tasty and delivery was smooth,Neutral
RV04325,O05767,C00903,3,"Average experience, nothing special.",Neutral,average experience nothing special,Negative
RV04326,O06904,C01969,2,The order was delayed and disappointing.,Negative,the order was delayed and disappointing,Negative
RV04327,O07649,C00849,1,"Terrible experience, food arrived very late.",Negative,terrible experience food arrived very late,Negative
RV04328,O02759,C00345,5,Everything was perfect and arrived on time.,Positive,everything was perfect and arrived on time,Positive
RV04329,O05874,C00122,5,Food was excellent and delivery was very quick.,Positive,food was excellent and delivery was very quick,Positive
RV04330,O02661,C01474,4,Really good experience overall.,Positive,really good experience overall,Positive
RV04331,O05574,C00450,1,"Terrible experience, food arrived very late.",Negative,terrible experience food arrived very late,Negative
RV04332,O09801,C00055,5,Food was excellent and delivery was very quick.,Positive,food was excellent and delivery was very quick,Positive
RV04333,O00879,C00949,2,The order was delayed and disappointing.,Negative,the order was delayed and disappointing,Negative
RV04334,O08916,C00296,2,Food was cold when it arrived.,Negative,food was cold when it arrived,Neutral
RV04335,O08962,C01772,1,Very late delivery and the food was cold.,Negative,very late delivery and the food was cold,Neutral
RV04336,O08727,C00391,1,Food was disappointing and delivery was extremely slow.,Negative,food was disappointing and delivery was extremely slow,Negative
RV04337,O02141,C01331,5,Amazing food and great delivery experience.,Positive,amazing food and great delivery experience,Positive
RV04338,O00320,C00104,3,The order was fine overall.,Neutral,the order was fine overall,Positive
RV04339,O04978,C01334,3,Food was decent but could have been better.,Neutral,food was decent but could have been better,Positive
RV04340,O01339,C00466,4,Good food and the delivery was on time.,Positive,good food and the delivery was on time,Positive
RV04341,O05495,C01040,3,"Average experience, nothing special.",Neutral,average experience nothing special,Negative
RV04342,O08824,C01713,3,Food was decent but could have been better.,Neutral,food was decent but could have been better,Positive
RV04343,O06295,C01557,3,Food was okay but delivery took some time.,Neutral,food was okay but delivery took some time,Positive
RV04344,O08102,C00859,4,Food was tasty and delivery was smooth.,Positive,food was tasty and delivery was smooth,Neutral
RV04345,O04408,C00983,3,"Average experience, nothing special.",Neutral,average experience nothing special,Negative
RV04346,O03807,C01325,5,Everything was perfect and arrived on time.,Positive,everything was perfect and arrived on time,Positive
RV04347,O01477,C01446,3,"Average experience, nothing special.",Neutral,average experience nothing special,Negative
RV04348,O06040,C00816,3,Food was okay but delivery took some time.,Neutral,food was okay but delivery took some time,Positive
RV04349,O06072,C01725,5,Everything was perfect and arrived on time.,Positive,everything was perfect and arrived on time,Positive
RV04350,O04036,C00375,3,Food was decent but could have been better.,Neutral,food was decent but could have been better,Positive
RV04351,O04136,C01553,5,Everything was perfect and arrived on time.,Positive,everything was perfect and arrived on time,Positive
RV04352,O01832,C00956,5,Everything was perfect and arrived on time.,Positive,everything was perfect and arrived on time,Positive
RV04353,O03358,C00547,5,Everything was perfect and arrived on time.,Positive,everything was perfect and arrived on time,Positive
RV04354,O00495,C01429,3,The order was fine overall.,Neutral,the order was fine overall,Positive
RV04355,O03943,C01687,4,Food was tasty and delivery was smooth.,Positive,food was tasty and delivery was smooth,Neutral
RV04356,O02432,C01758,1,Very late delivery and the food was cold.,Negative,very late delivery and the food was cold,Neutral
RV04357,O09409,C00133,1,Food was disappointing and delivery was extremely slow.,Negative,food was disappointing and delivery was extremely slow,Negative
RV04358,O06169,C00984,2,The order was delayed and disappointing.,Negative,the order was delayed and disappointing,Negative
RV04359,O04375,C01501,4,Good food and the delivery was on time.,Positive,good food and the delivery was on time,Positive
RV04360,O02322,C00152,5,Everything was perfect and arrived on time.,Positive,everything was perfect and arrived on time,Positive
RV04361,O09148,C00422,4,"Good service, just a minor delay.",Positive,good service just a minor delay,Positive
RV04362,O06059,C01814,4,Really good experience overall.,Positive,really good experience overall,Positive
RV04363,O03989,C01745,4,Really good experience overall.,Positive,really good experience overall,Positive
RV04364,O05347,C01229,5,Amazing food and great delivery experience.,Positive,amazing food and great delivery experience,Positive
RV04365,O08728,C01673,3,"Average experience, nothing special.",Neutral,average experience nothing special,Negative
RV04366,O05738,C00320,3,"Average experience, nothing special.",Neutral,average experience nothing special,Negative
RV04367,O09180,C01757,3,Food was decent but could have been better.,Neutral,food was decent but could have been better,Positive
RV04368,O01864,C00560,5,Amazing food and great delivery experience.,Positive,amazing food and great delivery experience,Positive
RV04369,O02715,C01780,1,"Terrible experience, food arrived very late.",Negative,terrible experience food arrived very late,Negative
RV04370,O00262,C00504,4,Good food and the delivery was on time.,Positive,good food and the delivery was on time,Positive
RV04371,O06857,C00204,5,Food was excellent and delivery was very quick.,Positive,food was excellent and delivery was very quick,Positive
RV04372,O02641,C01172,4,Food was tasty and delivery was smooth.,Positive,food was tasty and delivery was smooth,Neutral
RV04373,O02125,C01638,3,Food was okay but delivery took some time.,Neutral,food was okay but delivery took some time,Positive
RV04374,O03975,C00253,3,"Average experience, nothing special.",Neutral,average experience nothing special,Negative
RV04375,O08658,C00447,1,"Very poor service, would not order again.",Negative,very poor service would not order again,Negative
RV04376,O00996,C00327,4,Good food and the delivery was on time.,Positive,good food and the delivery was on time,Positive
RV04377,O03021,C00464,5,"Loved the food, would definitely order again.",Positive,loved the food would definitely order again,Positive
RV04378,O07610,C01853,5,Amazing food and great delivery experience.,Positive,amazing food and great delivery experience,Positive
RV04379,O05421,C01365,3,Food was okay but delivery took some time.,Neutral,food was okay but delivery took some time,Positive
RV04380,O04768,C01403,5,"Loved the food, would definitely order again.",Positive,loved the food would definitely order again,Positive
RV04381,O02276,C00811,2,Delivery was late and the food was not very good.,Negative,delivery was late and the food was not very good,Negative
RV04382,O09576,C01411,5,Everything was perfect and arrived on time.,Positive,everything was perfect and arrived on time,Positive
RV04383,O02987,C00781,5,Amazing food and great delivery experience.,Positive,amazing food and great delivery experience,Positive
RV04384,O07394,C00033,5,Amazing food and great delivery experience.,Positive,amazing food and great delivery experience,Positive
RV04385,O04344,C01649,5,Amazing food and great delivery experience.,Positive,amazing food and great delivery experience,Positive
RV04386,O09058,C00460,5,Amazing food and great delivery experience.,Positive,amazing food and great delivery experience,Positive
RV04387,O01978,C01381,1,"Very poor service, would not order again.",Negative,very poor service would not order again,Negative
RV04388,O00750,C00680,4,Good food and the delivery was on time.,Positive,good food and the delivery was on time,Positive
RV04389,O00967,C01400,2,Food was cold when it arrived.,Negative,food was cold when it arrived,Neutral
RV04390,O06846,C01386,5,"Loved the food, would definitely order again.",Positive,loved the food would definitely order again,Positive
RV04391,O09254,C01890,4,"Good service, just a minor delay.",Positive,good service just a minor delay,Positive
RV04392,O06483,C00917,4,Food was tasty and delivery was smooth.,Positive,food was tasty and delivery was smooth,Neutral
RV04393,O07469,C01521,4,Food was tasty and delivery was smooth.,Positive,food was tasty and delivery was smooth,Neutral
RV04394,O03487,C01508,2,Food was cold when it arrived.,Negative,food was cold when it arrived,Neutral
RV04395,O07506,C00891,4,Food was tasty and delivery was smooth.,Positive,food was tasty and delivery was smooth,Neutral
RV04396,O01504,C00799,3,The order was fine overall.,Neutral,the order was fine overall,Positive
RV04397,O00606,C00994,4,Good food and the delivery was on time.,Positive,good food and the delivery was on time,Positive
RV04398,O00644,C01791,5,"Loved the food, would definitely order again.",Positive,loved the food would definitely order again,Positive
RV04399,O07477,C01844,5,Amazing food and great delivery experience.,Positive,amazing food and great delivery experience,Positive
RV04400,O02979,C01890,2,Not happy with the delivery experience.,Negative,not happy with the delivery experience,Negative
RV04401,O03957,C00869,4,Really good experience overall.,Positive,really good experience overall,Positive
RV04402,O04076,C00881,2,Food was cold when it arrived.,Negative,food was cold when it arrived,Neutral
RV04403,O03290,C01634,5,Food was excellent and delivery was very quick.,Positive,food was excellent and delivery was very quick,Positive
RV04404,O05171,C01995,2,Food was cold when it arrived.,Negative,food was cold when it arrived,Neutral
RV04405,O09317,C00964,3,Food was okay but delivery took some time.,Neutral,food was okay but delivery took some time,Positive
RV04406,O08234,C01971,4,Food was tasty and delivery was smooth.,Positive,food was tasty and delivery was smooth,Neutral
RV04407,O07268,C01681,3,Food was okay but delivery took some time.,Neutral,food was okay but delivery took some time,Positive
RV04408,O06214,C01242,4,Food was tasty and delivery was smooth.,Positive,food was tasty and delivery was smooth,Neutral
RV04409,O00816,C00163,1,Very late delivery and the food was cold.,Negative,very late delivery and the food was cold,Neutral
RV04410,O00480,C01144,4,Really good experience overall.,Positive,really good experience overall,Positive
RV04411,O06431,C01982,4,"Good service, just a minor delay.",Positive,good service just a minor delay,Positive
RV04412,O01289,C01767,5,Everything was perfect and arrived on time.,Positive,everything was perfect and arrived on time,Positive
RV04413,O00399,C01585,4,Food was tasty and delivery was smooth.,Positive,food was tasty and delivery was smooth,Neutral
RV04414,O02428,C00109,3,Food was okay but delivery took some time.,Neutral,food was okay but delivery took some time,Positive
RV04415,O06488,C00708,5,Amazing food and great delivery experience.,Positive,amazing food and great delivery experience,Positive
RV04416,O02363,C00091,3,Food was decent but could have been better.,Neutral,food was decent but could have been better,Positive
RV04417,O05848,C01692,2,Food was cold when it arrived.,Negative,food was cold when it arrived,Neutral
RV04418,O07202,C00577,5,"Loved the food, would definitely order again.",Positive,loved the food would definitely order again,Positive
RV04419,O07936,C00814,2,The order was delayed and disappointing.,Negative,the order was delayed and disappointing,Negative
RV04420,O03435,C00478,4,Really good experience overall.,Positive,really good experience overall,Positive
RV04421,O05349,C01964,5,"Loved the food, would definitely order again.",Positive,loved the food would definitely order again,Positive
RV04422,O08771,C00334,5,Amazing food and great delivery experience.,Positive,amazing food and great delivery experience,Positive
RV04423,O01185,C01563,4,"Good service, just a minor delay.",Positive,good service just a minor delay,Positive
RV04424,O00960,C00872,4,"Good service, just a minor delay.",Positive,good service just a minor delay,Positive
RV04425,O05748,C01159,5,Everything was perfect and arrived on time.,Positive,everything was perfect and arrived on time,Positive
RV04426,O04192,C01499,1,Food was disappointing and delivery was extremely slow.,Negative,food was disappointing and delivery was extremely slow,Negative
RV04427,O07706,C00017,5,Amazing food and great delivery experience.,Positive,amazing food and great delivery experience,Positive
RV04428,O03418,C00955,1,"Terrible experience, food arrived very late.",Negative,terrible experience food arrived very late,Negative
RV04429,O07859,C01620,4,Really good experience overall.,Positive,really good experience overall,Positive
RV04430,O07465,C00129,3,The order was fine overall.,Neutral,the order was fine overall,Positive
RV04431,O00485,C01433,5,Amazing food and great delivery experience.,Positive,amazing food and great delivery experience,Positive
RV04432,O01293,C00107,5,Everything was perfect and arrived on time.,Positive,everything was perfect and arrived on time,Positive
RV04433,O06041,C00414,3,The order was fine overall.,Neutral,the order was fine overall,Positive
RV04434,O05742,C01865,5,Food was excellent and delivery was very quick.,Positive,food was excellent and delivery was very quick,Positive
RV04435,O07869,C00290,5,Amazing food and great delivery experience.,Positive,amazing food and great delivery experience,Positive
RV04436,O09457,C00749,5,Food was excellent and delivery was very quick.,Positive,food was excellent and delivery was very quick,Positive
RV04437,O00342,C00986,4,Food was tasty and delivery was smooth.,Positive,food was tasty and delivery was smooth,Neutral
RV04438,O03739,C00435,5,Food was excellent and delivery was very quick.,Positive,food was excellent and delivery was very quick,Positive
RV04439,O06679,C01093,3,The order was fine overall.,Neutral,the order was fine overall,Positive
RV04440,O06124,C00161,2,Not happy with the delivery experience.,Negative,not happy with the delivery experience,Negative
RV04441,O03881,C01227,5,"Loved the food, would definitely order again.",Positive,loved the food would definitely order again,Positive
RV04442,O01329,C01584,4,"Good service, just a minor delay.",Positive,good service just a minor delay,Positive
RV04443,O07319,C01114,5,Food was excellent and delivery was very quick.,Positive,food was excellent and delivery was very quick,Positive
RV04444,O06861,C00069,4,Food was tasty and delivery was smooth.,Positive,food was tasty and delivery was smooth,Neutral
RV04445,O01906,C00039,5,Everything was perfect and arrived on time.,Positive,everything was perfect and arrived on time,Positive
RV04446,O06865,C00361,4,"Good service, just a minor delay.",Positive,good service just a minor delay,Positive
RV04447,O02538,C00720,5,Amazing food and great delivery experience.,Positive,amazing food and great delivery experience,Positive
RV04448,O07398,C00019,5,Amazing food and great delivery experience.,Positive,amazing food and great delivery experience,Positive
RV04449,O03420,C00970,3,Food was okay but delivery took some time.,Neutral,food was okay but delivery took some time,Positive
RV04450,O04946,C01980,4,"Good service, just a minor delay.",Positive,good service just a minor delay,Positive
RV04451,O05578,C00051,3,Food was okay but delivery took some time.,Neutral,food was okay but delivery took some time,Positive
RV04452,O04088,C01522,4,Good food and the delivery was on time.,Positive,good food and the delivery was on time,Positive
RV04453,O08277,C00722,4,Food was tasty and delivery was smooth.,Positive,food was tasty and delivery was smooth,Neutral
RV04454,O00247,C00901,5,Food was excellent and delivery was very quick.,Positive,food was excellent and delivery was very quick,Positive
RV04455,O04883,C00609,4,"Good service, just a minor delay.",Positive,good service just a minor delay,Positive
RV04456,O02177,C01468,5,Amazing food and great delivery experience.,Positive,amazing food and great delivery experience,Positive
RV04457,O04490,C01001,3,"Average experience, nothing special.",Neutral,average experience nothing special,Negative
RV04458,O02555,C00009,4,Food was tasty and delivery was smooth.,Positive,food was tasty and delivery was smooth,Neutral
RV04459,O03464,C01022,4,Food was tasty and delivery was smooth.,Positive,food was tasty and delivery was smooth,Neutral
RV04460,O03422,C01902,4,Good food and the delivery was on time.,Positive,good food and the delivery was on time,Positive
RV04461,O06784,C00399,4,Really good experience overall.,Positive,really good experience overall,Positive
RV04462,O05200,C01893,3,Food was decent but could have been better.,Neutral,food was decent but could have been better,Positive
RV04463,O06822,C00136,3,The order was fine overall.,Neutral,the order was fine overall,Positive
RV04464,O02289,C01024,4,Good food and the delivery was on time.,Positive,good food and the delivery was on time,Positive
RV04465,O09598,C01085,5,Food was excellent and delivery was very quick.,Positive,food was excellent and delivery was very quick,Positive
RV04466,O03983,C01478,5,"Loved the food, would definitely order again.",Positive,loved the food would definitely order again,Positive
RV04467,O01643,C01101,4,Good food and the delivery was on time.,Positive,good food and the delivery was on time,Positive
RV04468,O03560,C01599,3,The order was fine overall.,Neutral,the order was fine overall,Positive
RV04469,O07401,C01700,5,Food was excellent and delivery was very quick.,Positive,food was excellent and delivery was very quick,Positive
RV04470,O03614,C00005,4,Food was tasty and delivery was smooth.,Positive,food was tasty and delivery was smooth,Neutral
RV04471,O09320,C01395,2,Food was cold when it arrived.,Negative,food was cold when it arrived,Neutral
RV04472,O05496,C01663,4,Really good experience overall.,Positive,really good experience overall,Positive
RV04473,O02635,C00802,5,"Loved the food, would definitely order again.",Positive,loved the food would definitely order again,Positive
RV04474,O06883,C00983,2,Not happy with the delivery experience.,Negative,not happy with the delivery experience,Negative
RV04475,O00144,C01657,4,"Good service, just a minor delay.",Positive,good service just a minor delay,Positive
RV04476,O01263,C01071,4,"Good service, just a minor delay.",Positive,good service just a minor delay,Positive
RV04477,O04366,C00856,2,The order was delayed and disappointing.,Negative,the order was delayed and disappointing,Negative
RV04478,O06891,C00504,3,Food was okay but delivery took some time.,Neutral,food was okay but delivery took some time,Positive
RV04479,O07341,C01630,4,Good food and the delivery was on time.,Positive,good food and the delivery was on time,Positive
RV04480,O00409,C00606,5,Amazing food and great delivery experience.,Positive,amazing food and great delivery experience,Positive
RV04481,O00349,C01517,3,Food was decent but could have been better.,Neutral,food was decent but could have been better,Positive
RV04482,O00753,C00786,1,Food was disappointing and delivery was extremely slow.,Negative,food was disappointing and delivery was extremely slow,Negative
RV04483,O03124,C01890,4,Food was tasty and delivery was smooth.,Positive,food was tasty and delivery was smooth,Neutral
RV04484,O06109,C00001,4,"Good service, just a minor delay.",Positive,good service just a minor delay,Positive
RV04485,O08278,C01322,5,Everything was perfect and arrived on time.,Positive,everything was perfect and arrived on time,Positive
RV04486,O05132,C01857,3,"Average experience, nothing special.",Neutral,average experience nothing special,Negative
RV04487,O08058,C01480,1,Very late delivery and the food was cold.,Negative,very late delivery and the food was cold,Neutral
RV04488,O09817,C01311,4,Good food and the delivery was on time.,Positive,good food and the delivery was on time,Positive
RV04489,O01929,C01525,5,Amazing food and great delivery experience.,Positive,amazing food and great delivery experience,Positive
RV04490,O05170,C00270,4,Really good experience overall.,Positive,really good experience overall,Positive
RV04491,O07681,C01127,4,"Good service, just a minor delay.",Positive,good service just a minor delay,Positive
RV04492,O05886,C01726,3,Food was decent but could have been better.,Neutral,food was decent but could have been better,Positive
RV04493,O04411,C01546,2,The order was delayed and disappointing.,Negative,the order was delayed and disappointing,Negative
RV04494,O02963,C01098,5,Amazing food and great delivery experience.,Positive,amazing food and great delivery experience,Positive
RV04495,O09400,C00583,3,"Average experience, nothing special.",Neutral,average experience nothing special,Negative
RV04496,O07114,C01121,2,Food was cold when it arrived.,Negative,food was cold when it arrived,Neutral
RV04497,O01728,C01307,4,Food was tasty and delivery was smooth.,Positive,food was tasty and delivery was smooth,Neutral
RV04498,O07431,C00798,5,Food was excellent and delivery was very quick.,Positive,food was excellent and delivery was very quick,Positive
RV04499,O04687,C00598,4,Really good experience overall.,Positive,really good experience overall,Positive
RV04500,O01591,C00008,3,"Average experience, nothing special.",Neutral,average experience nothing special,Negative
RV04501,O06112,C01767,3,"Average experience, nothing special.",Neutral,average experience nothing special,Negative
RV04502,O05153,C00478,4,Good food and the delivery was on time.,Positive,good food and the delivery was on time,Positive
RV04503,O07661,C01278,4,Food was tasty and delivery was smooth.,Positive,food was tasty and delivery was smooth,Neutral
RV04504,O07028,C00029,1,Food was disappointing and delivery was extremely slow.,Negative,food was disappointing and delivery was extremely slow,Negative
RV04505,O09997,C01607,4,Good food and the delivery was on time.,Positive,good food and the delivery was on time,Positive
RV04506,O06665,C00457,2,Delivery was late and the food was not very good.,Negative,delivery was late and the food was not very good,Negative
RV04507,O01064,C01251,3,The order was fine overall.,Neutral,the order was fine overall,Positive
RV04508,O02493,C01912,4,Really good experience overall.,Positive,really good experience overall,Positive
RV04509,O07062,C01836,4,Good food and the delivery was on time.,Positive,good food and the delivery was on time,Positive
RV04510,O04806,C00819,1,Very late delivery and the food was cold.,Negative,very late delivery and the food was cold,Neutral
RV04511,O02716,C01892,3,The order was fine overall.,Neutral,the order was fine overall,Positive
RV04512,O04749,C00897,3,Food was okay but delivery took some time.,Neutral,food was okay but delivery took some time,Positive
RV04513,O05896,C00721,4,Really good experience overall.,Positive,really good experience overall,Positive
RV04514,O05983,C00095,5,"Loved the food, would definitely order again.",Positive,loved the food would definitely order again,Positive
RV04515,O06121,C00983,1,"Very poor service, would not order again.",Negative,very poor service would not order again,Negative
RV04516,O08375,C00741,4,Food was tasty and delivery was smooth.,Positive,food was tasty and delivery was smooth,Neutral
RV04517,O03717,C00963,5,Amazing food and great delivery experience.,Positive,amazing food and great delivery experience,Positive
RV04518,O00634,C00493,3,The order was fine overall.,Neutral,the order was fine overall,Positive
RV04519,O05880,C00702,3,"Average experience, nothing special.",Neutral,average experience nothing special,Negative
RV04520,O08209,C01361,4,Really good experience overall.,Positive,really good experience overall,Positive
RV04521,O01901,C00364,5,Food was excellent and delivery was very quick.,Positive,food was excellent and delivery was very quick,Positive
RV04522,O05662,C01011,1,"Very poor service, would not order again.",Negative,very poor service would not order again,Negative
RV04523,O05308,C00440,4,"Good service, just a minor delay.",Positive,good service just a minor delay,Positive
RV04524,O05980,C01754,3,The order was fine overall.,Neutral,the order was fine overall,Positive
RV04525,O08226,C01794,5,Amazing food and great delivery experience.,Positive,amazing food and great delivery experience,Positive
RV04526,O09680,C00372,1,Food was disappointing and delivery was extremely slow.,Negative,food was disappointing and delivery was extremely slow,Negative
RV04527,O04911,C00596,3,Food was decent but could have been better.,Neutral,food was decent but could have been better,Positive
RV04528,O08909,C00345,1,"Very poor service, would not order again.",Negative,very poor service would not order again,Negative
RV04529,O04671,C01719,4,Food was tasty and delivery was smooth.,Positive,food was tasty and delivery was smooth,Neutral
RV04530,O00624,C00156,2,Food was cold when it arrived.,Negative,food was cold when it arrived,Neutral
RV04531,O06872,C00690,5,"Loved the food, would definitely order again.",Positive,loved the food would definitely order again,Positive
RV04532,O08623,C00316,5,Everything was perfect and arrived on time.,Positive,everything was perfect and arrived on time,Positive
RV04533,O04156,C01375,5,Food was excellent and delivery was very quick.,Positive,food was excellent and delivery was very quick,Positive
RV04534,O00520,C01131,2,Food was cold when it arrived.,Negative,food was cold when it arrived,Neutral
RV04535,O06992,C00595,3,"Average experience, nothing special.",Neutral,average experience nothing special,Negative
RV04536,O02541,C01023,1,Food was disappointing and delivery was extremely slow.,Negative,food was disappointing and delivery was extremely slow,Negative
RV04537,O06663,C00999,5,"Loved the food, would definitely order again.",Positive,loved the food would definitely order again,Positive
RV04538,O01988,C00946,5,"Loved the food, would definitely order again.",Positive,loved the food would definitely order again,Positive
RV04539,O04667,C01265,4,Really good experience overall.,Positive,really good experience overall,Positive
RV04540,O01203,C00246,5,Everything was perfect and arrived on time.,Positive,everything was perfect and arrived on time,Positive
RV04541,O02257,C01062,1,"Terrible experience, food arrived very late.",Negative,terrible experience food arrived very late,Negative
RV04542,O02256,C00078,4,Really good experience overall.,Positive,really good experience overall,Positive
RV04543,O07892,C00950,5,"Loved the food, would definitely order again.",Positive,loved the food would definitely order again,Positive
RV04544,O06688,C01421,5,Food was excellent and delivery was very quick.,Positive,food was excellent and delivery was very quick,Positive
RV04545,O06512,C01014,2,Not happy with the delivery experience.,Negative,not happy with the delivery experience,Negative
RV04546,O08597,C01441,3,"Average experience, nothing special.",Neutral,average experience nothing special,Negative
RV04547,O00763,C00906,1,"Terrible experience, food arrived very late.",Negative,terrible experience food arrived very late,Negative
RV04548,O08701,C00816,4,Really good experience overall.,Positive,really good experience overall,Positive
RV04549,O06518,C00293,3,The order was fine overall.,Neutral,the order was fine overall,Positive
RV04550,O03612,C00919,5,Food was excellent and delivery was very quick.,Positive,food was excellent and delivery was very quick,Positive
RV04551,O06719,C01472,3,Food was decent but could have been better.,Neutral,food was decent but could have been better,Positive
RV04552,O04143,C00112,4,Really good experience overall.,Positive,really good experience overall,Positive
RV04553,O02167,C00845,2,Food was cold when it arrived.,Negative,food was cold when it arrived,Neutral
RV04554,O09190,C00770,3,Food was decent but could have been better.,Neutral,food was decent but could have been better,Positive
RV04555,O05784,C01895,5,"Loved the food, would definitely order again.",Positive,loved the food would definitely order again,Positive
RV04556,O03462,C01444,5,Food was excellent and delivery was very quick.,Positive,food was excellent and delivery was very quick,Positive
RV04557,O01204,C00272,2,Delivery was late and the food was not very good.,Negative,delivery was late and the food was not very good,Negative
RV04558,O06960,C01027,5,Everything was perfect and arrived on time.,Positive,everything was perfect and arrived on time,Positive
RV04559,O00031,C00780,3,"Average experience, nothing special.",Neutral,average experience nothing special,Negative
RV04560,O00245,C00185,3,The order was fine overall.,Neutral,the order was fine overall,Positive
RV04561,O06433,C00204,5,"Loved the food, would definitely order again.",Positive,loved the food would definitely order again,Positive
RV04562,O05177,C00257,3,Food was decent but could have been better.,Neutral,food was decent but could have been better,Positive
RV04563,O04523,C00722,5,Food was excellent and delivery was very quick.,Positive,food was excellent and delivery was very quick,Positive
RV04564,O06419,C01300,1,"Very poor service, would not order again.",Negative,very poor service would not order again,Negative
RV04565,O04689,C01283,3,The order was fine overall.,Neutral,the order was fine overall,Positive
RV04566,O05375,C01957,5,Everything was perfect and arrived on time.,Positive,everything was perfect and arrived on time,Positive
RV04567,O06950,C01076,2,Food was cold when it arrived.,Negative,food was cold when it arrived,Neutral
RV04568,O06223,C01216,1,Very late delivery and the food was cold.,Negative,very late delivery and the food was cold,Neutral
RV04569,O08889,C00043,4,Food was tasty and delivery was smooth.,Positive,food was tasty and delivery was smooth,Neutral
RV04570,O09512,C01496,4,Good food and the delivery was on time.,Positive,good food and the delivery was on time,Positive
RV04571,O02088,C00348,1,Very late delivery and the food was cold.,Negative,very late delivery and the food was cold,Neutral
RV04572,O06389,C01743,4,Food was tasty and delivery was smooth.,Positive,food was tasty and delivery was smooth,Neutral
RV04573,O01809,C01004,4,Really good experience overall.,Positive,really good experience overall,Positive
RV04574,O09581,C00149,4,Really good experience overall.,Positive,really good experience overall,Positive
RV04575,O08606,C01193,2,Not happy with the delivery experience.,Negative,not happy with the delivery experience,Negative
RV04576,O03383,C01572,5,Everything was perfect and arrived on time.,Positive,everything was perfect and arrived on time,Positive
RV04577,O08126,C00580,2,Not happy with the delivery experience.,Negative,not happy with the delivery experience,Negative
RV04578,O07945,C00088,4,Food was tasty and delivery was smooth.,Positive,food was tasty and delivery was smooth,Neutral
RV04579,O03195,C00864,3,Food was decent but could have been better.,Neutral,food was decent but could have been better,Positive
RV04580,O00923,C01631,4,Good food and the delivery was on time.,Positive,good food and the delivery was on time,Positive
RV04581,O02201,C01038,3,Food was decent but could have been better.,Neutral,food was decent but could have been better,Positive
RV04582,O07695,C00889,4,Good food and the delivery was on time.,Positive,good food and the delivery was on time,Positive
RV04583,O04235,C00082,5,"Loved the food, would definitely order again.",Positive,loved the food would definitely order again,Positive
RV04584,O01019,C00868,4,Really good experience overall.,Positive,really good experience overall,Positive
RV04585,O04767,C00114,4,"Good service, just a minor delay.",Positive,good service just a minor delay,Positive
RV04586,O09325,C00481,5,"Loved the food, would definitely order again.",Positive,loved the food would definitely order again,Positive
RV04587,O06231,C00782,2,Food was cold when it arrived.,Negative,food was cold when it arrived,Neutral
RV04588,O06400,C01400,4,"Good service, just a minor delay.",Positive,good service just a minor delay,Positive
RV04589,O01344,C01978,4,Good food and the delivery was on time.,Positive,good food and the delivery was on time,Positive
RV04590,O06340,C01339,4,Good food and the delivery was on time.,Positive,good food and the delivery was on time,Positive
RV04591,O00203,C00513,4,Food was tasty and delivery was smooth.,Positive,food was tasty and delivery was smooth,Neutral
RV04592,O04374,C01103,3,"Average experience, nothing special.",Neutral,average experience nothing special,Negative
RV04593,O07796,C00643,1,"Very poor service, would not order again.",Negative,very poor service would not order again,Negative
RV04594,O08143,C00361,5,Everything was perfect and arrived on time.,Positive,everything was perfect and arrived on time,Positive
RV04595,O00933,C01027,1,Very late delivery and the food was cold.,Negative,very late delivery and the food was cold,Neutral
RV04596,O04726,C01889,4,Good food and the delivery was on time.,Positive,good food and the delivery was on time,Positive
RV04597,O00965,C00628,4,Food was tasty and delivery was smooth.,Positive,food was tasty and delivery was smooth,Neutral
RV04598,O05989,C01550,5,Everything was perfect and arrived on time.,Positive,everything was perfect and arrived on time,Positive
RV04599,O09918,C01709,3,The order was fine overall.,Neutral,the order was fine overall,Positive
RV04600,O05950,C00278,5,"Loved the food, would definitely order again.",Positive,loved the food would definitely order again,Positive
RV04601,O03610,C00676,2,Delivery was late and the food was not very good.,Negative,delivery was late and the food was not very good,Negative
RV04602,O05642,C01809,1,Food was disappointing and delivery was extremely slow.,Negative,food was disappointing and delivery was extremely slow,Negative
RV04603,O06478,C00914,5,"Loved the food, would definitely order again.",Positive,loved the food would definitely order again,Positive
RV04604,O04672,C00949,1,Very late delivery and the food was cold.,Negative,very late delivery and the food was cold,Neutral
RV04605,O02597,C00441,2,Delivery was late and the food was not very good.,Negative,delivery was late and the food was not very good,Negative
RV04606,O08729,C00771,5,Everything was perfect and arrived on time.,Positive,everything was perfect and arrived on time,Positive
RV04607,O02674,C01756,5,Food was excellent and delivery was very quick.,Positive,food was excellent and delivery was very quick,Positive
RV04608,O07483,C00843,1,"Very poor service, would not order again.",Negative,very poor service would not order again,Negative
RV04609,O04328,C00680,2,Food was cold when it arrived.,Negative,food was cold when it arrived,Neutral
RV04610,O03941,C00614,2,Food was cold when it arrived.,Negative,food was cold when it arrived,Neutral
RV04611,O09098,C01733,4,Food was tasty and delivery was smooth.,Positive,food was tasty and delivery was smooth,Neutral
RV04612,O04219,C02000,5,Everything was perfect and arrived on time.,Positive,everything was perfect and arrived on time,Positive
RV04613,O05330,C01226,3,Food was decent but could have been better.,Neutral,food was decent but could have been better,Positive
RV04614,O09186,C01689,5,Amazing food and great delivery experience.,Positive,amazing food and great delivery experience,Positive
RV04615,O02765,C00264,1,"Very poor service, would not order again.",Negative,very poor service would not order again,Negative
RV04616,O09977,C00478,5,"Loved the food, would definitely order again.",Positive,loved the food would definitely order again,Positive
RV04617,O05464,C01775,1,Very late delivery and the food was cold.,Negative,very late delivery and the food was cold,Neutral
RV04618,O05963,C01251,5,Food was excellent and delivery was very quick.,Positive,food was excellent and delivery was very quick,Positive
RV04619,O09543,C00512,5,Food was excellent and delivery was very quick.,Positive,food was excellent and delivery was very quick,Positive
RV04620,O06290,C00267,1,Food was disappointing and delivery was extremely slow.,Negative,food was disappointing and delivery was extremely slow,Negative
RV04621,O02135,C01786,4,Really good experience overall.,Positive,really good experience overall,Positive
RV04622,O00173,C00067,5,Everything was perfect and arrived on time.,Positive,everything was perfect and arrived on time,Positive
RV04623,O08804,C01851,5,Amazing food and great delivery experience.,Positive,amazing food and great delivery experience,Positive
RV04624,O05363,C00068,4,Food was tasty and delivery was smooth.,Positive,food was tasty and delivery was smooth,Neutral
RV04625,O02669,C01813,4,"Good service, just a minor delay.",Positive,good service just a minor delay,Positive
RV04626,O03928,C00306,2,Delivery was late and the food was not very good.,Negative,delivery was late and the food was not very good,Negative
RV04627,O01622,C00189,2,Food was cold when it arrived.,Negative,food was cold when it arrived,Neutral
RV04628,O08571,C00908,5,Everything was perfect and arrived on time.,Positive,everything was perfect and arrived on time,Positive
RV04629,O04510,C01911,4,Good food and the delivery was on time.,Positive,good food and the delivery was on time,Positive
RV04630,O00604,C01053,5,"Loved the food, would definitely order again.",Positive,loved the food would definitely order again,Positive
RV04631,O07178,C00713,4,Good food and the delivery was on time.,Positive,good food and the delivery was on time,Positive
RV04632,O07539,C00925,5,Everything was perfect and arrived on time.,Positive,everything was perfect and arrived on time,Positive
RV04633,O08712,C01258,2,Not happy with the delivery experience.,Negative,not happy with the delivery experience,Negative
RV04634,O03482,C00627,1,Food was disappointing and delivery was extremely slow.,Negative,food was disappointing and delivery was extremely slow,Negative
RV04635,O09874,C01512,3,"Average experience, nothing special.",Neutral,average experience nothing special,Negative
RV04636,O01859,C01635,5,Everything was perfect and arrived on time.,Positive,everything was perfect and arrived on time,Positive
RV04637,O02847,C00770,4,"Good service, just a minor delay.",Positive,good service just a minor delay,Positive
RV04638,O00688,C00314,5,Everything was perfect and arrived on time.,Positive,everything was perfect and arrived on time,Positive
RV04639,O07885,C01918,4,Food was tasty and delivery was smooth.,Positive,food was tasty and delivery was smooth,Neutral
RV04640,O00976,C01009,5,Everything was perfect and arrived on time.,Positive,everything was perfect and arrived on time,Positive
RV04641,O02798,C01444,4,Food was tasty and delivery was smooth.,Positive,food was tasty and delivery was smooth,Neutral
RV04642,O09815,C00917,4,"Good service, just a minor delay.",Positive,good service just a minor delay,Positive
RV04643,O00064,C00559,2,Food was cold when it arrived.,Negative,food was cold when it arrived,Neutral
RV04644,O02063,C00703,1,"Terrible experience, food arrived very late.",Negative,terrible experience food arrived very late,Negative
RV04645,O09005,C00617,1,Very late delivery and the food was cold.,Negative,very late delivery and the food was cold,Neutral
RV04646,O03759,C01030,5,Amazing food and great delivery experience.,Positive,amazing food and great delivery experience,Positive
RV04647,O01247,C01105,3,"Average experience, nothing special.",Neutral,average experience nothing special,Negative
RV04648,O06131,C00955,2,Delivery was late and the food was not very good.,Negative,delivery was late and the food was not very good,Negative
RV04649,O01912,C01856,4,"Good service, just a minor delay.",Positive,good service just a minor delay,Positive
RV04650,O05862,C00543,3,The order was fine overall.,Neutral,the order was fine overall,Positive
RV04651,O05549,C00373,3,"Average experience, nothing special.",Neutral,average experience nothing special,Negative
RV04652,O07837,C00783,4,"Good service, just a minor delay.",Positive,good service just a minor delay,Positive
RV04653,O00543,C01489,4,Food was tasty and delivery was smooth.,Positive,food was tasty and delivery was smooth,Neutral
RV04654,O05745,C01649,3,Food was okay but delivery took some time.,Neutral,food was okay but delivery took some time,Positive
RV04655,O03761,C00191,5,Amazing food and great delivery experience.,Positive,amazing food and great delivery experience,Positive
RV04656,O05133,C00046,5,Amazing food and great delivery experience.,Positive,amazing food and great delivery experience,Positive
RV04657,O00703,C01498,5,Food was excellent and delivery was very quick.,Positive,food was excellent and delivery was very quick,Positive
RV04658,O01039,C00767,5,"Loved the food, would definitely order again.",Positive,loved the food would definitely order again,Positive
RV04659,O00680,C01889,5,Everything was perfect and arrived on time.,Positive,everything was perfect and arrived on time,Positive
RV04660,O08726,C01223,2,Delivery was late and the food was not very good.,Negative,delivery was late and the food was not very good,Negative
RV04661,O03489,C01641,4,"Good service, just a minor delay.",Positive,good service just a minor delay,Positive
RV04662,O00308,C00879,1,"Terrible experience, food arrived very late.",Negative,terrible experience food arrived very late,Negative
RV04663,O06808,C00585,2,Food was cold when it arrived.,Negative,food was cold when it arrived,Neutral
RV04664,O04738,C01025,5,"Loved the food, would definitely order again.",Positive,loved the food would definitely order again,Positive
RV04665,O03539,C00151,5,"Loved the food, would definitely order again.",Positive,loved the food would definitely order again,Positive
RV04666,O05717,C00123,3,Food was decent but could have been better.,Neutral,food was decent but could have been better,Positive
RV04667,O07053,C00379,3,Food was okay but delivery took some time.,Neutral,food was okay but delivery took some time,Positive
RV04668,O09307,C01115,5,Food was excellent and delivery was very quick.,Positive,food was excellent and delivery was very quick,Positive
RV04669,O07222,C00234,3,"Average experience, nothing special.",Neutral,average experience nothing special,Negative
RV04670,O09000,C01091,4,Food was tasty and delivery was smooth.,Positive,food was tasty and delivery was smooth,Neutral
RV04671,O08124,C00002,5,Everything was perfect and arrived on time.,Positive,everything was perfect and arrived on time,Positive
RV04672,O00662,C01399,3,The order was fine overall.,Neutral,the order was fine overall,Positive
RV04673,O07241,C01084,2,Delivery was late and the food was not very good.,Negative,delivery was late and the food was not very good,Negative
RV04674,O01595,C00290,5,Food was excellent and delivery was very quick.,Positive,food was excellent and delivery was very quick,Positive
RV04675,O01892,C01402,2,Not happy with the delivery experience.,Negative,not happy with the delivery experience,Negative
RV04676,O03594,C01910,4,"Good service, just a minor delay.",Positive,good service just a minor delay,Positive
RV04677,O09089,C00801,1,Food was disappointing and delivery was extremely slow.,Negative,food was disappointing and delivery was extremely slow,Negative
RV04678,O08052,C01275,3,Food was okay but delivery took some time.,Neutral,food was okay but delivery took some time,Positive
RV04679,O05250,C01515,2,Delivery was late and the food was not very good.,Negative,delivery was late and the food was not very good,Negative
RV04680,O09282,C00638,4,Good food and the delivery was on time.,Positive,good food and the delivery was on time,Positive
RV04681,O03232,C00674,3,Food was okay but delivery took some time.,Neutral,food was okay but delivery took some time,Positive
RV04682,O06318,C01439,5,"Loved the food, would definitely order again.",Positive,loved the food would definitely order again,Positive
RV04683,O00018,C00428,3,Food was decent but could have been better.,Neutral,food was decent but could have been better,Positive
RV04684,O08384,C01201,3,The order was fine overall.,Neutral,the order was fine overall,Positive
RV04685,O07874,C01437,2,Food was cold when it arrived.,Negative,food was cold when it arrived,Neutral
RV04686,O02672,C00555,5,Amazing food and great delivery experience.,Positive,amazing food and great delivery experience,Positive
RV04687,O09063,C01568,5,Food was excellent and delivery was very quick.,Positive,food was excellent and delivery was very quick,Positive
RV04688,O06538,C00566,4,Food was tasty and delivery was smooth.,Positive,food was tasty and delivery was smooth,Neutral
RV04689,O00935,C01248,5,Everything was perfect and arrived on time.,Positive,everything was perfect and arrived on time,Positive
RV04690,O06050,C01108,5,Amazing food and great delivery experience.,Positive,amazing food and great delivery experience,Positive
RV04691,O09211,C01695,4,Really good experience overall.,Positive,really good experience overall,Positive
RV04692,O00847,C00344,5,"Loved the food, would definitely order again.",Positive,loved the food would definitely order again,Positive
RV04693,O04381,C01575,5,Food was excellent and delivery was very quick.,Positive,food was excellent and delivery was very quick,Positive
RV04694,O02570,C01856,4,Good food and the delivery was on time.,Positive,good food and the delivery was on time,Positive
RV04695,O01291,C00397,3,The order was fine overall.,Neutral,the order was fine overall,Positive
RV04696,O09619,C01773,4,Food was tasty and delivery was smooth.,Positive,food was tasty and delivery was smooth,Neutral
RV04697,O09806,C01721,1,Food was disappointing and delivery was extremely slow.,Negative,food was disappointing and delivery was extremely slow,Negative
RV04698,O03448,C01963,4,"Good service, just a minor delay.",Positive,good service just a minor delay,Positive
RV04699,O06102,C01362,4,Food was tasty and delivery was smooth.,Positive,food was tasty and delivery was smooth,Neutral
RV04700,O04148,C01169,5,Food was excellent and delivery was very quick.,Positive,food was excellent and delivery was very quick,Positive
RV04701,O02131,C01535,4,Good food and the delivery was on time.,Positive,good food and the delivery was on time,Positive
RV04702,O06363,C01025,2,The order was delayed and disappointing.,Negative,the order was delayed and disappointing,Negative
RV04703,O08224,C00262,4,Really good experience overall.,Positive,really good experience overall,Positive
RV04704,O04941,C00952,5,Everything was perfect and arrived on time.,Positive,everything was perfect and arrived on time,Positive
RV04705,O00269,C00992,5,Amazing food and great delivery experience.,Positive,amazing food and great delivery experience,Positive
RV04706,O05448,C01054,5,Everything was perfect and arrived on time.,Positive,everything was perfect and arrived on time,Positive
RV04707,O04871,C01354,4,Food was tasty and delivery was smooth.,Positive,food was tasty and delivery was smooth,Neutral
RV04708,O00176,C00484,5,Amazing food and great delivery experience.,Positive,amazing food and great delivery experience,Positive
RV04709,O08517,C01655,2,The order was delayed and disappointing.,Negative,the order was delayed and disappointing,Negative
RV04710,O05315,C00721,5,"Loved the food, would definitely order again.",Positive,loved the food would definitely order again,Positive
RV04711,O01562,C01107,5,Food was excellent and delivery was very quick.,Positive,food was excellent and delivery was very quick,Positive
RV04712,O05245,C01212,5,Everything was perfect and arrived on time.,Positive,everything was perfect and arrived on time,Positive
RV04713,O08176,C00450,1,Very late delivery and the food was cold.,Negative,very late delivery and the food was cold,Neutral
RV04714,O04657,C01864,4,Food was tasty and delivery was smooth.,Positive,food was tasty and delivery was smooth,Neutral
RV04715,O08628,C01969,4,Really good experience overall.,Positive,really good experience overall,Positive
RV04716,O09596,C00189,5,Amazing food and great delivery experience.,Positive,amazing food and great delivery experience,Positive
RV04717,O06384,C01679,3,Food was okay but delivery took some time.,Neutral,food was okay but delivery took some time,Positive
RV04718,O00233,C01330,5,Amazing food and great delivery experience.,Positive,amazing food and great delivery experience,Positive
RV04719,O00395,C00310,4,Really good experience overall.,Positive,really good experience overall,Positive
RV04720,O02061,C00355,5,Everything was perfect and arrived on time.,Positive,everything was perfect and arrived on time,Positive
RV04721,O00514,C01608,1,Very late delivery and the food was cold.,Negative,very late delivery and the food was cold,Neutral
RV04722,O08940,C00803,4,Good food and the delivery was on time.,Positive,good food and the delivery was on time,Positive
RV04723,O09884,C01275,5,Food was excellent and delivery was very quick.,Positive,food was excellent and delivery was very quick,Positive
RV04724,O08935,C00544,4,Food was tasty and delivery was smooth.,Positive,food was tasty and delivery was smooth,Neutral
RV04725,O05090,C01719,2,Not happy with the delivery experience.,Negative,not happy with the delivery experience,Negative
RV04726,O04571,C00369,4,Really good experience overall.,Positive,really good experience overall,Positive
RV04727,O06502,C01023,3,Food was decent but could have been better.,Neutral,food was decent but could have been better,Positive
RV04728,O05085,C00255,3,The order was fine overall.,Neutral,the order was fine overall,Positive
RV04729,O08087,C01978,5,Everything was perfect and arrived on time.,Positive,everything was perfect and arrived on time,Positive
RV04730,O07172,C01352,4,Food was tasty and delivery was smooth.,Positive,food was tasty and delivery was smooth,Neutral
RV04731,O02171,C00462,2,Delivery was late and the food was not very good.,Negative,delivery was late and the food was not very good,Negative
RV04732,O02228,C01217,2,Delivery was late and the food was not very good.,Negative,delivery was late and the food was not very good,Negative
RV04733,O01037,C01411,5,Everything was perfect and arrived on time.,Positive,everything was perfect and arrived on time,Positive
RV04734,O08454,C00511,5,Food was excellent and delivery was very quick.,Positive,food was excellent and delivery was very quick,Positive
RV04735,O08394,C00247,2,The order was delayed and disappointing.,Negative,the order was delayed and disappointing,Negative
RV04736,O03974,C00717,1,"Very poor service, would not order again.",Negative,very poor service would not order again,Negative
RV04737,O05470,C01011,4,"Good service, just a minor delay.",Positive,good service just a minor delay,Positive
RV04738,O04758,C01752,3,"Average experience, nothing special.",Neutral,average experience nothing special,Negative
RV04739,O09283,C00041,4,Good food and the delivery was on time.,Positive,good food and the delivery was on time,Positive
RV04740,O08534,C00587,4,Good food and the delivery was on time.,Positive,good food and the delivery was on time,Positive
RV04741,O00953,C00691,3,Food was okay but delivery took some time.,Neutral,food was okay but delivery took some time,Positive
RV04742,O00536,C00329,4,Food was tasty and delivery was smooth.,Positive,food was tasty and delivery was smooth,Neutral
RV04743,O03505,C01427,5,Everything was perfect and arrived on time.,Positive,everything was perfect and arrived on time,Positive
RV04744,O00684,C01642,5,Amazing food and great delivery experience.,Positive,amazing food and great delivery experience,Positive
RV04745,O03950,C00743,4,Really good experience overall.,Positive,really good experience overall,Positive
RV04746,O04643,C01519,5,Amazing food and great delivery experience.,Positive,amazing food and great delivery experience,Positive
RV04747,O06404,C00739,5,Everything was perfect and arrived on time.,Positive,everything was perfect and arrived on time,Positive
RV04748,O01369,C00830,5,Amazing food and great delivery experience.,Positive,amazing food and great delivery experience,Positive
RV04749,O00776,C00937,4,Good food and the delivery was on time.,Positive,good food and the delivery was on time,Positive
RV04750,O04654,C00821,4,"Good service, just a minor delay.",Positive,good service just a minor delay,Positive
RV04751,O04822,C01283,3,"Average experience, nothing special.",Neutral,average experience nothing special,Negative
RV04752,O04211,C01486,5,Everything was perfect and arrived on time.,Positive,everything was perfect and arrived on time,Positive
RV04753,O09419,C01454,4,Good food and the delivery was on time.,Positive,good food and the delivery was on time,Positive
RV04754,O00938,C01923,5,Everything was perfect and arrived on time.,Positive,everything was perfect and arrived on time,Positive
RV04755,O03593,C00321,1,"Very poor service, would not order again.",Negative,very poor service would not order again,Negative
RV04756,O07709,C00394,5,Everything was perfect and arrived on time.,Positive,everything was perfect and arrived on time,Positive
RV04757,O09458,C01574,3,Food was decent but could have been better.,Neutral,food was decent but could have been better,Positive
RV04758,O08028,C01370,4,"Good service, just a minor delay.",Positive,good service just a minor delay,Positive
RV04759,O00107,C00976,2,Delivery was late and the food was not very good.,Negative,delivery was late and the food was not very good,Negative
RV04760,O06961,C01309,2,Not happy with the delivery experience.,Negative,not happy with the delivery experience,Negative
RV04761,O03379,C01926,3,The order was fine overall.,Neutral,the order was fine overall,Positive
RV04762,O07159,C01324,3,The order was fine overall.,Neutral,the order was fine overall,Positive
RV04763,O07622,C00526,1,"Terrible experience, food arrived very late.",Negative,terrible experience food arrived very late,Negative
RV04764,O06406,C01465,3,The order was fine overall.,Neutral,the order was fine overall,Positive
RV04765,O09017,C00928,4,Good food and the delivery was on time.,Positive,good food and the delivery was on time,Positive
RV04766,O07389,C00014,4,"Good service, just a minor delay.",Positive,good service just a minor delay,Positive
RV04767,O03895,C00430,5,"Loved the food, would definitely order again.",Positive,loved the food would definitely order again,Positive
RV04768,O01138,C01017,4,Food was tasty and delivery was smooth.,Positive,food was tasty and delivery was smooth,Neutral
RV04769,O03442,C00540,5,Everything was perfect and arrived on time.,Positive,everything was perfect and arrived on time,Positive
RV04770,O06762,C00767,4,Really good experience overall.,Positive,really good experience overall,Positive
RV04771,O08766,C01180,2,The order was delayed and disappointing.,Negative,the order was delayed and disappointing,Negative
RV04772,O07708,C01318,5,"Loved the food, would definitely order again.",Positive,loved the food would definitely order again,Positive
RV04773,O07191,C01131,3,Food was decent but could have been better.,Neutral,food was decent but could have been better,Positive
RV04774,O09958,C00642,1,"Terrible experience, food arrived very late.",Negative,terrible experience food arrived very late,Negative
RV04775,O06604,C00408,1,Very late delivery and the food was cold.,Negative,very late delivery and the food was cold,Neutral
RV04776,O08645,C00943,3,The order was fine overall.,Neutral,the order was fine overall,Positive
RV04777,O06969,C00758,2,Delivery was late and the food was not very good.,Negative,delivery was late and the food was not very good,Negative
RV04778,O08525,C01190,3,Food was okay but delivery took some time.,Neutral,food was okay but delivery took some time,Positive
RV04779,O06164,C01289,5,Everything was perfect and arrived on time.,Positive,everything was perfect and arrived on time,Positive
RV04780,O05562,C00942,4,Food was tasty and delivery was smooth.,Positive,food was tasty and delivery was smooth,Neutral
RV04781,O06432,C01511,1,"Very poor service, would not order again.",Negative,very poor service would not order again,Negative
RV04782,O08652,C00863,5,Amazing food and great delivery experience.,Positive,amazing food and great delivery experience,Positive
RV04783,O05935,C00423,1,"Very poor service, would not order again.",Negative,very poor service would not order again,Negative
RV04784,O08933,C01041,5,Everything was perfect and arrived on time.,Positive,everything was perfect and arrived on time,Positive
RV04785,O07679,C00621,5,Food was excellent and delivery was very quick.,Positive,food was excellent and delivery was very quick,Positive
RV04786,O04528,C01720,4,Really good experience overall.,Positive,really good experience overall,Positive
RV04787,O08273,C00702,4,"Good service, just a minor delay.",Positive,good service just a minor delay,Positive
RV04788,O08135,C01200,3,Food was okay but delivery took some time.,Neutral,food was okay but delivery took some time,Positive
RV04789,O00387,C01905,2,Not happy with the delivery experience.,Negative,not happy with the delivery experience,Negative
RV04790,O02564,C01670,1,Food was disappointing and delivery was extremely slow.,Negative,food was disappointing and delivery was extremely slow,Negative
RV04791,O04152,C01672,4,"Good service, just a minor delay.",Positive,good service just a minor delay,Positive
RV04792,O01531,C01681,5,"Loved the food, would definitely order again.",Positive,loved the food would definitely order again,Positive
RV04793,O08800,C00943,1,Very late delivery and the food was cold.,Negative,very late delivery and the food was cold,Neutral
RV04794,O00998,C01817,5,"Loved the food, would definitely order again.",Positive,loved the food would definitely order again,Positive
RV04795,O09030,C00699,2,Delivery was late and the food was not very good.,Negative,delivery was late and the food was not very good,Negative
RV04796,O00747,C01133,5,Everything was perfect and arrived on time.,Positive,everything was perfect and arrived on time,Positive
RV04797,O03604,C01797,4,"Good service, just a minor delay.",Positive,good service just a minor delay,Positive
RV04798,O06413,C01214,4,"Good service, just a minor delay.",Positive,good service just a minor delay,Positive
RV04799,O07287,C01405,5,"Loved the food, would definitely order again.",Positive,loved the food would definitely order again,Positive
RV04800,O02303,C00700,2,Not happy with the delivery experience.,Negative,not happy with the delivery experience,Negative
RV04801,O03174,C01429,4,Good food and the delivery was on time.,Positive,good food and the delivery was on time,Positive
RV04802,O03922,C00936,1,Food was disappointing and delivery was extremely slow.,Negative,food was disappointing and delivery was extremely slow,Negative
RV04803,O05821,C01687,4,Food was tasty and delivery was smooth.,Positive,food was tasty and delivery was smooth,Neutral
RV04804,O02662,C00474,3,The order was fine overall.,Neutral,the order was fine overall,Positive
RV04805,O04491,C01787,4,Good food and the delivery was on time.,Positive,good food and the delivery was on time,Positive
RV04806,O06247,C01605,4,Really good experience overall.,Positive,really good experience overall,Positive
RV04807,O05577,C01139,5,Everything was perfect and arrived on time.,Positive,everything was perfect and arrived on time,Positive
RV04808,O00755,C00870,4,Good food and the delivery was on time.,Positive,good food and the delivery was on time,Positive
RV04809,O08698,C01980,5,Amazing food and great delivery experience.,Positive,amazing food and great delivery experience,Positive
RV04810,O07391,C00246,5,"Loved the food, would definitely order again.",Positive,loved the food would definitely order again,Positive
RV04811,O07893,C00637,1,Food was disappointing and delivery was extremely slow.,Negative,food was disappointing and delivery was extremely slow,Negative
RV04812,O09527,C00984,3,The order was fine overall.,Neutral,the order was fine overall,Positive
RV04813,O02422,C00537,2,Delivery was late and the food was not very good.,Negative,delivery was late and the food was not very good,Negative
RV04814,O06901,C01917,2,Food was cold when it arrived.,Negative,food was cold when it arrived,Neutral
RV04815,O09940,C00910,1,"Very poor service, would not order again.",Negative,very poor service would not order again,Negative
RV04816,O00026,C00932,4,"Good service, just a minor delay.",Positive,good service just a minor delay,Positive
RV04817,O03081,C01739,3,Food was decent but could have been better.,Neutral,food was decent but could have been better,Positive
RV04818,O08412,C00531,4,Really good experience overall.,Positive,really good experience overall,Positive
RV04819,O05277,C00075,4,"Good service, just a minor delay.",Positive,good service just a minor delay,Positive
RV04820,O07525,C01828,4,Really good experience overall.,Positive,really good experience overall,Positive
RV04821,O02980,C01916,4,Good food and the delivery was on time.,Positive,good food and the delivery was on time,Positive
RV04822,O04467,C01331,4,Good food and the delivery was on time.,Positive,good food and the delivery was on time,Positive
RV04823,O06267,C01633,2,The order was delayed and disappointing.,Negative,the order was delayed and disappointing,Negative
RV04824,O01094,C01717,4,Food was tasty and delivery was smooth.,Positive,food was tasty and delivery was smooth,Neutral
RV04825,O02719,C01572,5,Everything was perfect and arrived on time.,Positive,everything was perfect and arrived on time,Positive
RV04826,O06783,C00583,5,Amazing food and great delivery experience.,Positive,amazing food and great delivery experience,Positive
RV04827,O00771,C01816,5,"Loved the food, would definitely order again.",Positive,loved the food would definitely order again,Positive
RV04828,O07295,C01126,4,"Good service, just a minor delay.",Positive,good service just a minor delay,Positive
RV04829,O08024,C01109,3,Food was decent but could have been better.,Neutral,food was decent but could have been better,Positive
RV04830,O09787,C00358,2,The order was delayed and disappointing.,Negative,the order was delayed and disappointing,Negative
RV04831,O08423,C01480,5,Food was excellent and delivery was very quick.,Positive,food was excellent and delivery was very quick,Positive
RV04832,O04526,C00744,5,"Loved the food, would definitely order again.",Positive,loved the food would definitely order again,Positive
RV04833,O04097,C01215,4,Good food and the delivery was on time.,Positive,good food and the delivery was on time,Positive
RV04834,O05149,C01108,4,"Good service, just a minor delay.",Positive,good service just a minor delay,Positive
RV04835,O01414,C01152,4,Really good experience overall.,Positive,really good experience overall,Positive
RV04836,O04031,C00759,2,Food was cold when it arrived.,Negative,food was cold when it arrived,Neutral
RV04837,O08479,C01899,5,Food was excellent and delivery was very quick.,Positive,food was excellent and delivery was very quick,Positive
RV04838,O09267,C01991,3,Food was decent but could have been better.,Neutral,food was decent but could have been better,Positive
RV04839,O09670,C01097,4,Good food and the delivery was on time.,Positive,good food and the delivery was on time,Positive
RV04840,O04171,C00283,4,Food was tasty and delivery was smooth.,Positive,food was tasty and delivery was smooth,Neutral
RV04841,O07558,C01864,5,Food was excellent and delivery was very quick.,Positive,food was excellent and delivery was very quick,Positive
RV04842,O06682,C01254,4,Really good experience overall.,Positive,really good experience overall,Positive
RV04843,O06939,C01971,3,"Average experience, nothing special.",Neutral,average experience nothing special,Negative
RV04844,O03013,C00761,1,"Terrible experience, food arrived very late.",Negative,terrible experience food arrived very late,Negative
RV04845,O05049,C01299,3,Food was okay but delivery took some time.,Neutral,food was okay but delivery took some time,Positive
RV04846,O09088,C00916,4,Good food and the delivery was on time.,Positive,good food and the delivery was on time,Positive
RV04847,O06577,C00669,4,"Good service, just a minor delay.",Positive,good service just a minor delay,Positive
RV04848,O04741,C00509,5,Everything was perfect and arrived on time.,Positive,everything was perfect and arrived on time,Positive
RV04849,O02002,C01837,1,"Terrible experience, food arrived very late.",Negative,terrible experience food arrived very late,Negative
RV04850,O05764,C00522,5,"Loved the food, would definitely order again.",Positive,loved the food would definitely order again,Positive
RV04851,O08653,C00432,5,"Loved the food, would definitely order again.",Positive,loved the food would definitely order again,Positive
RV04852,O00220,C01878,3,Food was okay but delivery took some time.,Neutral,food was okay but delivery took some time,Positive
RV04853,O01913,C00095,2,Delivery was late and the food was not very good.,Negative,delivery was late and the food was not very good,Negative
RV04854,O04912,C01994,5,"Loved the food, would definitely order again.",Positive,loved the food would definitely order again,Positive
RV04855,O04178,C01334,4,"Good service, just a minor delay.",Positive,good service just a minor delay,Positive
RV04856,O00073,C01134,5,Food was excellent and delivery was very quick.,Positive,food was excellent and delivery was very quick,Positive
RV04857,O06578,C00041,2,Food was cold when it arrived.,Negative,food was cold when it arrived,Neutral
RV04858,O03615,C00034,4,Food was tasty and delivery was smooth.,Positive,food was tasty and delivery was smooth,Neutral
RV04859,O06396,C00292,5,"Loved the food, would definitely order again.",Positive,loved the food would definitely order again,Positive
RV04860,O05917,C01858,5,Food was excellent and delivery was very quick.,Positive,food was excellent and delivery was very quick,Positive
RV04861,O06568,C00697,5,Food was excellent and delivery was very quick.,Positive,food was excellent and delivery was very quick,Positive
RV04862,O09037,C00254,5,Everything was perfect and arrived on time.,Positive,everything was perfect and arrived on time,Positive
RV04863,O01163,C00644,5,Amazing food and great delivery experience.,Positive,amazing food and great delivery experience,Positive
RV04864,O08882,C00107,5,Amazing food and great delivery experience.,Positive,amazing food and great delivery experience,Positive
RV04865,O09247,C01124,4,Really good experience overall.,Positive,really good experience overall,Positive
RV04866,O07225,C01344,2,Food was cold when it arrived.,Negative,food was cold when it arrived,Neutral
RV04867,O05190,C01303,2,Delivery was late and the food was not very good.,Negative,delivery was late and the food was not very good,Negative
RV04868,O05661,C00129,2,Not happy with the delivery experience.,Negative,not happy with the delivery experience,Negative
RV04869,O00943,C00547,1,Food was disappointing and delivery was extremely slow.,Negative,food was disappointing and delivery was extremely slow,Negative
RV04870,O05955,C00439,3,Food was okay but delivery took some time.,Neutral,food was okay but delivery took some time,Positive
RV04871,O00314,C00096,5,Amazing food and great delivery experience.,Positive,amazing food and great delivery experience,Positive
RV04872,O01038,C00126,1,Food was disappointing and delivery was extremely slow.,Negative,food was disappointing and delivery was extremely slow,Negative
RV04873,O02821,C01954,4,Food was tasty and delivery was smooth.,Positive,food was tasty and delivery was smooth,Neutral
RV04874,O03552,C00193,5,Amazing food and great delivery experience.,Positive,amazing food and great delivery experience,Positive
RV04875,O02421,C00975,5,Everything was perfect and arrived on time.,Positive,everything was perfect and arrived on time,Positive
RV04876,O09571,C01988,4,"Good service, just a minor delay.",Positive,good service just a minor delay,Positive
RV04877,O04885,C00290,5,"Loved the food, would definitely order again.",Positive,loved the food would definitely order again,Positive
RV04878,O05550,C01855,4,Really good experience overall.,Positive,really good experience overall,Positive
RV04879,O07546,C01978,3,The order was fine overall.,Neutral,the order was fine overall,Positive
RV04880,O03702,C00483,1,Very late delivery and the food was cold.,Negative,very late delivery and the food was cold,Neutral
RV04881,O06912,C00967,3,Food was decent but could have been better.,Neutral,food was decent but could have been better,Positive
RV04882,O02544,C01562,4,Food was tasty and delivery was smooth.,Positive,food was tasty and delivery was smooth,Neutral
RV04883,O09840,C00764,5,Food was excellent and delivery was very quick.,Positive,food was excellent and delivery was very quick,Positive
RV04884,O04843,C00702,3,"Average experience, nothing special.",Neutral,average experience nothing special,Negative
RV04885,O09931,C01983,4,Good food and the delivery was on time.,Positive,good food and the delivery was on time,Positive
RV04886,O02497,C00204,4,Food was tasty and delivery was smooth.,Positive,food was tasty and delivery was smooth,Neutral
RV04887,O08860,C00408,2,The order was delayed and disappointing.,Negative,the order was delayed and disappointing,Negative
RV04888,O02670,C01336,1,Food was disappointing and delivery was extremely slow.,Negative,food was disappointing and delivery was extremely slow,Negative
RV04889,O05110,C00165,5,"Loved the food, would definitely order again.",Positive,loved the food would definitely order again,Positive
RV04890,O00788,C01069,5,Amazing food and great delivery experience.,Positive,amazing food and great delivery experience,Positive
RV04891,O09035,C00951,3,"Average experience, nothing special.",Neutral,average experience nothing special,Negative
RV04892,O01700,C00258,3,"Average experience, nothing special.",Neutral,average experience nothing special,Negative
RV04893,O04979,C01151,5,Everything was perfect and arrived on time.,Positive,everything was perfect and arrived on time,Positive
RV04894,O00549,C01320,2,Food was cold when it arrived.,Negative,food was cold when it arrived,Neutral
RV04895,O04447,C01499,5,Food was excellent and delivery was very quick.,Positive,food was excellent and delivery was very quick,Positive
RV04896,O01525,C00960,4,Really good experience overall.,Positive,really good experience overall,Positive
RV04897,O08323,C00149,2,Not happy with the delivery experience.,Negative,not happy with the delivery experience,Negative
RV04898,O08543,C01154,5,Everything was perfect and arrived on time.,Positive,everything was perfect and arrived on time,Positive
RV04899,O00783,C00634,1,"Very poor service, would not order again.",Negative,very poor service would not order again,Negative
RV04900,O07242,C00991,3,Food was okay but delivery took some time.,Neutral,food was okay but delivery took some time,Positive
RV04901,O07499,C00128,4,Good food and the delivery was on time.,Positive,good food and the delivery was on time,Positive
RV04902,O02014,C00925,2,The order was delayed and disappointing.,Negative,the order was delayed and disappointing,Negative
RV04903,O09328,C00590,4,Food was tasty and delivery was smooth.,Positive,food was tasty and delivery was smooth,Neutral
RV04904,O06748,C01174,4,Food was tasty and delivery was smooth.,Positive,food was tasty and delivery was smooth,Neutral
RV04905,O06422,C00340,4,"Good service, just a minor delay.",Positive,good service just a minor delay,Positive
RV04906,O00356,C00613,3,Food was okay but delivery took some time.,Neutral,food was okay but delivery took some time,Positive
RV04907,O07648,C00559,5,Food was excellent and delivery was very quick.,Positive,food was excellent and delivery was very quick,Positive
RV04908,O09092,C01570,5,Everything was perfect and arrived on time.,Positive,everything was perfect and arrived on time,Positive
RV04909,O06803,C00764,4,Good food and the delivery was on time.,Positive,good food and the delivery was on time,Positive
RV04910,O02085,C01429,4,Food was tasty and delivery was smooth.,Positive,food was tasty and delivery was smooth,Neutral
RV04911,O01190,C01095,3,"Average experience, nothing special.",Neutral,average experience nothing special,Negative
RV04912,O07763,C01609,5,Food was excellent and delivery was very quick.,Positive,food was excellent and delivery was very quick,Positive
RV04913,O02129,C01675,4,Really good experience overall.,Positive,really good experience overall,Positive
RV04914,O00986,C00640,4,"Good service, just a minor delay.",Positive,good service just a minor delay,Positive
RV04915,O00572,C01787,1,"Very poor service, would not order again.",Negative,very poor service would not order again,Negative
RV04916,O06397,C00276,4,"Good service, just a minor delay.",Positive,good service just a minor delay,Positive
RV04917,O03133,C00308,1,Food was disappointing and delivery was extremely slow.,Negative,food was disappointing and delivery was extremely slow,Negative
RV04918,O04527,C00427,4,Good food and the delivery was on time.,Positive,good food and the delivery was on time,Positive
RV04919,O09712,C01502,4,Good food and the delivery was on time.,Positive,good food and the delivery was on time,Positive
RV04920,O07421,C01497,4,Food was tasty and delivery was smooth.,Positive,food was tasty and delivery was smooth,Neutral
RV04921,O08064,C01130,5,Everything was perfect and arrived on time.,Positive,everything was perfect and arrived on time,Positive
RV04922,O04161,C00778,5,Amazing food and great delivery experience.,Positive,amazing food and great delivery experience,Positive
RV04923,O06705,C01578,1,Food was disappointing and delivery was extremely slow.,Negative,food was disappointing and delivery was extremely slow,Negative
RV04924,O00928,C01529,5,Food was excellent and delivery was very quick.,Positive,food was excellent and delivery was very quick,Positive
RV04925,O05146,C00688,2,Delivery was late and the food was not very good.,Negative,delivery was late and the food was not very good,Negative
RV04926,O01618,C01310,3,"Average experience, nothing special.",Neutral,average experience nothing special,Negative
RV04927,O02115,C01804,4,Good food and the delivery was on time.,Positive,good food and the delivery was on time,Positive
RV04928,O08217,C01306,5,Amazing food and great delivery experience.,Positive,amazing food and great delivery experience,Positive
RV04929,O08413,C00091,5,Everything was perfect and arrived on time.,Positive,everything was perfect and arrived on time,Positive
RV04930,O08631,C00960,4,"Good service, just a minor delay.",Positive,good service just a minor delay,Positive
RV04931,O00905,C01875,3,The order was fine overall.,Neutral,the order was fine overall,Positive
RV04932,O09686,C01682,4,"Good service, just a minor delay.",Positive,good service just a minor delay,Positive
RV04933,O04223,C00805,2,Delivery was late and the food was not very good.,Negative,delivery was late and the food was not very good,Negative
RV04934,O05673,C00263,2,The order was delayed and disappointing.,Negative,the order was delayed and disappointing,Negative
RV04935,O07913,C01766,4,"Good service, just a minor delay.",Positive,good service just a minor delay,Positive
RV04936,O08770,C00238,3,The order was fine overall.,Neutral,the order was fine overall,Positive
RV04937,O00906,C00454,1,"Terrible experience, food arrived very late.",Negative,terrible experience food arrived very late,Negative
RV04938,O02593,C01045,4,"Good service, just a minor delay.",Positive,good service just a minor delay,Positive
RV04939,O07705,C00869,5,Everything was perfect and arrived on time.,Positive,everything was perfect and arrived on time,Positive
RV04940,O01946,C01193,3,Food was okay but delivery took some time.,Neutral,food was okay but delivery took some time,Positive
RV04941,O07211,C01367,4,"Good service, just a minor delay.",Positive,good service just a minor delay,Positive
RV04942,O03297,C01057,5,Food was excellent and delivery was very quick.,Positive,food was excellent and delivery was very quick,Positive
RV04943,O08133,C00506,3,The order was fine overall.,Neutral,the order was fine overall,Positive
RV04944,O00105,C01487,5,Everything was perfect and arrived on time.,Positive,everything was perfect and arrived on time,Positive
RV04945,O07457,C01088,3,The order was fine overall.,Neutral,the order was fine overall,Positive
RV04946,O01899,C01063,5,"Loved the food, would definitely order again.",Positive,loved the food would definitely order again,Positive
RV04947,O04221,C01930,2,Delivery was late and the food was not very good.,Negative,delivery was late and the food was not very good,Negative
RV04948,O04986,C00279,2,Delivery was late and the food was not very good.,Negative,delivery was late and the food was not very good,Negative
RV04949,O04856,C01895,1,"Terrible experience, food arrived very late.",Negative,terrible experience food arrived very late,Negative
RV04950,O07526,C00664,2,Delivery was late and the food was not very good.,Negative,delivery was late and the food was not very good,Negative
RV04951,O02460,C00531,3,"Average experience, nothing special.",Neutral,average experience nothing special,Negative
RV04952,O07137,C01333,4,Really good experience overall.,Positive,really good experience overall,Positive
RV04953,O09391,C01665,5,Food was excellent and delivery was very quick.,Positive,food was excellent and delivery was very quick,Positive
RV04954,O06686,C00875,4,"Good service, just a minor delay.",Positive,good service just a minor delay,Positive
RV04955,O02616,C01929,4,"Good service, just a minor delay.",Positive,good service just a minor delay,Positive
RV04956,O02553,C01605,5,Food was excellent and delivery was very quick.,Positive,food was excellent and delivery was very quick,Positive
RV04957,O07510,C01050,3,Food was okay but delivery took some time.,Neutral,food was okay but delivery took some time,Positive
RV04958,O01842,C01807,2,Delivery was late and the food was not very good.,Negative,delivery was late and the food was not very good,Negative
RV04959,O02861,C00240,5,Amazing food and great delivery experience.,Positive,amazing food and great delivery experience,Positive
RV04960,O00869,C00076,4,Food was tasty and delivery was smooth.,Positive,food was tasty and delivery was smooth,Neutral
RV04961,O00768,C01033,5,Everything was perfect and arrived on time.,Positive,everything was perfect and arrived on time,Positive
RV04962,O03882,C01285,1,Food was disappointing and delivery was extremely slow.,Negative,food was disappointing and delivery was extremely slow,Negative
RV04963,O08895,C00188,5,Everything was perfect and arrived on time.,Positive,everything was perfect and arrived on time,Positive
RV04964,O00097,C01510,5,"Loved the food, would definitely order again.",Positive,loved the food would definitely order again,Positive
RV04965,O05556,C00702,1,"Terrible experience, food arrived very late.",Negative,terrible experience food arrived very late,Negative
RV04966,O01248,C01897,4,"Good service, just a minor delay.",Positive,good service just a minor delay,Positive
RV04967,O09973,C01509,4,Really good experience overall.,Positive,really good experience overall,Positive
RV04968,O00718,C01686,4,Really good experience overall.,Positive,really good experience overall,Positive
RV04969,O09830,C01064,2,Food was cold when it arrived.,Negative,food was cold when it arrived,Neutral
RV04970,O06528,C01864,5,Amazing food and great delivery experience.,Positive,amazing food and great delivery experience,Positive
RV04971,O01241,C00501,3,Food was decent but could have been better.,Neutral,food was decent but could have been better,Positive
RV04972,O02919,C00474,4,"Good service, just a minor delay.",Positive,good service just a minor delay,Positive
RV04973,O08235,C00501,2,Food was cold when it arrived.,Negative,food was cold when it arrived,Neutral
RV04974,O05057,C01547,4,Food was tasty and delivery was smooth.,Positive,food was tasty and delivery was smooth,Neutral
RV04975,O08521,C01799,4,Good food and the delivery was on time.,Positive,good food and the delivery was on time,Positive
RV04976,O02764,C01114,2,Food was cold when it arrived.,Negative,food was cold when it arrived,Neutral
RV04977,O08855,C00708,1,Food was disappointing and delivery was extremely slow.,Negative,food was disappointing and delivery was extremely slow,Negative
RV04978,O05617,C01560,5,Everything was perfect and arrived on time.,Positive,everything was perfect and arrived on time,Positive
RV04979,O01751,C01366,4,Really good experience overall.,Positive,really good experience overall,Positive
RV04980,O05820,C01961,4,Food was tasty and delivery was smooth.,Positive,food was tasty and delivery was smooth,Neutral
RV04981,O03374,C00032,4,Really good experience overall.,Positive,really good experience overall,Positive
RV04982,O03020,C01693,3,The order was fine overall.,Neutral,the order was fine overall,Positive
RV04983,O02930,C01683,5,Food was excellent and delivery was very quick.,Positive,food was excellent and delivery was very quick,Positive
RV04984,O02637,C00860,1,Very late delivery and the food was cold.,Negative,very late delivery and the food was cold,Neutral
RV04985,O06398,C00912,1,Very late delivery and the food was cold.,Negative,very late delivery and the food was cold,Neutral
RV04986,O07554,C01026,2,The order was delayed and disappointing.,Negative,the order was delayed and disappointing,Negative
RV04987,O05638,C00197,4,Food was tasty and delivery was smooth.,Positive,food was tasty and delivery was smooth,Neutral
RV04988,O03910,C01362,5,Amazing food and great delivery experience.,Positive,amazing food and great delivery experience,Positive
RV04989,O01352,C01188,4,Really good experience overall.,Positive,really good experience overall,Positive
RV04990,O01552,C01008,5,Amazing food and great delivery experience.,Positive,amazing food and great delivery experience,Positive
RV04991,O09111,C01082,3,Food was okay but delivery took some time.,Neutral,food was okay but delivery took some time,Positive
RV04992,O03533,C00541,3,The order was fine overall.,Neutral,the order was fine overall,Positive
RV04993,O00117,C01550,5,Amazing food and great delivery experience.,Positive,amazing food and great delivery experience,Positive
RV04994,O04421,C00847,3,Food was decent but could have been better.,Neutral,food was decent but could have been better,Positive
RV04995,O00696,C01886,4,Really good experience overall.,Positive,really good experience overall,Positive
RV04996,O02610,C00314,5,Food was excellent and delivery was very quick.,Positive,food was excellent and delivery was very quick,Positive
RV04997,O09649,C01534,4,Good food and the delivery was on time.,Positive,good food and the delivery was on time,Positive
RV04998,O00357,C01887,4,Really good experience overall.,Positive,really good experience overall,Positive
RV04999,O01506,C00471,2,The order was delayed and disappointing.,Negative,the order was delayed and disappointing,Negative
RV05000,O01617,C01748,3,"Average experience, nothing special.",Neutral,average experience nothing special,Negative
RV05001,O05895,C01832,3,The order was fine overall.,Neutral,the order was fine overall,Positive
RV05002,O05725,C00645,4,Really good experience overall.,Positive,really good experience overall,Positive
RV05003,O08465,C01238,4,Good food and the delivery was on time.,Positive,good food and the delivery was on time,Positive
RV05004,O07014,C01923,1,"Terrible experience, food arrived very late.",Negative,terrible experience food arrived very late,Negative
RV05005,O02156,C00440,5,Amazing food and great delivery experience.,Positive,amazing food and great delivery experience,Positive
RV05006,O05178,C00217,5,Amazing food and great delivery experience.,Positive,amazing food and great delivery experience,Positive
RV05007,O00568,C01142,5,Food was excellent and delivery was very quick.,Positive,food was excellent and delivery was very quick,Positive
RV05008,O09687,C01105,4,Good food and the delivery was on time.,Positive,good food and the delivery was on time,Positive
RV05009,O02974,C01988,4,Good food and the delivery was on time.,Positive,good food and the delivery was on time,Positive
RV05010,O08291,C00143,5,Amazing food and great delivery experience.,Positive,amazing food and great delivery experience,Positive
RV05011,O06657,C01437,2,The order was delayed and disappointing.,Negative,the order was delayed and disappointing,Negative
RV05012,O07556,C01219,5,"Loved the food, would definitely order again.",Positive,loved the food would definitely order again,Positive
RV05013,O03741,C00875,5,Amazing food and great delivery experience.,Positive,amazing food and great delivery experience,Positive
RV05014,O06362,C00886,2,Food was cold when it arrived.,Negative,food was cold when it arrived,Neutral
RV05015,O06217,C00817,4,Really good experience overall.,Positive,really good experience overall,Positive
RV05016,O05971,C01034,3,The order was fine overall.,Neutral,the order was fine overall,Positive
RV05017,O08022,C01237,3,The order was fine overall.,Neutral,the order was fine overall,Positive
RV05018,O01614,C00107,5,Food was excellent and delivery was very quick.,Positive,food was excellent and delivery was very quick,Positive
RV05019,O00454,C01030,4,Good food and the delivery was on time.,Positive,good food and the delivery was on time,Positive
RV05020,O02121,C01425,2,Delivery was late and the food was not very good.,Negative,delivery was late and the food was not very good,Negative
RV05021,O07864,C00962,2,Not happy with the delivery experience.,Negative,not happy with the delivery experience,Negative
RV05022,O02285,C00396,2,Delivery was late and the food was not very good.,Negative,delivery was late and the food was not very good,Negative
RV05023,O08747,C01408,1,Very late delivery and the food was cold.,Negative,very late delivery and the food was cold,Neutral
RV05024,O08650,C01718,5,"Loved the food, would definitely order again.",Positive,loved the food would definitely order again,Positive
RV05025,O07487,C01566,1,Food was disappointing and delivery was extremely slow.,Negative,food was disappointing and delivery was extremely slow,Negative
RV05026,O08472,C00720,4,Really good experience overall.,Positive,really good experience overall,Positive
RV05027,O00335,C00115,1,Very late delivery and the food was cold.,Negative,very late delivery and the food was cold,Neutral
RV05028,O08231,C00325,5,Everything was perfect and arrived on time.,Positive,everything was perfect and arrived on time,Positive
RV05029,O05064,C01374,1,"Very poor service, would not order again.",Negative,very poor service would not order again,Negative
RV05030,O02340,C01067,1,Food was disappointing and delivery was extremely slow.,Negative,food was disappointing and delivery was extremely slow,Negative
RV05031,O05427,C01989,3,Food was decent but could have been better.,Neutral,food was decent but could have been better,Positive
RV05032,O06712,C00625,3,Food was okay but delivery took some time.,Neutral,food was okay but delivery took some time,Positive
RV05033,O06500,C00245,3,The order was fine overall.,Neutral,the order was fine overall,Positive
RV05034,O04339,C01620,5,Food was excellent and delivery was very quick.,Positive,food was excellent and delivery was very quick,Positive
RV05035,O06442,C00939,3,The order was fine overall.,Neutral,the order was fine overall,Positive
RV05036,O09028,C00450,2,The order was delayed and disappointing.,Negative,the order was delayed and disappointing,Negative
RV05037,O07988,C00489,5,Amazing food and great delivery experience.,Positive,amazing food and great delivery experience,Positive
RV05038,O01543,C01509,4,Really good experience overall.,Positive,really good experience overall,Positive
RV05039,O00810,C01139,1,Food was disappointing and delivery was extremely slow.,Negative,food was disappointing and delivery was extremely slow,Negative
RV05040,O05467,C01268,3,"Average experience, nothing special.",Neutral,average experience nothing special,Negative
RV05041,O00431,C01954,5,Amazing food and great delivery experience.,Positive,amazing food and great delivery experience,Positive
RV05042,O02952,C00900,4,Good food and the delivery was on time.,Positive,good food and the delivery was on time,Positive
RV05043,O01940,C01396,3,Food was decent but could have been better.,Neutral,food was decent but could have been better,Positive
RV05044,O09008,C01910,2,Delivery was late and the food was not very good.,Negative,delivery was late and the food was not very good,Negative
RV05045,O07799,C00721,5,Amazing food and great delivery experience.,Positive,amazing food and great delivery experience,Positive
RV05046,O04901,C01141,4,Food was tasty and delivery was smooth.,Positive,food was tasty and delivery was smooth,Neutral
RV05047,O06466,C00695,5,"Loved the food, would definitely order again.",Positive,loved the food would definitely order again,Positive
RV05048,O01593,C00328,4,Food was tasty and delivery was smooth.,Positive,food was tasty and delivery was smooth,Neutral
RV05049,O05417,C00276,5,Amazing food and great delivery experience.,Positive,amazing food and great delivery experience,Positive
RV05050,O08535,C00656,3,Food was decent but could have been better.,Neutral,food was decent but could have been better,Positive
RV05051,O03631,C00053,2,The order was delayed and disappointing.,Negative,the order was delayed and disappointing,Negative
RV05052,O02020,C01945,4,Really good experience overall.,Positive,really good experience overall,Positive
RV05053,O00155,C01279,5,Everything was perfect and arrived on time.,Positive,everything was perfect and arrived on time,Positive
RV05054,O02458,C00864,5,Everything was perfect and arrived on time.,Positive,everything was perfect and arrived on time,Positive
RV05055,O00789,C00344,4,"Good service, just a minor delay.",Positive,good service just a minor delay,Positive
RV05056,O07542,C00888,5,"Loved the food, would definitely order again.",Positive,loved the food would definitely order again,Positive
RV05057,O08321,C00239,3,Food was decent but could have been better.,Neutral,food was decent but could have been better,Positive
RV05058,O03459,C00924,5,"Loved the food, would definitely order again.",Positive,loved the food would definitely order again,Positive
RV05059,O00474,C00776,5,Amazing food and great delivery experience.,Positive,amazing food and great delivery experience,Positive
RV05060,O00446,C01876,3,Food was decent but could have been better.,Neutral,food was decent but could have been better,Positive
RV05061,O07876,C01842,5,Everything was perfect and arrived on time.,Positive,everything was perfect and arrived on time,Positive
RV05062,O00207,C00920,4,"Good service, just a minor delay.",Positive,good service just a minor delay,Positive
RV05063,O01993,C01749,1,Food was disappointing and delivery was extremely slow.,Negative,food was disappointing and delivery was extremely slow,Negative
RV05064,O08449,C00653,3,Food was decent but could have been better.,Neutral,food was decent but could have been better,Positive
RV05065,O07750,C00952,5,"Loved the food, would definitely order again.",Positive,loved the food would definitely order again,Positive
RV05066,O06535,C00980,4,"Good service, just a minor delay.",Positive,good service just a minor delay,Positive
RV05067,O05016,C01541,4,Really good experience overall.,Positive,really good experience overall,Positive
RV05068,O02788,C01282,5,Amazing food and great delivery experience.,Positive,amazing food and great delivery experience,Positive
RV05069,O02145,C00525,4,Good food and the delivery was on time.,Positive,good food and the delivery was on time,Positive
RV05070,O00045,C01200,2,Food was cold when it arrived.,Negative,food was cold when it arrived,Neutral
RV05071,O04351,C00994,3,Food was okay but delivery took some time.,Neutral,food was okay but delivery took some time,Positive
RV05072,O05145,C00633,5,"Loved the food, would definitely order again.",Positive,loved the food would definitely order again,Positive
RV05073,O08841,C00974,5,Everything was perfect and arrived on time.,Positive,everything was perfect and arrived on time,Positive
RV05074,O09573,C01367,5,Everything was perfect and arrived on time.,Positive,everything was perfect and arrived on time,Positive
RV05075,O00863,C00221,5,Food was excellent and delivery was very quick.,Positive,food was excellent and delivery was very quick,Positive
RV05076,O00997,C01380,4,Really good experience overall.,Positive,really good experience overall,Positive
RV05077,O06975,C00376,3,The order was fine overall.,Neutral,the order was fine overall,Positive
RV05078,O00127,C00869,5,Amazing food and great delivery experience.,Positive,amazing food and great delivery experience,Positive
RV05079,O02069,C01470,3,Food was okay but delivery took some time.,Neutral,food was okay but delivery took some time,Positive
RV05080,O04916,C00959,4,Really good experience overall.,Positive,really good experience overall,Positive
RV05081,O00081,C01660,5,Everything was perfect and arrived on time.,Positive,everything was perfect and arrived on time,Positive
RV05082,O04936,C01357,3,Food was okay but delivery took some time.,Neutral,food was okay but delivery took some time,Positive
RV05083,O07352,C00477,5,Food was excellent and delivery was very quick.,Positive,food was excellent and delivery was very quick,Positive
RV05084,O01867,C01784,4,Good food and the delivery was on time.,Positive,good food and the delivery was on time,Positive
RV05085,O03463,C01350,2,Not happy with the delivery experience.,Negative,not happy with the delivery experience,Negative
RV05086,O03167,C00301,4,Food was tasty and delivery was smooth.,Positive,food was tasty and delivery was smooth,Neutral
RV05087,O03077,C00413,1,Very late delivery and the food was cold.,Negative,very late delivery and the food was cold,Neutral
RV05088,O03827,C01136,5,"Loved the food, would definitely order again.",Positive,loved the food would definitely order again,Positive
RV05089,O05516,C00940,3,The order was fine overall.,Neutral,the order was fine overall,Positive
RV05090,O06326,C01253,3,Food was decent but could have been better.,Neutral,food was decent but could have been better,Positive
RV05091,O01195,C01796,3,The order was fine overall.,Neutral,the order was fine overall,Positive
RV05092,O05474,C01430,4,Really good experience overall.,Positive,really good experience overall,Positive
RV05093,O09462,C00421,5,Everything was perfect and arrived on time.,Positive,everything was perfect and arrived on time,Positive
RV05094,O08475,C00257,4,Food was tasty and delivery was smooth.,Positive,food was tasty and delivery was smooth,Neutral
RV05095,O04813,C00731,4,Good food and the delivery was on time.,Positive,good food and the delivery was on time,Positive
RV05096,O05317,C01016,5,Everything was perfect and arrived on time.,Positive,everything was perfect and arrived on time,Positive
RV05097,O04347,C01270,1,Food was disappointing and delivery was extremely slow.,Negative,food was disappointing and delivery was extremely slow,Negative
RV05098,O06140,C00097,2,Food was cold when it arrived.,Negative,food was cold when it arrived,Neutral
RV05099,O06932,C00285,1,Food was disappointing and delivery was extremely slow.,Negative,food was disappointing and delivery was extremely slow,Negative
RV05100,O00754,C00849,3,Food was decent but could have been better.,Neutral,food was decent but could have been better,Positive
RV05101,O00773,C01654,2,Not happy with the delivery experience.,Negative,not happy with the delivery experience,Negative
RV05102,O08075,C01706,3,"Average experience, nothing special.",Neutral,average experience nothing special,Negative
RV05103,O05769,C01294,4,"Good service, just a minor delay.",Positive,good service just a minor delay,Positive
RV05104,O06346,C00062,2,Not happy with the delivery experience.,Negative,not happy with the delivery experience,Negative
RV05105,O07559,C01332,2,Not happy with the delivery experience.,Negative,not happy with the delivery experience,Negative
RV05106,O07298,C00748,4,Good food and the delivery was on time.,Positive,good food and the delivery was on time,Positive
RV05107,O01202,C00894,3,Food was okay but delivery took some time.,Neutral,food was okay but delivery took some time,Positive
RV05108,O08881,C01888,3,The order was fine overall.,Neutral,the order was fine overall,Positive
RV05109,O04012,C00847,3,Food was decent but could have been better.,Neutral,food was decent but could have been better,Positive
RV05110,O07054,C01418,3,The order was fine overall.,Neutral,the order was fine overall,Positive
RV05111,O03075,C01954,4,Good food and the delivery was on time.,Positive,good food and the delivery was on time,Positive
RV05112,O05332,C01818,2,Delivery was late and the food was not very good.,Negative,delivery was late and the food was not very good,Negative
RV05113,O00441,C00721,3,The order was fine overall.,Neutral,the order was fine overall,Positive
RV05114,O04311,C00363,5,"Loved the food, would definitely order again.",Positive,loved the food would definitely order again,Positive
RV05115,O00542,C01391,3,"Average experience, nothing special.",Neutral,average experience nothing special,Negative
RV05116,O07820,C00602,4,Really good experience overall.,Positive,really good experience overall,Positive
RV05117,O08080,C01865,3,The order was fine overall.,Neutral,the order was fine overall,Positive
RV05118,O07261,C00659,5,"Loved the food, would definitely order again.",Positive,loved the food would definitely order again,Positive
RV05119,O02813,C00553,4,"Good service, just a minor delay.",Positive,good service just a minor delay,Positive
RV05120,O01586,C00394,4,"Good service, just a minor delay.",Positive,good service just a minor delay,Positive
RV05121,O09676,C01343,5,"Loved the food, would definitely order again.",Positive,loved the food would definitely order again,Positive
RV05122,O03558,C00147,1,Very late delivery and the food was cold.,Negative,very late delivery and the food was cold,Neutral
RV05123,O09112,C01851,2,Not happy with the delivery experience.,Negative,not happy with the delivery experience,Negative
RV05124,O06785,C01517,5,"Loved the food, would definitely order again.",Positive,loved the food would definitely order again,Positive
RV05125,O00786,C00008,5,"Loved the food, would definitely order again.",Positive,loved the food would definitely order again,Positive
RV05126,O09502,C00449,4,Food was tasty and delivery was smooth.,Positive,food was tasty and delivery was smooth,Neutral
RV05127,O04110,C00361,5,Everything was perfect and arrived on time.,Positive,everything was perfect and arrived on time,Positive
RV05128,O02707,C01977,4,Good food and the delivery was on time.,Positive,good food and the delivery was on time,Positive
RV05129,O01641,C01657,5,Everything was perfect and arrived on time.,Positive,everything was perfect and arrived on time,Positive
RV05130,O06275,C01541,4,"Good service, just a minor delay.",Positive,good service just a minor delay,Positive
RV05131,O00896,C00426,4,Really good experience overall.,Positive,really good experience overall,Positive
RV05132,O00494,C01498,5,Food was excellent and delivery was very quick.,Positive,food was excellent and delivery was very quick,Positive
RV05133,O05056,C01903,2,Food was cold when it arrived.,Negative,food was cold when it arrived,Neutral
RV05134,O04069,C00811,2,Not happy with the delivery experience.,Negative,not happy with the delivery experience,Negative
RV05135,O06763,C01318,4,Really good experience overall.,Positive,really good experience overall,Positive
RV05136,O00669,C01071,2,Not happy with the delivery experience.,Negative,not happy with the delivery experience,Negative
RV05137,O08054,C00099,3,The order was fine overall.,Neutral,the order was fine overall,Positive
RV05138,O06824,C00074,4,Good food and the delivery was on time.,Positive,good food and the delivery was on time,Positive
RV05139,O08827,C01584,2,Food was cold when it arrived.,Negative,food was cold when it arrived,Neutral
RV05140,O03255,C01159,4,Really good experience overall.,Positive,really good experience overall,Positive
RV05141,O07582,C01870,4,Really good experience overall.,Positive,really good experience overall,Positive
RV05142,O05910,C00828,5,Everything was perfect and arrived on time.,Positive,everything was perfect and arrived on time,Positive
RV05143,O07736,C01628,5,"Loved the food, would definitely order again.",Positive,loved the food would definitely order again,Positive
RV05144,O06155,C00904,5,Amazing food and great delivery experience.,Positive,amazing food and great delivery experience,Positive
RV05145,O07692,C01506,3,Food was decent but could have been better.,Neutral,food was decent but could have been better,Positive
RV05146,O06759,C00693,5,Everything was perfect and arrived on time.,Positive,everything was perfect and arrived on time,Positive
RV05147,O05094,C01785,3,"Average experience, nothing special.",Neutral,average experience nothing special,Negative
RV05148,O03711,C01377,4,Good food and the delivery was on time.,Positive,good food and the delivery was on time,Positive
RV05149,O00488,C00731,4,Good food and the delivery was on time.,Positive,good food and the delivery was on time,Positive
RV05150,O08765,C00769,5,"Loved the food, would definitely order again.",Positive,loved the food would definitely order again,Positive
RV05151,O07815,C01387,4,Really good experience overall.,Positive,really good experience overall,Positive
RV05152,O01939,C00616,4,"Good service, just a minor delay.",Positive,good service just a minor delay,Positive
RV05153,O07772,C01622,4,"Good service, just a minor delay.",Positive,good service just a minor delay,Positive
RV05154,O03003,C00733,5,Food was excellent and delivery was very quick.,Positive,food was excellent and delivery was very quick,Positive
RV05155,O05431,C00004,5,Everything was perfect and arrived on time.,Positive,everything was perfect and arrived on time,Positive
RV05156,O03372,C00315,4,Food was tasty and delivery was smooth.,Positive,food was tasty and delivery was smooth,Neutral
RV05157,O03586,C00105,4,Food was tasty and delivery was smooth.,Positive,food was tasty and delivery was smooth,Neutral
RV05158,O00567,C01319,2,Food was cold when it arrived.,Negative,food was cold when it arrived,Neutral
RV05159,O00499,C01348,3,"Average experience, nothing special.",Neutral,average experience nothing special,Negative
RV05160,O05369,C01376,5,Food was excellent and delivery was very quick.,Positive,food was excellent and delivery was very quick,Positive
RV05161,O05962,C00586,4,Food was tasty and delivery was smooth.,Positive,food was tasty and delivery was smooth,Neutral
RV05162,O09921,C01634,4,Really good experience overall.,Positive,really good experience overall,Positive
RV05163,O05845,C01773,4,"Good service, just a minor delay.",Positive,good service just a minor delay,Positive
RV05164,O05770,C01964,4,Really good experience overall.,Positive,really good experience overall,Positive
RV05165,O03220,C00704,3,Food was okay but delivery took some time.,Neutral,food was okay but delivery took some time,Positive
RV05166,O06353,C01147,5,Amazing food and great delivery experience.,Positive,amazing food and great delivery experience,Positive
RV05167,O08245,C01522,5,Amazing food and great delivery experience.,Positive,amazing food and great delivery experience,Positive
RV05168,O09646,C00425,3,The order was fine overall.,Neutral,the order was fine overall,Positive
RV05169,O01446,C01842,4,"Good service, just a minor delay.",Positive,good service just a minor delay,Positive
RV05170,O01598,C00912,2,Not happy with the delivery experience.,Negative,not happy with the delivery experience,Negative
RV05171,O04358,C01366,5,Food was excellent and delivery was very quick.,Positive,food was excellent and delivery was very quick,Positive
RV05172,O00687,C01365,4,Really good experience overall.,Positive,really good experience overall,Positive
RV05173,O08980,C01893,1,"Very poor service, would not order again.",Negative,very poor service would not order again,Negative
RV05174,O06592,C00988,3,"Average experience, nothing special.",Neutral,average experience nothing special,Negative
RV05175,O01179,C01956,3,"Average experience, nothing special.",Neutral,average experience nothing special,Negative
RV05176,O05890,C01407,5,Food was excellent and delivery was very quick.,Positive,food was excellent and delivery was very quick,Positive
RV05177,O03351,C00031,2,Food was cold when it arrived.,Negative,food was cold when it arrived,Neutral
RV05178,O03902,C01373,5,"Loved the food, would definitely order again.",Positive,loved the food would definitely order again,Positive
RV05179,O00775,C01085,2,Food was cold when it arrived.,Negative,food was cold when it arrived,Neutral
RV05180,O00915,C01154,3,Food was okay but delivery took some time.,Neutral,food was okay but delivery took some time,Positive
RV05181,O01650,C01176,1,"Very poor service, would not order again.",Negative,very poor service would not order again,Negative
RV05182,O03175,C00399,5,Everything was perfect and arrived on time.,Positive,everything was perfect and arrived on time,Positive
RV05183,O00945,C01219,5,Food was excellent and delivery was very quick.,Positive,food was excellent and delivery was very quick,Positive
RV05184,O00803,C00633,4,Good food and the delivery was on time.,Positive,good food and the delivery was on time,Positive
RV05185,O01890,C00690,5,Food was excellent and delivery was very quick.,Positive,food was excellent and delivery was very quick,Positive
RV05186,O04610,C01071,1,Very late delivery and the food was cold.,Negative,very late delivery and the food was cold,Neutral
RV05187,O06049,C01947,5,Amazing food and great delivery experience.,Positive,amazing food and great delivery experience,Positive
RV05188,O09811,C00425,4,Good food and the delivery was on time.,Positive,good food and the delivery was on time,Positive
RV05189,O03571,C01422,2,Food was cold when it arrived.,Negative,food was cold when it arrived,Neutral
RV05190,O09980,C00779,5,"Loved the food, would definitely order again.",Positive,loved the food would definitely order again,Positive
RV05191,O01521,C00687,5,Everything was perfect and arrived on time.,Positive,everything was perfect and arrived on time,Positive
RV05192,O06900,C00494,3,Food was okay but delivery took some time.,Neutral,food was okay but delivery took some time,Positive
RV05193,O09906,C01600,4,Food was tasty and delivery was smooth.,Positive,food was tasty and delivery was smooth,Neutral
RV05194,O09280,C01736,1,"Very poor service, would not order again.",Negative,very poor service would not order again,Negative
RV05195,O08251,C00218,1,"Very poor service, would not order again.",Negative,very poor service would not order again,Negative
RV05196,O04794,C00763,3,Food was okay but delivery took some time.,Neutral,food was okay but delivery took some time,Positive
RV05197,O08964,C00468,3,Food was decent but could have been better.,Neutral,food was decent but could have been better,Positive
RV05198,O09763,C00663,5,"Loved the food, would definitely order again.",Positive,loved the food would definitely order again,Positive
RV05199,O03100,C00203,4,Food was tasty and delivery was smooth.,Positive,food was tasty and delivery was smooth,Neutral
RV05200,O07682,C01165,5,Amazing food and great delivery experience.,Positive,amazing food and great delivery experience,Positive
RV05201,O06625,C00828,4,"Good service, just a minor delay.",Positive,good service just a minor delay,Positive
RV05202,O08243,C00059,4,"Good service, just a minor delay.",Positive,good service just a minor delay,Positive
RV05203,O06091,C00019,3,Food was okay but delivery took some time.,Neutral,food was okay but delivery took some time,Positive
RV05204,O04973,C00455,3,"Average experience, nothing special.",Neutral,average experience nothing special,Negative
RV05205,O05287,C00229,4,Really good experience overall.,Positive,really good experience overall,Positive
RV05206,O00481,C01980,5,Everything was perfect and arrived on time.,Positive,everything was perfect and arrived on time,Positive
RV05207,O02856,C00118,3,The order was fine overall.,Neutral,the order was fine overall,Positive
RV05208,O02814,C00844,5,"Loved the food, would definitely order again.",Positive,loved the food would definitely order again,Positive
RV05209,O05429,C00007,5,Food was excellent and delivery was very quick.,Positive,food was excellent and delivery was very quick,Positive
RV05210,O02096,C01433,2,Delivery was late and the food was not very good.,Negative,delivery was late and the food was not very good,Negative
RV05211,O04595,C01683,3,Food was decent but could have been better.,Neutral,food was decent but could have been better,Positive
RV05212,O02549,C00847,1,Food was disappointing and delivery was extremely slow.,Negative,food was disappointing and delivery was extremely slow,Negative
RV05213,O03251,C00058,3,The order was fine overall.,Neutral,the order was fine overall,Positive
RV05214,O02064,C00613,4,Good food and the delivery was on time.,Positive,good food and the delivery was on time,Positive
RV05215,O06599,C00197,5,Everything was perfect and arrived on time.,Positive,everything was perfect and arrived on time,Positive
RV05216,O08613,C01970,4,Food was tasty and delivery was smooth.,Positive,food was tasty and delivery was smooth,Neutral
RV05217,O05639,C00025,4,"Good service, just a minor delay.",Positive,good service just a minor delay,Positive
RV05218,O06570,C01777,3,Food was decent but could have been better.,Neutral,food was decent but could have been better,Positive
RV05219,O02811,C01874,4,Really good experience overall.,Positive,really good experience overall,Positive
RV05220,O00712,C01079,2,Food was cold when it arrived.,Negative,food was cold when it arrived,Neutral
RV05221,O09564,C01264,3,Food was okay but delivery took some time.,Neutral,food was okay but delivery took some time,Positive
RV05222,O00961,C00495,5,Everything was perfect and arrived on time.,Positive,everything was perfect and arrived on time,Positive
RV05223,O06651,C01544,3,Food was okay but delivery took some time.,Neutral,food was okay but delivery took some time,Positive
RV05224,O06563,C00369,3,Food was decent but could have been better.,Neutral,food was decent but could have been better,Positive
RV05225,O06018,C01515,1,Very late delivery and the food was cold.,Negative,very late delivery and the food was cold,Neutral
RV05226,O04266,C00150,5,Everything was perfect and arrived on time.,Positive,everything was perfect and arrived on time,Positive
RV05227,O07094,C01098,4,Good food and the delivery was on time.,Positive,good food and the delivery was on time,Positive
RV05228,O08487,C00451,2,The order was delayed and disappointing.,Negative,the order was delayed and disappointing,Negative
RV05229,O03818,C01226,5,"Loved the food, would definitely order again.",Positive,loved the food would definitely order again,Positive
RV05230,O07719,C01348,5,Food was excellent and delivery was very quick.,Positive,food was excellent and delivery was very quick,Positive
RV05231,O04277,C00552,3,Food was okay but delivery took some time.,Neutral,food was okay but delivery took some time,Positive
RV05232,O02205,C01367,3,Food was decent but could have been better.,Neutral,food was decent but could have been better,Positive
RV05233,O08719,C01431,4,Good food and the delivery was on time.,Positive,good food and the delivery was on time,Positive
RV05234,O04529,C00504,3,The order was fine overall.,Neutral,the order was fine overall,Positive
RV05235,O07154,C01977,2,Not happy with the delivery experience.,Negative,not happy with the delivery experience,Negative
RV05236,O07134,C01597,5,"Loved the food, would definitely order again.",Positive,loved the food would definitely order again,Positive
RV05237,O02128,C01760,3,Food was decent but could have been better.,Neutral,food was decent but could have been better,Positive
RV05238,O06188,C00884,4,Food was tasty and delivery was smooth.,Positive,food was tasty and delivery was smooth,Neutral
RV05239,O03177,C00805,5,"Loved the food, would definitely order again.",Positive,loved the food would definitely order again,Positive
RV05240,O06791,C01056,5,Food was excellent and delivery was very quick.,Positive,food was excellent and delivery was very quick,Positive
RV05241,O00861,C00029,2,The order was delayed and disappointing.,Negative,the order was delayed and disappointing,Negative
RV05242,O01500,C00035,2,Delivery was late and the food was not very good.,Negative,delivery was late and the food was not very good,Negative
RV05243,O03275,C02000,4,"Good service, just a minor delay.",Positive,good service just a minor delay,Positive
RV05244,O00636,C01059,3,Food was decent but could have been better.,Neutral,food was decent but could have been better,Positive
RV05245,O09542,C01628,4,Really good experience overall.,Positive,really good experience overall,Positive
RV05246,O06105,C01377,2,Not happy with the delivery experience.,Negative,not happy with the delivery experience,Negative
RV05247,O03690,C01726,4,"Good service, just a minor delay.",Positive,good service just a minor delay,Positive
RV05248,O02272,C00895,5,Everything was perfect and arrived on time.,Positive,everything was perfect and arrived on time,Positive
RV05249,O02717,C01282,5,Amazing food and great delivery experience.,Positive,amazing food and great delivery experience,Positive
RV05250,O07216,C01673,5,Food was excellent and delivery was very quick.,Positive,food was excellent and delivery was very quick,Positive
RV05251,O03589,C01065,4,"Good service, just a minor delay.",Positive,good service just a minor delay,Positive
RV05252,O08953,C01113,5,Amazing food and great delivery experience.,Positive,amazing food and great delivery experience,Positive
RV05253,O01976,C00106,5,Food was excellent and delivery was very quick.,Positive,food was excellent and delivery was very quick,Positive
RV05254,O04590,C00352,2,Food was cold when it arrived.,Negative,food was cold when it arrived,Neutral
RV05255,O08619,C01236,3,The order was fine overall.,Neutral,the order was fine overall,Positive
RV05256,O05373,C00347,5,Amazing food and great delivery experience.,Positive,amazing food and great delivery experience,Positive
RV05257,O03431,C01474,4,"Good service, just a minor delay.",Positive,good service just a minor delay,Positive
RV05258,O00964,C01397,3,Food was decent but could have been better.,Neutral,food was decent but could have been better,Positive
RV05259,O06702,C01193,5,"Loved the food, would definitely order again.",Positive,loved the food would definitely order again,Positive
RV05260,O02779,C00722,3,Food was decent but could have been better.,Neutral,food was decent but could have been better,Positive
RV05261,O09796,C01489,1,Food was disappointing and delivery was extremely slow.,Negative,food was disappointing and delivery was extremely slow,Negative
RV05262,O07571,C00763,4,Good food and the delivery was on time.,Positive,good food and the delivery was on time,Positive
RV05263,O03209,C01327,4,Food was tasty and delivery was smooth.,Positive,food was tasty and delivery was smooth,Neutral
RV05264,O09468,C01784,3,Food was decent but could have been better.,Neutral,food was decent but could have been better,Positive
RV05265,O08085,C00008,3,The order was fine overall.,Neutral,the order was fine overall,Positive
RV05266,O08172,C00426,2,Delivery was late and the food was not very good.,Negative,delivery was late and the food was not very good,Negative
RV05267,O03241,C01535,4,Really good experience overall.,Positive,really good experience overall,Positive
RV05268,O06056,C01333,4,Good food and the delivery was on time.,Positive,good food and the delivery was on time,Positive
RV05269,O06878,C01739,2,The order was delayed and disappointing.,Negative,the order was delayed and disappointing,Negative
RV05270,O08585,C01546,5,Everything was perfect and arrived on time.,Positive,everything was perfect and arrived on time,Positive
RV05271,O07011,C01051,5,"Loved the food, would definitely order again.",Positive,loved the food would definitely order again,Positive
RV05272,O04121,C00834,5,"Loved the food, would definitely order again.",Positive,loved the food would definitely order again,Positive
RV05273,O07473,C01937,3,The order was fine overall.,Neutral,the order was fine overall,Positive
RV05274,O05851,C01105,2,Food was cold when it arrived.,Negative,food was cold when it arrived,Neutral
RV05275,O00955,C01476,3,Food was okay but delivery took some time.,Neutral,food was okay but delivery took some time,Positive
RV05276,O09142,C00005,5,Food was excellent and delivery was very quick.,Positive,food was excellent and delivery was very quick,Positive
RV05277,O01082,C00393,5,Amazing food and great delivery experience.,Positive,amazing food and great delivery experience,Positive
RV05278,O08530,C01715,3,Food was decent but could have been better.,Neutral,food was decent but could have been better,Positive
RV05279,O09628,C01634,4,Really good experience overall.,Positive,really good experience overall,Positive
RV05280,O00509,C01261,1,Food was disappointing and delivery was extremely slow.,Negative,food was disappointing and delivery was extremely slow,Negative
RV05281,O06499,C00685,5,Amazing food and great delivery experience.,Positive,amazing food and great delivery experience,Positive
RV05282,O04150,C00690,3,The order was fine overall.,Neutral,the order was fine overall,Positive
RV05283,O04824,C00040,5,"Loved the food, would definitely order again.",Positive,loved the food would definitely order again,Positive
RV05284,O03636,C00219,3,"Average experience, nothing special.",Neutral,average experience nothing special,Negative
RV05285,O06319,C00016,1,"Terrible experience, food arrived very late.",Negative,terrible experience food arrived very late,Negative
RV05286,O01350,C00077,3,"Average experience, nothing special.",Neutral,average experience nothing special,Negative
RV05287,O04477,C01396,4,Really good experience overall.,Positive,really good experience overall,Positive
RV05288,O09496,C00498,5,"Loved the food, would definitely order again.",Positive,loved the food would definitely order again,Positive
RV05289,O05035,C01132,1,Very late delivery and the food was cold.,Negative,very late delivery and the food was cold,Neutral
RV05290,O09381,C00758,1,"Very poor service, would not order again.",Negative,very poor service would not order again,Negative
RV05291,O04103,C01759,3,Food was decent but could have been better.,Neutral,food was decent but could have been better,Positive
RV05292,O04075,C01161,2,Not happy with the delivery experience.,Negative,not happy with the delivery experience,Negative
RV05293,O07001,C01142,4,Really good experience overall.,Positive,really good experience overall,Positive
RV05294,O06336,C01644,5,Everything was perfect and arrived on time.,Positive,everything was perfect and arrived on time,Positive
RV05295,O09684,C00755,3,"Average experience, nothing special.",Neutral,average experience nothing special,Negative
RV05296,O07673,C01478,3,The order was fine overall.,Neutral,the order was fine overall,Positive
RV05297,O06658,C00936,5,"Loved the food, would definitely order again.",Positive,loved the food would definitely order again,Positive
RV05298,O05025,C00525,4,"Good service, just a minor delay.",Positive,good service just a minor delay,Positive
RV05299,O02953,C01775,2,Delivery was late and the food was not very good.,Negative,delivery was late and the food was not very good,Negative
RV05300,O09911,C00977,3,Food was okay but delivery took some time.,Neutral,food was okay but delivery took some time,Positive
RV05301,O09886,C00731,5,Everything was perfect and arrived on time.,Positive,everything was perfect and arrived on time,Positive
RV05302,O09178,C00216,2,Delivery was late and the food was not very good.,Negative,delivery was late and the food was not very good,Negative
RV05303,O08361,C00067,1,"Very poor service, would not order again.",Negative,very poor service would not order again,Negative
RV05304,O03466,C00789,5,Amazing food and great delivery experience.,Positive,amazing food and great delivery experience,Positive
RV05305,O03344,C01166,1,"Very poor service, would not order again.",Negative,very poor service would not order again,Negative
RV05306,O08074,C00809,3,"Average experience, nothing special.",Neutral,average experience nothing special,Negative
RV05307,O09124,C01387,4,Food was tasty and delivery was smooth.,Positive,food was tasty and delivery was smooth,Neutral
RV05308,O00592,C01707,1,Food was disappointing and delivery was extremely slow.,Negative,food was disappointing and delivery was extremely slow,Negative
RV05309,O03216,C00389,5,Amazing food and great delivery experience.,Positive,amazing food and great delivery experience,Positive
RV05310,O03179,C00498,5,Everything was perfect and arrived on time.,Positive,everything was perfect and arrived on time,Positive
RV05311,O03528,C01802,3,"Average experience, nothing special.",Neutral,average experience nothing special,Negative
RV05312,O07063,C00553,5,Amazing food and great delivery experience.,Positive,amazing food and great delivery experience,Positive
RV05313,O04352,C01456,1,Food was disappointing and delivery was extremely slow.,Negative,food was disappointing and delivery was extremely slow,Negative
RV05314,O02402,C01959,2,Food was cold when it arrived.,Negative,food was cold when it arrived,Neutral
RV05315,O00927,C01668,3,"Average experience, nothing special.",Neutral,average experience nothing special,Negative
RV05316,O04812,C01001,3,The order was fine overall.,Neutral,the order was fine overall,Positive
RV05317,O07129,C00859,4,Good food and the delivery was on time.,Positive,good food and the delivery was on time,Positive
RV05318,O02770,C01287,5,Everything was perfect and arrived on time.,Positive,everything was perfect and arrived on time,Positive
RV05319,O03665,C01060,2,Delivery was late and the food was not very good.,Negative,delivery was late and the food was not very good,Negative
RV05320,O03450,C00977,5,"Loved the food, would definitely order again.",Positive,loved the food would definitely order again,Positive
RV05321,O01876,C01238,5,"Loved the food, would definitely order again.",Positive,loved the food would definitely order again,Positive
RV05322,O04659,C00881,3,"Average experience, nothing special.",Neutral,average experience nothing special,Negative
RV05323,O09947,C00433,4,Really good experience overall.,Positive,really good experience overall,Positive
RV05324,O04039,C01948,3,Food was decent but could have been better.,Neutral,food was decent but could have been better,Positive
RV05325,O07504,C00511,3,Food was decent but could have been better.,Neutral,food was decent but could have been better,Positive
RV05326,O02548,C01097,2,Not happy with the delivery experience.,Negative,not happy with the delivery experience,Negative
RV05327,O06620,C00112,4,Food was tasty and delivery was smooth.,Positive,food was tasty and delivery was smooth,Neutral
RV05328,O04607,C00492,2,The order was delayed and disappointing.,Negative,the order was delayed and disappointing,Negative
RV05329,O04089,C01267,5,Everything was perfect and arrived on time.,Positive,everything was perfect and arrived on time,Positive
RV05330,O04457,C01721,4,Really good experience overall.,Positive,really good experience overall,Positive
RV05331,O04418,C01244,4,"Good service, just a minor delay.",Positive,good service just a minor delay,Positive
RV05332,O01024,C00748,4,Really good experience overall.,Positive,really good experience overall,Positive
RV05333,O03156,C01988,4,Good food and the delivery was on time.,Positive,good food and the delivery was on time,Positive
RV05334,O07377,C01295,5,Amazing food and great delivery experience.,Positive,amazing food and great delivery experience,Positive
RV05335,O09109,C00773,3,Food was okay but delivery took some time.,Neutral,food was okay but delivery took some time,Positive
RV05336,O09485,C00630,5,Amazing food and great delivery experience.,Positive,amazing food and great delivery experience,Positive
RV05337,O01476,C00792,2,Not happy with the delivery experience.,Negative,not happy with the delivery experience,Negative
RV05338,O01821,C01869,4,"Good service, just a minor delay.",Positive,good service just a minor delay,Positive
RV05339,O06066,C01381,4,Food was tasty and delivery was smooth.,Positive,food was tasty and delivery was smooth,Neutral
RV05340,O01307,C01483,5,"Loved the food, would definitely order again.",Positive,loved the food would definitely order again,Positive
RV05341,O01879,C00768,3,Food was decent but could have been better.,Neutral,food was decent but could have been better,Positive
RV05342,O00855,C01218,5,Food was excellent and delivery was very quick.,Positive,food was excellent and delivery was very quick,Positive
RV05343,O07175,C01753,4,Good food and the delivery was on time.,Positive,good food and the delivery was on time,Positive
RV05344,O08371,C00192,5,Food was excellent and delivery was very quick.,Positive,food was excellent and delivery was very quick,Positive
RV05345,O09725,C01162,5,"Loved the food, would definitely order again.",Positive,loved the food would definitely order again,Positive
RV05346,O07699,C00753,5,Everything was perfect and arrived on time.,Positive,everything was perfect and arrived on time,Positive
RV05347,O09620,C00900,4,Good food and the delivery was on time.,Positive,good food and the delivery was on time,Positive
RV05348,O05499,C01004,5,Everything was perfect and arrived on time.,Positive,everything was perfect and arrived on time,Positive
RV05349,O03999,C00507,5,"Loved the food, would definitely order again.",Positive,loved the food would definitely order again,Positive
RV05350,O01001,C01550,1,Very late delivery and the food was cold.,Negative,very late delivery and the food was cold,Neutral
RV05351,O08637,C00968,3,Food was decent but could have been better.,Neutral,food was decent but could have been better,Positive
RV05352,O00067,C00405,2,Delivery was late and the food was not very good.,Negative,delivery was late and the food was not very good,Negative
RV05353,O08453,C01628,2,Delivery was late and the food was not very good.,Negative,delivery was late and the food was not very good,Negative
RV05354,O06373,C00061,5,Amazing food and great delivery experience.,Positive,amazing food and great delivery experience,Positive
RV05355,O01021,C01099,3,Food was decent but could have been better.,Neutral,food was decent but could have been better,Positive
RV05356,O01690,C00755,4,"Good service, just a minor delay.",Positive,good service just a minor delay,Positive
RV05357,O00864,C00053,4,Food was tasty and delivery was smooth.,Positive,food was tasty and delivery was smooth,Neutral
RV05358,O07742,C00715,5,Amazing food and great delivery experience.,Positive,amazing food and great delivery experience,Positive
RV05359,O05143,C00335,3,Food was okay but delivery took some time.,Neutral,food was okay but delivery took some time,Positive
RV05360,O01148,C01620,4,"Good service, just a minor delay.",Positive,good service just a minor delay,Positive
RV05361,O06379,C01270,2,Not happy with the delivery experience.,Negative,not happy with the delivery experience,Negative
RV05362,O00038,C00409,4,Really good experience overall.,Positive,really good experience overall,Positive
RV05363,O08739,C01517,5,"Loved the food, would definitely order again.",Positive,loved the food would definitely order again,Positive
RV05364,O00528,C01362,3,Food was decent but could have been better.,Neutral,food was decent but could have been better,Positive
RV05365,O05310,C01928,5,Food was excellent and delivery was very quick.,Positive,food was excellent and delivery was very quick,Positive
RV05366,O05581,C01707,2,The order was delayed and disappointing.,Negative,the order was delayed and disappointing,Negative
RV05367,O05051,C00827,4,Really good experience overall.,Positive,really good experience overall,Positive
RV05368,O04404,C00250,3,Food was okay but delivery took some time.,Neutral,food was okay but delivery took some time,Positive
RV05369,O08327,C00914,4,Really good experience overall.,Positive,really good experience overall,Positive
RV05370,O02029,C00896,4,Really good experience overall.,Positive,really good experience overall,Positive
RV05371,O06387,C01480,4,Really good experience overall.,Positive,really good experience overall,Positive
RV05372,O06999,C01542,3,Food was okay but delivery took some time.,Neutral,food was okay but delivery took some time,Positive
RV05373,O06282,C01953,5,Amazing food and great delivery experience.,Positive,amazing food and great delivery experience,Positive
RV05374,O03332,C01305,4,"Good service, just a minor delay.",Positive,good service just a minor delay,Positive
RV05375,O06176,C01301,4,"Good service, just a minor delay.",Positive,good service just a minor delay,Positive
RV05376,O09177,C01733,5,Everything was perfect and arrived on time.,Positive,everything was perfect and arrived on time,Positive
RV05377,O05216,C00169,4,Really good experience overall.,Positive,really good experience overall,Positive
RV05378,O08849,C00163,2,Not happy with the delivery experience.,Negative,not happy with the delivery experience,Negative
RV05379,O06368,C01236,2,Food was cold when it arrived.,Negative,food was cold when it arrived,Neutral
RV05380,O01434,C01976,3,Food was decent but could have been better.,Neutral,food was decent but could have been better,Positive
RV05381,O08686,C00560,3,Food was decent but could have been better.,Neutral,food was decent but could have been better,Positive
RV05382,O04176,C01333,3,The order was fine overall.,Neutral,the order was fine overall,Positive
RV05383,O08663,C01629,3,Food was okay but delivery took some time.,Neutral,food was okay but delivery took some time,Positive
RV05384,O02751,C01844,1,Very late delivery and the food was cold.,Negative,very late delivery and the food was cold,Neutral
RV05385,O07085,C00067,4,Good food and the delivery was on time.,Positive,good food and the delivery was on time,Positive
RV05386,O07528,C00233,1,"Very poor service, would not order again.",Negative,very poor service would not order again,Negative
RV05387,O01316,C00639,4,"Good service, just a minor delay.",Positive,good service just a minor delay,Positive
RV05388,O07303,C01660,2,The order was delayed and disappointing.,Negative,the order was delayed and disappointing,Negative
RV05389,O02224,C00287,5,"Loved the food, would definitely order again.",Positive,loved the food would definitely order again,Positive
RV05390,O05334,C01868,3,Food was decent but could have been better.,Neutral,food was decent but could have been better,Positive
RV05391,O05267,C01332,5,Food was excellent and delivery was very quick.,Positive,food was excellent and delivery was very quick,Positive
RV05392,O09451,C01403,3,Food was okay but delivery took some time.,Neutral,food was okay but delivery took some time,Positive
RV05393,O08682,C00561,5,Food was excellent and delivery was very quick.,Positive,food was excellent and delivery was very quick,Positive
RV05394,O03359,C00535,4,Food was tasty and delivery was smooth.,Positive,food was tasty and delivery was smooth,Neutral
RV05395,O04337,C01852,4,"Good service, just a minor delay.",Positive,good service just a minor delay,Positive
RV05396,O09039,C01697,5,Amazing food and great delivery experience.,Positive,amazing food and great delivery experience,Positive
RV05397,O07572,C00398,3,Food was decent but could have been better.,Neutral,food was decent but could have been better,Positive
RV05398,O00728,C01621,3,Food was okay but delivery took some time.,Neutral,food was okay but delivery took some time,Positive
RV05399,O00370,C01112,4,Food was tasty and delivery was smooth.,Positive,food was tasty and delivery was smooth,Neutral
RV05400,O01314,C00034,2,Food was cold when it arrived.,Negative,food was cold when it arrived,Neutral
RV05401,O04388,C00192,5,Everything was perfect and arrived on time.,Positive,everything was perfect and arrived on time,Positive
RV05402,O01567,C01611,5,Food was excellent and delivery was very quick.,Positive,food was excellent and delivery was very quick,Positive
RV05403,O01992,C00180,4,Really good experience overall.,Positive,really good experience overall,Positive
RV05404,O01196,C00874,3,"Average experience, nothing special.",Neutral,average experience nothing special,Negative
RV05405,O00993,C00853,4,Good food and the delivery was on time.,Positive,good food and the delivery was on time,Positive
RV05406,O00917,C00620,5,"Loved the food, would definitely order again.",Positive,loved the food would definitely order again,Positive
RV05407,O05985,C00959,3,Food was decent but could have been better.,Neutral,food was decent but could have been better,Positive
RV05408,O09388,C01170,5,Everything was perfect and arrived on time.,Positive,everything was perfect and arrived on time,Positive
RV05409,O09323,C00726,5,"Loved the food, would definitely order again.",Positive,loved the food would definitely order again,Positive
RV05410,O01895,C01830,4,Really good experience overall.,Positive,really good experience overall,Positive
RV05411,O09275,C00572,5,"Loved the food, would definitely order again.",Positive,loved the food would definitely order again,Positive
RV05412,O00396,C01977,2,The order was delayed and disappointing.,Negative,the order was delayed and disappointing,Negative
RV05413,O03291,C00670,4,Good food and the delivery was on time.,Positive,good food and the delivery was on time,Positive
RV05414,O02515,C01634,5,Amazing food and great delivery experience.,Positive,amazing food and great delivery experience,Positive
RV05415,O04077,C01671,1,Food was disappointing and delivery was extremely slow.,Negative,food was disappointing and delivery was extremely slow,Negative
RV05416,O02035,C00245,5,"Loved the food, would definitely order again.",Positive,loved the food would definitely order again,Positive
RV05417,O04437,C00220,3,"Average experience, nothing special.",Neutral,average experience nothing special,Negative
RV05418,O03787,C01523,3,The order was fine overall.,Neutral,the order was fine overall,Positive
RV05419,O00978,C00010,3,"Average experience, nothing special.",Neutral,average experience nothing special,Negative
RV05420,O01749,C00694,2,Food was cold when it arrived.,Negative,food was cold when it arrived,Neutral
RV05421,O01583,C00021,1,Food was disappointing and delivery was extremely slow.,Negative,food was disappointing and delivery was extremely slow,Negative
RV05422,O06305,C01768,1,Very late delivery and the food was cold.,Negative,very late delivery and the food was cold,Neutral
RV05423,O08403,C00930,2,The order was delayed and disappointing.,Negative,the order was delayed and disappointing,Negative
RV05424,O06437,C01282,4,Really good experience overall.,Positive,really good experience overall,Positive
RV05425,O05614,C01143,1,"Terrible experience, food arrived very late.",Negative,terrible experience food arrived very late,Negative
RV05426,O05414,C01911,4,"Good service, just a minor delay.",Positive,good service just a minor delay,Positive
RV05427,O05836,C00927,2,Food was cold when it arrived.,Negative,food was cold when it arrived,Neutral
RV05428,O05070,C00260,4,"Good service, just a minor delay.",Positive,good service just a minor delay,Positive
RV05429,O04432,C01037,3,"Average experience, nothing special.",Neutral,average experience nothing special,Negative
RV05430,O04957,C01622,4,Good food and the delivery was on time.,Positive,good food and the delivery was on time,Positive
RV05431,O01865,C01814,4,Good food and the delivery was on time.,Positive,good food and the delivery was on time,Positive
RV05432,O07058,C01008,2,The order was delayed and disappointing.,Negative,the order was delayed and disappointing,Negative
RV05433,O08026,C01089,2,Delivery was late and the food was not very good.,Negative,delivery was late and the food was not very good,Negative
RV05434,O06906,C00878,5,Everything was perfect and arrived on time.,Positive,everything was perfect and arrived on time,Positive
RV05435,O08347,C01180,1,"Terrible experience, food arrived very late.",Negative,terrible experience food arrived very late,Negative
RV05436,O02349,C00621,4,Really good experience overall.,Positive,really good experience overall,Positive
RV05437,O02258,C01418,4,Really good experience overall.,Positive,really good experience overall,Positive
RV05438,O09256,C01537,1,"Terrible experience, food arrived very late.",Negative,terrible experience food arrived very late,Negative
RV05439,O02871,C00092,4,Really good experience overall.,Positive,really good experience overall,Positive
RV05440,O01778,C00277,4,Really good experience overall.,Positive,really good experience overall,Positive
RV05441,O01345,C00733,5,Food was excellent and delivery was very quick.,Positive,food was excellent and delivery was very quick,Positive
RV05442,O06099,C00097,2,The order was delayed and disappointing.,Negative,the order was delayed and disappointing,Negative
RV05443,O05048,C01038,5,Food was excellent and delivery was very quick.,Positive,food was excellent and delivery was very quick,Positive
RV05444,O05328,C01389,4,Really good experience overall.,Positive,really good experience overall,Positive
RV05445,O01145,C01581,5,Food was excellent and delivery was very quick.,Positive,food was excellent and delivery was very quick,Positive
RV05446,O09378,C00097,1,Food was disappointing and delivery was extremely slow.,Negative,food was disappointing and delivery was extremely slow,Negative
RV05447,O06055,C01797,4,Good food and the delivery was on time.,Positive,good food and the delivery was on time,Positive
RV05448,O07008,C01665,4,Good food and the delivery was on time.,Positive,good food and the delivery was on time,Positive
RV05449,O03102,C01781,2,Food was cold when it arrived.,Negative,food was cold when it arrived,Neutral
RV05450,O03022,C00449,2,The order was delayed and disappointing.,Negative,the order was delayed and disappointing,Negative
RV05451,O00033,C01606,4,Food was tasty and delivery was smooth.,Positive,food was tasty and delivery was smooth,Neutral
RV05452,O04898,C00567,4,Really good experience overall.,Positive,really good experience overall,Positive
RV05453,O06399,C01859,2,Food was cold when it arrived.,Negative,food was cold when it arrived,Neutral
RV05454,O07187,C01112,4,Really good experience overall.,Positive,really good experience overall,Positive
RV05455,O02580,C01749,2,Not happy with the delivery experience.,Negative,not happy with the delivery experience,Negative
RV05456,O04256,C00511,1,"Very poor service, would not order again.",Negative,very poor service would not order again,Negative
RV05457,O01009,C01733,5,Amazing food and great delivery experience.,Positive,amazing food and great delivery experience,Positive
RV05458,O08290,C01358,2,The order was delayed and disappointing.,Negative,the order was delayed and disappointing,Negative
RV05459,O06616,C01018,2,The order was delayed and disappointing.,Negative,the order was delayed and disappointing,Negative
RV05460,O03265,C01507,4,Good food and the delivery was on time.,Positive,good food and the delivery was on time,Positive
RV05461,O04463,C01257,3,Food was okay but delivery took some time.,Neutral,food was okay but delivery took some time,Positive
RV05462,O02940,C01513,4,"Good service, just a minor delay.",Positive,good service just a minor delay,Positive
RV05463,O04385,C01256,1,Food was disappointing and delivery was extremely slow.,Negative,food was disappointing and delivery was extremely slow,Negative
RV05464,O09140,C01439,4,Really good experience overall.,Positive,really good experience overall,Positive
RV05465,O03475,C00799,4,"Good service, just a minor delay.",Positive,good service just a minor delay,Positive
RV05466,O09133,C01960,5,Food was excellent and delivery was very quick.,Positive,food was excellent and delivery was very quick,Positive
RV05467,O03302,C00850,4,Really good experience overall.,Positive,really good experience overall,Positive
RV05468,O03143,C00715,5,Food was excellent and delivery was very quick.,Positive,food was excellent and delivery was very quick,Positive
RV05469,O04921,C00475,5,Food was excellent and delivery was very quick.,Positive,food was excellent and delivery was very quick,Positive
RV05470,O04808,C01533,5,Amazing food and great delivery experience.,Positive,amazing food and great delivery experience,Positive
RV05471,O01546,C00295,5,"Loved the food, would definitely order again.",Positive,loved the food would definitely order again,Positive
RV05472,O05901,C00989,5,Food was excellent and delivery was very quick.,Positive,food was excellent and delivery was very quick,Positive
RV05473,O05251,C01500,5,Food was excellent and delivery was very quick.,Positive,food was excellent and delivery was very quick,Positive
RV05474,O05858,C00992,2,Food was cold when it arrived.,Negative,food was cold when it arrived,Neutral
RV05475,O04296,C00010,5,Food was excellent and delivery was very quick.,Positive,food was excellent and delivery was very quick,Positive
RV05476,O01437,C00269,4,"Good service, just a minor delay.",Positive,good service just a minor delay,Positive
RV05477,O02111,C00646,4,"Good service, just a minor delay.",Positive,good service just a minor delay,Positive
RV05478,O00598,C01745,4,"Good service, just a minor delay.",Positive,good service just a minor delay,Positive
RV05479,O03346,C01552,3,"Average experience, nothing special.",Neutral,average experience nothing special,Negative
RV05480,O06352,C01669,3,The order was fine overall.,Neutral,the order was fine overall,Positive
RV05481,O01091,C01719,4,"Good service, just a minor delay.",Positive,good service just a minor delay,Positive
RV05482,O03018,C00970,5,"Loved the food, would definitely order again.",Positive,loved the food would definitely order again,Positive
RV05483,O04975,C00705,2,Not happy with the delivery experience.,Negative,not happy with the delivery experience,Negative
RV05484,O03002,C00312,5,Food was excellent and delivery was very quick.,Positive,food was excellent and delivery was very quick,Positive
RV05485,O07605,C00950,2,The order was delayed and disappointing.,Negative,the order was delayed and disappointing,Negative
RV05486,O06680,C00969,4,Good food and the delivery was on time.,Positive,good food and the delivery was on time,Positive
RV05487,O00310,C00910,1,"Very poor service, would not order again.",Negative,very poor service would not order again,Negative
RV05488,O01040,C01608,4,Really good experience overall.,Positive,really good experience overall,Positive
RV05489,O05234,C01499,5,"Loved the food, would definitely order again.",Positive,loved the food would definitely order again,Positive
RV05490,O05462,C00377,4,Food was tasty and delivery was smooth.,Positive,food was tasty and delivery was smooth,Neutral
RV05491,O03121,C00495,5,Everything was perfect and arrived on time.,Positive,everything was perfect and arrived on time,Positive
RV05492,O04981,C01158,5,Amazing food and great delivery experience.,Positive,amazing food and great delivery experience,Positive
RV05493,O01746,C00407,5,Food was excellent and delivery was very quick.,Positive,food was excellent and delivery was very quick,Positive
RV05494,O08462,C00107,3,Food was decent but could have been better.,Neutral,food was decent but could have been better,Positive
RV05495,O08677,C00446,3,"Average experience, nothing special.",Neutral,average experience nothing special,Negative
RV05496,O00306,C01491,2,Not happy with the delivery experience.,Negative,not happy with the delivery experience,Negative
RV05497,O03333,C01535,4,Really good experience overall.,Positive,really good experience overall,Positive
RV05498,O05439,C00630,5,Food was excellent and delivery was very quick.,Positive,food was excellent and delivery was very quick,Positive
RV05499,O00278,C00218,4,Really good experience overall.,Positive,really good experience overall,Positive
RV05500,O08707,C00305,4,"Good service, just a minor delay.",Positive,good service just a minor delay,Positive
RV05501,O09068,C01221,3,Food was okay but delivery took some time.,Neutral,food was okay but delivery took some time,Positive
RV05502,O00257,C00644,3,The order was fine overall.,Neutral,the order was fine overall,Positive
RV05503,O03439,C01714,5,"Loved the food, would definitely order again.",Positive,loved the food would definitely order again,Positive
RV05504,O01225,C00612,4,Food was tasty and delivery was smooth.,Positive,food was tasty and delivery was smooth,Neutral
RV05505,O00850,C00202,2,Delivery was late and the food was not very good.,Negative,delivery was late and the food was not very good,Negative
RV05506,O00133,C00273,3,The order was fine overall.,Neutral,the order was fine overall,Positive
RV05507,O04913,C01204,5,Everything was perfect and arrived on time.,Positive,everything was perfect and arrived on time,Positive
RV05508,O09369,C00832,5,"Loved the food, would definitely order again.",Positive,loved the food would definitely order again,Positive
RV05509,O05346,C00699,3,The order was fine overall.,Neutral,the order was fine overall,Positive
RV05510,O06460,C00919,4,Good food and the delivery was on time.,Positive,good food and the delivery was on time,Positive
RV05511,O00931,C00892,3,The order was fine overall.,Neutral,the order was fine overall,Positive
RV05512,O06260,C00844,3,"Average experience, nothing special.",Neutral,average experience nothing special,Negative
RV05513,O05353,C01490,2,Food was cold when it arrived.,Negative,food was cold when it arrived,Neutral
RV05514,O07669,C01951,4,"Good service, just a minor delay.",Positive,good service just a minor delay,Positive
RV05515,O00792,C01399,3,"Average experience, nothing special.",Neutral,average experience nothing special,Negative
RV05516,O04492,C01959,3,Food was okay but delivery took some time.,Neutral,food was okay but delivery took some time,Positive
RV05517,O06728,C00308,2,Food was cold when it arrived.,Negative,food was cold when it arrived,Neutral
RV05518,O03625,C01295,4,"Good service, just a minor delay.",Positive,good service just a minor delay,Positive
RV05519,O03465,C01673,4,Food was tasty and delivery was smooth.,Positive,food was tasty and delivery was smooth,Neutral
RV05520,O03349,C01054,5,Amazing food and great delivery experience.,Positive,amazing food and great delivery experience,Positive
RV05521,O07283,C00438,4,Food was tasty and delivery was smooth.,Positive,food was tasty and delivery was smooth,Neutral
RV05522,O05503,C01550,5,Everything was perfect and arrived on time.,Positive,everything was perfect and arrived on time,Positive
RV05523,O08819,C00146,4,Food was tasty and delivery was smooth.,Positive,food was tasty and delivery was smooth,Neutral
RV05524,O09194,C00950,4,Good food and the delivery was on time.,Positive,good food and the delivery was on time,Positive
RV05525,O05714,C01659,5,"Loved the food, would definitely order again.",Positive,loved the food would definitely order again,Positive
RV05526,O08993,C01392,2,Delivery was late and the food was not very good.,Negative,delivery was late and the food was not very good,Negative
RV05527,O04815,C00185,3,The order was fine overall.,Neutral,the order was fine overall,Positive
RV05528,O01991,C01300,2,Not happy with the delivery experience.,Negative,not happy with the delivery experience,Negative
RV05529,O06147,C00543,4,"Good service, just a minor delay.",Positive,good service just a minor delay,Positive
RV05530,O01871,C00079,5,Food was excellent and delivery was very quick.,Positive,food was excellent and delivery was very quick,Positive
RV05531,O08144,C00274,5,"Loved the food, would definitely order again.",Positive,loved the food would definitely order again,Positive
RV05532,O00614,C00559,1,"Terrible experience, food arrived very late.",Negative,terrible experience food arrived very late,Negative
RV05533,O08498,C00283,3,The order was fine overall.,Neutral,the order was fine overall,Positive
RV05534,O04330,C01725,3,Food was decent but could have been better.,Neutral,food was decent but could have been better,Positive
RV05535,O01714,C01105,5,Food was excellent and delivery was very quick.,Positive,food was excellent and delivery was very quick,Positive
RV05536,O00951,C01434,5,"Loved the food, would definitely order again.",Positive,loved the food would definitely order again,Positive
RV05537,O07144,C00136,3,Food was decent but could have been better.,Neutral,food was decent but could have been better,Positive
RV05538,O06034,C01683,4,Good food and the delivery was on time.,Positive,good food and the delivery was on time,Positive
RV05539,O07797,C01731,2,The order was delayed and disappointing.,Negative,the order was delayed and disappointing,Negative
RV05540,O00867,C01377,2,Food was cold when it arrived.,Negative,food was cold when it arrived,Neutral
RV05541,O02440,C00937,5,Amazing food and great delivery experience.,Positive,amazing food and great delivery experience,Positive
RV05542,O09536,C01613,5,Food was excellent and delivery was very quick.,Positive,food was excellent and delivery was very quick,Positive
RV05543,O09493,C00936,3,The order was fine overall.,Neutral,the order was fine overall,Positive
RV05544,O07866,C01033,4,Food was tasty and delivery was smooth.,Positive,food was tasty and delivery was smooth,Neutral
RV05545,O06546,C00862,4,"Good service, just a minor delay.",Positive,good service just a minor delay,Positive
RV05546,O01704,C01852,5,Everything was perfect and arrived on time.,Positive,everything was perfect and arrived on time,Positive
RV05547,O07343,C01027,1,Very late delivery and the food was cold.,Negative,very late delivery and the food was cold,Neutral
RV05548,O00822,C00379,4,Really good experience overall.,Positive,really good experience overall,Positive
RV05549,O08436,C00522,3,"Average experience, nothing special.",Neutral,average experience nothing special,Negative
RV05550,O09216,C01649,5,"Loved the food, would definitely order again.",Positive,loved the food would definitely order again,Positive
RV05551,O08457,C01831,2,Food was cold when it arrived.,Negative,food was cold when it arrived,Neutral
RV05552,O04474,C00897,4,Food was tasty and delivery was smooth.,Positive,food was tasty and delivery was smooth,Neutral
RV05553,O02524,C00755,5,"Loved the food, would definitely order again.",Positive,loved the food would definitely order again,Positive
RV05554,O08842,C01145,5,Everything was perfect and arrived on time.,Positive,everything was perfect and arrived on time,Positive
RV05555,O08480,C01204,5,Food was excellent and delivery was very quick.,Positive,food was excellent and delivery was very quick,Positive
RV05556,O06867,C01055,2,Food was cold when it arrived.,Negative,food was cold when it arrived,Neutral
RV05557,O04174,C01054,4,Really good experience overall.,Positive,really good experience overall,Positive
RV05558,O00470,C01550,1,Very late delivery and the food was cold.,Negative,very late delivery and the food was cold,Neutral
RV05559,O03602,C00352,4,Really good experience overall.,Positive,really good experience overall,Positive
RV05560,O03698,C01143,4,Really good experience overall.,Positive,really good experience overall,Positive
RV05561,O01609,C01645,2,Not happy with the delivery experience.,Negative,not happy with the delivery experience,Negative
RV05562,O02998,C00865,1,"Very poor service, would not order again.",Negative,very poor service would not order again,Negative
RV05563,O05930,C01151,5,Everything was perfect and arrived on time.,Positive,everything was perfect and arrived on time,Positive
RV05564,O00807,C01301,4,"Good service, just a minor delay.",Positive,good service just a minor delay,Positive
RV05565,O09831,C01846,4,Really good experience overall.,Positive,really good experience overall,Positive
RV05566,O02075,C00442,4,Good food and the delivery was on time.,Positive,good food and the delivery was on time,Positive
RV05567,O09449,C00665,4,Food was tasty and delivery was smooth.,Positive,food was tasty and delivery was smooth,Neutral
RV05568,O08131,C01392,3,Food was okay but delivery took some time.,Neutral,food was okay but delivery took some time,Positive
RV05569,O09356,C00100,5,"Loved the food, would definitely order again.",Positive,loved the food would definitely order again,Positive
RV05570,O02047,C00715,2,Food was cold when it arrived.,Negative,food was cold when it arrived,Neutral
RV05571,O09513,C00818,3,Food was okay but delivery took some time.,Neutral,food was okay but delivery took some time,Positive
RV05572,O02867,C01620,5,"Loved the food, would definitely order again.",Positive,loved the food would definitely order again,Positive
RV05573,O06536,C01999,3,The order was fine overall.,Neutral,the order was fine overall,Positive
RV05574,O08283,C00958,5,"Loved the food, would definitely order again.",Positive,loved the food would definitely order again,Positive
RV05575,O06972,C01694,1,Very late delivery and the food was cold.,Negative,very late delivery and the food was cold,Neutral
RV05576,O07345,C01021,4,"Good service, just a minor delay.",Positive,good service just a minor delay,Positive
RV05577,O01426,C01063,4,Food was tasty and delivery was smooth.,Positive,food was tasty and delivery was smooth,Neutral
RV05578,O02267,C01116,1,"Very poor service, would not order again.",Negative,very poor service would not order again,Negative
RV05579,O07537,C00028,5,"Loved the food, would definitely order again.",Positive,loved the food would definitely order again,Positive
RV05580,O02565,C00027,3,"Average experience, nothing special.",Neutral,average experience nothing special,Negative
RV05581,O03221,C00925,5,Amazing food and great delivery experience.,Positive,amazing food and great delivery experience,Positive
RV05582,O09552,C01715,3,The order was fine overall.,Neutral,the order was fine overall,Positive
RV05583,O03458,C01956,3,"Average experience, nothing special.",Neutral,average experience nothing special,Negative
RV05584,O09011,C01540,2,Delivery was late and the food was not very good.,Negative,delivery was late and the food was not very good,Negative
RV05585,O08401,C00925,3,Food was decent but could have been better.,Neutral,food was decent but could have been better,Positive
RV05586,O09732,C01959,5,Everything was perfect and arrived on time.,Positive,everything was perfect and arrived on time,Positive
RV05587,O04514,C00228,4,Food was tasty and delivery was smooth.,Positive,food was tasty and delivery was smooth,Neutral
RV05588,O05727,C00394,5,Amazing food and great delivery experience.,Positive,amazing food and great delivery experience,Positive
RV05589,O09778,C00875,2,Not happy with the delivery experience.,Negative,not happy with the delivery experience,Negative
RV05590,O04859,C01043,4,Food was tasty and delivery was smooth.,Positive,food was tasty and delivery was smooth,Neutral
RV05591,O03134,C01669,1,"Very poor service, would not order again.",Negative,very poor service would not order again,Negative
RV05592,O01147,C01566,2,Food was cold when it arrived.,Negative,food was cold when it arrived,Neutral
RV05593,O08671,C01039,2,Delivery was late and the food was not very good.,Negative,delivery was late and the food was not very good,Negative
RV05594,O01042,C01348,4,Good food and the delivery was on time.,Positive,good food and the delivery was on time,Positive
RV05595,O04710,C00415,4,"Good service, just a minor delay.",Positive,good service just a minor delay,Positive
RV05596,O04779,C01525,5,Amazing food and great delivery experience.,Positive,amazing food and great delivery experience,Positive
RV05597,O00584,C00078,4,Good food and the delivery was on time.,Positive,good food and the delivery was on time,Positive
RV05598,O06940,C00165,4,Really good experience overall.,Positive,really good experience overall,Positive
RV05599,O06636,C00009,4,Food was tasty and delivery was smooth.,Positive,food was tasty and delivery was smooth,Neutral
RV05600,O07642,C00839,1,"Very poor service, would not order again.",Negative,very poor service would not order again,Negative
RV05601,O07271,C01600,5,Amazing food and great delivery experience.,Positive,amazing food and great delivery experience,Positive
RV05602,O00065,C01238,4,Really good experience overall.,Positive,really good experience overall,Positive
RV05603,O00608,C01526,4,Good food and the delivery was on time.,Positive,good food and the delivery was on time,Positive
RV05604,O06395,C00130,4,Good food and the delivery was on time.,Positive,good food and the delivery was on time,Positive
RV05605,O01868,C01919,4,Really good experience overall.,Positive,really good experience overall,Positive
RV05606,O01654,C00621,4,"Good service, just a minor delay.",Positive,good service just a minor delay,Positive
RV05607,O02600,C01340,4,"Good service, just a minor delay.",Positive,good service just a minor delay,Positive
RV05608,O05265,C01299,2,Food was cold when it arrived.,Negative,food was cold when it arrived,Neutral
RV05609,O01677,C00578,4,Good food and the delivery was on time.,Positive,good food and the delivery was on time,Positive
RV05610,O09896,C00381,5,Everything was perfect and arrived on time.,Positive,everything was perfect and arrived on time,Positive
RV05611,O06557,C01422,1,"Terrible experience, food arrived very late.",Negative,terrible experience food arrived very late,Negative
RV05612,O09117,C00086,4,Really good experience overall.,Positive,really good experience overall,Positive
RV05613,O08733,C01196,1,"Very poor service, would not order again.",Negative,very poor service would not order again,Negative
RV05614,O09114,C01152,3,"Average experience, nothing special.",Neutral,average experience nothing special,Negative
RV05615,O04067,C01256,3,Food was okay but delivery took some time.,Neutral,food was okay but delivery took some time,Positive
RV05616,O06216,C01451,5,Food was excellent and delivery was very quick.,Positive,food was excellent and delivery was very quick,Positive
RV05617,O04616,C00209,3,Food was decent but could have been better.,Neutral,food was decent but could have been better,Positive
RV05618,O04633,C00156,3,The order was fine overall.,Neutral,the order was fine overall,Positive
RV05619,O04852,C00794,4,"Good service, just a minor delay.",Positive,good service just a minor delay,Positive
RV05620,O02747,C01637,2,Food was cold when it arrived.,Negative,food was cold when it arrived,Neutral
RV05621,O05233,C01826,3,Food was decent but could have been better.,Neutral,food was decent but could have been better,Positive
RV05622,O03166,C00059,4,Food was tasty and delivery was smooth.,Positive,food was tasty and delivery was smooth,Neutral
RV05623,O06601,C00526,2,Not happy with the delivery experience.,Negative,not happy with the delivery experience,Negative
RV05624,O09889,C01169,5,Food was excellent and delivery was very quick.,Positive,food was excellent and delivery was very quick,Positive
RV05625,O08316,C00755,3,The order was fine overall.,Neutral,the order was fine overall,Positive
RV05626,O09907,C01323,3,"Average experience, nothing special.",Neutral,average experience nothing special,Negative
RV05627,O05197,C00656,4,Food was tasty and delivery was smooth.,Positive,food was tasty and delivery was smooth,Neutral
RV05628,O03369,C01219,3,Food was okay but delivery took some time.,Neutral,food was okay but delivery took some time,Positive
RV05629,O02226,C00880,4,Good food and the delivery was on time.,Positive,good food and the delivery was on time,Positive
RV05630,O03289,C00158,3,Food was okay but delivery took some time.,Neutral,food was okay but delivery took some time,Positive
RV05631,O08308,C01655,3,Food was okay but delivery took some time.,Neutral,food was okay but delivery took some time,Positive
RV05632,O03952,C01979,2,Not happy with the delivery experience.,Negative,not happy with the delivery experience,Negative
RV05633,O04515,C01495,5,"Loved the food, would definitely order again.",Positive,loved the food would definitely order again,Positive
RV05634,O02291,C00880,4,Good food and the delivery was on time.,Positive,good food and the delivery was on time,Positive
RV05635,O00883,C01475,5,Amazing food and great delivery experience.,Positive,amazing food and great delivery experience,Positive
RV05636,O03694,C01742,2,Delivery was late and the food was not very good.,Negative,delivery was late and the food was not very good,Negative
RV05637,O08915,C01768,3,Food was decent but could have been better.,Neutral,food was decent but could have been better,Positive
RV05638,O09785,C01135,5,Everything was perfect and arrived on time.,Positive,everything was perfect and arrived on time,Positive
RV05639,O00384,C00470,5,Amazing food and great delivery experience.,Positive,amazing food and great delivery experience,Positive
RV05640,O09713,C01845,2,Not happy with the delivery experience.,Negative,not happy with the delivery experience,Negative
RV05641,O07808,C01242,2,Delivery was late and the food was not very good.,Negative,delivery was late and the food was not very good,Negative
RV05642,O04410,C01847,5,"Loved the food, would definitely order again.",Positive,loved the food would definitely order again,Positive
RV05643,O08247,C00266,5,"Loved the food, would definitely order again.",Positive,loved the food would definitely order again,Positive
RV05644,O03060,C01228,5,Food was excellent and delivery was very quick.,Positive,food was excellent and delivery was very quick,Positive
RV05645,O01824,C01207,4,Food was tasty and delivery was smooth.,Positive,food was tasty and delivery was smooth,Neutral
RV05646,O06802,C01766,5,Everything was perfect and arrived on time.,Positive,everything was perfect and arrived on time,Positive
RV05647,O07747,C00057,5,Food was excellent and delivery was very quick.,Positive,food was excellent and delivery was very quick,Positive
RV05648,O06760,C01698,3,The order was fine overall.,Neutral,the order was fine overall,Positive
RV05649,O06294,C01650,4,Food was tasty and delivery was smooth.,Positive,food was tasty and delivery was smooth,Neutral
RV05650,O08512,C00854,5,Amazing food and great delivery experience.,Positive,amazing food and great delivery experience,Positive
RV05651,O08833,C00814,3,Food was okay but delivery took some time.,Neutral,food was okay but delivery took some time,Positive
RV05652,O04828,C01442,3,"Average experience, nothing special.",Neutral,average experience nothing special,Negative
RV05653,O00517,C01527,5,"Loved the food, would definitely order again.",Positive,loved the food would definitely order again,Positive
RV05654,O03273,C00948,5,Everything was perfect and arrived on time.,Positive,everything was perfect and arrived on time,Positive
RV05655,O06895,C00235,4,Good food and the delivery was on time.,Positive,good food and the delivery was on time,Positive
RV05656,O02936,C00976,4,Food was tasty and delivery was smooth.,Positive,food was tasty and delivery was smooth,Neutral
RV05657,O09959,C00495,3,The order was fine overall.,Neutral,the order was fine overall,Positive
RV05658,O01770,C01346,3,Food was decent but could have been better.,Neutral,food was decent but could have been better,Positive
RV05659,O00118,C01074,4,"Good service, just a minor delay.",Positive,good service just a minor delay,Positive
RV05660,O05221,C01671,5,Food was excellent and delivery was very quick.,Positive,food was excellent and delivery was very quick,Positive
RV05661,O00972,C01110,5,Food was excellent and delivery was very quick.,Positive,food was excellent and delivery was very quick,Positive
RV05662,O06009,C01216,4,Really good experience overall.,Positive,really good experience overall,Positive
RV05663,O08560,C00290,4,"Good service, just a minor delay.",Positive,good service just a minor delay,Positive
RV05664,O04450,C01197,4,Food was tasty and delivery was smooth.,Positive,food was tasty and delivery was smooth,Neutral
RV05665,O02250,C01939,1,"Very poor service, would not order again.",Negative,very poor service would not order again,Negative
RV05666,O04625,C01977,4,"Good service, just a minor delay.",Positive,good service just a minor delay,Positive
RV05667,O04598,C00863,3,Food was okay but delivery took some time.,Neutral,food was okay but delivery took some time,Positive
RV05668,O06588,C01957,3,"Average experience, nothing special.",Neutral,average experience nothing special,Negative
RV05669,O03678,C01740,5,Amazing food and great delivery experience.,Positive,amazing food and great delivery experience,Positive
RV05670,O02208,C01958,3,The order was fine overall.,Neutral,the order was fine overall,Positive
RV05671,O04933,C00021,5,Amazing food and great delivery experience.,Positive,amazing food and great delivery experience,Positive
RV05672,O03545,C01137,4,Food was tasty and delivery was smooth.,Positive,food was tasty and delivery was smooth,Neutral
RV05673,O06764,C00441,2,Food was cold when it arrived.,Negative,food was cold when it arrived,Neutral
RV05674,O05186,C01176,2,Not happy with the delivery experience.,Negative,not happy with the delivery experience,Negative
RV05675,O00137,C01872,2,The order was delayed and disappointing.,Negative,the order was delayed and disappointing,Negative
RV05676,O03180,C00942,3,Food was decent but could have been better.,Neutral,food was decent but could have been better,Positive
RV05677,O05677,C00813,3,The order was fine overall.,Neutral,the order was fine overall,Positive
RV05678,O07086,C01180,4,Really good experience overall.,Positive,really good experience overall,Positive
RV05679,O03812,C00855,4,Food was tasty and delivery was smooth.,Positive,food was tasty and delivery was smooth,Neutral
RV05680,O00093,C01619,5,Amazing food and great delivery experience.,Positive,amazing food and great delivery experience,Positive
RV05681,O07007,C01910,3,Food was okay but delivery took some time.,Neutral,food was okay but delivery took some time,Positive
RV05682,O09155,C01245,3,The order was fine overall.,Neutral,the order was fine overall,Positive
RV05683,O00187,C00702,5,"Loved the food, would definitely order again.",Positive,loved the food would definitely order again,Positive
RV05684,O01761,C01617,4,Food was tasty and delivery was smooth.,Positive,food was tasty and delivery was smooth,Neutral
RV05685,O00385,C00350,5,Amazing food and great delivery experience.,Positive,amazing food and great delivery experience,Positive
RV05686,O03391,C00599,4,"Good service, just a minor delay.",Positive,good service just a minor delay,Positive
RV05687,O08354,C01608,2,The order was delayed and disappointing.,Negative,the order was delayed and disappointing,Negative
RV05688,O07116,C01543,4,"Good service, just a minor delay.",Positive,good service just a minor delay,Positive
RV05689,O05039,C01200,5,"Loved the food, would definitely order again.",Positive,loved the food would definitely order again,Positive
RV05690,O00625,C00002,5,Amazing food and great delivery experience.,Positive,amazing food and great delivery experience,Positive
RV05691,O06354,C01464,1,Very late delivery and the food was cold.,Negative,very late delivery and the food was cold,Neutral
RV05692,O08004,C00113,3,Food was okay but delivery took some time.,Neutral,food was okay but delivery took some time,Positive
RV05693,O07075,C01175,1,"Terrible experience, food arrived very late.",Negative,terrible experience food arrived very late,Negative
RV05694,O03204,C01799,2,Not happy with the delivery experience.,Negative,not happy with the delivery experience,Negative
RV05695,O08596,C00703,4,Food was tasty and delivery was smooth.,Positive,food was tasty and delivery was smooth,Neutral
RV05696,O06613,C00447,4,Food was tasty and delivery was smooth.,Positive,food was tasty and delivery was smooth,Neutral
RV05697,O03719,C00140,4,"Good service, just a minor delay.",Positive,good service just a minor delay,Positive
RV05698,O01602,C00716,2,Delivery was late and the food was not very good.,Negative,delivery was late and the food was not very good,Negative
RV05699,O00336,C01179,4,Food was tasty and delivery was smooth.,Positive,food was tasty and delivery was smooth,Neutral
RV05700,O06644,C00790,2,The order was delayed and disappointing.,Negative,the order was delayed and disappointing,Negative
RV05701,O08189,C00842,4,"Good service, just a minor delay.",Positive,good service just a minor delay,Positive
RV05702,O02918,C00516,4,Really good experience overall.,Positive,really good experience overall,Positive
RV05703,O02650,C00041,4,"Good service, just a minor delay.",Positive,good service just a minor delay,Positive
RV05704,O02437,C00822,2,Not happy with the delivery experience.,Negative,not happy with the delivery experience,Negative
RV05705,O05671,C00039,2,Not happy with the delivery experience.,Negative,not happy with the delivery experience,Negative
RV05706,O01367,C01396,4,Food was tasty and delivery was smooth.,Positive,food was tasty and delivery was smooth,Neutral
RV05707,O01325,C01055,5,Everything was perfect and arrived on time.,Positive,everything was perfect and arrived on time,Positive
RV05708,O09480,C00345,5,"Loved the food, would definitely order again.",Positive,loved the food would definitely order again,Positive
RV05709,O03503,C01361,5,"Loved the food, would definitely order again.",Positive,loved the food would definitely order again,Positive
RV05710,O09637,C01944,2,The order was delayed and disappointing.,Negative,the order was delayed and disappointing,Negative
RV05711,O04962,C01511,4,Food was tasty and delivery was smooth.,Positive,food was tasty and delivery was smooth,Neutral
RV05712,O02773,C00512,5,Amazing food and great delivery experience.,Positive,amazing food and great delivery experience,Positive
RV05713,O09392,C00765,5,Food was excellent and delivery was very quick.,Positive,food was excellent and delivery was very quick,Positive
RV05714,O02357,C00898,1,Food was disappointing and delivery was extremely slow.,Negative,food was disappointing and delivery was extremely slow,Negative
RV05715,O02636,C00801,2,Delivery was late and the food was not very good.,Negative,delivery was late and the food was not very good,Negative
RV05716,O07520,C01910,2,Food was cold when it arrived.,Negative,food was cold when it arrived,Neutral
RV05717,O09963,C01480,2,Not happy with the delivery experience.,Negative,not happy with the delivery experience,Negative
RV05718,O09271,C01259,2,Food was cold when it arrived.,Negative,food was cold when it arrived,Neutral
RV05719,O08586,C01587,4,"Good service, just a minor delay.",Positive,good service just a minor delay,Positive
RV05720,O04137,C01102,3,Food was okay but delivery took some time.,Neutral,food was okay but delivery took some time,Positive
RV05721,O02907,C00615,2,Delivery was late and the food was not very good.,Negative,delivery was late and the food was not very good,Negative
RV05722,O09965,C00968,3,Food was decent but could have been better.,Neutral,food was decent but could have been better,Positive
RV05723,O06962,C00022,5,Amazing food and great delivery experience.,Positive,amazing food and great delivery experience,Positive
RV05724,O07883,C01326,4,"Good service, just a minor delay.",Positive,good service just a minor delay,Positive
RV05725,O07484,C01972,5,Food was excellent and delivery was very quick.,Positive,food was excellent and delivery was very quick,Positive
RV05726,O00319,C01903,3,The order was fine overall.,Neutral,the order was fine overall,Positive
RV05727,O04315,C01365,4,Really good experience overall.,Positive,really good experience overall,Positive
RV05728,O06321,C00986,5,"Loved the food, would definitely order again.",Positive,loved the food would definitely order again,Positive
RV05729,O06144,C01066,5,Amazing food and great delivery experience.,Positive,amazing food and great delivery experience,Positive
RV05730,O08333,C00674,2,The order was delayed and disappointing.,Negative,the order was delayed and disappointing,Negative
RV05731,O08997,C01916,3,Food was decent but could have been better.,Neutral,food was decent but could have been better,Positive
RV05732,O01684,C00890,3,Food was decent but could have been better.,Neutral,food was decent but could have been better,Positive
RV05733,O07939,C01020,3,"Average experience, nothing special.",Neutral,average experience nothing special,Negative
RV05734,O07038,C00855,4,Food was tasty and delivery was smooth.,Positive,food was tasty and delivery was smooth,Neutral
RV05735,O05693,C00915,4,Good food and the delivery was on time.,Positive,good food and the delivery was on time,Positive
RV05736,O09312,C01443,4,Food was tasty and delivery was smooth.,Positive,food was tasty and delivery was smooth,Neutral
RV05737,O08752,C00645,1,Very late delivery and the food was cold.,Negative,very late delivery and the food was cold,Neutral
RV05738,O01665,C01845,3,"Average experience, nothing special.",Neutral,average experience nothing special,Negative
RV05739,O04890,C00782,4,Good food and the delivery was on time.,Positive,good food and the delivery was on time,Positive
RV05740,O04810,C01969,4,Really good experience overall.,Positive,really good experience overall,Positive
RV05741,O07832,C00692,4,"Good service, just a minor delay.",Positive,good service just a minor delay,Positive
RV05742,O03574,C00512,3,The order was fine overall.,Neutral,the order was fine overall,Positive
RV05743,O08551,C00622,4,"Good service, just a minor delay.",Positive,good service just a minor delay,Positive
RV05744,O05413,C01277,4,"Good service, just a minor delay.",Positive,good service just a minor delay,Positive
RV05745,O06541,C01957,2,The order was delayed and disappointing.,Negative,the order was delayed and disappointing,Negative
RV05746,O06874,C01980,5,Food was excellent and delivery was very quick.,Positive,food was excellent and delivery was very quick,Positive
RV05747,O01760,C00558,4,Food was tasty and delivery was smooth.,Positive,food was tasty and delivery was smooth,Neutral
RV05748,O03642,C00083,1,Very late delivery and the food was cold.,Negative,very late delivery and the food was cold,Neutral
RV05749,O05123,C00402,5,Everything was perfect and arrived on time.,Positive,everything was perfect and arrived on time,Positive
RV05750,O08514,C01690,5,Food was excellent and delivery was very quick.,Positive,food was excellent and delivery was very quick,Positive
RV05751,O03859,C01416,2,The order was delayed and disappointing.,Negative,the order was delayed and disappointing,Negative
RV05752,O08122,C00540,1,"Very poor service, would not order again.",Negative,very poor service would not order again,Negative
RV05753,O06428,C01004,4,Good food and the delivery was on time.,Positive,good food and the delivery was on time,Positive
RV05754,O06584,C00275,1,"Terrible experience, food arrived very late.",Negative,terrible experience food arrived very late,Negative
RV05755,O03992,C00839,2,Delivery was late and the food was not very good.,Negative,delivery was late and the food was not very good,Negative
RV05756,O08625,C01462,4,Really good experience overall.,Positive,really good experience overall,Positive
RV05757,O01162,C00152,5,Everything was perfect and arrived on time.,Positive,everything was perfect and arrived on time,Positive
RV05758,O04104,C00869,1,Very late delivery and the food was cold.,Negative,very late delivery and the food was cold,Neutral
RV05759,O00834,C01623,4,Food was tasty and delivery was smooth.,Positive,food was tasty and delivery was smooth,Neutral
RV05760,O09438,C01861,4,Really good experience overall.,Positive,really good experience overall,Positive
RV05761,O01524,C01280,4,Really good experience overall.,Positive,really good experience overall,Positive
RV05762,O00717,C01526,5,Everything was perfect and arrived on time.,Positive,everything was perfect and arrived on time,Positive
RV05763,O02862,C01609,4,Food was tasty and delivery was smooth.,Positive,food was tasty and delivery was smooth,Neutral
RV05764,O04926,C00162,4,"Good service, just a minor delay.",Positive,good service just a minor delay,Positive
RV05765,O06236,C01571,4,Good food and the delivery was on time.,Positive,good food and the delivery was on time,Positive
RV05766,O02494,C00186,2,Food was cold when it arrived.,Negative,food was cold when it arrived,Neutral
RV05767,O09033,C01142,3,Food was decent but could have been better.,Neutral,food was decent but could have been better,Positive
RV05768,O03058,C00805,3,The order was fine overall.,Neutral,the order was fine overall,Positive
RV05769,O02007,C00632,3,Food was decent but could have been better.,Neutral,food was decent but could have been better,Positive
RV05770,O09819,C00165,3,Food was okay but delivery took some time.,Neutral,food was okay but delivery took some time,Positive
RV05771,O09374,C00562,3,The order was fine overall.,Neutral,the order was fine overall,Positive
RV05772,O00346,C01736,4,Food was tasty and delivery was smooth.,Positive,food was tasty and delivery was smooth,Neutral
RV05773,O01565,C01584,3,"Average experience, nothing special.",Neutral,average experience nothing special,Negative
RV05774,O05780,C01830,4,Good food and the delivery was on time.,Positive,good food and the delivery was on time,Positive
RV05775,O07182,C01151,5,"Loved the food, would definitely order again.",Positive,loved the food would definitely order again,Positive
RV05776,O09296,C01114,5,Everything was perfect and arrived on time.,Positive,everything was perfect and arrived on time,Positive
RV05777,O09526,C01048,5,"Loved the food, would definitely order again.",Positive,loved the food would definitely order again,Positive
RV05778,O06676,C01097,4,"Good service, just a minor delay.",Positive,good service just a minor delay,Positive
RV05779,O02456,C00744,5,"Loved the food, would definitely order again.",Positive,loved the food would definitely order again,Positive
RV05780,O04481,C00303,3,Food was decent but could have been better.,Neutral,food was decent but could have been better,Positive
RV05781,O09546,C00050,5,Food was excellent and delivery was very quick.,Positive,food was excellent and delivery was very quick,Positive
RV05782,O04903,C01829,5,Everything was perfect and arrived on time.,Positive,everything was perfect and arrived on time,Positive
RV05783,O00198,C01664,5,Everything was perfect and arrived on time.,Positive,everything was perfect and arrived on time,Positive
RV05784,O00303,C01560,3,The order was fine overall.,Neutral,the order was fine overall,Positive
RV05785,O01384,C00534,4,Good food and the delivery was on time.,Positive,good food and the delivery was on time,Positive
RV05786,O02491,C01905,5,"Loved the food, would definitely order again.",Positive,loved the food would definitely order again,Positive
RV05787,O07861,C01333,5,"Loved the food, would definitely order again.",Positive,loved the food would definitely order again,Positive
RV05788,O06926,C01252,3,"Average experience, nothing special.",Neutral,average experience nothing special,Negative
RV05789,O02086,C01537,5,Amazing food and great delivery experience.,Positive,amazing food and great delivery experience,Positive
RV05790,O08286,C00760,5,Food was excellent and delivery was very quick.,Positive,food was excellent and delivery was very quick,Positive
RV05791,O09743,C01572,1,"Terrible experience, food arrived very late.",Negative,terrible experience food arrived very late,Negative
RV05792,O05389,C00177,5,Everything was perfect and arrived on time.,Positive,everything was perfect and arrived on time,Positive
RV05793,O05701,C01107,4,Really good experience overall.,Positive,really good experience overall,Positive
RV05794,O03956,C00751,5,Food was excellent and delivery was very quick.,Positive,food was excellent and delivery was very quick,Positive
RV05795,O05588,C00993,3,Food was okay but delivery took some time.,Neutral,food was okay but delivery took some time,Positive
RV05796,O00442,C00368,5,Amazing food and great delivery experience.,Positive,amazing food and great delivery experience,Positive
RV05797,O09968,C01527,4,Food was tasty and delivery was smooth.,Positive,food was tasty and delivery was smooth,Neutral
RV05798,O03192,C01954,4,"Good service, just a minor delay.",Positive,good service just a minor delay,Positive
RV05799,O04501,C00925,4,Food was tasty and delivery was smooth.,Positive,food was tasty and delivery was smooth,Neutral
RV05800,O02658,C01814,5,Food was excellent and delivery was very quick.,Positive,food was excellent and delivery was very quick,Positive
RV05801,O08616,C00253,3,The order was fine overall.,Neutral,the order was fine overall,Positive
RV05802,O07757,C01861,2,Food was cold when it arrived.,Negative,food was cold when it arrived,Neutral
RV05803,O02557,C00710,4,Food was tasty and delivery was smooth.,Positive,food was tasty and delivery was smooth,Neutral
RV05804,O09843,C01224,1,Very late delivery and the food was cold.,Negative,very late delivery and the food was cold,Neutral
RV05805,O09038,C01567,1,"Terrible experience, food arrived very late.",Negative,terrible experience food arrived very late,Negative
RV05806,O07659,C00663,3,"Average experience, nothing special.",Neutral,average experience nothing special,Negative
RV05807,O03069,C01556,1,"Terrible experience, food arrived very late.",Negative,terrible experience food arrived very late,Negative
RV05808,O07955,C01293,1,Food was disappointing and delivery was extremely slow.,Negative,food was disappointing and delivery was extremely slow,Negative
RV05809,O05497,C00885,4,Food was tasty and delivery was smooth.,Positive,food was tasty and delivery was smooth,Neutral
RV05810,O06474,C00763,3,Food was okay but delivery took some time.,Neutral,food was okay but delivery took some time,Positive
RV05811,O06186,C01498,4,"Good service, just a minor delay.",Positive,good service just a minor delay,Positive
RV05812,O02730,C00032,3,Food was okay but delivery took some time.,Neutral,food was okay but delivery took some time,Positive
RV05813,O06165,C01736,3,The order was fine overall.,Neutral,the order was fine overall,Positive
RV05814,O00562,C01457,5,Food was excellent and delivery was very quick.,Positive,food was excellent and delivery was very quick,Positive
RV05815,O06715,C00920,3,Food was decent but could have been better.,Neutral,food was decent but could have been better,Positive
RV05816,O09721,C01576,1,Food was disappointing and delivery was extremely slow.,Negative,food was disappointing and delivery was extremely slow,Negative
RV05817,O08975,C01398,3,Food was decent but could have been better.,Neutral,food was decent but could have been better,Positive
RV05818,O02903,C01730,4,"Good service, just a minor delay.",Positive,good service just a minor delay,Positive
RV05819,O03159,C00649,5,Everything was perfect and arrived on time.,Positive,everything was perfect and arrived on time,Positive
RV05820,O09286,C00297,5,"Loved the food, would definitely order again.",Positive,loved the food would definitely order again,Positive
RV05821,O00711,C01547,4,Really good experience overall.,Positive,really good experience overall,Positive
RV05822,O01356,C01331,3,"Average experience, nothing special.",Neutral,average experience nothing special,Negative
RV05823,O00651,C01504,4,Food was tasty and delivery was smooth.,Positive,food was tasty and delivery was smooth,Neutral
RV05824,O04618,C01235,4,Food was tasty and delivery was smooth.,Positive,food was tasty and delivery was smooth,Neutral
RV05825,O09716,C01209,4,Good food and the delivery was on time.,Positive,good food and the delivery was on time,Positive
RV05826,O02227,C00068,5,Food was excellent and delivery was very quick.,Positive,food was excellent and delivery was very quick,Positive
RV05827,O00028,C01003,5,"Loved the food, would definitely order again.",Positive,loved the food would definitely order again,Positive
RV05828,O09782,C00940,4,Really good experience overall.,Positive,really good experience overall,Positive
RV05829,O07778,C01455,5,Amazing food and great delivery experience.,Positive,amazing food and great delivery experience,Positive
RV05830,O02102,C00774,3,The order was fine overall.,Neutral,the order was fine overall,Positive
RV05831,O05696,C00466,4,Good food and the delivery was on time.,Positive,good food and the delivery was on time,Positive
RV05832,O06076,C01487,3,The order was fine overall.,Neutral,the order was fine overall,Positive
RV05833,O06360,C01222,2,Delivery was late and the food was not very good.,Negative,delivery was late and the food was not very good,Negative
RV05834,O05213,C01745,5,Amazing food and great delivery experience.,Positive,amazing food and great delivery experience,Positive
RV05835,O08049,C01315,4,Food was tasty and delivery was smooth.,Positive,food was tasty and delivery was smooth,Neutral
RV05836,O02536,C01591,4,Really good experience overall.,Positive,really good experience overall,Positive
RV05837,O01790,C00525,2,Delivery was late and the food was not very good.,Negative,delivery was late and the food was not very good,Negative
RV05838,O02124,C00406,5,"Loved the food, would definitely order again.",Positive,loved the food would definitely order again,Positive
RV05839,O08294,C00949,3,Food was okay but delivery took some time.,Neutral,food was okay but delivery took some time,Positive
RV05840,O08383,C01625,4,Really good experience overall.,Positive,really good experience overall,Positive
RV05841,O09600,C01858,4,Food was tasty and delivery was smooth.,Positive,food was tasty and delivery was smooth,Neutral
RV05842,O07149,C00031,2,Food was cold when it arrived.,Negative,food was cold when it arrived,Neutral
RV05843,O03280,C00531,5,Amazing food and great delivery experience.,Positive,amazing food and great delivery experience,Positive
RV05844,O02089,C01264,5,Food was excellent and delivery was very quick.,Positive,food was excellent and delivery was very quick,Positive
RV05845,O02348,C01485,5,Everything was perfect and arrived on time.,Positive,everything was perfect and arrived on time,Positive
RV05846,O02244,C00422,4,Good food and the delivery was on time.,Positive,good food and the delivery was on time,Positive
RV05847,O06126,C01595,3,The order was fine overall.,Neutral,the order was fine overall,Positive
RV05848,O06905,C01681,3,The order was fine overall.,Neutral,the order was fine overall,Positive
RV05849,O01301,C00706,5,Everything was perfect and arrived on time.,Positive,everything was perfect and arrived on time,Positive
RV05850,O00428,C01008,5,"Loved the food, would definitely order again.",Positive,loved the food would definitely order again,Positive
RV05851,O07851,C01249,4,Good food and the delivery was on time.,Positive,good food and the delivery was on time,Positive
RV05852,O07929,C01795,5,Amazing food and great delivery experience.,Positive,amazing food and great delivery experience,Positive
RV05853,O01236,C01103,4,Food was tasty and delivery was smooth.,Positive,food was tasty and delivery was smooth,Neutral
RV05854,O03647,C00527,5,"Loved the food, would definitely order again.",Positive,loved the food would definitely order again,Positive
RV05855,O00439,C00971,5,Everything was perfect and arrived on time.,Positive,everything was perfect and arrived on time,Positive
RV05856,O09672,C01295,3,Food was decent but could have been better.,Neutral,food was decent but could have been better,Positive
RV05857,O08088,C01384,3,Food was okay but delivery took some time.,Neutral,food was okay but delivery took some time,Positive
RV05858,O00188,C00096,4,Food was tasty and delivery was smooth.,Positive,food was tasty and delivery was smooth,Neutral
RV05859,O07776,C00038,4,"Good service, just a minor delay.",Positive,good service just a minor delay,Positive
RV05860,O08764,C01593,4,Really good experience overall.,Positive,really good experience overall,Positive
RV05861,O05358,C00110,5,Food was excellent and delivery was very quick.,Positive,food was excellent and delivery was very quick,Positive
RV05862,O05415,C00072,5,Amazing food and great delivery experience.,Positive,amazing food and great delivery experience,Positive
RV05863,O05479,C00048,4,Food was tasty and delivery was smooth.,Positive,food was tasty and delivery was smooth,Neutral
RV05864,O08573,C00991,3,Food was decent but could have been better.,Neutral,food was decent but could have been better,Positive
RV05865,O05809,C00826,5,Amazing food and great delivery experience.,Positive,amazing food and great delivery experience,Positive
RV05866,O07056,C00224,4,Really good experience overall.,Positive,really good experience overall,Positive
RV05867,O02649,C00429,5,"Loved the food, would definitely order again.",Positive,loved the food would definitely order again,Positive
RV05868,O02377,C01723,1,"Terrible experience, food arrived very late.",Negative,terrible experience food arrived very late,Negative
RV05869,O01787,C00363,4,Really good experience overall.,Positive,really good experience overall,Positive
RV05870,O01342,C00784,4,"Good service, just a minor delay.",Positive,good service just a minor delay,Positive
RV05871,O07478,C00146,2,Not happy with the delivery experience.,Negative,not happy with the delivery experience,Negative
RV05872,O08422,C00098,4,"Good service, just a minor delay.",Positive,good service just a minor delay,Positive
RV05873,O08660,C01226,2,The order was delayed and disappointing.,Negative,the order was delayed and disappointing,Negative
RV05874,O09629,C00858,3,"Average experience, nothing special.",Neutral,average experience nothing special,Negative
RV05875,O03766,C01503,4,Food was tasty and delivery was smooth.,Positive,food was tasty and delivery was smooth,Neutral
RV05876,O04669,C01167,4,Good food and the delivery was on time.,Positive,good food and the delivery was on time,Positive
RV05877,O08331,C00260,4,Good food and the delivery was on time.,Positive,good food and the delivery was on time,Positive
RV05878,O06213,C01089,5,"Loved the food, would definitely order again.",Positive,loved the food would definitely order again,Positive
RV05879,O05680,C01608,4,Good food and the delivery was on time.,Positive,good food and the delivery was on time,Positive
RV05880,O01366,C00310,4,Good food and the delivery was on time.,Positive,good food and the delivery was on time,Positive
RV05881,O05747,C01557,2,Delivery was late and the food was not very good.,Negative,delivery was late and the food was not very good,Negative
RV05882,O01208,C01459,4,Really good experience overall.,Positive,really good experience overall,Positive
RV05883,O06137,C00242,1,"Very poor service, would not order again.",Negative,very poor service would not order again,Negative
RV05884,O06773,C00110,3,The order was fine overall.,Neutral,the order was fine overall,Positive
RV05885,O08717,C00482,3,"Average experience, nothing special.",Neutral,average experience nothing special,Negative
RV05886,O05976,C01480,3,Food was decent but could have been better.,Neutral,food was decent but could have been better,Positive
RV05887,O03105,C01146,4,"Good service, just a minor delay.",Positive,good service just a minor delay,Positive
RV05888,O03005,C00339,3,Food was okay but delivery took some time.,Neutral,food was okay but delivery took some time,Positive
RV05889,O06820,C00075,1,Very late delivery and the food was cold.,Negative,very late delivery and the food was cold,Neutral
RV05890,O01478,C01564,3,The order was fine overall.,Neutral,the order was fine overall,Positive
RV05891,O02503,C00051,2,The order was delayed and disappointing.,Negative,the order was delayed and disappointing,Negative
RV05892,O03979,C01429,2,Not happy with the delivery experience.,Negative,not happy with the delivery experience,Negative
RV05893,O00761,C00661,5,"Loved the food, would definitely order again.",Positive,loved the food would definitely order again,Positive
RV05894,O05432,C01767,4,"Good service, just a minor delay.",Positive,good service just a minor delay,Positive
RV05895,O07414,C00250,3,"Average experience, nothing special.",Neutral,average experience nothing special,Negative
RV05896,O04955,C01873,1,"Terrible experience, food arrived very late.",Negative,terrible experience food arrived very late,Negative
RV05897,O04503,C01134,3,Food was okay but delivery took some time.,Neutral,food was okay but delivery took some time,Positive
RV05898,O03516,C00387,4,Food was tasty and delivery was smooth.,Positive,food was tasty and delivery was smooth,Neutral
RV05899,O06381,C00961,3,The order was fine overall.,Neutral,the order was fine overall,Positive
RV05900,O01569,C01156,4,"Good service, just a minor delay.",Positive,good service just a minor delay,Positive
RV05901,O02782,C00431,5,Everything was perfect and arrived on time.,Positive,everything was perfect and arrived on time,Positive
RV05902,O02418,C01656,4,Good food and the delivery was on time.,Positive,good food and the delivery was on time,Positive
RV05903,O02277,C00559,4,Really good experience overall.,Positive,really good experience overall,Positive
RV05904,O06156,C00730,2,Delivery was late and the food was not very good.,Negative,delivery was late and the food was not very good,Negative
RV05905,O08969,C00527,4,"Good service, just a minor delay.",Positive,good service just a minor delay,Positive
RV05906,O03747,C01100,1,"Very poor service, would not order again.",Negative,very poor service would not order again,Negative
RV05907,O03896,C01605,2,Food was cold when it arrived.,Negative,food was cold when it arrived,Neutral
RV05908,O03640,C00452,3,Food was decent but could have been better.,Neutral,food was decent but could have been better,Positive
RV05909,O08685,C00028,5,"Loved the food, would definitely order again.",Positive,loved the food would definitely order again,Positive
RV05910,O05524,C01036,5,Amazing food and great delivery experience.,Positive,amazing food and great delivery experience,Positive
RV05911,O03996,C01025,5,Amazing food and great delivery experience.,Positive,amazing food and great delivery experience,Positive
RV05912,O05852,C01271,5,Food was excellent and delivery was very quick.,Positive,food was excellent and delivery was very quick,Positive
RV05913,O04696,C00997,2,Delivery was late and the food was not very good.,Negative,delivery was late and the food was not very good,Negative
RV05914,O03048,C01401,5,"Loved the food, would definitely order again.",Positive,loved the food would definitely order again,Positive
RV05915,O01059,C00332,3,"Average experience, nothing special.",Neutral,average experience nothing special,Negative
RV05916,O09376,C01320,4,Good food and the delivery was on time.,Positive,good food and the delivery was on time,Positive
RV05917,O03534,C01376,2,Delivery was late and the food was not very good.,Negative,delivery was late and the food was not very good,Negative
RV05918,O03490,C00775,1,Food was disappointing and delivery was extremely slow.,Negative,food was disappointing and delivery was extremely slow,Negative
RV05919,O08803,C00272,3,The order was fine overall.,Neutral,the order was fine overall,Positive
RV05920,O07140,C00475,3,The order was fine overall.,Neutral,the order was fine overall,Positive
RV05921,O02606,C01649,3,"Average experience, nothing special.",Neutral,average experience nothing special,Negative
RV05922,O09093,C00830,3,"Average experience, nothing special.",Neutral,average experience nothing special,Negative
RV05923,O01449,C01135,2,Delivery was late and the food was not very good.,Negative,delivery was late and the food was not very good,Negative
RV05924,O09679,C01599,3,Food was okay but delivery took some time.,Neutral,food was okay but delivery took some time,Positive
RV05925,O04805,C01745,2,Food was cold when it arrived.,Negative,food was cold when it arrived,Neutral
RV05926,O06484,C00687,4,Good food and the delivery was on time.,Positive,good food and the delivery was on time,Positive
RV05927,O03982,C00046,5,"Loved the food, would definitely order again.",Positive,loved the food would definitely order again,Positive
RV05928,O05893,C01340,4,Really good experience overall.,Positive,really good experience overall,Positive
RV05929,O02804,C01537,3,"Average experience, nothing special.",Neutral,average experience nothing special,Negative
RV05930,O02762,C00078,5,Everything was perfect and arrived on time.,Positive,everything was perfect and arrived on time,Positive
RV05931,O07488,C00392,2,Food was cold when it arrived.,Negative,food was cold when it arrived,Neutral
RV05932,O08044,C00730,5,Amazing food and great delivery experience.,Positive,amazing food and great delivery experience,Positive
RV05933,O00358,C01623,4,Really good experience overall.,Positive,really good experience overall,Positive
RV05934,O06501,C00872,3,Food was okay but delivery took some time.,Neutral,food was okay but delivery took some time,Positive
RV05935,O05506,C00480,3,The order was fine overall.,Neutral,the order was fine overall,Positive
RV05936,O07466,C00256,1,Food was disappointing and delivery was extremely slow.,Negative,food was disappointing and delivery was extremely slow,Negative
RV05937,O05694,C00615,5,Everything was perfect and arrived on time.,Positive,everything was perfect and arrived on time,Positive
RV05938,O03845,C01680,5,Amazing food and great delivery experience.,Positive,amazing food and great delivery experience,Positive
RV05939,O07534,C01158,5,Amazing food and great delivery experience.,Positive,amazing food and great delivery experience,Positive
RV05940,O06268,C00049,3,"Average experience, nothing special.",Neutral,average experience nothing special,Negative
RV05941,O01794,C01486,1,Very late delivery and the food was cold.,Negative,very late delivery and the food was cold,Neutral
RV05942,O01171,C01015,4,Really good experience overall.,Positive,really good experience overall,Positive
RV05943,O00333,C00831,3,Food was decent but could have been better.,Neutral,food was decent but could have been better,Positive
RV05944,O01224,C01909,4,Really good experience overall.,Positive,really good experience overall,Positive
RV05945,O05253,C01562,4,Food was tasty and delivery was smooth.,Positive,food was tasty and delivery was smooth,Neutral
RV05946,O09179,C00413,5,Everything was perfect and arrived on time.,Positive,everything was perfect and arrived on time,Positive
RV05947,O09491,C00628,5,"Loved the food, would definitely order again.",Positive,loved the food would definitely order again,Positive
RV05948,O06739,C01570,5,Amazing food and great delivery experience.,Positive,amazing food and great delivery experience,Positive
RV05949,O03783,C00305,3,Food was decent but could have been better.,Neutral,food was decent but could have been better,Positive
RV05950,O02404,C01936,1,"Very poor service, would not order again.",Negative,very poor service would not order again,Negative
RV05951,O05999,C01922,5,Food was excellent and delivery was very quick.,Positive,food was excellent and delivery was very quick,Positive
RV05952,O07294,C00921,3,Food was okay but delivery took some time.,Neutral,food was okay but delivery took some time,Positive
RV05953,O07676,C01939,3,Food was okay but delivery took some time.,Neutral,food was okay but delivery took some time,Positive
RV05954,O01118,C00868,5,Everything was perfect and arrived on time.,Positive,everything was perfect and arrived on time,Positive
RV05955,O00853,C01943,2,Delivery was late and the food was not very good.,Negative,delivery was late and the food was not very good,Negative
RV05956,O09082,C01145,3,Food was okay but delivery took some time.,Neutral,food was okay but delivery took some time,Positive
RV05957,O00069,C00658,4,Really good experience overall.,Positive,really good experience overall,Positive
RV05958,O06681,C00805,5,Everything was perfect and arrived on time.,Positive,everything was perfect and arrived on time,Positive
RV05959,O04632,C00931,5,"Loved the food, would definitely order again.",Positive,loved the food would definitely order again,Positive
RV05960,O09866,C01524,5,Food was excellent and delivery was very quick.,Positive,food was excellent and delivery was very quick,Positive
RV05961,O09019,C01956,5,"Loved the food, would definitely order again.",Positive,loved the food would definitely order again,Positive
RV05962,O04832,C00350,3,Food was okay but delivery took some time.,Neutral,food was okay but delivery took some time,Positive
RV05963,O03595,C00335,2,Food was cold when it arrived.,Negative,food was cold when it arrived,Neutral
RV05964,O09306,C01798,5,Food was excellent and delivery was very quick.,Positive,food was excellent and delivery was very quick,Positive
RV05965,O01056,C01741,1,"Terrible experience, food arrived very late.",Negative,terrible experience food arrived very late,Negative
RV05966,O01385,C00108,4,"Good service, just a minor delay.",Positive,good service just a minor delay,Positive
RV05967,O07122,C01414,3,Food was decent but could have been better.,Neutral,food was decent but could have been better,Positive
RV05968,O04974,C00713,5,Amazing food and great delivery experience.,Positive,amazing food and great delivery experience,Positive
RV05969,O02254,C01185,3,Food was decent but could have been better.,Neutral,food was decent but could have been better,Positive
RV05970,O09946,C01091,5,Everything was perfect and arrived on time.,Positive,everything was perfect and arrived on time,Positive
RV05971,O01564,C01604,4,Good food and the delivery was on time.,Positive,good food and the delivery was on time,Positive
RV05972,O00437,C01081,4,Good food and the delivery was on time.,Positive,good food and the delivery was on time,Positive
RV05973,O09525,C00577,5,Amazing food and great delivery experience.,Positive,amazing food and great delivery experience,Positive
RV05974,O09887,C01613,4,"Good service, just a minor delay.",Positive,good service just a minor delay,Positive
RV05975,O05351,C01653,5,Food was excellent and delivery was very quick.,Positive,food was excellent and delivery was very quick,Positive
RV05976,O02568,C01227,4,Good food and the delivery was on time.,Positive,good food and the delivery was on time,Positive
RV05977,O00767,C01100,5,Everything was perfect and arrived on time.,Positive,everything was perfect and arrived on time,Positive
RV05978,O08496,C01686,3,Food was okay but delivery took some time.,Neutral,food was okay but delivery took some time,Positive
RV05979,O08911,C01898,3,The order was fine overall.,Neutral,the order was fine overall,Positive
RV05980,O08195,C00906,5,"Loved the food, would definitely order again.",Positive,loved the food would definitely order again,Positive
RV05981,O01721,C01320,1,Food was disappointing and delivery was extremely slow.,Negative,food was disappointing and delivery was extremely slow,Negative
RV05982,O08153,C01373,3,"Average experience, nothing special.",Neutral,average experience nothing special,Negative
RV05983,O00378,C01948,5,Amazing food and great delivery experience.,Positive,amazing food and great delivery experience,Positive
RV05984,O05663,C00341,3,"Average experience, nothing special.",Neutral,average experience nothing special,Negative
RV05985,O07459,C01954,5,Everything was perfect and arrived on time.,Positive,everything was perfect and arrived on time,Positive
RV05986,O08141,C00514,5,Food was excellent and delivery was very quick.,Positive,food was excellent and delivery was very quick,Positive
RV05987,O06005,C00988,5,"Loved the food, would definitely order again.",Positive,loved the food would definitely order again,Positive
RV05988,O01166,C00217,2,The order was delayed and disappointing.,Negative,the order was delayed and disappointing,Negative
RV05989,O06078,C01561,1,Food was disappointing and delivery was extremely slow.,Negative,food was disappointing and delivery was extremely slow,Negative
RV05990,O05247,C00131,5,Everything was perfect and arrived on time.,Positive,everything was perfect and arrived on time,Positive
RV05991,O09832,C01517,5,"Loved the food, would definitely order again.",Positive,loved the food would definitely order again,Positive
RV05992,O06581,C01805,3,Food was okay but delivery took some time.,Neutral,food was okay but delivery took some time,Positive
RV05993,O08348,C01700,3,Food was decent but could have been better.,Neutral,food was decent but could have been better,Positive
RV05994,O01814,C00084,1,"Terrible experience, food arrived very late.",Negative,terrible experience food arrived very late,Negative
RV05995,O09252,C00229,4,"Good service, just a minor delay.",Positive,good service just a minor delay,Positive
RV05996,O03914,C00663,4,Good food and the delivery was on time.,Positive,good food and the delivery was on time,Positive
RV05997,O00350,C01674,4,"Good service, just a minor delay.",Positive,good service just a minor delay,Positive
RV05998,O01445,C01820,5,Amazing food and great delivery experience.,Positive,amazing food and great delivery experience,Positive
RV05999,O02106,C00718,3,Food was decent but could have been better.,Neutral,food was decent but could have been better,Positive
RV06000,O05593,C01878,4,Food was tasty and delivery was smooth.,Positive,food was tasty and delivery was smooth,Neutral
RV06001,O01540,C01977,4,Good food and the delivery was on time.,Positive,good food and the delivery was on time,Positive
RV06002,O05278,C01404,1,Very late delivery and the food was cold.,Negative,very late delivery and the food was cold,Neutral
RV06003,O06497,C01764,3,Food was okay but delivery took some time.,Neutral,food was okay but delivery took some time,Positive
RV06004,O03955,C00307,5,Everything was perfect and arrived on time.,Positive,everything was perfect and arrived on time,Positive
RV06005,O08253,C01838,4,"Good service, just a minor delay.",Positive,good service just a minor delay,Positive
RV06006,O07518,C00789,4,Food was tasty and delivery was smooth.,Positive,food was tasty and delivery was smooth,Neutral
RV06007,O01257,C00854,4,Good food and the delivery was on time.,Positive,good food and the delivery was on time,Positive
RV06008,O07448,C00107,5,Food was excellent and delivery was very quick.,Positive,food was excellent and delivery was very quick,Positive
RV06009,O06507,C00685,4,"Good service, just a minor delay.",Positive,good service just a minor delay,Positive
RV06010,O00063,C00035,5,Food was excellent and delivery was very quick.,Positive,food was excellent and delivery was very quick,Positive
RV06011,O06979,C00405,5,Amazing food and great delivery experience.,Positive,amazing food and great delivery experience,Positive
RV06012,O04231,C01699,5,Everything was perfect and arrived on time.,Positive,everything was perfect and arrived on time,Positive
RV06013,O05808,C01461,5,Everything was perfect and arrived on time.,Positive,everything was perfect and arrived on time,Positive
RV06014,O07865,C00542,5,Everything was perfect and arrived on time.,Positive,everything was perfect and arrived on time,Positive
RV06015,O08783,C00655,4,Food was tasty and delivery was smooth.,Positive,food was tasty and delivery was smooth,Neutral
RV06016,O02912,C01760,4,Good food and the delivery was on time.,Positive,good food and the delivery was on time,Positive
RV06017,O09650,C00720,1,Very late delivery and the food was cold.,Negative,very late delivery and the food was cold,Neutral
RV06018,O02596,C01170,3,The order was fine overall.,Neutral,the order was fine overall,Positive
RV06019,O04013,C01060,4,Food was tasty and delivery was smooth.,Positive,food was tasty and delivery was smooth,Neutral
RV06020,O06598,C01120,5,Everything was perfect and arrived on time.,Positive,everything was perfect and arrived on time,Positive
RV06021,O03286,C00446,3,Food was decent but could have been better.,Neutral,food was decent but could have been better,Positive
RV06022,O09822,C01263,5,Everything was perfect and arrived on time.,Positive,everything was perfect and arrived on time,Positive
RV06023,O07423,C00688,2,Not happy with the delivery experience.,Negative,not happy with the delivery experience,Negative
RV06024,O02790,C00244,4,Really good experience overall.,Positive,really good experience overall,Positive
RV06025,O05531,C01314,3,Food was decent but could have been better.,Neutral,food was decent but could have been better,Positive
RV06026,O06564,C00655,4,Food was tasty and delivery was smooth.,Positive,food was tasty and delivery was smooth,Neutral
RV06027,O00818,C00910,5,Everything was perfect and arrived on time.,Positive,everything was perfect and arrived on time,Positive
RV06028,O08292,C01770,1,Very late delivery and the food was cold.,Negative,very late delivery and the food was cold,Neutral
RV06029,O06847,C00758,1,Very late delivery and the food was cold.,Negative,very late delivery and the food was cold,Neutral
RV06030,O03868,C01658,4,Good food and the delivery was on time.,Positive,good food and the delivery was on time,Positive
RV06031,O08832,C00725,4,Food was tasty and delivery was smooth.,Positive,food was tasty and delivery was smooth,Neutral
RV06032,O02092,C01871,4,Food was tasty and delivery was smooth.,Positive,food was tasty and delivery was smooth,Neutral
RV06033,O03150,C00192,2,Delivery was late and the food was not very good.,Negative,delivery was late and the food was not very good,Negative
RV06034,O01252,C00697,3,Food was okay but delivery took some time.,Neutral,food was okay but delivery took some time,Positive
RV06035,O02676,C01260,1,"Very poor service, would not order again.",Negative,very poor service would not order again,Negative
RV06036,O00192,C01420,5,Food was excellent and delivery was very quick.,Positive,food was excellent and delivery was very quick,Positive
RV06037,O02038,C01378,3,Food was okay but delivery took some time.,Neutral,food was okay but delivery took some time,Positive
RV06038,O04775,C00464,2,Food was cold when it arrived.,Negative,food was cold when it arrived,Neutral
RV06039,O06004,C01910,4,"Good service, just a minor delay.",Positive,good service just a minor delay,Positive
RV06040,O04846,C01849,2,Not happy with the delivery experience.,Negative,not happy with the delivery experience,Negative
RV06041,O02529,C00367,1,"Very poor service, would not order again.",Negative,very poor service would not order again,Negative
RV06042,O06798,C00300,3,The order was fine overall.,Neutral,the order was fine overall,Positive
RV06043,O00555,C00581,5,Everything was perfect and arrived on time.,Positive,everything was perfect and arrived on time,Positive
RV06044,O06450,C00371,4,Food was tasty and delivery was smooth.,Positive,food was tasty and delivery was smooth,Neutral
RV06045,O02732,C00043,1,"Very poor service, would not order again.",Negative,very poor service would not order again,Negative
RV06046,O01340,C00080,5,"Loved the food, would definitely order again.",Positive,loved the food would definitely order again,Positive
RV06047,O02644,C01375,5,Food was excellent and delivery was very quick.,Positive,food was excellent and delivery was very quick,Positive
RV06048,O02345,C00175,2,Not happy with the delivery experience.,Negative,not happy with the delivery experience,Negative
RV06049,O03153,C00516,4,Food was tasty and delivery was smooth.,Positive,food was tasty and delivery was smooth,Neutral
RV06050,O03181,C00528,5,"Loved the food, would definitely order again.",Positive,loved the food would definitely order again,Positive
RV06051,O02325,C00504,4,Food was tasty and delivery was smooth.,Positive,food was tasty and delivery was smooth,Neutral
RV06052,O04593,C01721,1,"Very poor service, would not order again.",Negative,very poor service would not order again,Negative
RV06053,O08821,C00978,2,Not happy with the delivery experience.,Negative,not happy with the delivery experience,Negative
RV06054,O05692,C01249,1,"Very poor service, would not order again.",Negative,very poor service would not order again,Negative
RV06055,O03356,C00177,5,Food was excellent and delivery was very quick.,Positive,food was excellent and delivery was very quick,Positive
RV06056,O05378,C01057,5,Everything was perfect and arrived on time.,Positive,everything was perfect and arrived on time,Positive
RV06057,O09640,C01158,3,"Average experience, nothing special.",Neutral,average experience nothing special,Negative
RV06058,O01572,C01326,2,Delivery was late and the food was not very good.,Negative,delivery was late and the food was not very good,Negative
RV06059,O08978,C00450,5,"Loved the food, would definitely order again.",Positive,loved the food would definitely order again,Positive
RV06060,O09534,C00742,4,Good food and the delivery was on time.,Positive,good food and the delivery was on time,Positive
RV06061,O00842,C00979,4,Good food and the delivery was on time.,Positive,good food and the delivery was on time,Positive
RV06062,O05117,C00727,5,Everything was perfect and arrived on time.,Positive,everything was perfect and arrived on time,Positive
RV06063,O00168,C00441,4,Food was tasty and delivery was smooth.,Positive,food was tasty and delivery was smooth,Neutral
RV06064,O09332,C00216,2,Food was cold when it arrived.,Negative,food was cold when it arrived,Neutral
RV06065,O07206,C00948,3,Food was decent but could have been better.,Neutral,food was decent but could have been better,Positive
RV06066,O06070,C01603,5,Everything was perfect and arrived on time.,Positive,everything was perfect and arrived on time,Positive
RV06067,O09372,C01595,4,Really good experience overall.,Positive,really good experience overall,Positive
RV06068,O03765,C00730,2,The order was delayed and disappointing.,Negative,the order was delayed and disappointing,Negative
RV06069,O08951,C00497,5,Everything was perfect and arrived on time.,Positive,everything was perfect and arrived on time,Positive
RV06070,O01563,C01580,5,"Loved the food, would definitely order again.",Positive,loved the food would definitely order again,Positive
RV06071,O00618,C01077,5,Food was excellent and delivery was very quick.,Positive,food was excellent and delivery was very quick,Positive
RV06072,O01027,C01765,5,"Loved the food, would definitely order again.",Positive,loved the food would definitely order again,Positive
RV06073,O07999,C00825,3,The order was fine overall.,Neutral,the order was fine overall,Positive
RV06074,O07777,C00654,3,The order was fine overall.,Neutral,the order was fine overall,Positive
RV06075,O06917,C01631,2,The order was delayed and disappointing.,Negative,the order was delayed and disappointing,Negative
RV06076,O09735,C00276,4,Really good experience overall.,Positive,really good experience overall,Positive
RV06077,O02346,C00999,3,"Average experience, nothing special.",Neutral,average experience nothing special,Negative
RV06078,O05246,C01677,4,Good food and the delivery was on time.,Positive,good food and the delivery was on time,Positive
RV06079,O08900,C01191,5,Amazing food and great delivery experience.,Positive,amazing food and great delivery experience,Positive
RV06080,O04454,C01845,1,Food was disappointing and delivery was extremely slow.,Negative,food was disappointing and delivery was extremely slow,Negative
RV06081,O04091,C01166,2,Not happy with the delivery experience.,Negative,not happy with the delivery experience,Negative
RV06082,O04310,C00329,4,Good food and the delivery was on time.,Positive,good food and the delivery was on time,Positive
RV06083,O07151,C00411,5,Food was excellent and delivery was very quick.,Positive,food was excellent and delivery was very quick,Positive
RV06084,O03129,C01360,4,"Good service, just a minor delay.",Positive,good service just a minor delay,Positive
RV06085,O01254,C00732,4,Food was tasty and delivery was smooth.,Positive,food was tasty and delivery was smooth,Neutral
RV06086,O09096,C00787,1,Very late delivery and the food was cold.,Negative,very late delivery and the food was cold,Neutral
RV06087,O03846,C00893,4,Really good experience overall.,Positive,really good experience overall,Positive
RV06088,O07426,C00143,5,Amazing food and great delivery experience.,Positive,amazing food and great delivery experience,Positive
RV06089,O06737,C00751,4,Really good experience overall.,Positive,really good experience overall,Positive
RV06090,O08731,C00913,5,Food was excellent and delivery was very quick.,Positive,food was excellent and delivery was very quick,Positive
RV06091,O00548,C01845,5,Everything was perfect and arrived on time.,Positive,everything was perfect and arrived on time,Positive
RV06092,O05302,C00990,5,Amazing food and great delivery experience.,Positive,amazing food and great delivery experience,Positive
RV06093,O05651,C00257,3,The order was fine overall.,Neutral,the order was fine overall,Positive
RV06094,O08561,C01321,4,Really good experience overall.,Positive,really good experience overall,Positive
RV06095,O03010,C01392,4,Food was tasty and delivery was smooth.,Positive,food was tasty and delivery was smooth,Neutral
RV06096,O07221,C01848,4,Really good experience overall.,Positive,really good experience overall,Positive
RV06097,O01474,C01866,4,Good food and the delivery was on time.,Positive,good food and the delivery was on time,Positive
RV06098,O06771,C01734,4,Good food and the delivery was on time.,Positive,good food and the delivery was on time,Positive
RV06099,O06838,C01606,3,Food was decent but could have been better.,Neutral,food was decent but could have been better,Positive
RV06100,O04205,C00387,2,Delivery was late and the food was not very good.,Negative,delivery was late and the food was not very good,Negative
RV06101,O09315,C00930,3,The order was fine overall.,Neutral,the order was fine overall,Positive
RV06102,O06876,C01346,3,Food was okay but delivery took some time.,Neutral,food was okay but delivery took some time,Positive
RV06103,O09337,C01567,3,Food was okay but delivery took some time.,Neutral,food was okay but delivery took some time,Positive
RV06104,O04524,C01402,3,Food was decent but could have been better.,Neutral,food was decent but could have been better,Positive
RV06105,O08507,C01738,4,Good food and the delivery was on time.,Positive,good food and the delivery was on time,Positive
RV06106,O08856,C00203,5,Food was excellent and delivery was very quick.,Positive,food was excellent and delivery was very quick,Positive
RV06107,O02022,C00265,4,Really good experience overall.,Positive,really good experience overall,Positive
RV06108,O02799,C01071,2,Food was cold when it arrived.,Negative,food was cold when it arrived,Neutral
RV06109,O07491,C00588,4,"Good service, just a minor delay.",Positive,good service just a minor delay,Positive
RV06110,O04253,C00766,5,Everything was perfect and arrived on time.,Positive,everything was perfect and arrived on time,Positive
RV06111,O08212,C01324,5,Amazing food and great delivery experience.,Positive,amazing food and great delivery experience,Positive
RV06112,O01947,C00584,2,Delivery was late and the food was not very good.,Negative,delivery was late and the food was not very good,Negative
RV06113,O02481,C01524,2,Food was cold when it arrived.,Negative,food was cold when it arrived,Neutral
RV06114,O00907,C00595,4,Food was tasty and delivery was smooth.,Positive,food was tasty and delivery was smooth,Neutral
RV06115,O02521,C00446,4,Food was tasty and delivery was smooth.,Positive,food was tasty and delivery was smooth,Neutral
RV06116,O02509,C01027,3,The order was fine overall.,Neutral,the order was fine overall,Positive
RV06117,O02561,C01052,3,Food was okay but delivery took some time.,Neutral,food was okay but delivery took some time,Positive
RV06118,O00570,C01704,3,Food was okay but delivery took some time.,Neutral,food was okay but delivery took some time,Positive
RV06119,O03898,C01734,2,The order was delayed and disappointing.,Negative,the order was delayed and disappointing,Negative
RV06120,O07550,C00509,4,"Good service, just a minor delay.",Positive,good service just a minor delay,Positive
RV06121,O07408,C00754,1,Food was disappointing and delivery was extremely slow.,Negative,food was disappointing and delivery was extremely slow,Negative
RV06122,O04047,C01300,5,Everything was perfect and arrived on time.,Positive,everything was perfect and arrived on time,Positive
RV06123,O09475,C00133,5,Amazing food and great delivery experience.,Positive,amazing food and great delivery experience,Positive
RV06124,O03748,C00698,2,Food was cold when it arrived.,Negative,food was cold when it arrived,Neutral
RV06125,O03674,C00241,5,Amazing food and great delivery experience.,Positive,amazing food and great delivery experience,Positive
RV06126,O00489,C01617,3,Food was okay but delivery took some time.,Neutral,food was okay but delivery took some time,Positive
RV06127,O08303,C00845,4,"Good service, just a minor delay.",Positive,good service just a minor delay,Positive
RV06128,O04584,C00037,3,Food was okay but delivery took some time.,Neutral,food was okay but delivery took some time,Positive
RV06129,O07602,C01394,5,Everything was perfect and arrived on time.,Positive,everything was perfect and arrived on time,Positive
RV06130,O09427,C00889,4,"Good service, just a minor delay.",Positive,good service just a minor delay,Positive
RV06131,O04786,C00373,3,Food was decent but could have been better.,Neutral,food was decent but could have been better,Positive
RV06132,O02386,C01709,5,Food was excellent and delivery was very quick.,Positive,food was excellent and delivery was very quick,Positive
RV06133,O08754,C00535,3,The order was fine overall.,Neutral,the order was fine overall,Positive
RV06134,O03360,C01130,1,Very late delivery and the food was cold.,Negative,very late delivery and the food was cold,Neutral
RV06135,O01331,C00304,3,"Average experience, nothing special.",Neutral,average experience nothing special,Negative
RV06136,O04774,C00079,1,Very late delivery and the food was cold.,Negative,very late delivery and the food was cold,Neutral
RV06137,O08275,C00685,2,Delivery was late and the food was not very good.,Negative,delivery was late and the food was not very good,Negative
RV06138,O08311,C00232,1,Very late delivery and the food was cold.,Negative,very late delivery and the food was cold,Neutral
RV06139,O04655,C01389,3,Food was okay but delivery took some time.,Neutral,food was okay but delivery took some time,Positive
RV06140,O00120,C01608,5,Food was excellent and delivery was very quick.,Positive,food was excellent and delivery was very quick,Positive
RV06141,O06083,C00278,5,Food was excellent and delivery was very quick.,Positive,food was excellent and delivery was very quick,Positive
RV06142,O00989,C00909,5,"Loved the food, would definitely order again.",Positive,loved the food would definitely order again,Positive
RV06143,O02375,C00733,1,"Terrible experience, food arrived very late.",Negative,terrible experience food arrived very late,Negative
RV06144,O01020,C01804,3,"Average experience, nothing special.",Neutral,average experience nothing special,Negative
RV06145,O06515,C01798,3,"Average experience, nothing special.",Neutral,average experience nothing special,Negative
RV06146,O02065,C00105,5,Everything was perfect and arrived on time.,Positive,everything was perfect and arrived on time,Positive
RV06147,O07538,C00136,1,"Very poor service, would not order again.",Negative,very poor service would not order again,Negative
RV06148,O09350,C01283,5,Amazing food and great delivery experience.,Positive,amazing food and great delivery experience,Positive
RV06149,O03652,C00777,4,"Good service, just a minor delay.",Positive,good service just a minor delay,Positive
RV06150,O03484,C00008,2,The order was delayed and disappointing.,Negative,the order was delayed and disappointing,Negative
RV06151,O05482,C01771,4,Good food and the delivery was on time.,Positive,good food and the delivery was on time,Positive
RV06152,O09192,C00190,3,"Average experience, nothing special.",Neutral,average experience nothing special,Negative
RV06153,O08522,C00184,2,Delivery was late and the food was not very good.,Negative,delivery was late and the food was not very good,Negative
RV06154,O00503,C00030,3,The order was fine overall.,Neutral,the order was fine overall,Positive
RV06155,O09095,C00987,5,"Loved the food, would definitely order again.",Positive,loved the food would definitely order again,Positive
RV06156,O01758,C01826,4,Good food and the delivery was on time.,Positive,good food and the delivery was on time,Positive
RV06157,O09203,C01958,4,"Good service, just a minor delay.",Positive,good service just a minor delay,Positive
RV06158,O05271,C00376,5,Food was excellent and delivery was very quick.,Positive,food was excellent and delivery was very quick,Positive
RV06159,O02700,C01502,4,"Good service, just a minor delay.",Positive,good service just a minor delay,Positive
RV06160,O03268,C01668,4,"Good service, just a minor delay.",Positive,good service just a minor delay,Positive
RV06161,O00219,C01115,3,The order was fine overall.,Neutral,the order was fine overall,Positive
RV06162,O08879,C01240,4,Good food and the delivery was on time.,Positive,good food and the delivery was on time,Positive
RV06163,O05411,C00457,5,Amazing food and great delivery experience.,Positive,amazing food and great delivery experience,Positive
RV06164,O01588,C00987,5,Food was excellent and delivery was very quick.,Positive,food was excellent and delivery was very quick,Positive
RV06165,O00686,C01458,5,Food was excellent and delivery was very quick.,Positive,food was excellent and delivery was very quick,Positive
RV06166,O09157,C00958,4,Good food and the delivery was on time.,Positive,good food and the delivery was on time,Positive
RV06167,O00778,C00847,5,"Loved the food, would definitely order again.",Positive,loved the food would definitely order again,Positive
RV06168,O04260,C01996,2,The order was delayed and disappointing.,Negative,the order was delayed and disappointing,Negative
RV06169,O05956,C00428,5,Food was excellent and delivery was very quick.,Positive,food was excellent and delivery was very quick,Positive
RV06170,O08785,C00709,2,Food was cold when it arrived.,Negative,food was cold when it arrived,Neutral
RV06171,O09964,C01323,4,Good food and the delivery was on time.,Positive,good food and the delivery was on time,Positive
RV06172,O01762,C00941,4,Good food and the delivery was on time.,Positive,good food and the delivery was on time,Positive
RV06173,O08778,C00689,5,Food was excellent and delivery was very quick.,Positive,food was excellent and delivery was very quick,Positive
RV06174,O02229,C01079,3,Food was okay but delivery took some time.,Neutral,food was okay but delivery took some time,Positive
RV06175,O06307,C00242,4,Food was tasty and delivery was smooth.,Positive,food was tasty and delivery was smooth,Neutral
RV06176,O01089,C01291,1,"Very poor service, would not order again.",Negative,very poor service would not order again,Negative
RV06177,O01086,C00399,3,Food was decent but could have been better.,Neutral,food was decent but could have been better,Positive
RV06178,O08857,C00047,4,"Good service, just a minor delay.",Positive,good service just a minor delay,Positive
RV06179,O09355,C00399,4,"Good service, just a minor delay.",Positive,good service just a minor delay,Positive
RV06180,O03518,C00153,5,Amazing food and great delivery experience.,Positive,amazing food and great delivery experience,Positive
RV06181,O01183,C01608,4,"Good service, just a minor delay.",Positive,good service just a minor delay,Positive
RV06182,O07898,C00859,4,Food was tasty and delivery was smooth.,Positive,food was tasty and delivery was smooth,Neutral
RV06183,O03111,C01797,5,Food was excellent and delivery was very quick.,Positive,food was excellent and delivery was very quick,Positive
RV06184,O04576,C01033,5,Food was excellent and delivery was very quick.,Positive,food was excellent and delivery was very quick,Positive
RV06185,O09205,C00401,4,Really good experience overall.,Positive,really good experience overall,Positive
RV06186,O04546,C01644,5,Amazing food and great delivery experience.,Positive,amazing food and great delivery experience,Positive
RV06187,O02868,C00199,5,Amazing food and great delivery experience.,Positive,amazing food and great delivery experience,Positive
RV06188,O05029,C01024,2,The order was delayed and disappointing.,Negative,the order was delayed and disappointing,Negative
RV06189,O00324,C01999,3,Food was decent but could have been better.,Neutral,food was decent but could have been better,Positive
RV06190,O04644,C01407,1,Very late delivery and the food was cold.,Negative,very late delivery and the food was cold,Neutral
RV06191,O09587,C00280,4,"Good service, just a minor delay.",Positive,good service just a minor delay,Positive
RV06192,O04060,C00564,4,Really good experience overall.,Positive,really good experience overall,Positive
RV06193,O02748,C00037,5,Amazing food and great delivery experience.,Positive,amazing food and great delivery experience,Positive
RV06194,O00903,C00605,4,"Good service, just a minor delay.",Positive,good service just a minor delay,Positive
RV06195,O01374,C01297,4,"Good service, just a minor delay.",Positive,good service just a minor delay,Positive
RV06196,O04624,C00762,5,"Loved the food, would definitely order again.",Positive,loved the food would definitely order again,Positive
RV06197,O09407,C01638,1,Very late delivery and the food was cold.,Negative,very late delivery and the food was cold,Neutral
RV06198,O02744,C01043,2,Delivery was late and the food was not very good.,Negative,delivery was late and the food was not very good,Negative
RV06199,O05469,C00607,3,Food was okay but delivery took some time.,Neutral,food was okay but delivery took some time,Positive
RV06200,O01709,C00142,3,Food was decent but could have been better.,Neutral,food was decent but could have been better,Positive
RV06201,O03257,C00994,2,The order was delayed and disappointing.,Negative,the order was delayed and disappointing,Negative
RV06202,O08439,C00423,1,"Very poor service, would not order again.",Negative,very poor service would not order again,Negative
RV06203,O08681,C00019,5,Amazing food and great delivery experience.,Positive,amazing food and great delivery experience,Positive
RV06204,O07748,C00382,4,Good food and the delivery was on time.,Positive,good food and the delivery was on time,Positive
RV06205,O01969,C00741,4,"Good service, just a minor delay.",Positive,good service just a minor delay,Positive
RV06206,O07402,C00589,5,Food was excellent and delivery was very quick.,Positive,food was excellent and delivery was very quick,Positive
RV06207,O06351,C01627,5,Everything was perfect and arrived on time.,Positive,everything was perfect and arrived on time,Positive
RV06208,O01557,C01183,4,Really good experience overall.,Positive,really good experience overall,Positive
RV06209,O05834,C00960,4,"Good service, just a minor delay.",Positive,good service just a minor delay,Positive
RV06210,O04743,C01529,5,Amazing food and great delivery experience.,Positive,amazing food and great delivery experience,Positive
RV06211,O09701,C00420,4,Good food and the delivery was on time.,Positive,good food and the delivery was on time,Positive
RV06212,O07971,C01328,4,"Good service, just a minor delay.",Positive,good service just a minor delay,Positive
RV06213,O06534,C00701,3,Food was decent but could have been better.,Neutral,food was decent but could have been better,Positive
RV06214,O05296,C00087,4,Really good experience overall.,Positive,really good experience overall,Positive
RV06215,O04788,C00911,4,Good food and the delivery was on time.,Positive,good food and the delivery was on time,Positive
RV06216,O05623,C00149,2,Delivery was late and the food was not very good.,Negative,delivery was late and the food was not very good,Negative
RV06217,O07764,C01777,4,Good food and the delivery was on time.,Positive,good food and the delivery was on time,Positive
RV06218,O01576,C00799,2,The order was delayed and disappointing.,Negative,the order was delayed and disappointing,Negative
RV06219,O04984,C01988,5,Food was excellent and delivery was very quick.,Positive,food was excellent and delivery was very quick,Positive
RV06220,O08973,C01276,5,Everything was perfect and arrived on time.,Positive,everything was perfect and arrived on time,Positive
RV06221,O08509,C01945,5,Everything was perfect and arrived on time.,Positive,everything was perfect and arrived on time,Positive
RV06222,O05371,C01090,1,Very late delivery and the food was cold.,Negative,very late delivery and the food was cold,Neutral
RV06223,O05525,C00067,4,Good food and the delivery was on time.,Positive,good food and the delivery was on time,Positive
RV06224,O03452,C01632,4,Good food and the delivery was on time.,Positive,good food and the delivery was on time,Positive
RV06225,O03935,C01079,5,Everything was perfect and arrived on time.,Positive,everything was perfect and arrived on time,Positive
RV06226,O03634,C00870,4,Food was tasty and delivery was smooth.,Positive,food was tasty and delivery was smooth,Neutral
RV06227,O05438,C00525,2,Delivery was late and the food was not very good.,Negative,delivery was late and the food was not very good,Negative
RV06228,O04314,C01804,4,"Good service, just a minor delay.",Positive,good service just a minor delay,Positive
RV06229,O02559,C00685,3,The order was fine overall.,Neutral,the order was fine overall,Positive
RV06230,O06758,C01055,1,Very late delivery and the food was cold.,Negative,very late delivery and the food was cold,Neutral
RV06231,O08302,C00160,5,Everything was perfect and arrived on time.,Positive,everything was perfect and arrived on time,Positive
RV06232,O04685,C01221,4,"Good service, just a minor delay.",Positive,good service just a minor delay,Positive
RV06233,O08019,C00253,5,Food was excellent and delivery was very quick.,Positive,food was excellent and delivery was very quick,Positive
RV06234,O05061,C00196,5,Food was excellent and delivery was very quick.,Positive,food was excellent and delivery was very quick,Positive
RV06235,O04440,C00117,4,Food was tasty and delivery was smooth.,Positive,food was tasty and delivery was smooth,Neutral
RV06236,O09929,C00137,4,Really good experience overall.,Positive,really good experience overall,Positive
RV06237,O00124,C00016,3,"Average experience, nothing special.",Neutral,average experience nothing special,Negative
RV06238,O03660,C01231,4,"Good service, just a minor delay.",Positive,good service just a minor delay,Positive
RV06239,O03447,C00534,1,Very late delivery and the food was cold.,Negative,very late delivery and the food was cold,Neutral
RV06240,O02825,C00751,1,Food was disappointing and delivery was extremely slow.,Negative,food was disappointing and delivery was extremely slow,Negative
RV06241,O00469,C00181,5,Everything was perfect and arrived on time.,Positive,everything was perfect and arrived on time,Positive
RV06242,O00751,C01286,3,Food was decent but could have been better.,Neutral,food was decent but could have been better,Positive
RV06243,O09228,C01308,3,Food was okay but delivery took some time.,Neutral,food was okay but delivery took some time,Positive
RV06244,O02920,C00036,5,Food was excellent and delivery was very quick.,Positive,food was excellent and delivery was very quick,Positive
RV06245,O05932,C00518,4,Good food and the delivery was on time.,Positive,good food and the delivery was on time,Positive
RV06246,O06162,C01940,4,Good food and the delivery was on time.,Positive,good food and the delivery was on time,Positive
RV06247,O09156,C00369,3,The order was fine overall.,Neutral,the order was fine overall,Positive
RV06248,O09943,C00842,5,"Loved the food, would definitely order again.",Positive,loved the food would definitely order again,Positive
RV06249,O07444,C01317,4,Food was tasty and delivery was smooth.,Positive,food was tasty and delivery was smooth,Neutral
RV06250,O07907,C00806,5,Everything was perfect and arrived on time.,Positive,everything was perfect and arrived on time,Positive
RV06251,O09200,C01251,3,Food was okay but delivery took some time.,Neutral,food was okay but delivery took some time,Positive
RV06252,O06096,C01973,5,Everything was perfect and arrived on time.,Positive,everything was perfect and arrived on time,Positive
RV06253,O06248,C00403,2,Food was cold when it arrived.,Negative,food was cold when it arrived,Neutral
RV06254,O09630,C00877,5,Everything was perfect and arrived on time.,Positive,everything was perfect and arrived on time,Positive
RV06255,O07434,C01301,5,"Loved the food, would definitely order again.",Positive,loved the food would definitely order again,Positive
RV06256,O06643,C01166,3,The order was fine overall.,Neutral,the order was fine overall,Positive
RV06257,O02420,C01961,3,Food was okay but delivery took some time.,Neutral,food was okay but delivery took some time,Positive
RV06258,O03398,C00818,3,Food was decent but could have been better.,Neutral,food was decent but could have been better,Positive
RV06259,O00777,C01413,3,"Average experience, nothing special.",Neutral,average experience nothing special,Negative
RV06260,O09129,C00011,3,"Average experience, nothing special.",Neutral,average experience nothing special,Negative
RV06261,O03054,C01785,2,Delivery was late and the food was not very good.,Negative,delivery was late and the food was not very good,Negative
RV06262,O00811,C01712,5,"Loved the food, would definitely order again.",Positive,loved the food would definitely order again,Positive
RV06263,O08981,C01561,3,Food was decent but could have been better.,Neutral,food was decent but could have been better,Positive
RV06264,O04292,C00329,3,"Average experience, nothing special.",Neutral,average experience nothing special,Negative
RV06265,O02466,C00302,3,The order was fine overall.,Neutral,the order was fine overall,Positive
RV06266,O06751,C01725,5,Food was excellent and delivery was very quick.,Positive,food was excellent and delivery was very quick,Positive
RV06267,O07685,C00199,2,The order was delayed and disappointing.,Negative,the order was delayed and disappointing,Negative
RV06268,O01103,C00825,3,The order was fine overall.,Neutral,the order was fine overall,Positive
RV06269,O04124,C00031,3,"Average experience, nothing special.",Neutral,average experience nothing special,Negative
RV06270,O00704,C01380,4,Really good experience overall.,Positive,really good experience overall,Positive
RV06271,O06434,C01136,4,Food was tasty and delivery was smooth.,Positive,food was tasty and delivery was smooth,Neutral
RV06272,O09097,C00427,1,Very late delivery and the food was cold.,Negative,very late delivery and the food was cold,Neutral
RV06273,O01132,C01397,5,Everything was perfect and arrived on time.,Positive,everything was perfect and arrived on time,Positive
RV06274,O08312,C01684,2,Delivery was late and the food was not very good.,Negative,delivery was late and the food was not very good,Negative
RV06275,O09151,C00212,4,"Good service, just a minor delay.",Positive,good service just a minor delay,Positive
RV06276,O08742,C01651,2,Delivery was late and the food was not very good.,Negative,delivery was late and the food was not very good,Negative
RV06277,O04982,C01090,4,Food was tasty and delivery was smooth.,Positive,food was tasty and delivery was smooth,Neutral
RV06278,O02411,C01336,4,"Good service, just a minor delay.",Positive,good service just a minor delay,Positive
RV06279,O02455,C01135,4,"Good service, just a minor delay.",Positive,good service just a minor delay,Positive
RV06280,O00846,C00280,5,"Loved the food, would definitely order again.",Positive,loved the food would definitely order again,Positive
RV06281,O05244,C01173,4,Good food and the delivery was on time.,Positive,good food and the delivery was on time,Positive
RV06282,O05220,C01988,3,Food was okay but delivery took some time.,Neutral,food was okay but delivery took some time,Positive
RV06283,O09141,C01032,1,"Very poor service, would not order again.",Negative,very poor service would not order again,Negative
RV06284,O00546,C01524,4,Food was tasty and delivery was smooth.,Positive,food was tasty and delivery was smooth,Neutral
RV06285,O05112,C00090,5,Amazing food and great delivery experience.,Positive,amazing food and great delivery experience,Positive
RV06286,O06923,C00631,3,"Average experience, nothing special.",Neutral,average experience nothing special,Negative
RV06287,O06995,C01826,5,"Loved the food, would definitely order again.",Positive,loved the food would definitely order again,Positive
RV06288,O07253,C00846,4,Really good experience overall.,Positive,really good experience overall,Positive
RV06289,O00505,C01325,4,Good food and the delivery was on time.,Positive,good food and the delivery was on time,Positive
RV06290,O03394,C00689,4,Food was tasty and delivery was smooth.,Positive,food was tasty and delivery was smooth,Neutral
RV06291,O05320,C00269,4,Really good experience overall.,Positive,really good experience overall,Positive
RV06292,O03472,C01320,3,The order was fine overall.,Neutral,the order was fine overall,Positive
RV06293,O08898,C01424,4,"Good service, just a minor delay.",Positive,good service just a minor delay,Positive
RV06294,O03131,C00835,1,Very late delivery and the food was cold.,Negative,very late delivery and the food was cold,Neutral
RV06295,O00908,C01357,2,Not happy with the delivery experience.,Negative,not happy with the delivery experience,Negative
RV06296,O01509,C00792,5,"Loved the food, would definitely order again.",Positive,loved the food would definitely order again,Positive
RV06297,O07106,C00897,4,"Good service, just a minor delay.",Positive,good service just a minor delay,Positive
RV06298,O04772,C00238,1,Very late delivery and the food was cold.,Negative,very late delivery and the food was cold,Neutral
RV06299,O05957,C00729,2,The order was delayed and disappointing.,Negative,the order was delayed and disappointing,Negative
RV06300,O00856,C01173,3,Food was okay but delivery took some time.,Neutral,food was okay but delivery took some time,Positive
RV06301,O04403,C01180,1,Very late delivery and the food was cold.,Negative,very late delivery and the food was cold,Neutral
RV06302,O06069,C00389,4,Good food and the delivery was on time.,Positive,good food and the delivery was on time,Positive
RV06303,O05501,C00134,4,Good food and the delivery was on time.,Positive,good food and the delivery was on time,Positive
RV06304,O02006,C01682,5,Amazing food and great delivery experience.,Positive,amazing food and great delivery experience,Positive
RV06305,O04823,C00866,5,Amazing food and great delivery experience.,Positive,amazing food and great delivery experience,Positive
RV06306,O04932,C01810,2,The order was delayed and disappointing.,Negative,the order was delayed and disappointing,Negative
RV06307,O09026,C00576,2,Delivery was late and the food was not very good.,Negative,delivery was late and the food was not very good,Negative
RV06308,O09916,C00001,5,Everything was perfect and arrived on time.,Positive,everything was perfect and arrived on time,Positive
RV06309,O06324,C00367,4,Good food and the delivery was on time.,Positive,good food and the delivery was on time,Positive
RV06310,O06522,C01561,4,Food was tasty and delivery was smooth.,Positive,food was tasty and delivery was smooth,Neutral
RV06311,O03409,C01248,5,Everything was perfect and arrived on time.,Positive,everything was perfect and arrived on time,Positive
RV06312,O03110,C01838,1,Food was disappointing and delivery was extremely slow.,Negative,food was disappointing and delivery was extremely slow,Negative
RV06313,O01168,C01817,5,Food was excellent and delivery was very quick.,Positive,food was excellent and delivery was very quick,Positive
RV06314,O01750,C01172,3,Food was okay but delivery took some time.,Neutral,food was okay but delivery took some time,Positive
RV06315,O01334,C00334,5,Everything was perfect and arrived on time.,Positive,everything was perfect and arrived on time,Positive
RV06316,O07470,C01161,4,Food was tasty and delivery was smooth.,Positive,food was tasty and delivery was smooth,Neutral
RV06317,O03074,C00095,3,The order was fine overall.,Neutral,the order was fine overall,Positive
RV06318,O05545,C01520,4,Food was tasty and delivery was smooth.,Positive,food was tasty and delivery was smooth,Neutral
RV06319,O03826,C01075,3,Food was okay but delivery took some time.,Neutral,food was okay but delivery took some time,Positive
RV06320,O06187,C01214,1,"Terrible experience, food arrived very late.",Negative,terrible experience food arrived very late,Negative
RV06321,O01964,C00062,4,Food was tasty and delivery was smooth.,Positive,food was tasty and delivery was smooth,Neutral
RV06322,O02884,C00871,4,Really good experience overall.,Positive,really good experience overall,Positive
RV06323,O00738,C01526,3,Food was okay but delivery took some time.,Neutral,food was okay but delivery took some time,Positive
RV06324,O08048,C01834,1,"Terrible experience, food arrived very late.",Negative,terrible experience food arrived very late,Negative
RV06325,O05789,C01584,3,"Average experience, nothing special.",Neutral,average experience nothing special,Negative
RV06326,O02304,C01708,5,Amazing food and great delivery experience.,Positive,amazing food and great delivery experience,Positive
RV06327,O09490,C00467,2,The order was delayed and disappointing.,Negative,the order was delayed and disappointing,Negative
RV06328,O00600,C01469,2,Not happy with the delivery experience.,Negative,not happy with the delivery experience,Negative
RV06329,O06511,C01014,5,Food was excellent and delivery was very quick.,Positive,food was excellent and delivery was very quick,Positive
RV06330,O03514,C00579,3,"Average experience, nothing special.",Neutral,average experience nothing special,Negative
RV06331,O03679,C01277,3,Food was okay but delivery took some time.,Neutral,food was okay but delivery took some time,Positive
RV06332,O02164,C01279,3,Food was okay but delivery took some time.,Neutral,food was okay but delivery took some time,Positive
RV06333,O04563,C00434,5,Everything was perfect and arrived on time.,Positive,everything was perfect and arrived on time,Positive
RV06334,O07587,C00956,2,The order was delayed and disappointing.,Negative,the order was delayed and disappointing,Negative
RV06335,O01894,C00104,4,Food was tasty and delivery was smooth.,Positive,food was tasty and delivery was smooth,Neutral
RV06336,O03559,C01708,5,Amazing food and great delivery experience.,Positive,amazing food and great delivery experience,Positive
RV06337,O05447,C01970,5,"Loved the food, would definitely order again.",Positive,loved the food would definitely order again,Positive
RV06338,O08703,C00283,5,Food was excellent and delivery was very quick.,Positive,food was excellent and delivery was very quick,Positive
RV06339,O05751,C00999,5,Everything was perfect and arrived on time.,Positive,everything was perfect and arrived on time,Positive
RV06340,O03197,C01265,3,The order was fine overall.,Neutral,the order was fine overall,Positive
RV06341,O04690,C00798,5,Food was excellent and delivery was very quick.,Positive,food was excellent and delivery was very quick,Positive
RV06342,O08156,C01329,2,Food was cold when it arrived.,Negative,food was cold when it arrived,Neutral
RV06343,O03662,C01720,4,"Good service, just a minor delay.",Positive,good service just a minor delay,Positive
RV06344,O08661,C00875,4,"Good service, just a minor delay.",Positive,good service just a minor delay,Positive
RV06345,O04140,C01702,5,Food was excellent and delivery was very quick.,Positive,food was excellent and delivery was very quick,Positive
RV06346,O07753,C01187,3,Food was decent but could have been better.,Neutral,food was decent but could have been better,Positive
RV06347,O05026,C00905,3,Food was okay but delivery took some time.,Neutral,food was okay but delivery took some time,Positive
RV06348,O05410,C01109,5,"Loved the food, would definitely order again.",Positive,loved the food would definitely order again,Positive
RV06349,O06809,C01423,4,Food was tasty and delivery was smooth.,Positive,food was tasty and delivery was smooth,Neutral
RV06350,O03198,C01651,4,Good food and the delivery was on time.,Positive,good food and the delivery was on time,Positive
RV06351,O06079,C00776,3,The order was fine overall.,Neutral,the order was fine overall,Positive
RV06352,O04393,C00738,2,The order was delayed and disappointing.,Negative,the order was delayed and disappointing,Negative
RV06353,O06547,C01107,4,Really good experience overall.,Positive,really good experience overall,Positive
RV06354,O02909,C00757,4,Really good experience overall.,Positive,really good experience overall,Positive
RV06355,O09212,C00752,5,Amazing food and great delivery experience.,Positive,amazing food and great delivery experience,Positive
RV06356,O05616,C00946,5,Amazing food and great delivery experience.,Positive,amazing food and great delivery experience,Positive
RV06357,O00138,C01373,4,Really good experience overall.,Positive,really good experience overall,Positive
RV06358,O01429,C00590,3,Food was okay but delivery took some time.,Neutral,food was okay but delivery took some time,Positive
RV06359,O09984,C00612,4,Good food and the delivery was on time.,Positive,good food and the delivery was on time,Positive
RV06360,O00147,C00233,4,Really good experience overall.,Positive,really good experience overall,Positive
RV06361,O05082,C01303,4,Really good experience overall.,Positive,really good experience overall,Positive
RV06362,O03809,C01009,4,"Good service, just a minor delay.",Positive,good service just a minor delay,Positive
RV06363,O07998,C00522,2,Not happy with the delivery experience.,Negative,not happy with the delivery experience,Negative
RV06364,O05912,C00846,3,"Average experience, nothing special.",Neutral,average experience nothing special,Negative
RV06365,O07536,C01439,5,Food was excellent and delivery was very quick.,Positive,food was excellent and delivery was very quick,Positive
RV06366,O03085,C00506,4,"Good service, just a minor delay.",Positive,good service just a minor delay,Positive
RV06367,O05195,C01626,4,Good food and the delivery was on time.,Positive,good food and the delivery was on time,Positive
RV06368,O01022,C00003,4,Really good experience overall.,Positive,really good experience overall,Positive
RV06369,O06477,C01005,5,Amazing food and great delivery experience.,Positive,amazing food and great delivery experience,Positive
RV06370,O00087,C00431,4,Food was tasty and delivery was smooth.,Positive,food was tasty and delivery was smooth,Neutral
RV06371,O07306,C01928,3,"Average experience, nothing special.",Neutral,average experience nothing special,Negative
RV06372,O06375,C00095,2,Not happy with the delivery experience.,Negative,not happy with the delivery experience,Negative
RV06373,O04792,C01941,5,"Loved the food, would definitely order again.",Positive,loved the food would definitely order again,Positive
RV06374,O07267,C01048,4,Good food and the delivery was on time.,Positive,good food and the delivery was on time,Positive
RV06375,O01771,C00807,4,Good food and the delivery was on time.,Positive,good food and the delivery was on time,Positive
RV06376,O09293,C00033,4,Really good experience overall.,Positive,really good experience overall,Positive
RV06377,O06304,C01964,3,"Average experience, nothing special.",Neutral,average experience nothing special,Negative
RV06378,O05309,C01199,3,The order was fine overall.,Neutral,the order was fine overall,Positive
RV06379,O07057,C01047,2,Delivery was late and the food was not very good.,Negative,delivery was late and the food was not very good,Negative
RV06380,O06390,C00946,3,The order was fine overall.,Neutral,the order was fine overall,Positive
RV06381,O05022,C01388,2,Not happy with the delivery experience.,Negative,not happy with the delivery experience,Negative
RV06382,O02251,C01767,4,Food was tasty and delivery was smooth.,Positive,food was tasty and delivery was smooth,Neutral
RV06383,O03210,C01806,5,Everything was perfect and arrived on time.,Positive,everything was perfect and arrived on time,Positive
RV06384,O04371,C00601,4,"Good service, just a minor delay.",Positive,good service just a minor delay,Positive
RV06385,O00013,C00851,1,Very late delivery and the food was cold.,Negative,very late delivery and the food was cold,Neutral
RV06386,O01900,C00458,5,Everything was perfect and arrived on time.,Positive,everything was perfect and arrived on time,Positive
RV06387,O08272,C01438,4,Good food and the delivery was on time.,Positive,good food and the delivery was on time,Positive
RV06388,O04988,C00363,2,Not happy with the delivery experience.,Negative,not happy with the delivery experience,Negative
RV06389,O04706,C01950,4,Food was tasty and delivery was smooth.,Positive,food was tasty and delivery was smooth,Neutral
RV06390,O01060,C01189,5,"Loved the food, would definitely order again.",Positive,loved the food would definitely order again,Positive
RV06391,O03387,C01333,3,"Average experience, nothing special.",Neutral,average experience nothing special,Negative
RV06392,O01465,C01957,4,Good food and the delivery was on time.,Positive,good food and the delivery was on time,Positive
RV06393,O01471,C01969,2,Not happy with the delivery experience.,Negative,not happy with the delivery experience,Negative
RV06394,O09667,C00900,5,Amazing food and great delivery experience.,Positive,amazing food and great delivery experience,Positive
RV06395,O03317,C01029,4,"Good service, just a minor delay.",Positive,good service just a minor delay,Positive
RV06396,O09909,C00954,1,Food was disappointing and delivery was extremely slow.,Negative,food was disappointing and delivery was extremely slow,Negative
RV06397,O06916,C01359,5,Everything was perfect and arrived on time.,Positive,everything was perfect and arrived on time,Positive
RV06398,O09719,C00516,4,Good food and the delivery was on time.,Positive,good food and the delivery was on time,Positive
RV06399,O06555,C00963,1,Very late delivery and the food was cold.,Negative,very late delivery and the food was cold,Neutral
RV06400,O07961,C00973,1,"Terrible experience, food arrived very late.",Negative,terrible experience food arrived very late,Negative
RV06401,O05357,C01680,2,Delivery was late and the food was not very good.,Negative,delivery was late and the food was not very good,Negative
RV06402,O07310,C01094,2,The order was delayed and disappointing.,Negative,the order was delayed and disappointing,Negative
RV06403,O04724,C01490,4,Food was tasty and delivery was smooth.,Positive,food was tasty and delivery was smooth,Neutral
RV06404,O01626,C01603,4,Good food and the delivery was on time.,Positive,good food and the delivery was on time,Positive
RV06405,O07814,C01694,2,Food was cold when it arrived.,Negative,food was cold when it arrived,Neutral
RV06406,O04414,C01456,1,"Very poor service, would not order again.",Negative,very poor service would not order again,Negative
RV06407,O05339,C00501,4,Really good experience overall.,Positive,really good experience overall,Positive
RV06408,O03869,C00446,5,Amazing food and great delivery experience.,Positive,amazing food and great delivery experience,Positive
RV06409,O06032,C00786,3,The order was fine overall.,Neutral,the order was fine overall,Positive
RV06410,O02110,C01439,2,Delivery was late and the food was not very good.,Negative,delivery was late and the food was not very good,Negative
RV06411,O04144,C01437,4,Really good experience overall.,Positive,really good experience overall,Positive
RV06412,O01967,C00806,5,Amazing food and great delivery experience.,Positive,amazing food and great delivery experience,Positive
RV06413,O08569,C00835,2,The order was delayed and disappointing.,Negative,the order was delayed and disappointing,Negative
RV06414,O04769,C01337,2,Not happy with the delivery experience.,Negative,not happy with the delivery experience,Negative
RV06415,O05869,C01592,4,"Good service, just a minor delay.",Positive,good service just a minor delay,Positive
RV06416,O05672,C01950,3,"Average experience, nothing special.",Neutral,average experience nothing special,Negative
RV06417,O01212,C01040,2,Delivery was late and the food was not very good.,Negative,delivery was late and the food was not very good,Negative
RV06418,O03870,C00620,4,"Good service, just a minor delay.",Positive,good service just a minor delay,Positive
RV06419,O00212,C01361,4,"Good service, just a minor delay.",Positive,good service just a minor delay,Positive
RV06420,O00099,C01239,4,Food was tasty and delivery was smooth.,Positive,food was tasty and delivery was smooth,Neutral
RV06421,O04884,C01122,4,"Good service, just a minor delay.",Positive,good service just a minor delay,Positive
RV06422,O01411,C01185,5,Food was excellent and delivery was very quick.,Positive,food was excellent and delivery was very quick,Positive
RV06423,O01036,C00255,4,Food was tasty and delivery was smooth.,Positive,food was tasty and delivery was smooth,Neutral
RV06424,O01655,C00638,3,Food was okay but delivery took some time.,Neutral,food was okay but delivery took some time,Positive
RV06425,O07108,C00821,3,Food was decent but could have been better.,Neutral,food was decent but could have been better,Positive
RV06426,O04784,C01290,5,"Loved the food, would definitely order again.",Positive,loved the food would definitely order again,Positive
RV06427,O08836,C00165,4,Good food and the delivery was on time.,Positive,good food and the delivery was on time,Positive
RV06428,O06903,C01594,3,The order was fine overall.,Neutral,the order was fine overall,Positive
RV06429,O06893,C00931,4,Good food and the delivery was on time.,Positive,good food and the delivery was on time,Positive
RV06430,O09816,C01961,4,Really good experience overall.,Positive,really good experience overall,Positive
RV06431,O02761,C01220,5,"Loved the food, would definitely order again.",Positive,loved the food would definitely order again,Positive
RV06432,O05678,C01354,4,Good food and the delivery was on time.,Positive,good food and the delivery was on time,Positive
RV06433,O07515,C00551,2,The order was delayed and disappointing.,Negative,the order was delayed and disappointing,Negative
RV06434,O06869,C01653,4,Good food and the delivery was on time.,Positive,good food and the delivery was on time,Positive
RV06435,O02925,C01735,3,Food was decent but could have been better.,Neutral,food was decent but could have been better,Positive
RV06436,O01215,C00898,4,Really good experience overall.,Positive,really good experience overall,Positive
RV06437,O01597,C00511,2,Not happy with the delivery experience.,Negative,not happy with the delivery experience,Negative
RV06438,O04776,C01922,3,Food was okay but delivery took some time.,Neutral,food was okay but delivery took some time,Positive
RV06439,O05988,C01784,5,Everything was perfect and arrived on time.,Positive,everything was perfect and arrived on time,Positive
RV06440,O09204,C01412,3,The order was fine overall.,Neutral,the order was fine overall,Positive
RV06441,O05337,C00481,4,Good food and the delivery was on time.,Positive,good food and the delivery was on time,Positive
RV06442,O01854,C00912,4,"Good service, just a minor delay.",Positive,good service just a minor delay,Positive
RV06443,O08954,C00997,5,Food was excellent and delivery was very quick.,Positive,food was excellent and delivery was very quick,Positive
RV06444,O07840,C01180,1,"Terrible experience, food arrived very late.",Negative,terrible experience food arrived very late,Negative
RV06445,O03664,C01782,4,Food was tasty and delivery was smooth.,Positive,food was tasty and delivery was smooth,Neutral
RV06446,O01143,C01858,4,Good food and the delivery was on time.,Positive,good food and the delivery was on time,Positive
RV06447,O03581,C00564,3,Food was decent but could have been better.,Neutral,food was decent but could have been better,Positive
RV06448,O08926,C00259,5,"Loved the food, would definitely order again.",Positive,loved the food would definitely order again,Positive
RV06449,O09352,C00604,5,Amazing food and great delivery experience.,Positive,amazing food and great delivery experience,Positive
RV06450,O02144,C00511,3,Food was okay but delivery took some time.,Neutral,food was okay but delivery took some time,Positive
RV06451,O06311,C00066,3,The order was fine overall.,Neutral,the order was fine overall,Positive
RV06452,O00697,C01982,1,Very late delivery and the food was cold.,Negative,very late delivery and the food was cold,Neutral
RV06453,O03570,C01244,2,The order was delayed and disappointing.,Negative,the order was delayed and disappointing,Negative
RV06454,O03415,C01491,5,Amazing food and great delivery experience.,Positive,amazing food and great delivery experience,Positive
RV06455,O05768,C00131,5,Food was excellent and delivery was very quick.,Positive,food was excellent and delivery was very quick,Positive
RV06456,O03445,C01783,3,Food was decent but could have been better.,Neutral,food was decent but could have been better,Positive
RV06457,O09865,C01868,4,Good food and the delivery was on time.,Positive,good food and the delivery was on time,Positive
RV06458,O06732,C01420,4,Really good experience overall.,Positive,really good experience overall,Positive
RV06459,O03428,C01267,1,Food was disappointing and delivery was extremely slow.,Negative,food was disappointing and delivery was extremely slow,Negative
RV06460,O03235,C00204,2,Delivery was late and the food was not very good.,Negative,delivery was late and the food was not very good,Negative
RV06461,O09556,C01344,3,The order was fine overall.,Neutral,the order was fine overall,Positive
RV06462,O08922,C01009,5,Amazing food and great delivery experience.,Positive,amazing food and great delivery experience,Positive
RV06463,O09348,C00381,4,Really good experience overall.,Positive,really good experience overall,Positive
RV06464,O07387,C00675,4,Food was tasty and delivery was smooth.,Positive,food was tasty and delivery was smooth,Neutral
RV06465,O01502,C01781,4,Food was tasty and delivery was smooth.,Positive,food was tasty and delivery was smooth,Neutral
RV06466,O04112,C01059,4,"Good service, just a minor delay.",Positive,good service just a minor delay,Positive
RV06467,O02699,C01767,5,Everything was perfect and arrived on time.,Positive,everything was perfect and arrived on time,Positive
RV06468,O04604,C00042,5,Everything was perfect and arrived on time.,Positive,everything was perfect and arrived on time,Positive
RV06469,O03051,C01666,1,"Terrible experience, food arrived very late.",Negative,terrible experience food arrived very late,Negative
RV06470,O01851,C01936,5,Food was excellent and delivery was very quick.,Positive,food was excellent and delivery was very quick,Positive
RV06471,O05939,C00959,2,The order was delayed and disappointing.,Negative,the order was delayed and disappointing,Negative
RV06472,O06367,C01356,5,Everything was perfect and arrived on time.,Positive,everything was perfect and arrived on time,Positive
RV06473,O01767,C00891,1,Food was disappointing and delivery was extremely slow.,Negative,food was disappointing and delivery was extremely slow,Negative
RV06474,O00642,C00329,5,Food was excellent and delivery was very quick.,Positive,food was excellent and delivery was very quick,Positive
RV06475,O06259,C00063,5,Amazing food and great delivery experience.,Positive,amazing food and great delivery experience,Positive
RV06476,O07607,C00207,2,Food was cold when it arrived.,Negative,food was cold when it arrived,Neutral
RV06477,O01400,C00227,5,Everything was perfect and arrived on time.,Positive,everything was perfect and arrived on time,Positive
RV06478,O01719,C00465,3,"Average experience, nothing special.",Neutral,average experience nothing special,Negative
RV06479,O01387,C00764,4,Really good experience overall.,Positive,really good experience overall,Positive
RV06480,O02551,C01249,4,"Good service, just a minor delay.",Positive,good service just a minor delay,Positive
RV06481,O07307,C00635,5,Amazing food and great delivery experience.,Positive,amazing food and great delivery experience,Positive
RV06482,O01920,C00065,4,Food was tasty and delivery was smooth.,Positive,food was tasty and delivery was smooth,Neutral
RV06483,O05517,C01551,5,Everything was perfect and arrived on time.,Positive,everything was perfect and arrived on time,Positive
RV06484,O05829,C01265,5,Food was excellent and delivery was very quick.,Positive,food was excellent and delivery was very quick,Positive
RV06485,O00377,C00771,5,"Loved the food, would definitely order again.",Positive,loved the food would definitely order again,Positive
RV06486,O01566,C01593,4,Really good experience overall.,Positive,really good experience overall,Positive
RV06487,O04742,C01484,3,Food was decent but could have been better.,Neutral,food was decent but could have been better,Positive
RV06488,O03800,C01840,5,Amazing food and great delivery experience.,Positive,amazing food and great delivery experience,Positive
RV06489,O07384,C00079,5,Food was excellent and delivery was very quick.,Positive,food was excellent and delivery was very quick,Positive
RV06490,O01087,C01858,3,"Average experience, nothing special.",Neutral,average experience nothing special,Negative
RV06491,O04478,C01916,4,Food was tasty and delivery was smooth.,Positive,food was tasty and delivery was smooth,Neutral
RV06492,O03455,C01006,3,Food was okay but delivery took some time.,Neutral,food was okay but delivery took some time,Positive
RV06493,O03436,C00480,4,"Good service, just a minor delay.",Positive,good service just a minor delay,Positive
RV06494,O01127,C00348,4,Food was tasty and delivery was smooth.,Positive,food was tasty and delivery was smooth,Neutral
RV06495,O04270,C00399,5,Amazing food and great delivery experience.,Positive,amazing food and great delivery experience,Positive
RV06496,O06730,C01170,4,Food was tasty and delivery was smooth.,Positive,food was tasty and delivery was smooth,Neutral
RV06497,O07357,C00736,4,Really good experience overall.,Positive,really good experience overall,Positive
RV06498,O03427,C00845,5,"Loved the food, would definitely order again.",Positive,loved the food would definitely order again,Positive
RV06499,O04623,C01827,5,Amazing food and great delivery experience.,Positive,amazing food and great delivery experience,Positive
RV06500,O05819,C00692,3,Food was okay but delivery took some time.,Neutral,food was okay but delivery took some time,Positive
RV06501,O05682,C00906,4,"Good service, just a minor delay.",Positive,good service just a minor delay,Positive
RV06502,O03986,C01739,3,Food was okay but delivery took some time.,Neutral,food was okay but delivery took some time,Positive
RV06503,O04663,C00516,4,Really good experience overall.,Positive,really good experience overall,Positive
RV06504,O08657,C00509,5,Food was excellent and delivery was very quick.,Positive,food was excellent and delivery was very quick,Positive
RV06505,O05095,C00213,3,Food was decent but could have been better.,Neutral,food was decent but could have been better,Positive
RV06506,O08972,C00626,3,Food was okay but delivery took some time.,Neutral,food was okay but delivery took some time,Positive
RV06507,O03028,C01774,3,"Average experience, nothing special.",Neutral,average experience nothing special,Negative
RV06508,O01713,C00974,2,Food was cold when it arrived.,Negative,food was cold when it arrived,Neutral
RV06509,O09066,C01095,2,The order was delayed and disappointing.,Negative,the order was delayed and disappointing,Negative
RV06510,O07213,C01999,4,Food was tasty and delivery was smooth.,Positive,food was tasty and delivery was smooth,Neutral
RV06511,O09002,C00912,2,Food was cold when it arrived.,Negative,food was cold when it arrived,Neutral
RV06512,O00929,C00910,4,"Good service, just a minor delay.",Positive,good service just a minor delay,Positive
RV06513,O04242,C01810,5,"Loved the food, would definitely order again.",Positive,loved the food would definitely order again,Positive
RV06514,O08599,C01261,4,Really good experience overall.,Positive,really good experience overall,Positive
RV06515,O01846,C00052,2,Food was cold when it arrived.,Negative,food was cold when it arrived,Neutral
RV06516,O03377,C01282,5,Amazing food and great delivery experience.,Positive,amazing food and great delivery experience,Positive
RV06517,O07480,C01057,5,Everything was perfect and arrived on time.,Positive,everything was perfect and arrived on time,Positive
RV06518,O05643,C01060,4,Really good experience overall.,Positive,really good experience overall,Positive
RV06519,O08461,C00402,4,Food was tasty and delivery was smooth.,Positive,food was tasty and delivery was smooth,Neutral
RV06520,O01422,C01054,3,Food was decent but could have been better.,Neutral,food was decent but could have been better,Positive
RV06521,O00930,C00276,4,Food was tasty and delivery was smooth.,Positive,food was tasty and delivery was smooth,Neutral
RV06522,O02321,C01000,5,"Loved the food, would definitely order again.",Positive,loved the food would definitely order again,Positive
RV06523,O00531,C01199,4,Good food and the delivery was on time.,Positive,good food and the delivery was on time,Positive
RV06524,O01698,C01967,3,Food was okay but delivery took some time.,Neutral,food was okay but delivery took some time,Positive
RV06525,O04206,C00847,5,Amazing food and great delivery experience.,Positive,amazing food and great delivery experience,Positive
RV06526,O00330,C01234,2,Food was cold when it arrived.,Negative,food was cold when it arrived,Neutral
RV06527,O09731,C01496,5,"Loved the food, would definitely order again.",Positive,loved the food would definitely order again,Positive
RV06528,O06323,C01793,1,"Very poor service, would not order again.",Negative,very poor service would not order again,Negative
RV06529,O03823,C01983,3,The order was fine overall.,Neutral,the order was fine overall,Positive
RV06530,O08431,C00080,4,Good food and the delivery was on time.,Positive,good food and the delivery was on time,Positive
RV06531,O09248,C00144,4,Food was tasty and delivery was smooth.,Positive,food was tasty and delivery was smooth,Neutral
RV06532,O07949,C01815,4,"Good service, just a minor delay.",Positive,good service just a minor delay,Positive
RV06533,O07639,C01635,5,"Loved the food, would definitely order again.",Positive,loved the food would definitely order again,Positive
RV06534,O02453,C01283,1,"Terrible experience, food arrived very late.",Negative,terrible experience food arrived very late,Negative
RV06535,O04536,C01556,4,Food was tasty and delivery was smooth.,Positive,food was tasty and delivery was smooth,Neutral
RV06536,O09251,C01595,5,Food was excellent and delivery was very quick.,Positive,food was excellent and delivery was very quick,Positive
RV06537,O06334,C00422,5,Everything was perfect and arrived on time.,Positive,everything was perfect and arrived on time,Positive
RV06538,O04653,C01693,4,Really good experience overall.,Positive,really good experience overall,Positive
RV06539,O02690,C00293,3,"Average experience, nothing special.",Neutral,average experience nothing special,Negative
RV06540,O00590,C00812,5,Food was excellent and delivery was very quick.,Positive,food was excellent and delivery was very quick,Positive
RV06541,O04263,C00493,3,The order was fine overall.,Neutral,the order was fine overall,Positive
RV06542,O00254,C01094,2,Food was cold when it arrived.,Negative,food was cold when it arrived,Neutral
RV06543,O01553,C01038,4,Really good experience overall.,Positive,really good experience overall,Positive
RV06544,O08171,C00496,4,Good food and the delivery was on time.,Positive,good food and the delivery was on time,Positive
RV06545,O07145,C00277,4,Really good experience overall.,Positive,really good experience overall,Positive
RV06546,O07657,C01815,4,Good food and the delivery was on time.,Positive,good food and the delivery was on time,Positive
RV06547,O06134,C00169,1,Very late delivery and the food was cold.,Negative,very late delivery and the food was cold,Neutral
RV06548,O05600,C00268,4,Food was tasty and delivery was smooth.,Positive,food was tasty and delivery was smooth,Neutral
RV06549,O05450,C00921,3,"Average experience, nothing special.",Neutral,average experience nothing special,Negative
RV06550,O06125,C01279,5,Amazing food and great delivery experience.,Positive,amazing food and great delivery experience,Positive
RV06551,O09250,C00589,4,Good food and the delivery was on time.,Positive,good food and the delivery was on time,Positive
RV06552,O07524,C00461,4,Good food and the delivery was on time.,Positive,good food and the delivery was on time,Positive
RV06553,O08896,C00385,4,"Good service, just a minor delay.",Positive,good service just a minor delay,Positive
RV06554,O09408,C01093,3,"Average experience, nothing special.",Neutral,average experience nothing special,Negative
RV06555,O00478,C00016,4,Good food and the delivery was on time.,Positive,good food and the delivery was on time,Positive
RV06556,O00316,C01575,4,Really good experience overall.,Positive,really good experience overall,Positive
RV06557,O01559,C01353,5,"Loved the food, would definitely order again.",Positive,loved the food would definitely order again,Positive
RV06558,O03411,C01236,3,Food was decent but could have been better.,Neutral,food was decent but could have been better,Positive
RV06559,O03206,C01842,4,Really good experience overall.,Positive,really good experience overall,Positive
RV06560,O00577,C00012,4,Good food and the delivery was on time.,Positive,good food and the delivery was on time,Positive
RV06561,O04531,C01968,3,The order was fine overall.,Neutral,the order was fine overall,Positive
RV06562,O08580,C00843,5,"Loved the food, would definitely order again.",Positive,loved the food would definitely order again,Positive
RV06563,O02381,C01796,2,Delivery was late and the food was not very good.,Negative,delivery was late and the food was not very good,Negative
RV06564,O02910,C00824,3,The order was fine overall.,Neutral,the order was fine overall,Positive
RV06565,O09738,C00571,5,Food was excellent and delivery was very quick.,Positive,food was excellent and delivery was very quick,Positive
RV06566,O04755,C00191,4,Really good experience overall.,Positive,really good experience overall,Positive
RV06567,O04398,C00284,2,Food was cold when it arrived.,Negative,food was cold when it arrived,Neutral
RV06568,O01861,C01490,2,Delivery was late and the food was not very good.,Negative,delivery was late and the food was not very good,Negative
RV06569,O05077,C00484,3,The order was fine overall.,Neutral,the order was fine overall,Positive
RV06570,O00991,C00869,2,Not happy with the delivery experience.,Negative,not happy with the delivery experience,Negative
RV06571,O04858,C00543,4,Good food and the delivery was on time.,Positive,good food and the delivery was on time,Positive
RV06572,O04959,C00050,5,"Loved the food, would definitely order again.",Positive,loved the food would definitely order again,Positive
RV06573,O06053,C01888,5,"Loved the food, would definitely order again.",Positive,loved the food would definitely order again,Positive
RV06574,O00521,C01744,2,Food was cold when it arrived.,Negative,food was cold when it arrived,Neutral
RV06575,O06200,C01286,2,Delivery was late and the food was not very good.,Negative,delivery was late and the food was not very good,Negative
RV06576,O01981,C01878,4,Food was tasty and delivery was smooth.,Positive,food was tasty and delivery was smooth,Neutral
RV06577,O05625,C00458,3,Food was okay but delivery took some time.,Neutral,food was okay but delivery took some time,Positive
RV06578,O01360,C00185,3,"Average experience, nothing special.",Neutral,average experience nothing special,Negative
RV06579,O00668,C00531,2,The order was delayed and disappointing.,Negative,the order was delayed and disappointing,Negative
RV06580,O05959,C01233,3,"Average experience, nothing special.",Neutral,average experience nothing special,Negative
RV06581,O04427,C00877,3,"Average experience, nothing special.",Neutral,average experience nothing special,Negative
RV06582,O08718,C00922,5,Amazing food and great delivery experience.,Positive,amazing food and great delivery experience,Positive
RV06583,O09104,C01659,2,The order was delayed and disappointing.,Negative,the order was delayed and disappointing,Negative
RV06584,O08853,C00301,4,Food was tasty and delivery was smooth.,Positive,food was tasty and delivery was smooth,Neutral
RV06585,O03776,C00625,3,The order was fine overall.,Neutral,the order was fine overall,Positive
RV06586,O03494,C01395,2,Food was cold when it arrived.,Negative,food was cold when it arrived,Neutral
RV06587,O02944,C01881,3,The order was fine overall.,Neutral,the order was fine overall,Positive
RV06588,O01998,C00123,5,Everything was perfect and arrived on time.,Positive,everything was perfect and arrived on time,Positive
RV06589,O01512,C00348,5,Food was excellent and delivery was very quick.,Positive,food was excellent and delivery was very quick,Positive
RV06590,O04147,C01889,3,Food was okay but delivery took some time.,Neutral,food was okay but delivery took some time,Positive
RV06591,O03819,C00168,3,Food was decent but could have been better.,Neutral,food was decent but could have been better,Positive
RV06592,O02445,C00933,4,Good food and the delivery was on time.,Positive,good food and the delivery was on time,Positive
RV06593,O09071,C01493,4,Food was tasty and delivery was smooth.,Positive,food was tasty and delivery was smooth,Neutral
RV06594,O08419,C01241,4,Good food and the delivery was on time.,Positive,good food and the delivery was on time,Positive
RV06595,O09873,C00711,5,"Loved the food, would definitely order again.",Positive,loved the food would definitely order again,Positive
RV06596,O08477,C01822,5,Amazing food and great delivery experience.,Positive,amazing food and great delivery experience,Positive
RV06597,O00388,C01941,3,"Average experience, nothing special.",Neutral,average experience nothing special,Negative
RV06598,O01297,C01849,1,"Very poor service, would not order again.",Negative,very poor service would not order again,Negative
RV06599,O09797,C00061,3,Food was okay but delivery took some time.,Neutral,food was okay but delivery took some time,Positive
RV06600,O00841,C01450,3,The order was fine overall.,Neutral,the order was fine overall,Positive
RV06601,O02599,C00421,4,Food was tasty and delivery was smooth.,Positive,food was tasty and delivery was smooth,Neutral
RV06602,O08883,C00098,5,Amazing food and great delivery experience.,Positive,amazing food and great delivery experience,Positive
RV06603,O08334,C01628,3,Food was decent but could have been better.,Neutral,food was decent but could have been better,Positive
RV06604,O06635,C00042,2,Delivery was late and the food was not very good.,Negative,delivery was late and the food was not very good,Negative
RV06605,O08581,C00483,3,The order was fine overall.,Neutral,the order was fine overall,Positive
RV06606,O04343,C00978,4,"Good service, just a minor delay.",Positive,good service just a minor delay,Positive
RV06607,O02962,C01300,3,Food was okay but delivery took some time.,Neutral,food was okay but delivery took some time,Positive
RV06608,O06418,C00567,3,"Average experience, nothing special.",Neutral,average experience nothing special,Negative
RV06609,O02686,C00898,4,Really good experience overall.,Positive,really good experience overall,Positive
RV06610,O08595,C01619,5,"Loved the food, would definitely order again.",Positive,loved the food would definitely order again,Positive
RV06611,O03768,C00824,4,Food was tasty and delivery was smooth.,Positive,food was tasty and delivery was smooth,Neutral
RV06612,O06529,C01980,4,"Good service, just a minor delay.",Positive,good service just a minor delay,Positive
RV06613,O04422,C00316,5,Everything was perfect and arrived on time.,Positive,everything was perfect and arrived on time,Positive
RV06614,O03707,C00387,5,Amazing food and great delivery experience.,Positive,amazing food and great delivery experience,Positive
RV06615,O07958,C01958,5,Amazing food and great delivery experience.,Positive,amazing food and great delivery experience,Positive
RV06616,O01994,C00293,4,"Good service, just a minor delay.",Positive,good service just a minor delay,Positive
RV06617,O05274,C00204,3,The order was fine overall.,Neutral,the order was fine overall,Positive
RV06618,O05573,C00419,4,Good food and the delivery was on time.,Positive,good food and the delivery was on time,Positive
RV06619,O07517,C00292,5,Everything was perfect and arrived on time.,Positive,everything was perfect and arrived on time,Positive
RV06620,O03781,C01079,5,Food was excellent and delivery was very quick.,Positive,food was excellent and delivery was very quick,Positive
RV06621,O06697,C00793,4,Really good experience overall.,Positive,really good experience overall,Positive
RV06622,O04475,C00497,4,Good food and the delivery was on time.,Positive,good food and the delivery was on time,Positive
RV06623,O04534,C00684,5,"Loved the food, would definitely order again.",Positive,loved the food would definitely order again,Positive
RV06624,O05840,C01242,4,Really good experience overall.,Positive,really good experience overall,Positive
RV06625,O01590,C01767,4,"Good service, just a minor delay.",Positive,good service just a minor delay,Positive
RV06626,O00513,C00997,5,Amazing food and great delivery experience.,Positive,amazing food and great delivery experience,Positive
RV06627,O05665,C01281,5,"Loved the food, would definitely order again.",Positive,loved the food would definitely order again,Positive
RV06628,O09838,C00176,4,Food was tasty and delivery was smooth.,Positive,food was tasty and delivery was smooth,Neutral
RV06629,O02237,C01667,5,"Loved the food, would definitely order again.",Positive,loved the food would definitely order again,Positive
RV06630,O07472,C01479,5,Everything was perfect and arrived on time.,Positive,everything was perfect and arrived on time,Positive
RV06631,O02709,C01926,4,Good food and the delivery was on time.,Positive,good food and the delivery was on time,Positive
RV06632,O01460,C01611,3,"Average experience, nothing special.",Neutral,average experience nothing special,Negative
RV06633,O09949,C01338,2,The order was delayed and disappointing.,Negative,the order was delayed and disappointing,Negative
RV06634,O03799,C01811,4,Really good experience overall.,Positive,really good experience overall,Positive
RV06635,O06291,C01816,5,Amazing food and great delivery experience.,Positive,amazing food and great delivery experience,Positive
RV06636,O03278,C00172,3,The order was fine overall.,Neutral,the order was fine overall,Positive
RV06637,O07277,C01856,3,Food was decent but could have been better.,Neutral,food was decent but could have been better,Positive
RV06638,O07037,C00114,4,Really good experience overall.,Positive,really good experience overall,Positive
RV06639,O09749,C01313,4,Food was tasty and delivery was smooth.,Positive,food was tasty and delivery was smooth,Neutral
RV06640,O04880,C00466,4,Food was tasty and delivery was smooth.,Positive,food was tasty and delivery was smooth,Neutral
RV06641,O07889,C01285,1,"Terrible experience, food arrived very late.",Negative,terrible experience food arrived very late,Negative
RV06642,O02134,C01478,4,"Good service, just a minor delay.",Positive,good service just a minor delay,Positive
RV06643,O01395,C00865,5,Everything was perfect and arrived on time.,Positive,everything was perfect and arrived on time,Positive
RV06644,O06106,C01415,5,Everything was perfect and arrived on time.,Positive,everything was perfect and arrived on time,Positive
RV06645,O07978,C01442,2,Delivery was late and the food was not very good.,Negative,delivery was late and the food was not very good,Negative
RV06646,O08943,C00408,5,Everything was perfect and arrived on time.,Positive,everything was perfect and arrived on time,Positive
RV06647,O00427,C01692,3,The order was fine overall.,Neutral,the order was fine overall,Positive
RV06648,O02941,C00230,3,Food was decent but could have been better.,Neutral,food was decent but could have been better,Positive
RV06649,O07025,C00215,4,"Good service, just a minor delay.",Positive,good service just a minor delay,Positive
RV06650,O06755,C01898,2,The order was delayed and disappointing.,Negative,the order was delayed and disappointing,Negative
RV06651,O06544,C00523,2,Food was cold when it arrived.,Negative,food was cold when it arrived,Neutral
RV06652,O01740,C00722,2,Delivery was late and the food was not very good.,Negative,delivery was late and the food was not very good,Negative
RV06653,O07901,C00328,2,Not happy with the delivery experience.,Negative,not happy with the delivery experience,Negative
RV06654,O08166,C01041,1,Very late delivery and the food was cold.,Negative,very late delivery and the food was cold,Neutral
RV06655,O01716,C00276,5,Everything was perfect and arrived on time.,Positive,everything was perfect and arrived on time,Positive
RV06656,O01835,C01144,5,Food was excellent and delivery was very quick.,Positive,food was excellent and delivery was very quick,Positive
RV06657,O07350,C00873,2,Not happy with the delivery experience.,Negative,not happy with the delivery experience,Negative
RV06658,O02009,C01305,5,Everything was perfect and arrived on time.,Positive,everything was perfect and arrived on time,Positive
RV06659,O05811,C01073,4,"Good service, just a minor delay.",Positive,good service just a minor delay,Positive
RV06660,O02137,C00317,1,Food was disappointing and delivery was extremely slow.,Negative,food was disappointing and delivery was extremely slow,Negative
RV06661,O08759,C01648,5,"Loved the food, would definitely order again.",Positive,loved the food would definitely order again,Positive
RV06662,O07746,C01176,4,Food was tasty and delivery was smooth.,Positive,food was tasty and delivery was smooth,Neutral
RV06663,O03661,C00686,5,"Loved the food, would definitely order again.",Positive,loved the food would definitely order again,Positive
RV06664,O08977,C01650,5,Food was excellent and delivery was very quick.,Positive,food was excellent and delivery was very quick,Positive
RV06665,O09373,C00195,4,"Good service, just a minor delay.",Positive,good service just a minor delay,Positive
RV06666,O07270,C01198,3,The order was fine overall.,Neutral,the order was fine overall,Positive
RV06667,O07234,C00496,4,Good food and the delivery was on time.,Positive,good food and the delivery was on time,Positive
RV06668,O03123,C01271,1,Food was disappointing and delivery was extremely slow.,Negative,food was disappointing and delivery was extremely slow,Negative
RV06669,O08892,C00095,4,Good food and the delivery was on time.,Positive,good food and the delivery was on time,Positive
RV06670,O01800,C01607,3,Food was okay but delivery took some time.,Neutral,food was okay but delivery took some time,Positive
RV06671,O03287,C01530,5,Everything was perfect and arrived on time.,Positive,everything was perfect and arrived on time,Positive
RV06672,O09942,C00880,1,Food was disappointing and delivery was extremely slow.,Negative,food was disappointing and delivery was extremely slow,Negative
RV06673,O05208,C01889,4,Really good experience overall.,Positive,really good experience overall,Positive
RV06674,O05116,C01703,5,"Loved the food, would definitely order again.",Positive,loved the food would definitely order again,Positive
RV06675,O03628,C01778,5,Everything was perfect and arrived on time.,Positive,everything was perfect and arrived on time,Positive
RV06676,O09593,C01069,4,Food was tasty and delivery was smooth.,Positive,food was tasty and delivery was smooth,Neutral
RV06677,O01341,C01716,3,"Average experience, nothing special.",Neutral,average experience nothing special,Negative
RV06678,O03606,C01520,4,Food was tasty and delivery was smooth.,Positive,food was tasty and delivery was smooth,Neutral
RV06679,O07680,C00840,3,The order was fine overall.,Neutral,the order was fine overall,Positive
RV06680,O02206,C00670,4,Good food and the delivery was on time.,Positive,good food and the delivery was on time,Positive
RV06681,O07282,C00901,5,Food was excellent and delivery was very quick.,Positive,food was excellent and delivery was very quick,Positive
RV06682,O02794,C00694,5,"Loved the food, would definitely order again.",Positive,loved the food would definitely order again,Positive
RV06683,O07061,C00724,4,Good food and the delivery was on time.,Positive,good food and the delivery was on time,Positive
RV06684,O00479,C01115,4,Good food and the delivery was on time.,Positive,good food and the delivery was on time,Positive
RV06685,O02019,C01286,2,Not happy with the delivery experience.,Negative,not happy with the delivery experience,Negative
RV06686,O01023,C01599,3,"Average experience, nothing special.",Neutral,average experience nothing special,Negative
RV06687,O07591,C00824,4,Good food and the delivery was on time.,Positive,good food and the delivery was on time,Positive
RV06688,O00460,C00382,5,Amazing food and great delivery experience.,Positive,amazing food and great delivery experience,Positive
RV06689,O05212,C00482,3,"Average experience, nothing special.",Neutral,average experience nothing special,Negative
RV06690,O04390,C01564,4,"Good service, just a minor delay.",Positive,good service just a minor delay,Positive
RV06691,O00602,C01620,5,Everything was perfect and arrived on time.,Positive,everything was perfect and arrived on time,Positive
RV06692,O07152,C00027,2,Not happy with the delivery experience.,Negative,not happy with the delivery experience,Negative
RV06693,O05003,C00363,5,"Loved the food, would definitely order again.",Positive,loved the food would definitely order again,Positive
RV06694,O03330,C01212,4,Food was tasty and delivery was smooth.,Positive,food was tasty and delivery was smooth,Neutral
RV06695,O06632,C01540,3,Food was okay but delivery took some time.,Neutral,food was okay but delivery took some time,Positive
RV06696,O09723,C01401,5,Amazing food and great delivery experience.,Positive,amazing food and great delivery experience,Positive
RV06697,O00920,C01095,1,"Terrible experience, food arrived very late.",Negative,terrible experience food arrived very late,Negative
RV06698,O01537,C00785,1,"Terrible experience, food arrived very late.",Negative,terrible experience food arrived very late,Negative
RV06699,O04834,C00533,3,Food was decent but could have been better.,Neutral,food was decent but could have been better,Positive
RV06700,O08198,C00991,5,"Loved the food, would definitely order again.",Positive,loved the food would definitely order again,Positive
RV06701,O01218,C01127,3,Food was okay but delivery took some time.,Neutral,food was okay but delivery took some time,Positive
RV06702,O09516,C00948,3,Food was decent but could have been better.,Neutral,food was decent but could have been better,Positive
RV06703,O06296,C01172,5,Everything was perfect and arrived on time.,Positive,everything was perfect and arrived on time,Positive
RV06704,O08447,C00332,3,Food was okay but delivery took some time.,Neutral,food was okay but delivery took some time,Positive
RV06705,O07973,C00792,5,Food was excellent and delivery was very quick.,Positive,food was excellent and delivery was very quick,Positive
RV06706,O02216,C01521,4,Really good experience overall.,Positive,really good experience overall,Positive
RV06707,O08502,C01340,4,Really good experience overall.,Positive,really good experience overall,Positive
RV06708,O05097,C01968,4,Food was tasty and delivery was smooth.,Positive,food was tasty and delivery was smooth,Neutral
RV06709,O07956,C01918,4,"Good service, just a minor delay.",Positive,good service just a minor delay,Positive
RV06710,O04299,C00836,4,"Good service, just a minor delay.",Positive,good service just a minor delay,Positive
RV06711,O00914,C01400,5,Food was excellent and delivery was very quick.,Positive,food was excellent and delivery was very quick,Positive
RV06712,O05492,C00552,4,"Good service, just a minor delay.",Positive,good service just a minor delay,Positive
RV06713,O09486,C01402,5,Food was excellent and delivery was very quick.,Positive,food was excellent and delivery was very quick,Positive
RV06714,O07171,C01540,4,"Good service, just a minor delay.",Positive,good service just a minor delay,Positive
RV06715,O08168,C00141,4,Really good experience overall.,Positive,really good experience overall,Positive
RV06716,O04559,C00495,3,The order was fine overall.,Neutral,the order was fine overall,Positive
RV06717,O07026,C01275,4,Food was tasty and delivery was smooth.,Positive,food was tasty and delivery was smooth,Neutral
RV06718,O06074,C01029,4,Really good experience overall.,Positive,really good experience overall,Positive
RV06719,O04753,C01832,2,The order was delayed and disappointing.,Negative,the order was delayed and disappointing,Negative
RV06720,O02866,C01105,2,Delivery was late and the food was not very good.,Negative,delivery was late and the food was not very good,Negative
RV06721,O02772,C01809,2,Not happy with the delivery experience.,Negative,not happy with the delivery experience,Negative
RV06722,O04160,C01530,3,"Average experience, nothing special.",Neutral,average experience nothing special,Negative
RV06723,O06388,C00399,5,Amazing food and great delivery experience.,Positive,amazing food and great delivery experience,Positive
RV06724,O04717,C00664,5,Everything was perfect and arrived on time.,Positive,everything was perfect and arrived on time,Positive
RV06725,O04489,C01274,3,The order was fine overall.,Neutral,the order was fine overall,Positive
RV06726,O02146,C01882,3,"Average experience, nothing special.",Neutral,average experience nothing special,Negative
RV06727,O06881,C01495,1,Food was disappointing and delivery was extremely slow.,Negative,food was disappointing and delivery was extremely slow,Negative
RV06728,O05104,C01572,3,Food was okay but delivery took some time.,Neutral,food was okay but delivery took some time,Positive
RV06729,O01943,C00112,3,Food was decent but could have been better.,Neutral,food was decent but could have been better,Positive
RV06730,O01763,C01683,5,Food was excellent and delivery was very quick.,Positive,food was excellent and delivery was very quick,Positive
RV06731,O06464,C00085,2,The order was delayed and disappointing.,Negative,the order was delayed and disappointing,Negative
RV06732,O07716,C01926,1,Food was disappointing and delivery was extremely slow.,Negative,food was disappointing and delivery was extremely slow,Negative
RV06733,O01309,C00344,3,"Average experience, nothing special.",Neutral,average experience nothing special,Negative
RV06734,O02678,C00198,5,Everything was perfect and arrived on time.,Positive,everything was perfect and arrived on time,Positive
RV06735,O04629,C00052,4,Good food and the delivery was on time.,Positive,good food and the delivery was on time,Positive
RV06736,O01407,C01584,4,Food was tasty and delivery was smooth.,Positive,food was tasty and delivery was smooth,Neutral
RV06737,O04678,C00379,4,Really good experience overall.,Positive,really good experience overall,Positive
RV06738,O00695,C00661,5,Everything was perfect and arrived on time.,Positive,everything was perfect and arrived on time,Positive
RV06739,O04588,C00852,4,"Good service, just a minor delay.",Positive,good service just a minor delay,Positive
RV06740,O03017,C00202,3,Food was decent but could have been better.,Neutral,food was decent but could have been better,Positive
RV06741,O02378,C01067,5,"Loved the food, would definitely order again.",Positive,loved the food would definitely order again,Positive
RV06742,O01661,C01881,3,The order was fine overall.,Neutral,the order was fine overall,Positive
RV06743,O08103,C00571,5,Everything was perfect and arrived on time.,Positive,everything was perfect and arrived on time,Positive
RV06744,O01848,C00072,5,"Loved the food, would definitely order again.",Positive,loved the food would definitely order again,Positive
RV06745,O00223,C01029,4,"Good service, just a minor delay.",Positive,good service just a minor delay,Positive
RV06746,O08460,C00081,5,Everything was perfect and arrived on time.,Positive,everything was perfect and arrived on time,Positive
RV06747,O09481,C00017,2,Not happy with the delivery experience.,Negative,not happy with the delivery experience,Negative
RV06748,O00802,C01818,2,Food was cold when it arrived.,Negative,food was cold when it arrived,Neutral
RV06749,O01122,C00393,5,Everything was perfect and arrived on time.,Positive,everything was perfect and arrived on time,Positive
RV06750,O03189,C01551,4,Really good experience overall.,Positive,really good experience overall,Positive
RV06751,O05761,C00978,4,Food was tasty and delivery was smooth.,Positive,food was tasty and delivery was smooth,Neutral
RV06752,O00627,C00825,4,Good food and the delivery was on time.,Positive,good food and the delivery was on time,Positive
RV06753,O04331,C01476,4,Good food and the delivery was on time.,Positive,good food and the delivery was on time,Positive
RV06754,O06382,C00297,5,Food was excellent and delivery was very quick.,Positive,food was excellent and delivery was very quick,Positive
RV06755,O01450,C01118,5,Everything was perfect and arrived on time.,Positive,everything was perfect and arrived on time,Positive
RV06756,O02803,C00221,3,Food was okay but delivery took some time.,Neutral,food was okay but delivery took some time,Positive
RV06757,O07843,C01034,3,"Average experience, nothing special.",Neutral,average experience nothing special,Negative
RV06758,O06480,C00799,4,"Good service, just a minor delay.",Positive,good service just a minor delay,Positive
RV06759,O09120,C00205,4,Good food and the delivery was on time.,Positive,good food and the delivery was on time,Positive
RV06760,O03892,C01537,3,The order was fine overall.,Neutral,the order was fine overall,Positive
RV06761,O01113,C01127,4,Food was tasty and delivery was smooth.,Positive,food was tasty and delivery was smooth,Neutral
RV06762,O04038,C00207,3,"Average experience, nothing special.",Neutral,average experience nothing special,Negative
RV06763,O07623,C00349,3,Food was decent but could have been better.,Neutral,food was decent but could have been better,Positive
RV06764,O05628,C00045,1,Food was disappointing and delivery was extremely slow.,Negative,food was disappointing and delivery was extremely slow,Negative
RV06765,O04101,C01440,4,Good food and the delivery was on time.,Positive,good food and the delivery was on time,Positive
RV06766,O04003,C01054,5,Food was excellent and delivery was very quick.,Positive,food was excellent and delivery was very quick,Positive
RV06767,O01201,C01866,3,The order was fine overall.,Neutral,the order was fine overall,Positive
RV06768,O05139,C00074,5,"Loved the food, would definitely order again.",Positive,loved the food would definitely order again,Positive
RV06769,O04307,C00792,5,Everything was perfect and arrived on time.,Positive,everything was perfect and arrived on time,Positive
RV06770,O03632,C00149,5,Everything was perfect and arrived on time.,Positive,everything was perfect and arrived on time,Positive
RV06771,O00652,C01479,2,Food was cold when it arrived.,Negative,food was cold when it arrived,Neutral
RV06772,O08324,C00623,5,Food was excellent and delivery was very quick.,Positive,food was excellent and delivery was very quick,Positive
RV06773,O06677,C01174,3,Food was okay but delivery took some time.,Neutral,food was okay but delivery took some time,Positive
RV06774,O05476,C01231,2,Food was cold when it arrived.,Negative,food was cold when it arrived,Neutral
RV06775,O09912,C01988,4,Good food and the delivery was on time.,Positive,good food and the delivery was on time,Positive
RV06776,O02837,C01050,2,The order was delayed and disappointing.,Negative,the order was delayed and disappointing,Negative
RV06777,O01431,C01932,3,Food was okay but delivery took some time.,Neutral,food was okay but delivery took some time,Positive
RV06778,O06173,C00493,3,The order was fine overall.,Neutral,the order was fine overall,Positive
RV06779,O08958,C00827,4,Really good experience overall.,Positive,really good experience overall,Positive
RV06780,O09714,C00440,4,"Good service, just a minor delay.",Positive,good service just a minor delay,Positive
RV06781,O02443,C00191,4,"Good service, just a minor delay.",Positive,good service just a minor delay,Positive
RV06782,O04325,C01922,4,Good food and the delivery was on time.,Positive,good food and the delivery was on time,Positive
RV06783,O03754,C00568,3,"Average experience, nothing special.",Neutral,average experience nothing special,Negative
RV06784,O09836,C00655,4,Food was tasty and delivery was smooth.,Positive,food was tasty and delivery was smooth,Neutral
RV06785,O04154,C01851,3,Food was okay but delivery took some time.,Neutral,food was okay but delivery took some time,Positive
RV06786,O06207,C01857,5,"Loved the food, would definitely order again.",Positive,loved the food would definitely order again,Positive
RV06787,O09847,C00589,5,Food was excellent and delivery was very quick.,Positive,food was excellent and delivery was very quick,Positive
RV06788,O06734,C00089,4,"Good service, just a minor delay.",Positive,good service just a minor delay,Positive
RV06789,O00114,C00325,4,Food was tasty and delivery was smooth.,Positive,food was tasty and delivery was smooth,Neutral
RV06790,O06193,C01872,4,"Good service, just a minor delay.",Positive,good service just a minor delay,Positive
RV06791,O08505,C01180,5,"Loved the food, would definitely order again.",Positive,loved the food would definitely order again,Positive
RV06792,O03672,C00023,3,"Average experience, nothing special.",Neutral,average experience nothing special,Negative
RV06793,O06337,C01213,4,Food was tasty and delivery was smooth.,Positive,food was tasty and delivery was smooth,Neutral
RV06794,O01765,C00855,4,Good food and the delivery was on time.,Positive,good food and the delivery was on time,Positive
RV06795,O09611,C01444,2,Not happy with the delivery experience.,Negative,not happy with the delivery experience,Negative
RV06796,O07848,C00156,3,The order was fine overall.,Neutral,the order was fine overall,Positive
RV06797,O08474,C01395,3,The order was fine overall.,Neutral,the order was fine overall,Positive
RV06798,O04355,C00037,4,Good food and the delivery was on time.,Positive,good food and the delivery was on time,Positive
RV06799,O02448,C01097,3,The order was fine overall.,Neutral,the order was fine overall,Positive
RV06800,O02942,C00370,4,Food was tasty and delivery was smooth.,Positive,food was tasty and delivery was smooth,Neutral
RV06801,O02197,C00620,4,"Good service, just a minor delay.",Positive,good service just a minor delay,Positive
RV06802,O08850,C00593,3,Food was decent but could have been better.,Neutral,food was decent but could have been better,Positive
RV06803,O01002,C00749,5,Amazing food and great delivery experience.,Positive,amazing food and great delivery experience,Positive
RV06804,O08223,C00309,2,Not happy with the delivery experience.,Negative,not happy with the delivery experience,Negative
RV06805,O05542,C00555,2,Delivery was late and the food was not very good.,Negative,delivery was late and the food was not very good,Negative
RV06806,O04132,C01267,1,Food was disappointing and delivery was extremely slow.,Negative,food was disappointing and delivery was extremely slow,Negative
RV06807,O07370,C01044,2,Delivery was late and the food was not very good.,Negative,delivery was late and the food was not very good,Negative
RV06808,O01295,C00954,3,Food was decent but could have been better.,Neutral,food was decent but could have been better,Positive
RV06809,O07569,C01200,2,Delivery was late and the food was not very good.,Negative,delivery was late and the food was not very good,Negative
RV06810,O03920,C01173,4,Really good experience overall.,Positive,really good experience overall,Positive
RV06811,O07831,C01019,3,The order was fine overall.,Neutral,the order was fine overall,Positive
RV06812,O02857,C00009,4,Really good experience overall.,Positive,really good experience overall,Positive
RV06813,O05903,C00115,4,Food was tasty and delivery was smooth.,Positive,food was tasty and delivery was smooth,Neutral
RV06814,O04809,C01806,5,Amazing food and great delivery experience.,Positive,amazing food and great delivery experience,Positive
RV06815,O01472,C00923,5,Amazing food and great delivery experience.,Positive,amazing food and great delivery experience,Positive
RV06816,O09953,C01910,5,Everything was perfect and arrived on time.,Positive,everything was perfect and arrived on time,Positive
RV06817,O00887,C01097,4,Good food and the delivery was on time.,Positive,good food and the delivery was on time,Positive
RV06818,O04521,C01842,4,"Good service, just a minor delay.",Positive,good service just a minor delay,Positive
RV06819,O03964,C01286,4,Really good experience overall.,Positive,really good experience overall,Positive
RV06820,O01757,C01603,5,"Loved the food, would definitely order again.",Positive,loved the food would definitely order again,Positive
RV06821,O09645,C01637,5,Everything was perfect and arrived on time.,Positive,everything was perfect and arrived on time,Positive
RV06822,O08587,C00861,5,Amazing food and great delivery experience.,Positive,amazing food and great delivery experience,Positive
RV06823,O02483,C00147,5,Amazing food and great delivery experience.,Positive,amazing food and great delivery experience,Positive
RV06824,O02894,C01453,3,"Average experience, nothing special.",Neutral,average experience nothing special,Negative
RV06825,O08295,C00044,5,"Loved the food, would definitely order again.",Positive,loved the food would definitely order again,Positive
RV06826,O04869,C01479,5,Amazing food and great delivery experience.,Positive,amazing food and great delivery experience,Positive
RV06827,O08340,C01177,3,Food was okay but delivery took some time.,Neutral,food was okay but delivery took some time,Positive
RV06828,O08205,C00250,2,Delivery was late and the food was not very good.,Negative,delivery was late and the food was not very good,Negative
RV06829,O03770,C00010,3,"Average experience, nothing special.",Neutral,average experience nothing special,Negative
RV06830,O03416,C01884,2,Delivery was late and the food was not very good.,Negative,delivery was late and the food was not very good,Negative
RV06831,O03771,C01111,4,Really good experience overall.,Positive,really good experience overall,Positive
RV06832,O09196,C00759,5,Food was excellent and delivery was very quick.,Positive,food was excellent and delivery was very quick,Positive
RV06833,O01104,C00629,2,Food was cold when it arrived.,Negative,food was cold when it arrived,Neutral
RV06834,O02989,C00920,4,Good food and the delivery was on time.,Positive,good food and the delivery was on time,Positive
RV06835,O01290,C01357,1,"Terrible experience, food arrived very late.",Negative,terrible experience food arrived very late,Negative
RV06836,O06810,C00958,5,Everything was perfect and arrived on time.,Positive,everything was perfect and arrived on time,Positive
RV06837,O09476,C00750,5,"Loved the food, would definitely order again.",Positive,loved the food would definitely order again,Positive
RV06838,O05536,C00939,1,"Very poor service, would not order again.",Negative,very poor service would not order again,Negative
RV06839,O00261,C01161,3,Food was decent but could have been better.,Neutral,food was decent but could have been better,Positive
RV06840,O00129,C01641,4,Really good experience overall.,Positive,really good experience overall,Positive
RV06841,O03738,C01084,4,Really good experience overall.,Positive,really good experience overall,Positive
RV06842,O07842,C01736,4,Really good experience overall.,Positive,really good experience overall,Positive
RV06843,O02147,C00492,3,"Average experience, nothing special.",Neutral,average experience nothing special,Negative
RV06844,O05426,C01795,2,The order was delayed and disappointing.,Negative,the order was delayed and disappointing,Negative
RV06845,O02025,C01957,5,Everything was perfect and arrived on time.,Positive,everything was perfect and arrived on time,Positive
RV06846,O03245,C01426,5,Everything was perfect and arrived on time.,Positive,everything was perfect and arrived on time,Positive
RV06847,O03151,C00788,3,Food was decent but could have been better.,Neutral,food was decent but could have been better,Positive
RV06848,O06533,C01919,2,The order was delayed and disappointing.,Negative,the order was delayed and disappointing,Negative
RV06849,O00939,C01409,3,"Average experience, nothing special.",Neutral,average experience nothing special,Negative
RV06850,O04533,C00721,5,Food was excellent and delivery was very quick.,Positive,food was excellent and delivery was very quick,Positive
RV06851,O02737,C00559,4,Really good experience overall.,Positive,really good experience overall,Positive
RV06852,O04748,C00849,3,The order was fine overall.,Neutral,the order was fine overall,Positive
RV06853,O07612,C00129,1,"Very poor service, would not order again.",Negative,very poor service would not order again,Negative
RV06854,O00035,C00396,5,"Loved the food, would definitely order again.",Positive,loved the food would definitely order again,Positive
RV06855,O05312,C01298,3,Food was decent but could have been better.,Neutral,food was decent but could have been better,Positive
RV06856,O06015,C01646,4,Really good experience overall.,Positive,really good experience overall,Positive
RV06857,O04897,C01401,3,"Average experience, nothing special.",Neutral,average experience nothing special,Negative
RV06858,O00206,C01204,4,Food was tasty and delivery was smooth.,Positive,food was tasty and delivery was smooth,Neutral
RV06859,O03888,C00412,4,"Good service, just a minor delay.",Positive,good service just a minor delay,Positive
RV06860,O01681,C00147,5,"Loved the food, would definitely order again.",Positive,loved the food would definitely order again,Positive
RV06861,O07991,C00881,3,Food was decent but could have been better.,Neutral,food was decent but could have been better,Positive
RV06862,O02575,C01214,5,"Loved the food, would definitely order again.",Positive,loved the food would definitely order again,Positive
RV06863,O03797,C00047,2,Delivery was late and the food was not very good.,Negative,delivery was late and the food was not very good,Negative
RV06864,O07112,C01840,2,Food was cold when it arrived.,Negative,food was cold when it arrived,Neutral
RV06865,O07670,C00225,4,Food was tasty and delivery was smooth.,Positive,food was tasty and delivery was smooth,Neutral
RV06866,O01169,C01226,2,Food was cold when it arrived.,Negative,food was cold when it arrived,Neutral
RV06867,O03148,C00117,3,"Average experience, nothing special.",Neutral,average experience nothing special,Negative
RV06868,O02034,C01816,5,Everything was perfect and arrived on time.,Positive,everything was perfect and arrived on time,Positive
RV06869,O05348,C01038,3,Food was decent but could have been better.,Neutral,food was decent but could have been better,Positive
RV06870,O04626,C01437,3,"Average experience, nothing special.",Neutral,average experience nothing special,Negative
RV06871,O07802,C01649,3,Food was okay but delivery took some time.,Neutral,food was okay but delivery took some time,Positive
RV06872,O06725,C01655,4,Really good experience overall.,Positive,really good experience overall,Positive
RV06873,O02713,C01756,5,Amazing food and great delivery experience.,Positive,amazing food and great delivery experience,Positive
RV06874,O03237,C01976,2,Not happy with the delivery experience.,Negative,not happy with the delivery experience,Negative
RV06875,O00116,C01530,1,Very late delivery and the food was cold.,Negative,very late delivery and the food was cold,Neutral
RV06876,O06948,C01875,1,Very late delivery and the food was cold.,Negative,very late delivery and the food was cold,Neutral
RV06877,O01741,C00116,5,Food was excellent and delivery was very quick.,Positive,food was excellent and delivery was very quick,Positive
RV06878,O04394,C00077,5,Everything was perfect and arrived on time.,Positive,everything was perfect and arrived on time,Positive
RV06879,O04198,C01338,5,Everything was perfect and arrived on time.,Positive,everything was perfect and arrived on time,Positive
RV06880,O04840,C01049,5,Everything was perfect and arrived on time.,Positive,everything was perfect and arrived on time,Positive
RV06881,O01561,C01873,2,The order was delayed and disappointing.,Negative,the order was delayed and disappointing,Negative
RV06882,O01674,C01492,3,"Average experience, nothing special.",Neutral,average experience nothing special,Negative
RV06883,O08433,C01482,3,"Average experience, nothing special.",Neutral,average experience nothing special,Negative
RV06884,O04766,C01788,4,"Good service, just a minor delay.",Positive,good service just a minor delay,Positive
RV06885,O04117,C01077,1,"Terrible experience, food arrived very late.",Negative,terrible experience food arrived very late,Negative
RV06886,O06980,C01812,3,Food was okay but delivery took some time.,Neutral,food was okay but delivery took some time,Positive
RV06887,O02352,C00836,3,The order was fine overall.,Neutral,the order was fine overall,Positive
RV06888,O04254,C00671,5,Food was excellent and delivery was very quick.,Positive,food was excellent and delivery was very quick,Positive
RV06889,O09394,C01321,3,Food was decent but could have been better.,Neutral,food was decent but could have been better,Positive
RV06890,O03666,C00373,4,Really good experience overall.,Positive,really good experience overall,Positive
RV06891,O06116,C00031,4,Good food and the delivery was on time.,Positive,good food and the delivery was on time,Positive
RV06892,O08471,C01842,4,Food was tasty and delivery was smooth.,Positive,food was tasty and delivery was smooth,Neutral
RV06893,O00487,C01045,1,"Very poor service, would not order again.",Negative,very poor service would not order again,Negative
RV06894,O03587,C00674,5,Food was excellent and delivery was very quick.,Positive,food was excellent and delivery was very quick,Positive
RV06895,O05323,C01904,3,Food was decent but could have been better.,Neutral,food was decent but could have been better,Positive
RV06896,O03499,C01670,4,"Good service, just a minor delay.",Positive,good service just a minor delay,Positive
RV06897,O00277,C01483,5,Everything was perfect and arrived on time.,Positive,everything was perfect and arrived on time,Positive
RV06898,O08084,C01801,1,Very late delivery and the food was cold.,Negative,very late delivery and the food was cold,Neutral
RV06899,O00443,C01965,4,Food was tasty and delivery was smooth.,Positive,food was tasty and delivery was smooth,Neutral
RV06900,O05831,C01740,5,Everything was perfect and arrived on time.,Positive,everything was perfect and arrived on time,Positive
RV06901,O04811,C00205,5,Amazing food and great delivery experience.,Positive,amazing food and great delivery experience,Positive
RV06902,O01781,C01051,4,Good food and the delivery was on time.,Positive,good food and the delivery was on time,Positive
RV06903,O08546,C01968,2,Not happy with the delivery experience.,Negative,not happy with the delivery experience,Negative
RV06904,O03170,C01141,3,Food was decent but could have been better.,Neutral,food was decent but could have been better,Positive
RV06905,O08699,C00669,4,Really good experience overall.,Positive,really good experience overall,Positive
RV06906,O07895,C01808,3,The order was fine overall.,Neutral,the order was fine overall,Positive
RV06907,O02800,C01067,1,Very late delivery and the food was cold.,Negative,very late delivery and the food was cold,Neutral
RV06908,O03798,C00626,5,"Loved the food, would definitely order again.",Positive,loved the food would definitely order again,Positive
RV06909,O09498,C01739,4,"Good service, just a minor delay.",Positive,good service just a minor delay,Positive
RV06910,O08901,C01807,3,The order was fine overall.,Neutral,the order was fine overall,Positive
RV06911,O06626,C00033,4,Really good experience overall.,Positive,really good experience overall,Positive
RV06912,O01128,C00050,4,Good food and the delivery was on time.,Positive,good food and the delivery was on time,Positive
RV06913,O03731,C01912,1,Very late delivery and the food was cold.,Negative,very late delivery and the food was cold,Neutral
RV06914,O09057,C01340,3,Food was okay but delivery took some time.,Neutral,food was okay but delivery took some time,Positive
RV06915,O00913,C01252,3,The order was fine overall.,Neutral,the order was fine overall,Positive
RV06916,O04105,C00016,4,Food was tasty and delivery was smooth.,Positive,food was tasty and delivery was smooth,Neutral
RV06917,O01489,C01738,5,Food was excellent and delivery was very quick.,Positive,food was excellent and delivery was very quick,Positive
RV06918,O02372,C01845,4,Really good experience overall.,Positive,really good experience overall,Positive
RV06919,O08228,C00245,5,Everything was perfect and arrived on time.,Positive,everything was perfect and arrived on time,Positive
RV06920,O04280,C01144,5,Amazing food and great delivery experience.,Positive,amazing food and great delivery experience,Positive
RV06921,O09460,C01649,1,"Very poor service, would not order again.",Negative,very poor service would not order again,Negative
RV06922,O08094,C01073,4,"Good service, just a minor delay.",Positive,good service just a minor delay,Positive
RV06923,O07911,C01756,3,Food was okay but delivery took some time.,Neutral,food was okay but delivery took some time,Positive
RV06924,O03305,C01337,3,Food was okay but delivery took some time.,Neutral,food was okay but delivery took some time,Positive
RV06925,O00345,C01543,3,Food was decent but could have been better.,Neutral,food was decent but could have been better,Positive
RV06926,O08542,C00835,3,The order was fine overall.,Neutral,the order was fine overall,Positive
RV06927,O05004,C01349,4,"Good service, just a minor delay.",Positive,good service just a minor delay,Positive
RV06928,O01882,C01481,5,Amazing food and great delivery experience.,Positive,amazing food and great delivery experience,Positive
RV06929,O09709,C00527,4,Food was tasty and delivery was smooth.,Positive,food was tasty and delivery was smooth,Neutral
RV06930,O00765,C00619,4,Good food and the delivery was on time.,Positive,good food and the delivery was on time,Positive
RV06931,O06258,C01150,4,Food was tasty and delivery was smooth.,Positive,food was tasty and delivery was smooth,Neutral
RV06932,O03376,C00519,5,Amazing food and great delivery experience.,Positive,amazing food and great delivery experience,Positive
RV06933,O02300,C00853,3,Food was okay but delivery took some time.,Neutral,food was okay but delivery took some time,Positive
RV06934,O00689,C00591,2,Food was cold when it arrived.,Negative,food was cold when it arrived,Neutral
RV06935,O06411,C01848,4,Good food and the delivery was on time.,Positive,good food and the delivery was on time,Positive
RV06936,O00309,C01090,4,Good food and the delivery was on time.,Positive,good food and the delivery was on time,Positive
RV06937,O01637,C01063,2,Not happy with the delivery experience.,Negative,not happy with the delivery experience,Negative
RV06938,O07227,C00982,4,Good food and the delivery was on time.,Positive,good food and the delivery was on time,Positive
RV06939,O08221,C00097,3,Food was okay but delivery took some time.,Neutral,food was okay but delivery took some time,Positive
RV06940,O01610,C01792,2,Delivery was late and the food was not very good.,Negative,delivery was late and the food was not very good,Negative
RV06941,O02865,C01885,5,Amazing food and great delivery experience.,Positive,amazing food and great delivery experience,Positive
RV06942,O09979,C00983,1,Food was disappointing and delivery was extremely slow.,Negative,food was disappointing and delivery was extremely slow,Negative
RV06943,O01798,C01052,1,"Terrible experience, food arrived very late.",Negative,terrible experience food arrived very late,Negative
RV06944,O06299,C01753,5,Amazing food and great delivery experience.,Positive,amazing food and great delivery experience,Positive
RV06945,O07107,C01927,3,"Average experience, nothing special.",Neutral,average experience nothing special,Negative
RV06946,O00727,C01598,4,Really good experience overall.,Positive,really good experience overall,Positive
RV06947,O09013,C00691,2,Delivery was late and the food was not very good.,Negative,delivery was late and the food was not very good,Negative
RV06948,O01269,C00456,4,Food was tasty and delivery was smooth.,Positive,food was tasty and delivery was smooth,Neutral
RV06949,O07254,C00053,1,Very late delivery and the food was cold.,Negative,very late delivery and the food was cold,Neutral
RV06950,O01745,C01933,1,"Terrible experience, food arrived very late.",Negative,terrible experience food arrived very late,Negative
RV06951,O02400,C00939,5,Everything was perfect and arrived on time.,Positive,everything was perfect and arrived on time,Positive
RV06952,O08162,C00330,3,Food was decent but could have been better.,Neutral,food was decent but could have been better,Positive
RV06953,O05300,C01412,3,"Average experience, nothing special.",Neutral,average experience nothing special,Negative
RV06954,O05408,C01108,4,Food was tasty and delivery was smooth.,Positive,food was tasty and delivery was smooth,Neutral
RV06955,O09497,C00600,4,Really good experience overall.,Positive,really good experience overall,Positive
RV06956,O06245,C00755,3,Food was okay but delivery took some time.,Neutral,food was okay but delivery took some time,Positive
RV06957,O04184,C01728,1,Very late delivery and the food was cold.,Negative,very late delivery and the food was cold,Neutral
RV06958,O00946,C01421,4,Food was tasty and delivery was smooth.,Positive,food was tasty and delivery was smooth,Neutral
RV06959,O00196,C01643,5,"Loved the food, would definitely order again.",Positive,loved the food would definitely order again,Positive
RV06960,O06443,C00957,5,Amazing food and great delivery experience.,Positive,amazing food and great delivery experience,Positive
RV06961,O02297,C01443,5,Food was excellent and delivery was very quick.,Positive,food was excellent and delivery was very quick,Positive
RV06962,O03987,C00233,5,Everything was perfect and arrived on time.,Positive,everything was perfect and arrived on time,Positive
RV06963,O07930,C00099,2,Delivery was late and the food was not very good.,Negative,delivery was late and the food was not very good,Negative
RV06964,O01780,C01500,5,Everything was perfect and arrived on time.,Positive,everything was perfect and arrived on time,Positive
RV06965,O02426,C00087,5,Amazing food and great delivery experience.,Positive,amazing food and great delivery experience,Positive
RV06966,O00902,C01494,4,Good food and the delivery was on time.,Positive,good food and the delivery was on time,Positive
RV06967,O02771,C01530,5,"Loved the food, would definitely order again.",Positive,loved the food would definitely order again,Positive
RV06968,O04801,C00614,1,Very late delivery and the food was cold.,Negative,very late delivery and the food was cold,Neutral
RV06969,O09362,C01925,5,Everything was perfect and arrived on time.,Positive,everything was perfect and arrived on time,Positive
RV06970,O01885,C01118,4,Really good experience overall.,Positive,really good experience overall,Positive
RV06971,O06203,C01848,5,"Loved the food, would definitely order again.",Positive,loved the food would definitely order again,Positive
RV06972,O08927,C00652,4,Really good experience overall.,Positive,really good experience overall,Positive
RV06973,O05937,C01907,4,Good food and the delivery was on time.,Positive,good food and the delivery was on time,Positive
RV06974,O02499,C00013,2,Delivery was late and the food was not very good.,Negative,delivery was late and the food was not very good,Negative
RV06975,O09015,C01042,2,Delivery was late and the food was not very good.,Negative,delivery was late and the food was not very good,Negative
RV06976,O00365,C00638,4,Food was tasty and delivery was smooth.,Positive,food was tasty and delivery was smooth,Neutral
RV06977,O05881,C00591,3,Food was okay but delivery took some time.,Neutral,food was okay but delivery took some time,Positive
RV06978,O07562,C00250,2,The order was delayed and disappointing.,Negative,the order was delayed and disappointing,Negative
RV06979,O06998,C01073,1,Food was disappointing and delivery was extremely slow.,Negative,food was disappointing and delivery was extremely slow,Negative
RV06980,O08934,C01224,5,"Loved the food, would definitely order again.",Positive,loved the food would definitely order again,Positive
RV06981,O03624,C01814,2,Food was cold when it arrived.,Negative,food was cold when it arrived,Neutral
RV06982,O00392,C01254,5,"Loved the food, would definitely order again.",Positive,loved the food would definitely order again,Positive
RV06983,O04196,C01480,4,"Good service, just a minor delay.",Positive,good service just a minor delay,Positive
RV06984,O06243,C01788,4,"Good service, just a minor delay.",Positive,good service just a minor delay,Positive
RV06985,O01884,C00198,3,The order was fine overall.,Neutral,the order was fine overall,Positive
RV06986,O08959,C01265,3,"Average experience, nothing special.",Neutral,average experience nothing special,Negative
RV06987,O03388,C00366,3,Food was decent but could have been better.,Neutral,food was decent but could have been better,Positive
RV06988,O06378,C01171,5,Amazing food and great delivery experience.,Positive,amazing food and great delivery experience,Positive
RV06989,O06947,C00344,4,Good food and the delivery was on time.,Positive,good food and the delivery was on time,Positive
RV06990,O03546,C00252,5,Amazing food and great delivery experience.,Positive,amazing food and great delivery experience,Positive
RV06991,O03822,C01678,4,Really good experience overall.,Positive,really good experience overall,Positive
RV06992,O00004,C00896,5,"Loved the food, would definitely order again.",Positive,loved the food would definitely order again,Positive
RV06993,O02795,C01691,2,Food was cold when it arrived.,Negative,food was cold when it arrived,Neutral
RV06994,O00111,C00523,1,Food was disappointing and delivery was extremely slow.,Negative,food was disappointing and delivery was extremely slow,Negative
RV06995,O03961,C01618,3,"Average experience, nothing special.",Neutral,average experience nothing special,Negative
RV06996,O08704,C01503,5,"Loved the food, would definitely order again.",Positive,loved the food would definitely order again,Positive
RV06997,O09027,C01903,5,"Loved the food, would definitely order again.",Positive,loved the food would definitely order again,Positive
RV06998,O07219,C00389,5,Amazing food and great delivery experience.,Positive,amazing food and great delivery experience,Positive
RV06999,O06132,C01244,4,Good food and the delivery was on time.,Positive,good food and the delivery was on time,Positive
RV07000,O07452,C01746,5,Food was excellent and delivery was very quick.,Positive,food was excellent and delivery was very quick,Positive
