customer_id,total_orders,total_spending,average_order_value,average_items,weekend_orders,late_night_orders,active_days,ordering_frequency,average_rating_given,customer_cluster,dbscan_cluster
C00001,6.0,5414.299999999999,902.3833333333332,3.6666666666666665,0.0,1.0,76.0,0.07894736842105263,4.0,2,0
C00002,3.0,3627.81,1209.27,3.3333333333333335,1.0,0.0,39.0,0.07692307692307693,5.0,2,0
C00003,3.0,2401.7,800.5666666666666,3.0,1.0,1.0,48.0,0.0625,2.5,2,0
C00004,4.0,6408.8099999999995,1602.2024999999999,3.75,0.0,0.0,42.0,0.09523809523809523,5.0,2,0
C00005,3.0,3450.56,1150.1866666666667,2.6666666666666665,2.0,1.0,59.0,0.05084745762711865,4.5,2,0
C00006,3.0,4598.47,1532.8233333333335,2.3333333333333335,0.0,0.0,43.0,0.06976744186046512,5.0,2,0
C00007,4.0,3199.51,799.8775,3.25,1.0,1.0,50.0,0.08,5.0,2,0
C00008,6.0,8610.68,1435.1133333333335,4.333333333333333,2.0,3.0,46.0,0.13043478260869565,3.8333333333333335,1,0
C00009,7.0,7379.63,1054.2328571428573,2.857142857142857,1.0,1.0,87.0,0.08045977011494253,3.1666666666666665,1,0
C00010,5.0,4503.16,900.632,2.8,3.0,1.0,71.0,0.07042253521126761,3.75,2,0
C00011,3.0,3301.23,1100.41,4.0,2.0,2.0,80.0,0.0375,3.0,2,0
C00012,5.0,4958.93,991.7860000000001,2.8,0.0,2.0,70.0,0.07142857142857142,3.6666666666666665,2,0
C00013,7.0,6820.71,974.3871428571429,3.2857142857142856,1.0,4.0,75.0,0.09333333333333334,3.6,1,0
C00014,4.0,3486.65,871.6625,2.75,2.0,0.0,31.0,0.12903225806451613,2.5,2,0
C00015,6.0,7219.63,1203.2716666666668,4.166666666666667,1.0,0.0,78.0,0.07692307692307693,2.0,2,0
C00016,11.0,12144.03,1104.0027272727273,3.8181818181818183,4.0,0.0,85.0,0.12941176470588237,3.625,1,0
C00017,8.0,8853.869999999999,1106.7337499999999,3.625,4.0,3.0,58.0,0.13793103448275862,4.0,1,0
C00018,3.0,3859.41,1286.47,3.0,1.0,2.0,48.0,0.0625,3.0,2,0
C00019,5.0,4132.66,826.5319999999999,2.6,1.0,1.0,73.0,0.0684931506849315,3.6,2,0
C00020,2.0,1620.07,810.035,3.0,0.0,0.0,5.0,0.4,4.0,2,0
C00021,8.0,11545.79,1443.22375,4.375,3.0,0.0,78.0,0.10256410256410256,3.5714285714285716,1,0
C00022,2.0,1027.22,513.61,3.5,0.0,0.0,67.0,0.029850746268656716,5.0,2,0
C00023,6.0,5289.8,881.6333333333333,3.0,0.0,2.0,27.0,0.2222222222222222,3.3333333333333335,2,0
C00024,4.0,3197.8900000000003,799.4725000000001,2.5,0.0,2.0,55.0,0.07272727272727272,4.0,2,0
C00025,6.0,7524.09,1254.015,5.0,3.0,1.0,87.0,0.06896551724137931,4.4,1,0
C00026,2.0,1857.33,928.665,5.5,1.0,0.0,11.0,0.18181818181818182,5.0,2,0
C00027,5.0,3887.77,777.554,2.8,2.0,0.0,40.0,0.125,3.0,2,0
C00028,8.0,6588.719999999999,823.5899999999999,3.875,3.0,3.0,88.0,0.09090909090909091,4.25,1,0
C00029,8.0,9614.0,1201.75,3.875,4.0,1.0,79.0,0.10126582278481013,2.4285714285714284,1,0
C00030,3.0,3268.29,1089.43,3.6666666666666665,0.0,0.0,63.0,0.047619047619047616,3.0,2,0
C00031,8.0,9187.7,1148.4625,3.875,2.0,3.0,71.0,0.11267605633802817,3.5,1,0
C00032,8.0,8012.58,1001.5725,2.875,2.0,2.0,66.0,0.12121212121212122,3.6666666666666665,1,0
C00033,5.0,2876.5299999999997,575.3059999999999,2.4,0.0,0.0,62.0,0.08064516129032258,4.5,2,0
C00034,7.0,5602.05,800.2928571428572,4.714285714285714,4.0,1.0,74.0,0.0945945945945946,3.2,1,0
C00035,5.0,3311.65,662.33,3.6,0.0,0.0,41.0,0.12195121951219512,3.2,2,0
C00036,4.0,4688.87,1172.2175,2.75,2.0,0.0,47.0,0.0851063829787234,3.6666666666666665,2,0
C00037,4.0,1756.57,439.1425,3.25,1.0,1.0,68.0,0.058823529411764705,4.0,2,0
C00038,5.0,5707.99,1141.598,4.4,2.0,1.0,77.0,0.06493506493506493,4.5,2,0
C00039,7.0,9531.24,1361.6057142857142,2.4285714285714284,1.0,1.0,77.0,0.09090909090909091,4.2,1,0
C00040,4.0,4591.89,1147.9725,4.0,2.0,0.0,23.0,0.17391304347826086,4.333333333333333,2,0
C00041,6.0,4527.799999999999,754.6333333333332,5.0,3.0,1.0,86.0,0.06976744186046512,3.5,1,0
C00042,7.0,5290.34,755.7628571428571,4.142857142857143,1.0,3.0,36.0,0.19444444444444445,3.75,1,0
C00043,2.0,868.49,434.245,2.5,1.0,1.0,17.0,0.11764705882352941,2.5,2,0
C00044,6.0,6399.63,1066.605,2.1666666666666665,1.0,2.0,65.0,0.09230769230769231,3.5,1,0
C00045,2.0,2331.71,1165.855,3.0,1.0,1.0,48.0,0.041666666666666664,1.0,2,0
C00046,9.0,10516.9,1168.5444444444445,3.0,4.0,2.0,61.0,0.14754098360655737,4.714285714285714,1,0
C00047,5.0,6198.01,1239.602,4.0,3.0,3.0,77.0,0.06493506493506493,3.8,1,0
C00048,4.0,5020.83,1255.2075,4.5,1.0,0.0,42.0,0.09523809523809523,4.0,2,0
C00049,5.0,6616.78,1323.356,3.0,1.0,2.0,80.0,0.0625,4.0,1,0
C00050,9.0,7718.950000000001,857.6611111111112,2.7777777777777777,1.0,2.0,29.0,0.3103448275862069,4.714285714285714,1,0
C00051,6.0,6130.08,1021.68,3.8333333333333335,2.0,3.0,58.0,0.10344827586206896,3.8,1,0
C00052,5.0,4026.76,805.3520000000001,3.2,3.0,2.0,49.0,0.10204081632653061,3.25,1,0
C00053,6.0,5727.24,954.54,3.5,0.0,0.0,39.0,0.15384615384615385,2.6666666666666665,2,0
C00054,1.0,1868.71,1868.71,3.0,1.0,0.0,1.0,1.0,5.0,0,1
C00055,4.0,4672.32,1168.08,4.0,1.0,1.0,29.0,0.13793103448275862,4.666666666666667,2,0
C00056,4.0,5792.22,1448.055,3.5,1.0,1.0,39.0,0.10256410256410256,3.5,2,0
C00057,2.0,1132.3,566.15,5.5,1.0,1.0,7.0,0.2857142857142857,4.5,2,0
C00058,4.0,1933.24,483.31,5.75,0.0,2.0,18.0,0.2222222222222222,4.5,2,0
C00059,7.0,6421.34,917.3342857142858,3.7142857142857144,2.0,1.0,58.0,0.1206896551724138,3.2,1,0
C00060,1.0,487.26,487.26,4.0,0.0,0.0,1.0,1.0,3.5848081591677903,0,1
C00061,3.0,3212.42,1070.8066666666666,2.6666666666666665,1.0,0.0,45.0,0.06666666666666667,4.333333333333333,2,0
C00062,6.0,5475.89,912.6483333333334,3.6666666666666665,3.0,4.0,63.0,0.09523809523809523,3.2,1,0
C00063,6.0,4444.7,740.7833333333333,3.8333333333333335,1.0,4.0,86.0,0.06976744186046512,5.0,1,0
C00064,5.0,4227.61,845.5219999999999,3.0,1.0,1.0,37.0,0.13513513513513514,2.75,2,0
C00065,6.0,6531.68,1088.6133333333335,3.5,1.0,1.0,60.0,0.1,3.5,2,0
C00066,6.0,7120.81,1186.8016666666667,4.5,3.0,1.0,56.0,0.10714285714285714,4.0,1,0
C00067,7.0,6523.77,931.9671428571429,4.285714285714286,3.0,1.0,57.0,0.12280701754385964,3.4285714285714284,1,0
C00068,4.0,5296.51,1324.1275,4.0,2.0,0.0,24.0,0.16666666666666666,4.666666666666667,2,0
C00069,7.0,9438.52,1348.3600000000001,4.0,1.0,1.0,69.0,0.10144927536231885,3.0,1,0
C00070,2.0,1978.55,989.275,2.5,2.0,1.0,1.0,2.0,1.0,0,-1
C00071,6.0,6382.06,1063.6766666666667,3.5,3.0,4.0,61.0,0.09836065573770492,4.25,1,0
C00072,6.0,7364.12,1227.3533333333332,3.0,1.0,2.0,89.0,0.06741573033707865,3.4,1,0
C00073,4.0,3247.6000000000004,811.9000000000001,3.5,1.0,1.0,30.0,0.13333333333333333,3.5,2,0
C00074,7.0,6431.04,918.72,3.5714285714285716,3.0,0.0,70.0,0.1,4.75,1,0
C00075,5.0,6642.71,1328.542,4.4,0.0,0.0,87.0,0.05747126436781609,2.5,2,0
C00076,3.0,1537.6799999999998,512.56,4.0,0.0,1.0,57.0,0.05263157894736842,4.333333333333333,2,0
C00077,6.0,7056.07,1176.0116666666665,3.8333333333333335,1.0,2.0,39.0,0.15384615384615385,3.25,1,0
C00078,7.0,8259.77,1179.967142857143,3.5714285714285716,3.0,2.0,52.0,0.1346153846153846,3.8333333333333335,1,0
C00079,12.0,7042.89,586.9075,3.3333333333333335,4.0,4.0,72.0,0.16666666666666666,3.5555555555555554,1,0
C00080,3.0,2867.12,955.7066666666666,4.333333333333333,0.0,0.0,77.0,0.03896103896103896,4.666666666666667,2,0
C00081,3.0,2167.3500000000004,722.4500000000002,2.6666666666666665,1.0,0.0,13.0,0.23076923076923078,4.5,2,0
C00082,6.0,3266.85,544.475,2.3333333333333335,2.0,1.0,68.0,0.08823529411764706,4.0,2,0
C00083,1.0,1462.21,1462.21,5.0,0.0,1.0,1.0,1.0,1.0,0,-1
C00084,6.0,6650.37,1108.395,4.333333333333333,1.0,3.0,61.0,0.09836065573770492,1.0,1,0
C00085,7.0,8009.37,1144.1957142857143,3.5714285714285716,0.0,2.0,71.0,0.09859154929577464,3.75,1,0
C00086,7.0,6783.99,969.1414285714285,4.285714285714286,0.0,2.0,57.0,0.12280701754385964,4.0,1,0
C00087,7.0,5596.049999999999,799.4357142857142,4.285714285714286,2.0,3.0,75.0,0.09333333333333334,4.5,1,0
C00088,5.0,5681.84,1136.368,2.4,1.0,0.0,66.0,0.07575757575757576,4.75,2,0
C00089,3.0,2763.54,921.18,2.0,0.0,1.0,47.0,0.06382978723404255,3.0,2,0
C00090,5.0,5719.7,1143.94,5.6,1.0,1.0,67.0,0.07462686567164178,3.6,2,0
C00091,5.0,3921.4300000000003,784.2860000000001,3.6,2.0,2.0,30.0,0.16666666666666666,4.0,2,0
C00092,4.0,3022.52,755.63,4.25,1.0,1.0,80.0,0.05,4.0,2,0
C00093,2.0,3968.39,1984.195,4.0,2.0,0.0,7.0,0.2857142857142857,3.5848081591677903,2,0
C00094,0.0,0.0,0.0,0.0,0.0,0.0,0.0,0.0,3.5848081591677903,2,-1
C00095,9.0,8162.38,906.9311111111111,3.0,1.0,2.0,77.0,0.11688311688311688,3.625,1,0
C00096,5.0,5144.08,1028.816,4.2,3.0,0.0,85.0,0.058823529411764705,4.75,2,0
C00097,6.0,4558.93,759.8216666666667,3.5,3.0,2.0,72.0,0.08333333333333333,2.6,1,0
C00098,4.0,3897.6800000000003,974.4200000000001,5.0,0.0,2.0,30.0,0.13333333333333333,4.5,2,0
C00099,6.0,6959.4,1159.8999999999999,4.0,1.0,1.0,70.0,0.08571428571428572,3.0,1,0
C00100,5.0,5297.91,1059.5819999999999,3.0,2.0,2.0,44.0,0.11363636363636363,4.333333333333333,1,0
C00101,2.0,1380.43,690.215,1.0,1.0,2.0,17.0,0.11764705882352941,3.5848081591677903,2,0
C00102,2.0,2369.84,1184.92,3.5,1.0,2.0,41.0,0.04878048780487805,3.5,2,0
C00103,3.0,2388.41,796.1366666666667,4.666666666666667,0.0,0.0,43.0,0.06976744186046512,2.0,2,0
C00104,5.0,4900.67,980.134,2.0,1.0,1.0,60.0,0.08333333333333333,3.0,2,0
C00105,5.0,6074.01,1214.8020000000001,3.8,3.0,2.0,59.0,0.0847457627118644,3.75,1,0
C00106,6.0,6274.24,1045.7066666666667,4.0,1.0,3.0,70.0,0.08571428571428572,3.8,1,0
C00107,9.0,9050.42,1005.6022222222223,3.7777777777777777,3.0,4.0,66.0,0.13636363636363635,4.285714285714286,1,0
C00108,3.0,3938.58,1312.86,3.3333333333333335,1.0,0.0,53.0,0.05660377358490566,3.5,2,0
C00109,4.0,4308.12,1077.03,4.5,1.0,1.0,67.0,0.05970149253731343,3.75,2,0
C00110,5.0,4986.5599999999995,997.3119999999999,3.8,1.0,2.0,67.0,0.07462686567164178,4.0,2,0
C00111,5.0,6602.06,1320.412,3.6,1.0,1.0,73.0,0.0684931506849315,3.0,2,0
C00112,10.0,11006.35,1100.635,2.7,4.0,2.0,77.0,0.12987012987012986,3.7142857142857144,1,0
C00113,9.0,8657.12,961.9022222222223,3.5555555555555554,5.0,0.0,83.0,0.10843373493975904,3.2,1,0
C00114,6.0,7650.09,1275.015,3.5,1.0,3.0,61.0,0.09836065573770492,3.2,1,0
C00115,6.0,8808.14,1468.0233333333333,3.8333333333333335,3.0,1.0,79.0,0.0759493670886076,3.0,1,0
C00116,5.0,6686.26,1337.252,3.0,2.0,0.0,61.0,0.08196721311475409,5.0,2,0
C00117,7.0,8054.49,1150.6414285714286,3.4285714285714284,1.0,2.0,73.0,0.0958904109589041,2.8333333333333335,1,0
C00118,4.0,3022.86,755.715,3.75,2.0,0.0,68.0,0.058823529411764705,2.0,2,0
C00119,1.0,182.71,182.71,1.0,0.0,0.0,1.0,1.0,4.0,0,-1
C00120,3.0,4215.2,1405.0666666666666,3.6666666666666665,1.0,2.0,13.0,0.23076923076923078,2.5,2,0
C00121,3.0,4683.82,1561.2733333333333,4.666666666666667,1.0,1.0,38.0,0.07894736842105263,2.0,2,0
C00122,4.0,4037.5099999999998,1009.3774999999999,5.0,1.0,3.0,40.0,0.1,4.333333333333333,2,0
C00123,7.0,7432.049999999999,1061.7214285714285,2.7142857142857144,1.0,0.0,66.0,0.10606060606060606,4.6,2,0
C00124,2.0,1402.04,701.02,5.0,0.0,1.0,42.0,0.047619047619047616,3.5,2,0
C00125,4.0,5735.42,1433.855,3.75,1.0,1.0,62.0,0.06451612903225806,3.5,2,0
C00126,5.0,8142.66,1628.532,4.2,2.0,2.0,64.0,0.078125,2.0,1,0
C00127,1.0,970.61,970.61,1.0,0.0,0.0,1.0,1.0,3.5848081591677903,0,1
C00128,3.0,4299.34,1433.1133333333335,2.6666666666666665,1.0,2.0,47.0,0.06382978723404255,4.5,2,0
C00129,6.0,4641.29,773.5483333333333,4.333333333333333,3.0,0.0,60.0,0.1,2.4,2,0
C00130,3.0,3317.2799999999997,1105.76,2.3333333333333335,0.0,2.0,39.0,0.07692307692307693,4.5,2,0
C00131,6.0,4474.02,745.6700000000001,2.8333333333333335,2.0,0.0,53.0,0.11320754716981132,4.25,2,0
C00132,5.0,4052.95,810.5899999999999,2.8,4.0,2.0,63.0,0.07936507936507936,3.0,1,0
C00133,7.0,6490.78,927.2542857142856,3.5714285714285716,4.0,3.0,65.0,0.1076923076923077,4.0,1,0
C00134,3.0,2850.09,950.0300000000001,3.6666666666666665,0.0,1.0,79.0,0.0379746835443038,3.0,2,0
C00135,4.0,2542.2799999999997,635.5699999999999,4.25,2.0,2.0,61.0,0.06557377049180328,3.0,2,0
C00136,9.0,10068.34,1118.7044444444446,3.7777777777777777,2.0,3.0,83.0,0.10843373493975904,3.5,1,0
C00137,3.0,2205.02,735.0066666666667,3.0,2.0,3.0,59.0,0.05084745762711865,4.0,2,0
C00138,4.0,4978.55,1244.6375,3.5,0.0,2.0,55.0,0.07272727272727272,3.0,2,0
C00139,5.0,4677.92,935.5840000000001,4.6,1.0,1.0,54.0,0.09259259259259259,3.75,2,0
C00140,3.0,2789.5,929.8333333333334,3.0,0.0,0.0,56.0,0.05357142857142857,4.0,2,0
C00141,3.0,3991.09,1330.3633333333335,5.333333333333333,1.0,1.0,70.0,0.04285714285714286,4.0,2,0
C00142,3.0,3281.74,1093.9133333333332,2.3333333333333335,2.0,1.0,37.0,0.08108108108108109,3.5,2,0
C00143,6.0,7935.54,1322.59,3.3333333333333335,3.0,1.0,47.0,0.1276595744680851,4.5,1,0
C00144,4.0,4582.71,1145.6775,1.25,1.0,0.0,61.0,0.06557377049180328,2.3333333333333335,2,0
C00145,2.0,1022.1899999999999,511.09499999999997,3.5,0.0,0.0,29.0,0.06896551724137931,1.0,2,0
C00146,3.0,2310.34,770.1133333333333,4.0,2.0,1.0,55.0,0.05454545454545454,2.3333333333333335,2,0
C00147,6.0,6477.08,1079.5133333333333,3.6666666666666665,2.0,2.0,62.0,0.0967741935483871,3.75,1,0
C00148,4.0,6054.82,1513.705,1.75,1.0,1.0,79.0,0.05063291139240506,4.666666666666667,2,0
C00149,9.0,9162.91,1018.1011111111111,2.3333333333333335,3.0,1.0,73.0,0.1232876712328767,3.375,1,0
C00150,4.0,5406.51,1351.6275,3.25,3.0,2.0,65.0,0.06153846153846154,5.0,1,0
C00151,2.0,2258.58,1129.29,4.0,2.0,1.0,15.0,0.13333333333333333,4.5,2,0
C00152,3.0,3162.2799999999997,1054.0933333333332,4.666666666666667,0.0,1.0,64.0,0.046875,5.0,2,0
C00153,3.0,3979.63,1326.5433333333333,4.0,1.0,1.0,71.0,0.04225352112676056,4.0,2,0
C00154,4.0,2546.18,636.545,3.25,0.0,2.0,68.0,0.058823529411764705,3.5,2,0
C00155,4.0,4352.58,1088.145,4.75,2.0,2.0,41.0,0.0975609756097561,3.0,2,0
C00156,7.0,7158.41,1022.63,3.7142857142857144,2.0,1.0,50.0,0.14,3.1666666666666665,1,0
C00157,1.0,362.41,362.41,4.0,0.0,0.0,1.0,1.0,5.0,0,1
C00158,5.0,6673.9400000000005,1334.788,3.6,1.0,3.0,80.0,0.0625,2.75,1,0
C00159,5.0,4246.27,849.2540000000001,4.0,2.0,1.0,67.0,0.07462686567164178,4.0,2,0
C00160,5.0,6220.09,1244.018,3.8,4.0,3.0,34.0,0.14705882352941177,4.5,1,0
C00161,6.0,6189.13,1031.5216666666668,2.8333333333333335,1.0,2.0,72.0,0.08333333333333333,2.4,1,0
C00162,8.0,7364.28,920.535,3.75,2.0,0.0,77.0,0.1038961038961039,3.8,1,0
C00163,3.0,1607.21,535.7366666666667,3.6666666666666665,0.0,1.0,51.0,0.058823529411764705,1.5,2,0
C00164,1.0,447.45,447.45,5.0,0.0,0.0,1.0,1.0,3.5848081591677903,0,1
C00165,8.0,8684.39,1085.54875,3.375,3.0,1.0,66.0,0.12121212121212122,3.142857142857143,1,0
C00166,5.0,3368.52,673.704,3.8,3.0,0.0,60.0,0.08333333333333333,3.5,2,0
C00167,3.0,4727.39,1575.7966666666669,3.6666666666666665,0.0,0.0,59.0,0.05084745762711865,3.5,2,0
C00168,7.0,4935.11,705.0157142857142,2.2857142857142856,3.0,1.0,64.0,0.109375,3.4,1,0
C00169,6.0,6516.13,1086.0216666666668,3.6666666666666665,0.0,3.0,61.0,0.09836065573770492,3.5,1,0
C00170,3.0,1992.29,664.0966666666667,4.333333333333333,1.0,0.0,11.0,0.2727272727272727,3.5848081591677903,2,0
C00171,4.0,2722.75,680.6875,3.0,3.0,1.0,40.0,0.1,4.5,2,0
C00172,6.0,7655.36,1275.8933333333332,4.0,0.0,0.0,62.0,0.0967741935483871,2.0,2,0
C00173,4.0,3810.24,952.56,3.75,1.0,1.0,76.0,0.05263157894736842,4.333333333333333,2,0
C00174,2.0,3491.3999999999996,1745.6999999999998,5.0,1.0,0.0,38.0,0.05263157894736842,3.0,2,0
C00175,6.0,4432.16,738.6933333333333,3.3333333333333335,1.0,1.0,77.0,0.07792207792207792,3.8,2,0
C00176,4.0,3874.95,968.7375,2.0,1.0,3.0,42.0,0.09523809523809523,3.5,2,0
C00177,7.0,8351.53,1193.0757142857144,3.142857142857143,0.0,1.0,70.0,0.1,4.4,1,0
C00178,7.0,6274.5,896.3571428571429,3.0,3.0,0.0,80.0,0.0875,3.6,1,0
C00179,7.0,6646.04,949.4342857142857,4.428571428571429,3.0,1.0,77.0,0.09090909090909091,4.0,1,0
C00180,6.0,4150.75,691.7916666666666,4.5,1.0,2.0,56.0,0.10714285714285714,4.0,2,0
C00181,6.0,5840.31,973.3850000000001,4.0,2.0,3.0,77.0,0.07792207792207792,4.0,1,0
C00182,3.0,1807.46,602.4866666666667,4.666666666666667,1.0,0.0,33.0,0.09090909090909091,3.0,2,0
C00183,2.0,1316.4,658.2,5.5,1.0,0.0,6.0,0.3333333333333333,4.0,2,0
C00184,6.0,8110.25,1351.7083333333333,3.6666666666666665,1.0,2.0,56.0,0.10714285714285714,2.5,1,0
C00185,7.0,4686.24,669.4628571428572,3.142857142857143,1.0,4.0,59.0,0.11864406779661017,2.857142857142857,1,0
C00186,8.0,9334.54,1166.8175,3.75,3.0,3.0,57.0,0.14035087719298245,3.3333333333333335,1,0
C00187,3.0,2599.87,866.6233333333333,2.6666666666666665,1.0,1.0,31.0,0.0967741935483871,5.0,2,0
C00188,3.0,5163.04,1721.0133333333333,4.333333333333333,0.0,0.0,52.0,0.057692307692307696,3.5,2,0
C00189,4.0,3266.15,816.5375,3.25,1.0,1.0,71.0,0.056338028169014086,3.0,2,0
C00190,2.0,2843.96,1421.98,4.5,0.0,1.0,13.0,0.15384615384615385,3.0,2,0
C00191,5.0,4975.69,995.1379999999999,5.0,1.0,0.0,74.0,0.06756756756756757,4.333333333333333,2,0
C00192,7.0,9762.57,1394.652857142857,3.2857142857142856,3.0,1.0,47.0,0.14893617021276595,4.2,1,0
C00193,4.0,5037.2,1259.3,3.75,2.0,0.0,74.0,0.05405405405405406,4.0,2,0
C00194,6.0,4692.38,782.0633333333334,3.8333333333333335,1.0,1.0,76.0,0.07894736842105263,1.6666666666666667,2,0
C00195,2.0,2627.5299999999997,1313.7649999999999,4.5,2.0,1.0,37.0,0.05405405405405406,4.0,2,0
C00196,6.0,5934.68,989.1133333333333,4.0,1.0,1.0,64.0,0.09375,4.166666666666667,2,0
C00197,3.0,4421.85,1473.95,2.3333333333333335,2.0,0.0,38.0,0.07894736842105263,4.0,2,0
C00198,4.0,5136.29,1284.0725,4.25,1.0,0.0,75.0,0.05333333333333334,4.0,2,0
C00199,5.0,3994.46,798.892,2.0,2.0,1.0,46.0,0.10869565217391304,3.75,2,0
C00200,1.0,150.65,150.65,3.0,0.0,1.0,1.0,1.0,4.0,0,1
C00201,3.0,4424.18,1474.7266666666667,2.6666666666666665,2.0,0.0,23.0,0.13043478260869565,3.5,2,0
C00202,8.0,10381.2,1297.65,3.625,2.0,4.0,69.0,0.11594202898550725,3.75,1,0
C00203,2.0,1930.81,965.405,3.5,1.0,0.0,47.0,0.0425531914893617,4.5,2,0
C00204,5.0,5512.950000000001,1102.5900000000001,3.8,2.0,0.0,47.0,0.10638297872340426,3.8,2,0
C00205,6.0,4948.05,824.6750000000001,3.3333333333333335,1.0,2.0,44.0,0.13636363636363635,4.0,2,0
C00206,5.0,6123.96,1224.792,2.6,1.0,0.0,51.0,0.09803921568627451,3.75,2,0
C00207,7.0,8146.24,1163.7485714285715,4.428571428571429,3.0,5.0,60.0,0.11666666666666667,3.3333333333333335,1,0
C00208,2.0,2684.89,1342.445,5.0,0.0,0.0,10.0,0.2,2.0,2,0
C00209,5.0,6568.96,1313.792,4.4,2.0,0.0,81.0,0.06172839506172839,4.0,2,0
C00210,3.0,2594.0,864.6666666666666,5.0,2.0,0.0,37.0,0.08108108108108109,3.5,2,0
C00211,4.0,4157.56,1039.39,2.5,1.0,1.0,67.0,0.05970149253731343,3.0,2,0
C00212,3.0,2378.07,792.69,2.3333333333333335,1.0,1.0,31.0,0.0967741935483871,3.3333333333333335,2,0
C00213,7.0,7798.57,1114.0814285714284,3.857142857142857,2.0,3.0,74.0,0.0945945945945946,4.0,1,0
C00214,3.0,3529.33,1176.4433333333334,3.3333333333333335,2.0,1.0,47.0,0.06382978723404255,3.5,2,0
C00215,8.0,9046.69,1130.83625,2.625,2.0,1.0,83.0,0.0963855421686747,3.6666666666666665,1,0
C00216,7.0,8000.13,1142.8757142857144,3.7142857142857144,2.0,1.0,48.0,0.14583333333333334,3.25,1,0
C00217,8.0,9999.76,1249.97,3.875,1.0,4.0,83.0,0.0963855421686747,3.6666666666666665,1,0
C00218,3.0,2971.79,990.5966666666667,3.6666666666666665,1.0,1.0,46.0,0.06521739130434782,2.5,2,0
C00219,4.0,3106.82,776.705,3.0,1.0,2.0,35.0,0.11428571428571428,3.25,2,0
C00220,5.0,5539.639999999999,1107.9279999999999,3.2,3.0,1.0,72.0,0.06944444444444445,3.0,1,0
C00221,7.0,7445.95,1063.7071428571428,4.571428571428571,3.0,1.0,83.0,0.08433734939759036,3.8333333333333335,1,0
C00222,5.0,5914.9,1182.98,2.8,1.0,1.0,29.0,0.1724137931034483,3.8,2,0
C00223,5.0,5455.8,1091.16,4.6,1.0,4.0,25.0,0.2,3.75,1,0
C00224,3.0,1607.56,535.8533333333334,3.6666666666666665,1.0,1.0,37.0,0.08108108108108109,4.0,2,0
C00225,1.0,1795.02,1795.02,4.0,0.0,0.0,1.0,1.0,4.0,0,1
C00226,6.0,6192.2,1032.0333333333333,2.8333333333333335,2.0,0.0,81.0,0.07407407407407407,4.0,2,0
C00227,5.0,3637.91,727.582,3.4,3.0,1.0,62.0,0.08064516129032258,3.3333333333333335,2,0
C00228,2.0,3314.3,1657.15,1.5,0.0,1.0,60.0,0.03333333333333333,3.0,2,0
C00229,2.0,2730.38,1365.19,2.0,0.0,0.0,51.0,0.0392156862745098,4.0,2,0
C00230,4.0,4914.52,1228.63,3.5,0.0,2.0,17.0,0.23529411764705882,3.0,2,0
C00231,5.0,3945.79,789.158,2.6,3.0,2.0,73.0,0.0684931506849315,3.5,2,0
C00232,4.0,5148.46,1287.115,3.0,0.0,1.0,49.0,0.08163265306122448,2.3333333333333335,2,0
C00233,6.0,5063.24,843.8733333333333,3.1666666666666665,2.0,3.0,83.0,0.07228915662650602,3.8333333333333335,1,0
C00234,8.0,6062.63,757.82875,3.75,5.0,4.0,79.0,0.10126582278481013,3.6666666666666665,1,0
C00235,3.0,4403.05,1467.6833333333334,2.6666666666666665,0.0,1.0,32.0,0.09375,3.3333333333333335,2,0
C00236,3.0,3613.74,1204.58,3.3333333333333335,0.0,1.0,21.0,0.14285714285714285,5.0,2,0
C00237,3.0,4029.18,1343.06,4.0,2.0,2.0,66.0,0.045454545454545456,4.0,2,0
C00238,5.0,3053.28,610.6560000000001,4.4,0.0,0.0,66.0,0.07575757575757576,2.5,2,0
C00239,6.0,7060.6900000000005,1176.7816666666668,3.0,0.0,0.0,69.0,0.08695652173913043,2.25,2,0
C00240,5.0,4030.58,806.116,3.8,1.0,1.0,66.0,0.07575757575757576,4.75,2,0
C00241,4.0,3280.32,820.08,3.5,1.0,1.0,52.0,0.07692307692307693,5.0,2,0
C00242,6.0,4957.72,826.2866666666667,4.0,1.0,2.0,64.0,0.09375,3.25,2,0
C00243,3.0,3606.0600000000004,1202.0200000000002,4.0,1.0,2.0,23.0,0.13043478260869565,3.5,2,0
C00244,8.0,10795.08,1349.385,3.0,1.0,2.0,53.0,0.1509433962264151,3.3333333333333335,1,0
C00245,11.0,12972.789999999999,1179.3445454545454,2.5454545454545454,2.0,0.0,80.0,0.1375,4.0,1,0
C00246,7.0,7064.43,1009.2042857142858,3.0,2.0,3.0,60.0,0.11666666666666667,4.333333333333333,1,0
C00247,4.0,3704.58,926.145,3.25,2.0,2.0,40.0,0.1,2.6666666666666665,2,0
C00248,3.0,3183.4,1061.1333333333334,3.0,0.0,0.0,40.0,0.075,2.5,2,0
C00249,8.0,8330.91,1041.36375,3.75,3.0,2.0,66.0,0.12121212121212122,4.0,1,0
C00250,6.0,3374.25,562.375,3.8333333333333335,2.0,1.0,58.0,0.10344827586206896,3.0,2,0
C00251,3.0,4556.9,1518.9666666666665,4.333333333333333,2.0,0.0,17.0,0.17647058823529413,3.5848081591677903,2,0
C00252,1.0,175.35,175.35,5.0,1.0,0.0,1.0,1.0,5.0,0,-1
C00253,5.0,3166.72,633.3439999999999,4.2,1.0,0.0,83.0,0.060240963855421686,3.6666666666666665,2,0
C00254,6.0,5212.27,868.7116666666667,3.6666666666666665,0.0,2.0,67.0,0.08955223880597014,2.8333333333333335,2,0
C00255,3.0,5120.1900000000005,1706.7300000000002,3.3333333333333335,0.0,1.0,26.0,0.11538461538461539,2.6666666666666665,2,0
C00256,3.0,2792.5299999999997,930.8433333333332,3.6666666666666665,1.0,0.0,44.0,0.06818181818181818,3.0,2,0
C00257,7.0,8609.57,1229.9385714285713,3.857142857142857,3.0,2.0,79.0,0.08860759493670886,3.5,1,0
C00258,5.0,7744.28,1548.856,3.6,2.0,3.0,43.0,0.11627906976744186,3.25,1,0
C00259,5.0,6019.42,1203.884,2.6,3.0,1.0,64.0,0.078125,5.0,1,0
C00260,7.0,8106.95,1158.1357142857144,4.285714285714286,3.0,0.0,68.0,0.10294117647058823,3.3333333333333335,1,0
C00261,2.0,3836.66,1918.33,6.0,0.0,0.0,14.0,0.14285714285714285,3.5848081591677903,2,0
C00262,4.0,2412.24,603.06,3.75,2.0,2.0,77.0,0.05194805194805195,4.5,2,0
C00263,7.0,8007.67,1143.952857142857,4.428571428571429,1.0,1.0,71.0,0.09859154929577464,2.5,1,0
C00264,5.0,6474.59,1294.9180000000001,3.0,2.0,1.0,78.0,0.0641025641025641,1.8,1,0
C00265,6.0,5747.0,957.8333333333334,3.0,1.0,2.0,52.0,0.11538461538461539,3.4,1,0
C00266,2.0,3280.19,1640.095,4.5,1.0,0.0,2.0,1.0,5.0,0,1
C00267,3.0,1848.62,616.2066666666666,4.0,0.0,0.0,17.0,0.17647058823529413,1.0,2,0
C00268,2.0,2541.7400000000002,1270.8700000000001,3.0,1.0,1.0,13.0,0.15384615384615385,3.5,2,0
C00269,9.0,8942.39,993.5988888888888,3.7777777777777777,2.0,2.0,56.0,0.16071428571428573,3.625,1,0
C00270,5.0,5016.8099999999995,1003.3619999999999,3.2,2.0,0.0,64.0,0.078125,4.0,2,0
C00271,6.0,5743.2300000000005,957.205,3.3333333333333335,0.0,3.0,53.0,0.11320754716981132,2.5,1,0
C00272,6.0,6865.15,1144.1916666666666,4.666666666666667,3.0,4.0,53.0,0.11320754716981132,3.25,1,0
C00273,6.0,5996.72,999.4533333333334,3.8333333333333335,0.0,1.0,76.0,0.07894736842105263,3.5,2,0
C00274,4.0,6229.37,1557.3425,3.0,3.0,0.0,31.0,0.12903225806451613,4.666666666666667,2,0
C00275,5.0,5670.8,1134.16,3.4,2.0,2.0,55.0,0.09090909090909091,3.25,1,0
C00276,7.0,4499.83,642.8328571428572,2.857142857142857,1.0,0.0,83.0,0.08433734939759036,3.5714285714285716,2,0
C00277,4.0,4977.38,1244.345,3.5,1.0,0.0,56.0,0.07142857142857142,4.0,2,0
C00278,7.0,8912.05,1273.1499999999999,3.857142857142857,1.0,1.0,69.0,0.10144927536231885,5.0,1,0
C00279,8.0,7874.48,984.31,3.0,2.0,1.0,83.0,0.0963855421686747,3.3333333333333335,1,0
C00280,4.0,4664.2699999999995,1166.0674999999999,4.75,0.0,1.0,28.0,0.14285714285714285,4.0,2,0
C00281,2.0,2043.16,1021.58,4.0,0.0,1.0,62.0,0.03225806451612903,3.0,2,0
C00282,5.0,6598.79,1319.758,3.4,3.0,0.0,58.0,0.08620689655172414,4.0,1,0
C00283,8.0,10304.94,1288.1175,3.625,3.0,4.0,50.0,0.16,4.166666666666667,1,0
C00284,4.0,2353.89,588.4725,3.5,1.0,1.0,41.0,0.0975609756097561,3.25,2,0
C00285,5.0,5662.77,1132.554,3.8,3.0,2.0,56.0,0.08928571428571429,1.0,1,0
C00286,4.0,4585.37,1146.3425,3.0,1.0,0.0,57.0,0.07017543859649122,2.0,2,0
C00287,4.0,4272.2,1068.05,2.25,1.0,0.0,34.0,0.11764705882352941,2.6666666666666665,2,0
C00288,8.0,8721.01,1090.12625,3.5,4.0,0.0,89.0,0.0898876404494382,4.333333333333333,1,0
C00289,3.0,2122.16,707.3866666666667,4.333333333333333,2.0,0.0,85.0,0.03529411764705882,5.0,2,0
C00290,9.0,8651.18,961.2422222222223,3.7777777777777777,3.0,4.0,34.0,0.2647058823529412,4.571428571428571,1,0
C00291,1.0,698.44,698.44,5.0,1.0,0.0,1.0,1.0,3.5848081591677903,0,1
C00292,4.0,3385.44,846.36,3.5,1.0,1.0,30.0,0.13333333333333333,4.666666666666667,2,0
C00293,8.0,7870.34,983.7925,4.25,4.0,2.0,62.0,0.12903225806451613,3.4,1,0
C00294,8.0,8144.8099999999995,1018.1012499999999,2.75,4.0,2.0,80.0,0.1,3.0,1,0
C00295,5.0,2689.9,537.98,3.4,0.0,1.0,73.0,0.0684931506849315,5.0,2,0
C00296,5.0,4458.1,891.6200000000001,4.0,0.0,1.0,52.0,0.09615384615384616,3.5,2,0
C00297,5.0,6379.379999999999,1275.8759999999997,3.6,2.0,1.0,40.0,0.125,4.25,1,0
C00298,2.0,1311.22,655.61,3.0,0.0,1.0,6.0,0.3333333333333333,4.0,2,0
C00299,2.0,3300.0,1650.0,4.0,1.0,2.0,18.0,0.1111111111111111,1.0,2,0
C00300,5.0,3878.87,775.774,3.0,3.0,2.0,28.0,0.17857142857142858,3.5,2,0
C00301,8.0,6259.78,782.4725,3.375,2.0,1.0,71.0,0.11267605633802817,3.8,1,0
C00302,5.0,4115.35,823.07,4.2,2.0,0.0,72.0,0.06944444444444445,3.5,2,0
C00303,5.0,5762.35,1152.47,3.0,1.0,0.0,75.0,0.06666666666666667,3.6,2,0
C00304,9.0,10084.24,1120.471111111111,4.777777777777778,1.0,1.0,63.0,0.14285714285714285,3.2,1,0
C00305,4.0,3327.92,831.98,4.75,0.0,0.0,40.0,0.1,3.5,2,0
C00306,2.0,1935.0,967.5,4.5,0.0,0.0,9.0,0.2222222222222222,3.0,2,0
C00307,7.0,8341.63,1191.6614285714284,2.4285714285714284,3.0,0.0,81.0,0.08641975308641975,3.3333333333333335,1,0
C00308,10.0,8280.48,828.048,2.9,3.0,3.0,66.0,0.15151515151515152,3.125,1,0
C00309,2.0,362.19,181.095,2.0,0.0,1.0,73.0,0.0273972602739726,3.5,2,0
C00310,5.0,4334.5,866.9,3.0,1.0,0.0,83.0,0.060240963855421686,3.5,2,0
C00311,3.0,3157.46,1052.4866666666667,2.3333333333333335,0.0,0.0,76.0,0.039473684210526314,4.0,2,0
C00312,3.0,4048.65,1349.55,2.6666666666666665,0.0,1.0,24.0,0.125,4.0,2,0
C00313,2.0,1708.86,854.43,2.5,1.0,0.0,10.0,0.2,3.5848081591677903,2,0
C00314,3.0,1071.76,357.25333333333333,4.333333333333333,0.0,0.0,34.0,0.08823529411764706,5.0,2,0
C00315,3.0,1954.2099999999998,651.4033333333333,4.0,1.0,2.0,61.0,0.04918032786885246,4.0,2,0
C00316,5.0,5723.05,1144.6100000000001,3.8,2.0,2.0,84.0,0.05952380952380952,4.75,1,0
C00317,6.0,8852.66,1475.4433333333334,2.5,3.0,2.0,47.0,0.1276595744680851,2.3333333333333335,1,0
C00318,5.0,6002.8,1200.56,5.0,1.0,2.0,52.0,0.09615384615384616,3.75,2,0
C00319,3.0,2317.61,772.5366666666667,4.666666666666667,1.0,1.0,49.0,0.061224489795918366,5.0,2,0
C00320,3.0,3328.99,1109.6633333333332,2.6666666666666665,1.0,1.0,62.0,0.04838709677419355,3.0,2,0
C00321,2.0,1586.7600000000002,793.3800000000001,3.5,1.0,0.0,26.0,0.07692307692307693,2.5,2,0
C00322,3.0,2875.5299999999997,958.5099999999999,4.0,0.0,1.0,14.0,0.21428571428571427,5.0,2,0
C00323,0.0,0.0,0.0,0.0,0.0,0.0,0.0,0.0,3.5848081591677903,2,-1
C00324,4.0,3639.24,909.81,2.0,1.0,2.0,59.0,0.06779661016949153,2.75,2,0
C00325,6.0,5918.27,986.3783333333334,3.1666666666666665,0.0,1.0,57.0,0.10526315789473684,4.333333333333333,2,0
C00326,2.0,1426.46,713.23,3.0,1.0,1.0,10.0,0.2,4.0,2,0
C00327,3.0,2514.98,838.3266666666667,1.6666666666666667,1.0,0.0,36.0,0.08333333333333333,2.6666666666666665,2,0
C00328,4.0,4780.3,1195.075,4.5,1.0,1.0,57.0,0.07017543859649122,3.75,2,0
C00329,8.0,8771.78,1096.4725,3.875,4.0,3.0,77.0,0.1038961038961039,4.0,1,0
C00330,7.0,6778.56,968.3657142857144,4.0,2.0,2.0,67.0,0.1044776119402985,3.0,1,0
C00331,6.0,6635.34,1105.89,4.5,4.0,2.0,77.0,0.07792207792207792,4.166666666666667,1,0
C00332,5.0,4500.33,900.066,3.6,3.0,0.0,55.0,0.09090909090909091,3.4,2,0
C00333,4.0,4721.04,1180.26,2.75,2.0,0.0,80.0,0.05,3.5,2,0
C00334,6.0,5008.929999999999,834.8216666666666,4.166666666666667,1.0,1.0,63.0,0.09523809523809523,4.6,2,0
C00335,5.0,5056.97,1011.394,3.6,1.0,2.0,30.0,0.16666666666666666,3.5,2,0
C00336,5.0,5951.71,1190.342,3.2,1.0,0.0,58.0,0.08620689655172414,2.8,2,0
C00337,1.0,1937.47,1937.47,5.0,0.0,0.0,1.0,1.0,3.5848081591677903,0,1
C00338,2.0,1284.37,642.185,2.0,2.0,0.0,56.0,0.03571428571428571,2.0,2,0
C00339,5.0,6346.54,1269.308,5.6,0.0,2.0,48.0,0.10416666666666667,4.5,2,0
C00340,5.0,4589.34,917.868,4.6,1.0,1.0,6.0,0.8333333333333334,3.75,0,-1
C00341,1.0,1137.22,1137.22,5.0,1.0,1.0,1.0,1.0,3.0,0,1
C00342,5.0,7304.87,1460.974,4.6,2.0,0.0,62.0,0.08064516129032258,3.5,2,0
C00343,3.0,3063.8,1021.2666666666668,4.0,0.0,2.0,84.0,0.03571428571428571,4.0,2,0
C00344,7.0,6353.41,907.63,3.142857142857143,0.0,1.0,67.0,0.1044776119402985,4.0,2,0
C00345,3.0,2797.47,932.4899999999999,1.6666666666666667,1.0,1.0,11.0,0.2727272727272727,3.6666666666666665,2,0
C00346,3.0,4177.02,1392.3400000000001,3.0,0.0,2.0,75.0,0.04,3.0,2,0
C00347,3.0,5442.22,1814.0733333333335,3.0,1.0,1.0,47.0,0.06382978723404255,5.0,2,0
C00348,8.0,7561.75,945.21875,3.25,2.0,2.0,87.0,0.09195402298850575,2.857142857142857,1,0
C00349,3.0,2848.17,949.39,3.6666666666666665,0.0,0.0,47.0,0.06382978723404255,4.0,2,0
C00350,5.0,6196.79,1239.358,3.8,2.0,2.0,64.0,0.078125,4.0,1,0
C00351,5.0,3865.55,773.11,4.0,2.0,0.0,35.0,0.14285714285714285,3.0,2,0
C00352,2.0,1180.45,590.225,1.5,1.0,0.0,38.0,0.05263157894736842,3.0,2,0
C00353,3.0,2560.66,853.5533333333333,4.666666666666667,2.0,0.0,51.0,0.058823529411764705,2.0,2,0
C00354,4.0,5847.280000000001,1461.8200000000002,3.75,1.0,0.0,55.0,0.07272727272727272,3.0,2,0
C00355,8.0,8396.16,1049.52,3.75,2.0,2.0,70.0,0.11428571428571428,4.25,1,0
C00356,3.0,3036.06,1012.02,4.666666666666667,0.0,0.0,37.0,0.08108108108108109,4.5,2,0
C00357,6.0,6823.3,1137.2166666666667,3.8333333333333335,1.0,1.0,76.0,0.07894736842105263,2.6666666666666665,1,0
C00358,4.0,4764.23,1191.0575,4.75,1.0,1.0,51.0,0.0784313725490196,3.0,2,0
C00359,4.0,5043.1900000000005,1260.7975000000001,3.75,1.0,2.0,37.0,0.10810810810810811,3.3333333333333335,2,0
C00360,6.0,3324.02,554.0033333333333,3.0,2.0,3.0,76.0,0.07894736842105263,4.2,1,0
C00361,5.0,4629.49,925.8979999999999,3.4,3.0,1.0,49.0,0.10204081632653061,4.6,2,0
C00362,2.0,1189.3799999999999,594.6899999999999,6.0,1.0,0.0,33.0,0.06060606060606061,3.0,2,0
C00363,4.0,6224.75,1556.1875,3.5,0.0,0.0,46.0,0.08695652173913043,4.0,2,0
C00364,3.0,4029.89,1343.2966666666666,4.333333333333333,1.0,1.0,69.0,0.043478260869565216,3.5,2,0
C00365,1.0,230.88,230.88,6.0,0.0,0.0,1.0,1.0,1.0,0,-1
C00366,6.0,6561.34,1093.5566666666666,3.6666666666666665,2.0,0.0,82.0,0.07317073170731707,3.75,2,0
C00367,7.0,6804.21,972.03,4.0,4.0,2.0,78.0,0.08974358974358974,2.0,1,0
C00368,10.0,12214.06,1221.406,4.2,4.0,2.0,57.0,0.17543859649122806,4.0,1,0
C00369,7.0,7620.49,1088.6414285714286,2.5714285714285716,5.0,2.0,66.0,0.10606060606060606,3.6666666666666665,1,0
C00370,3.0,3726.35,1242.1166666666666,3.3333333333333335,0.0,0.0,65.0,0.046153846153846156,4.0,2,0
C00371,4.0,4048.31,1012.0775,4.75,0.0,0.0,58.0,0.06896551724137931,4.0,2,0
C00372,8.0,8394.7,1049.3375,3.125,4.0,3.0,80.0,0.1,2.6666666666666665,1,0
C00373,3.0,3019.58,1006.5266666666666,1.6666666666666667,1.0,0.0,81.0,0.037037037037037035,3.3333333333333335,2,0
C00374,4.0,4675.83,1168.9575,4.0,1.0,2.0,61.0,0.06557377049180328,4.333333333333333,2,0
C00375,6.0,5301.13,883.5216666666666,4.5,2.0,0.0,79.0,0.0759493670886076,4.2,2,0
C00376,7.0,8480.89,1211.5557142857142,3.857142857142857,2.0,2.0,62.0,0.11290322580645161,3.6666666666666665,1,0
C00377,2.0,1159.1,579.55,1.5,0.0,1.0,12.0,0.16666666666666666,4.5,2,0
C00378,6.0,6955.0599999999995,1159.1766666666665,3.1666666666666665,2.0,1.0,51.0,0.11764705882352941,3.0,1,0
C00379,7.0,7329.68,1047.097142857143,3.142857142857143,0.0,3.0,82.0,0.08536585365853659,3.6666666666666665,1,0
C00380,5.0,4247.91,849.582,2.2,1.0,2.0,58.0,0.08620689655172414,3.25,2,0
C00381,4.0,6656.76,1664.19,4.5,1.0,2.0,33.0,0.12121212121212122,4.333333333333333,1,0
C00382,7.0,7474.76,1067.8228571428572,3.857142857142857,5.0,2.0,46.0,0.15217391304347827,4.166666666666667,1,0
C00383,5.0,4744.09,948.818,4.4,3.0,2.0,78.0,0.0641025641025641,3.6666666666666665,1,0
C00384,1.0,287.25,287.25,5.0,0.0,0.0,1.0,1.0,2.0,0,-1
C00385,4.0,5112.01,1278.0025,3.75,0.0,1.0,26.0,0.15384615384615385,4.5,2,0
C00386,4.0,3827.1499999999996,956.7874999999999,2.5,0.0,2.0,42.0,0.09523809523809523,4.666666666666667,2,0
C00387,5.0,3180.48,636.096,3.0,1.0,0.0,44.0,0.11363636363636363,3.0,2,0
C00388,3.0,2113.93,704.6433333333333,3.6666666666666665,1.0,0.0,48.0,0.0625,2.5,2,0
C00389,5.0,5421.47,1084.294,3.0,1.0,1.0,79.0,0.06329113924050633,4.666666666666667,2,0
C00390,4.0,4003.0800000000004,1000.7700000000001,2.5,0.0,1.0,68.0,0.058823529411764705,3.5,2,0
C00391,7.0,7237.1,1033.8714285714286,3.5714285714285716,2.0,2.0,85.0,0.08235294117647059,3.6666666666666665,1,0
C00392,7.0,7859.09,1122.7271428571428,3.5714285714285716,1.0,0.0,68.0,0.10294117647058823,2.3333333333333335,1,0
C00393,6.0,8910.84,1485.14,3.5,0.0,2.0,22.0,0.2727272727272727,3.75,1,0
C00394,6.0,5648.02,941.3366666666667,3.1666666666666665,2.0,2.0,74.0,0.08108108108108109,4.75,1,0
C00395,6.0,7311.34,1218.5566666666666,4.333333333333333,3.0,2.0,69.0,0.08695652173913043,4.5,1,0
C00396,6.0,7692.47,1282.0783333333334,3.1666666666666665,5.0,1.0,85.0,0.07058823529411765,4.25,1,0
C00397,8.0,8251.77,1031.47125,3.0,4.0,3.0,70.0,0.11428571428571428,3.8333333333333335,1,0
C00398,4.0,3970.8999999999996,992.7249999999999,3.75,2.0,0.0,59.0,0.06779661016949153,2.5,2,0
C00399,13.0,13903.96,1069.5353846153846,3.6923076923076925,3.0,7.0,85.0,0.15294117647058825,3.6363636363636362,1,-1
C00400,5.0,7073.01,1414.602,2.4,3.0,3.0,50.0,0.1,5.0,1,0
C00401,5.0,4790.12,958.024,4.8,2.0,1.0,60.0,0.08333333333333333,4.0,2,0
C00402,3.0,1882.9199999999998,627.64,2.0,1.0,1.0,74.0,0.04054054054054054,4.5,2,0
C00403,5.0,6489.88,1297.976,2.6,2.0,0.0,46.0,0.10869565217391304,1.5,2,0
C00404,6.0,5635.34,939.2233333333334,3.1666666666666665,1.0,3.0,60.0,0.1,3.75,1,0
C00405,7.0,7255.24,1036.462857142857,4.571428571428571,2.0,1.0,69.0,0.10144927536231885,4.0,1,0
C00406,4.0,5416.72,1354.18,4.75,1.0,0.0,46.0,0.08695652173913043,4.0,2,0
C00407,2.0,3028.8900000000003,1514.4450000000002,5.5,0.0,0.0,23.0,0.08695652173913043,3.5,2,0
C00408,6.0,3721.08,620.18,3.8333333333333335,2.0,2.0,83.0,0.07228915662650602,3.2,2,0
C00409,2.0,3090.77,1545.385,4.0,1.0,1.0,9.0,0.2222222222222222,4.0,2,0
C00410,3.0,2212.87,737.6233333333333,3.6666666666666665,1.0,1.0,53.0,0.05660377358490566,3.0,2,0
C00411,3.0,2123.3,707.7666666666668,3.6666666666666665,1.0,1.0,54.0,0.05555555555555555,4.5,2,0
C00412,8.0,7575.23,946.90375,4.0,5.0,2.0,81.0,0.09876543209876543,4.0,1,0
C00413,3.0,3327.13,1109.0433333333333,3.6666666666666665,0.0,1.0,72.0,0.041666666666666664,3.0,2,0
C00414,6.0,8496.26,1416.0433333333333,2.1666666666666665,2.0,2.0,68.0,0.08823529411764706,4.333333333333333,1,0
C00415,6.0,6834.41,1139.0683333333334,2.1666666666666665,3.0,2.0,57.0,0.10526315789473684,3.6666666666666665,1,0
C00416,5.0,4520.9400000000005,904.1880000000001,3.6,3.0,3.0,65.0,0.07692307692307693,2.2,1,0
C00417,3.0,4171.27,1390.4233333333334,2.0,0.0,2.0,61.0,0.04918032786885246,5.0,2,0
C00418,2.0,2201.1099999999997,1100.5549999999998,4.5,0.0,1.0,35.0,0.05714285714285714,5.0,2,0
C00419,4.0,4439.98,1109.995,4.5,3.0,0.0,49.0,0.08163265306122448,4.0,2,0
C00420,9.0,11980.49,1331.1655555555556,3.3333333333333335,4.0,1.0,81.0,0.1111111111111111,3.8,1,0
C00421,5.0,6155.05,1231.01,3.6,2.0,0.0,40.0,0.125,4.666666666666667,2,0
C00422,4.0,3620.15,905.0375,3.5,2.0,1.0,49.0,0.08163265306122448,4.5,2,0
C00423,9.0,10843.44,1204.8266666666668,3.5555555555555554,4.0,3.0,63.0,0.14285714285714285,2.5,1,0
C00424,4.0,3779.9799999999996,944.9949999999999,1.75,1.0,0.0,72.0,0.05555555555555555,4.333333333333333,2,0
C00425,2.0,2527.99,1263.995,3.5,0.0,1.0,12.0,0.16666666666666666,3.5,2,0
C00426,10.0,8993.82,899.382,3.8,3.0,3.0,82.0,0.12195121951219512,3.25,1,0
C00427,7.0,8386.42,1198.06,3.5714285714285716,4.0,4.0,48.0,0.14583333333333334,3.3333333333333335,1,0
C00428,9.0,7991.5199999999995,887.9466666666666,3.111111111111111,4.0,1.0,75.0,0.12,3.8333333333333335,1,0
C00429,2.0,1851.6399999999999,925.8199999999999,1.0,2.0,1.0,43.0,0.046511627906976744,4.5,2,0
C00430,4.0,3751.9199999999996,937.9799999999999,4.75,1.0,1.0,85.0,0.047058823529411764,4.5,2,0
C00431,6.0,7003.25,1167.2083333333333,3.3333333333333335,3.0,1.0,56.0,0.10714285714285714,3.3333333333333335,1,0
C00432,5.0,5263.01,1052.602,3.6,3.0,2.0,65.0,0.07692307692307693,4.0,1,0
C00433,1.0,683.84,683.84,6.0,1.0,0.0,1.0,1.0,4.0,0,1
C00434,5.0,5462.86,1092.572,4.0,4.0,1.0,55.0,0.09090909090909091,4.333333333333333,1,0
C00435,5.0,6834.72,1366.944,3.2,2.0,2.0,50.0,0.1,3.5,1,0
C00436,2.0,1483.52,741.76,4.5,1.0,0.0,39.0,0.05128205128205128,3.5848081591677903,2,0
C00437,3.0,2925.59,975.1966666666667,4.666666666666667,1.0,1.0,48.0,0.0625,5.0,2,0
C00438,5.0,2723.95,544.79,5.2,1.0,0.0,81.0,0.06172839506172839,3.25,2,0
C00439,3.0,4874.280000000001,1624.7600000000002,2.6666666666666665,2.0,1.0,52.0,0.057692307692307696,3.6666666666666665,2,0
C00440,6.0,5772.57,962.0949999999999,3.8333333333333335,1.0,1.0,33.0,0.18181818181818182,3.1666666666666665,2,0
C00441,9.0,10061.0,1117.888888888889,3.2222222222222223,6.0,2.0,58.0,0.15517241379310345,3.2857142857142856,1,0
C00442,3.0,2897.11,965.7033333333334,3.3333333333333335,2.0,2.0,50.0,0.06,3.0,2,0
C00443,5.0,3986.75,797.35,4.2,0.0,3.0,39.0,0.1282051282051282,3.6666666666666665,2,0
C00444,9.0,6396.360000000001,710.7066666666667,4.0,1.0,1.0,68.0,0.1323529411764706,4.142857142857143,1,0
C00445,2.0,3297.45,1648.725,3.5,1.0,0.0,8.0,0.25,4.0,2,0
C00446,8.0,6682.29,835.28625,3.125,1.0,3.0,71.0,0.11267605633802817,3.5,1,0
C00447,5.0,6377.29,1275.458,3.6,1.0,3.0,71.0,0.07042253521126761,3.6,1,0
C00448,2.0,1608.7,804.35,5.0,1.0,1.0,9.0,0.2222222222222222,4.5,2,0
C00449,3.0,1770.79,590.2633333333333,4.333333333333333,1.0,0.0,62.0,0.04838709677419355,3.0,2,0
C00450,10.0,9746.05,974.6049999999999,3.8,5.0,2.0,85.0,0.11764705882352941,3.2857142857142856,1,0
C00451,3.0,2557.62,852.54,2.0,0.0,2.0,34.0,0.08823529411764706,3.3333333333333335,2,0
C00452,2.0,3179.8,1589.9,3.0,1.0,2.0,11.0,0.18181818181818182,2.0,2,0
C00453,8.0,7695.45,961.93125,3.75,2.0,4.0,75.0,0.10666666666666667,3.75,1,0
C00454,3.0,3592.88,1197.6266666666668,2.0,2.0,0.0,54.0,0.05555555555555555,1.0,2,0
C00455,5.0,3506.14,701.228,2.6,0.0,2.0,86.0,0.05813953488372093,3.0,2,0
C00456,4.0,4019.2400000000002,1004.8100000000001,4.0,1.0,3.0,58.0,0.06896551724137931,3.6666666666666665,2,0
C00457,4.0,4667.74,1166.935,2.75,2.0,3.0,34.0,0.11764705882352941,3.3333333333333335,1,0
C00458,7.0,8944.02,1277.717142857143,2.5714285714285716,3.0,2.0,80.0,0.0875,3.857142857142857,1,0
C00459,3.0,3269.66,1089.8866666666665,3.3333333333333335,3.0,1.0,83.0,0.03614457831325301,4.5,2,0
C00460,3.0,2048.4500000000003,682.8166666666667,4.666666666666667,0.0,1.0,22.0,0.13636363636363635,3.0,2,0
C00461,1.0,545.77,545.77,1.0,1.0,0.0,1.0,1.0,4.0,0,-1
C00462,6.0,4577.9,762.9833333333332,3.1666666666666665,2.0,1.0,77.0,0.07792207792207792,3.5,2,0
C00463,6.0,7074.95,1179.1583333333333,3.1666666666666665,1.0,1.0,81.0,0.07407407407407407,4.0,1,0
C00464,5.0,4937.8099999999995,987.5619999999999,2.6,2.0,1.0,62.0,0.08064516129032258,3.3333333333333335,2,0
C00465,8.0,6039.74,754.9675,3.125,2.0,3.0,79.0,0.10126582278481013,3.5,1,0
C00466,10.0,15455.94,1545.594,3.6,2.0,1.0,56.0,0.17857142857142858,4.0,1,0
C00467,3.0,3722.0,1240.6666666666667,4.333333333333333,1.0,1.0,65.0,0.046153846153846156,2.0,2,0
C00468,5.0,3917.33,783.466,2.2,1.0,1.0,74.0,0.06756756756756757,3.5,2,0
C00469,2.0,2084.88,1042.44,1.5,1.0,1.0,66.0,0.030303030303030304,4.0,2,0
C00470,4.0,5778.12,1444.53,5.0,1.0,0.0,27.0,0.14814814814814814,3.0,2,0
C00471,3.0,4503.4,1501.1333333333332,2.3333333333333335,1.0,1.0,37.0,0.08108108108108109,4.0,2,0
C00472,2.0,1193.78,596.89,3.5,1.0,1.0,39.0,0.05128205128205128,3.0,2,0
C00473,5.0,4524.04,904.808,3.0,0.0,2.0,79.0,0.06329113924050633,3.0,2,0
C00474,8.0,8513.78,1064.2225,3.875,3.0,3.0,61.0,0.13114754098360656,3.0,1,0
C00475,7.0,6305.15,900.7357142857143,3.7142857142857144,1.0,1.0,79.0,0.08860759493670886,4.0,1,0
C00476,6.0,6236.37,1039.395,4.0,2.0,0.0,60.0,0.1,3.6666666666666665,2,0
C00477,3.0,1776.0100000000002,592.0033333333334,2.6666666666666665,1.0,0.0,74.0,0.04054054054054054,4.5,2,0
C00478,6.0,6671.94,1111.99,3.6666666666666665,1.0,2.0,51.0,0.11764705882352941,3.6666666666666665,1,0
C00479,2.0,1542.02,771.01,4.0,0.0,1.0,33.0,0.06060606060606061,3.5848081591677903,2,0
C00480,4.0,5691.15,1422.7875,5.0,0.0,0.0,38.0,0.10526315789473684,3.0,2,0
C00481,3.0,2283.6099999999997,761.2033333333333,4.0,3.0,1.0,57.0,0.05263157894736842,4.666666666666667,2,0
C00482,5.0,4061.3500000000004,812.2700000000001,4.0,3.0,2.0,73.0,0.0684931506849315,3.0,1,0
C00483,8.0,6685.0,835.625,4.375,1.0,2.0,86.0,0.09302325581395349,3.0,1,0
C00484,9.0,8695.73,966.1922222222222,4.111111111111111,2.0,4.0,86.0,0.10465116279069768,4.375,1,0
C00485,0.0,0.0,0.0,0.0,0.0,0.0,0.0,0.0,3.5848081591677903,2,-1
C00486,3.0,3209.1,1069.7,2.6666666666666665,1.0,0.0,28.0,0.10714285714285714,4.5,2,0
C00487,2.0,1851.78,925.89,4.0,1.0,0.0,40.0,0.05,3.0,2,0
C00488,5.0,5268.74,1053.748,3.2,2.0,0.0,73.0,0.0684931506849315,2.75,2,0
C00489,5.0,7061.71,1412.342,2.8,0.0,0.0,71.0,0.07042253521126761,4.25,2,0
C00490,3.0,1652.37,550.79,3.6666666666666665,0.0,1.0,37.0,0.08108108108108109,4.0,2,0
C00491,3.0,3629.75,1209.9166666666667,2.0,1.0,2.0,33.0,0.09090909090909091,4.0,2,0
C00492,4.0,2365.71,591.4275,2.25,2.0,0.0,52.0,0.07692307692307693,3.0,2,0
C00493,6.0,6131.57,1021.9283333333333,2.8333333333333335,3.0,2.0,78.0,0.07692307692307693,3.2,1,0
C00494,4.0,3369.92,842.48,2.75,1.0,1.0,38.0,0.10526315789473684,3.6666666666666665,2,0
C00495,6.0,5788.4400000000005,964.7400000000001,3.3333333333333335,2.0,1.0,50.0,0.12,4.333333333333333,1,0
C00496,3.0,2632.53,877.5100000000001,4.333333333333333,2.0,1.0,22.0,0.13636363636363635,4.0,2,0
C00497,3.0,1921.88,640.6266666666667,3.3333333333333335,1.0,0.0,29.0,0.10344827586206896,4.5,2,0
C00498,8.0,9965.98,1245.7475,3.25,1.0,5.0,50.0,0.16,3.4285714285714284,1,0
C00499,3.0,4138.48,1379.493333333333,3.6666666666666665,1.0,1.0,51.0,0.058823529411764705,3.6666666666666665,2,0
C00500,4.0,4160.42,1040.105,3.25,2.0,1.0,57.0,0.07017543859649122,3.5,2,0
C00501,3.0,2137.54,712.5133333333333,5.333333333333333,2.0,0.0,57.0,0.05263157894736842,3.0,2,0
C00502,4.0,4037.9500000000003,1009.4875000000001,3.5,0.0,1.0,64.0,0.0625,4.666666666666667,2,0
C00503,4.0,5812.67,1453.1675,2.25,0.0,1.0,56.0,0.07142857142857142,4.25,2,0
C00504,8.0,7954.49,994.31125,2.25,1.0,2.0,75.0,0.10666666666666667,3.8,1,0
C00505,0.0,0.0,0.0,0.0,0.0,0.0,0.0,0.0,3.5848081591677903,2,-1
C00506,6.0,8752.06,1458.6766666666665,4.333333333333333,2.0,3.0,77.0,0.07792207792207792,4.0,1,0
C00507,4.0,5594.09,1398.5225,2.75,1.0,0.0,77.0,0.05194805194805195,4.0,2,0
C00508,6.0,4636.71,772.785,3.6666666666666665,4.0,2.0,82.0,0.07317073170731707,3.6666666666666665,1,0
C00509,10.0,11496.89,1149.6889999999999,2.0,3.0,2.0,68.0,0.14705882352941177,3.888888888888889,1,0
C00510,2.0,941.6700000000001,470.83500000000004,5.0,0.0,1.0,24.0,0.08333333333333333,3.5,2,0
C00511,10.0,9790.99,979.0989999999999,3.3,3.0,4.0,53.0,0.18867924528301888,2.857142857142857,1,0
C00512,8.0,6337.13,792.14125,3.5,3.0,3.0,78.0,0.10256410256410256,4.666666666666667,1,0
C00513,2.0,3295.19,1647.595,5.5,0.0,0.0,24.0,0.08333333333333333,4.0,2,0
C00514,2.0,2501.0,1250.5,3.5,0.0,1.0,50.0,0.04,3.5,2,0
C00515,6.0,5106.92,851.1533333333333,3.6666666666666665,2.0,1.0,49.0,0.12244897959183673,4.2,2,0
C00516,10.0,10522.960000000001,1052.296,3.6,1.0,5.0,82.0,0.12195121951219512,4.125,1,0
C00517,4.0,3124.74,781.185,4.0,0.0,1.0,55.0,0.07272727272727272,4.0,2,0
C00518,11.0,12061.400000000001,1096.4909090909093,4.818181818181818,4.0,3.0,76.0,0.14473684210526316,4.0,1,0
C00519,6.0,5836.23,972.7049999999999,4.833333333333333,1.0,1.0,41.0,0.14634146341463414,3.0,2,0
C00520,5.0,7119.23,1423.846,3.2,3.0,2.0,67.0,0.07462686567164178,2.6,1,0
C00521,4.0,4035.48,1008.87,3.25,2.0,2.0,77.0,0.05194805194805195,4.5,2,0
C00522,8.0,8632.31,1079.03875,4.0,0.0,1.0,66.0,0.12121212121212122,3.0,1,0
C00523,2.0,2188.1499999999996,1094.0749999999998,4.5,0.0,2.0,16.0,0.125,1.5,2,0
C00524,2.0,2216.39,1108.195,3.5,2.0,0.0,41.0,0.04878048780487805,3.0,2,0
C00525,6.0,6715.9,1119.3166666666666,3.0,4.0,3.0,66.0,0.09090909090909091,3.3333333333333335,1,0
C00526,4.0,5126.33,1281.5825,2.25,1.0,2.0,50.0,0.08,1.5,2,0
C00527,8.0,8929.91,1116.23875,3.625,3.0,2.0,75.0,0.10666666666666667,3.2,1,0
C00528,8.0,7222.08,902.76,2.875,5.0,2.0,78.0,0.10256410256410256,3.8333333333333335,1,0
C00529,3.0,2619.1,873.0333333333333,1.6666666666666667,1.0,0.0,44.0,0.06818181818181818,5.0,2,0
C00530,4.0,2993.6,748.4,3.25,1.0,1.0,62.0,0.06451612903225806,4.666666666666667,2,0
C00531,10.0,10485.86,1048.586,3.3,4.0,4.0,71.0,0.14084507042253522,3.1666666666666665,1,0
C00532,1.0,1380.77,1380.77,5.0,0.0,0.0,1.0,1.0,3.5848081591677903,0,1
C00533,4.0,6298.0599999999995,1574.5149999999999,2.5,1.0,0.0,39.0,0.10256410256410256,3.0,2,0
C00534,6.0,6914.87,1152.4783333333332,3.0,1.0,2.0,72.0,0.08333333333333333,3.5,1,0
C00535,4.0,3535.23,883.8075,2.75,0.0,0.0,65.0,0.06153846153846154,3.5,2,0
C00536,5.0,6503.54,1300.708,4.2,3.0,2.0,55.0,0.09090909090909091,3.75,1,0
C00537,3.0,3773.5699999999997,1257.8566666666666,3.3333333333333335,1.0,2.0,18.0,0.16666666666666666,3.6666666666666665,2,0
C00538,2.0,2649.24,1324.62,3.5,1.0,1.0,34.0,0.058823529411764705,4.5,2,0
C00539,2.0,3405.55,1702.775,1.5,0.0,0.0,21.0,0.09523809523809523,3.0,2,0
C00540,3.0,3145.33,1048.4433333333334,4.0,2.0,1.0,27.0,0.1111111111111111,3.0,2,0
C00541,2.0,1219.72,609.86,4.5,2.0,0.0,13.0,0.15384615384615385,3.5,2,0
C00542,7.0,9476.78,1353.8257142857144,2.4285714285714284,2.0,2.0,74.0,0.0945945945945946,3.3333333333333335,1,0
C00543,5.0,4811.97,962.394,2.4,1.0,3.0,33.0,0.15151515151515152,4.0,2,0
C00544,4.0,5573.34,1393.335,2.5,0.0,0.0,25.0,0.16,4.666666666666667,2,0
C00545,2.0,2511.21,1255.605,2.5,1.0,0.0,14.0,0.14285714285714285,1.5,2,0
C00546,3.0,4937.46,1645.82,2.6666666666666665,0.0,0.0,69.0,0.043478260869565216,3.5,2,0
C00547,3.0,2683.4500000000003,894.4833333333335,2.6666666666666665,1.0,0.0,47.0,0.06382978723404255,3.6666666666666665,2,0
C00548,4.0,3386.48,846.62,3.0,1.0,1.0,59.0,0.06779661016949153,3.5,2,0
C00549,3.0,1938.02,646.0066666666667,2.0,3.0,1.0,71.0,0.04225352112676056,4.0,2,0
C00550,6.0,6554.0,1092.3333333333333,3.6666666666666665,3.0,0.0,79.0,0.0759493670886076,3.5,1,0
C00551,2.0,2601.3900000000003,1300.6950000000002,1.5,1.0,0.0,61.0,0.03278688524590164,1.5,2,0
C00552,4.0,5255.96,1313.99,4.75,0.0,1.0,22.0,0.18181818181818182,4.0,2,0
C00553,5.0,2750.75,550.15,4.2,0.0,2.0,25.0,0.2,4.25,2,0
C00554,5.0,5517.04,1103.408,2.8,2.0,0.0,48.0,0.10416666666666667,4.25,2,0
C00555,4.0,5805.94,1451.485,3.5,0.0,1.0,62.0,0.06451612903225806,4.0,2,0
C00556,4.0,3932.24,983.06,3.5,4.0,1.0,51.0,0.0784313725490196,3.0,2,0
C00557,6.0,4982.38,830.3966666666666,2.1666666666666665,1.0,0.0,57.0,0.10526315789473684,4.0,2,0
C00558,2.0,2274.7799999999997,1137.3899999999999,2.5,0.0,2.0,16.0,0.125,4.0,2,0
C00559,5.0,6533.98,1306.7959999999998,3.4,3.0,1.0,52.0,0.09615384615384616,3.2,1,0
C00560,4.0,4769.32,1192.33,4.0,1.0,1.0,34.0,0.11764705882352941,3.0,2,0
C00561,8.0,9686.95,1210.86875,3.75,2.0,2.0,74.0,0.10810810810810811,4.6,1,0
C00562,8.0,5934.15,741.76875,2.25,2.0,0.0,70.0,0.11428571428571428,3.0,1,0
C00563,4.0,4440.15,1110.0375,4.25,0.0,0.0,45.0,0.08888888888888889,3.0,2,0
C00564,6.0,5575.39,929.2316666666667,2.0,2.0,2.0,83.0,0.07228915662650602,2.75,1,0
C00565,7.0,9392.72,1341.8171428571427,3.7142857142857144,3.0,4.0,88.0,0.07954545454545454,3.3333333333333335,1,0
C00566,4.0,7009.09,1752.2725,3.5,1.0,2.0,69.0,0.057971014492753624,3.3333333333333335,1,0
C00567,8.0,7253.29,906.66125,3.375,2.0,2.0,77.0,0.1038961038961039,3.0,1,0
C00568,7.0,7370.61,1052.9442857142856,3.0,3.0,1.0,86.0,0.08139534883720931,1.8,1,0
C00569,4.0,4096.33,1024.0825,3.25,2.0,0.0,41.0,0.0975609756097561,4.5,2,0
C00570,5.0,4219.85,843.97,4.6,0.0,1.0,79.0,0.06329113924050633,3.6666666666666665,2,0
C00571,5.0,5793.7,1158.74,3.4,2.0,0.0,66.0,0.07575757575757576,3.25,2,0
C00572,2.0,330.03999999999996,165.01999999999998,5.5,1.0,1.0,18.0,0.1111111111111111,4.5,2,0
C00573,5.0,4209.62,841.924,3.2,2.0,1.0,44.0,0.11363636363636363,4.0,2,0
C00574,1.0,1929.95,1929.95,2.0,0.0,0.0,1.0,1.0,5.0,0,-1
C00575,5.0,6987.54,1397.508,3.4,0.0,3.0,65.0,0.07692307692307693,3.75,1,0
C00576,5.0,4470.73,894.146,3.6,2.0,1.0,50.0,0.1,3.0,2,0
C00577,4.0,4068.41,1017.1025,2.5,0.0,1.0,58.0,0.06896551724137931,4.25,2,0
C00578,3.0,3250.09,1083.3633333333335,3.0,0.0,2.0,63.0,0.047619047619047616,3.3333333333333335,2,0
C00579,6.0,7776.52,1296.0866666666668,4.833333333333333,2.0,1.0,70.0,0.08571428571428572,4.0,1,0
C00580,9.0,11134.86,1237.2066666666667,3.5555555555555554,2.0,2.0,70.0,0.12857142857142856,3.625,1,0
C00581,8.0,11577.07,1447.13375,3.375,3.0,5.0,51.0,0.1568627450980392,4.333333333333333,1,0
C00582,2.0,2736.42,1368.21,3.5,1.0,1.0,48.0,0.041666666666666664,5.0,2,0
C00583,6.0,6557.38,1092.8966666666668,3.6666666666666665,1.0,2.0,60.0,0.1,4.25,1,0
C00584,7.0,9409.16,1344.1657142857143,3.2857142857142856,6.0,2.0,77.0,0.09090909090909091,2.6,1,0
C00585,3.0,3363.3900000000003,1121.13,2.3333333333333335,0.0,3.0,50.0,0.06,2.3333333333333335,2,0
C00586,5.0,4350.15,870.03,3.8,2.0,0.0,75.0,0.06666666666666667,3.25,2,0
C00587,6.0,7525.01,1254.1683333333333,4.5,1.0,2.0,54.0,0.1111111111111111,3.0,1,0
C00588,4.0,5130.96,1282.74,4.5,1.0,0.0,51.0,0.0784313725490196,4.0,2,0
C00589,6.0,4670.29,778.3816666666667,4.833333333333333,3.0,1.0,78.0,0.07692307692307693,3.6,1,0
C00590,8.0,7978.93,997.36625,4.125,2.0,1.0,72.0,0.1111111111111111,3.6666666666666665,1,0
C00591,5.0,6066.86,1213.3719999999998,4.2,1.0,1.0,55.0,0.09090909090909091,3.3333333333333335,2,0
C00592,6.0,5820.77,970.1283333333334,4.333333333333333,2.0,3.0,68.0,0.08823529411764706,2.0,1,0
C00593,5.0,6871.23,1374.2459999999999,3.4,2.0,1.0,77.0,0.06493506493506493,3.6666666666666665,1,0
C00594,1.0,589.64,589.64,6.0,0.0,0.0,1.0,1.0,3.5848081591677903,0,1
C00595,5.0,4107.52,821.5040000000001,4.2,0.0,0.0,58.0,0.08620689655172414,3.0,2,0
C00596,3.0,2635.9300000000003,878.6433333333334,2.6666666666666665,0.0,1.0,67.0,0.04477611940298507,3.5,2,0
C00597,2.0,2798.38,1399.19,4.5,1.0,0.0,12.0,0.16666666666666666,1.0,2,0
C00598,5.0,4043.2299999999996,808.646,4.4,2.0,0.0,71.0,0.07042253521126761,4.333333333333333,2,0
C00599,6.0,6512.4,1085.3999999999999,4.333333333333333,4.0,1.0,28.0,0.21428571428571427,4.0,1,0
C00600,6.0,3462.79,577.1316666666667,3.5,0.0,3.0,60.0,0.1,4.5,2,0
C00601,4.0,2456.58,614.145,3.25,0.0,1.0,61.0,0.06557377049180328,3.0,2,0
C00602,4.0,3538.1,884.525,3.0,2.0,1.0,56.0,0.07142857142857142,4.0,2,0
C00603,3.0,3007.6800000000003,1002.5600000000001,3.3333333333333335,1.0,2.0,22.0,0.13636363636363635,5.0,2,0
C00604,2.0,1678.49,839.245,5.0,2.0,0.0,28.0,0.07142857142857142,5.0,2,0
C00605,4.0,3036.41,759.1025,3.75,2.0,1.0,62.0,0.06451612903225806,4.0,2,0
C00606,7.0,5050.56,721.5085714285715,4.857142857142857,2.0,3.0,76.0,0.09210526315789473,3.3333333333333335,1,0
C00607,2.0,1491.5,745.75,2.5,1.0,2.0,19.0,0.10526315789473684,3.0,2,0
C00608,6.0,5491.68,915.2800000000001,4.666666666666667,2.0,2.0,47.0,0.1276595744680851,3.5,1,0
C00609,4.0,5878.44,1469.61,4.25,2.0,0.0,13.0,0.3076923076923077,2.75,2,0
C00610,4.0,5886.94,1471.735,3.25,0.0,1.0,58.0,0.06896551724137931,3.0,2,0
C00611,1.0,1019.01,1019.01,5.0,0.0,1.0,1.0,1.0,5.0,0,1
C00612,6.0,7616.87,1269.4783333333332,4.0,2.0,4.0,66.0,0.09090909090909091,4.0,1,0
C00613,3.0,4118.67,1372.89,2.6666666666666665,2.0,1.0,77.0,0.03896103896103896,3.3333333333333335,2,0
C00614,8.0,9104.96,1138.12,3.25,3.0,5.0,57.0,0.14035087719298245,2.5,1,0
C00615,4.0,5747.87,1436.9675,1.25,1.0,1.0,35.0,0.11428571428571428,3.5,2,0
C00616,6.0,6078.55,1013.0916666666667,3.8333333333333335,1.0,1.0,44.0,0.13636363636363635,3.25,2,0
C00617,4.0,3510.49,877.6225,3.0,3.0,1.0,56.0,0.07142857142857142,2.3333333333333335,2,0
C00618,6.0,6292.8,1048.8,4.0,2.0,1.0,31.0,0.1935483870967742,3.0,1,0
C00619,5.0,6630.98,1326.196,3.8,2.0,1.0,45.0,0.1111111111111111,4.0,1,0
C00620,5.0,6924.5599999999995,1384.9119999999998,3.4,1.0,2.0,48.0,0.10416666666666667,3.75,1,0
C00621,7.0,7221.61,1031.6585714285713,3.4285714285714284,2.0,1.0,73.0,0.0958904109589041,3.8,1,0
C00622,4.0,3584.36,896.09,3.75,2.0,0.0,57.0,0.07017543859649122,4.0,2,0
C00623,7.0,8148.13,1164.0185714285715,3.2857142857142856,1.0,0.0,79.0,0.08860759493670886,4.5,1,0
C00624,6.0,4927.37,821.2283333333334,2.6666666666666665,0.0,1.0,65.0,0.09230769230769231,3.0,2,0
C00625,6.0,7655.09,1275.8483333333334,3.0,1.0,2.0,34.0,0.17647058823529413,4.0,1,0
C00626,7.0,6738.62,962.66,3.4285714285714284,4.0,0.0,36.0,0.19444444444444445,4.428571428571429,1,0
C00627,9.0,7644.66,849.4066666666666,3.2222222222222223,3.0,1.0,84.0,0.10714285714285714,3.142857142857143,1,0
C00628,7.0,6826.35,975.1928571428572,3.5714285714285716,1.0,1.0,69.0,0.10144927536231885,2.8,1,0
C00629,2.0,2756.4,1378.2,3.5,1.0,1.0,3.0,0.6666666666666666,1.5,0,-1
C00630,4.0,2355.8,588.95,4.0,1.0,1.0,73.0,0.0547945205479452,4.333333333333333,2,0
C00631,4.0,4306.139999999999,1076.5349999999999,5.25,1.0,1.0,47.0,0.0851063829787234,4.0,2,0
C00632,5.0,5019.04,1003.808,4.6,1.0,0.0,80.0,0.0625,2.6666666666666665,2,0
C00633,6.0,8035.4400000000005,1339.24,3.3333333333333335,2.0,3.0,66.0,0.09090909090909091,3.5,1,0
C00634,6.0,6352.05,1058.675,3.1666666666666665,1.0,2.0,73.0,0.0821917808219178,2.6666666666666665,1,0
C00635,4.0,5026.17,1256.5425,2.75,1.0,2.0,65.0,0.06153846153846154,4.5,2,0
C00636,2.0,1915.46,957.73,1.5,1.0,1.0,12.0,0.16666666666666666,3.5848081591677903,2,0
C00637,3.0,3784.3,1261.4333333333334,3.3333333333333335,0.0,2.0,44.0,0.06818181818181818,1.0,2,0
C00638,8.0,7024.9400000000005,878.1175000000001,3.375,5.0,2.0,85.0,0.09411764705882353,4.333333333333333,1,0
C00639,5.0,5690.09,1138.018,2.8,3.0,3.0,82.0,0.06097560975609756,4.0,1,0
C00640,3.0,2812.88,937.6266666666667,3.3333333333333335,1.0,0.0,62.0,0.04838709677419355,4.0,2,0
C00641,4.0,4653.32,1163.33,3.25,1.0,3.0,52.0,0.07692307692307693,4.5,2,0
C00642,4.0,3480.6099999999997,870.1524999999999,5.0,0.0,0.0,25.0,0.16,3.75,2,0
C00643,3.0,2326.62,775.54,3.3333333333333335,1.0,0.0,51.0,0.058823529411764705,2.0,2,0
C00644,4.0,4173.71,1043.4275,3.75,1.0,1.0,37.0,0.10810810810810811,3.75,2,0
C00645,3.0,3507.3199999999997,1169.1066666666666,4.666666666666667,2.0,1.0,51.0,0.058823529411764705,2.5,2,0
C00646,4.0,5644.43,1411.1075,3.75,0.0,1.0,77.0,0.05194805194805195,3.0,2,0
C00647,5.0,5208.99,1041.798,4.2,2.0,0.0,74.0,0.06756756756756757,3.6666666666666665,2,0
C00648,3.0,2560.8,853.6,4.666666666666667,1.0,0.0,81.0,0.037037037037037035,4.5,2,0
C00649,10.0,12833.46,1283.346,5.1,2.0,3.0,50.0,0.2,3.7142857142857144,1,0
C00650,5.0,6289.0,1257.8,5.2,3.0,1.0,41.0,0.12195121951219512,4.0,1,0
C00651,3.0,3341.65,1113.8833333333334,3.3333333333333335,1.0,1.0,38.0,0.07894736842105263,3.0,2,0
C00652,4.0,3701.58,925.395,4.75,1.0,1.0,47.0,0.0851063829787234,3.75,2,0
C00653,4.0,3459.8500000000004,864.9625000000001,4.5,2.0,0.0,45.0,0.08888888888888889,3.6666666666666665,2,0
C00654,5.0,6425.94,1285.1879999999999,4.6,2.0,1.0,38.0,0.13157894736842105,3.0,1,0
C00655,8.0,9322.95,1165.36875,3.0,0.0,2.0,63.0,0.12698412698412698,4.166666666666667,1,0
C00656,3.0,4536.42,1512.14,3.6666666666666665,1.0,2.0,45.0,0.06666666666666667,3.3333333333333335,2,0
C00657,6.0,6185.3,1030.8833333333334,2.1666666666666665,2.0,1.0,26.0,0.23076923076923078,4.0,1,0
C00658,5.0,4056.86,811.3720000000001,4.0,1.0,1.0,83.0,0.060240963855421686,3.25,2,0
C00659,4.0,4520.71,1130.1775,3.25,0.0,1.0,20.0,0.2,4.25,2,0
C00660,3.0,2954.12,984.7066666666666,2.3333333333333335,0.0,0.0,60.0,0.05,1.3333333333333333,2,0
C00661,6.0,6181.05,1030.175,2.6666666666666665,1.0,2.0,81.0,0.07407407407407407,5.0,1,0
C00662,2.0,1751.49,875.745,5.0,0.0,0.0,15.0,0.13333333333333333,3.5848081591677903,2,0
C00663,7.0,5854.139999999999,836.3057142857142,4.714285714285714,1.0,2.0,56.0,0.125,3.8,1,0
C00664,5.0,5696.12,1139.224,4.4,1.0,0.0,68.0,0.07352941176470588,3.8,2,0
C00665,4.0,3521.14,880.285,5.25,1.0,0.0,40.0,0.1,4.0,2,0
C00666,5.0,7518.76,1503.752,2.2,0.0,0.0,67.0,0.07462686567164178,3.6666666666666665,2,0
C00667,5.0,6348.0,1269.6,2.4,2.0,0.0,59.0,0.0847457627118644,2.3333333333333335,2,0
C00668,2.0,2515.0,1257.5,2.5,0.0,0.0,31.0,0.06451612903225806,3.5848081591677903,2,0
C00669,6.0,5362.97,893.8283333333334,3.0,3.0,2.0,68.0,0.08823529411764706,3.25,1,0
C00670,6.0,7342.23,1223.705,3.5,2.0,2.0,65.0,0.09230769230769231,4.333333333333333,1,0
C00671,5.0,5260.76,1052.152,3.8,0.0,1.0,70.0,0.07142857142857142,4.0,2,0
C00672,1.0,1559.22,1559.22,3.0,0.0,1.0,1.0,1.0,3.0,0,1
C00673,3.0,1507.3600000000001,502.4533333333334,3.0,1.0,0.0,59.0,0.05084745762711865,3.0,2,0
C00674,5.0,5209.5599999999995,1041.9119999999998,2.2,2.0,2.0,60.0,0.08333333333333333,3.75,1,0
C00675,4.0,5085.610000000001,1271.4025000000001,2.25,1.0,3.0,24.0,0.16666666666666666,3.6666666666666665,2,0
C00676,5.0,5596.8,1119.3600000000001,2.4,3.0,0.0,76.0,0.06578947368421052,3.75,2,0
C00677,3.0,4130.12,1376.7066666666667,3.6666666666666665,2.0,0.0,61.0,0.04918032786885246,3.5,2,0
C00678,4.0,4615.17,1153.7925,2.75,2.0,0.0,57.0,0.07017543859649122,3.5,2,0
C00679,4.0,3994.0499999999997,998.5124999999999,5.0,1.0,1.0,27.0,0.14814814814814814,3.0,2,0
C00680,7.0,4780.83,682.9757142857143,3.857142857142857,3.0,3.0,40.0,0.175,2.8333333333333335,1,0
C00681,3.0,2530.5699999999997,843.5233333333332,4.333333333333333,1.0,2.0,27.0,0.1111111111111111,4.5,2,0
C00682,1.0,1060.26,1060.26,3.0,1.0,0.0,1.0,1.0,5.0,0,-1
C00683,5.0,5689.530000000001,1137.9060000000002,5.2,0.0,2.0,81.0,0.06172839506172839,4.25,2,0
C00684,9.0,10041.84,1115.76,3.4444444444444446,3.0,1.0,58.0,0.15517241379310345,3.857142857142857,1,0
C00685,7.0,6197.13,885.3042857142857,3.4285714285714284,0.0,1.0,72.0,0.09722222222222222,3.5,2,0
C00686,3.0,3449.71,1149.9033333333334,3.3333333333333335,1.0,1.0,72.0,0.041666666666666664,5.0,2,0
C00687,6.0,8601.89,1433.6483333333333,2.3333333333333335,1.0,2.0,57.0,0.10526315789473684,4.25,1,0
C00688,5.0,6830.15,1366.03,3.2,2.0,2.0,56.0,0.08928571428571429,2.3333333333333335,1,0
C00689,4.0,4141.9,1035.475,5.0,0.0,2.0,74.0,0.05405405405405406,4.25,2,0
C00690,9.0,11009.05,1223.2277777777776,3.4444444444444446,0.0,1.0,70.0,0.12857142857142856,4.2,1,0
C00691,7.0,7293.79,1041.97,3.5714285714285716,1.0,1.0,70.0,0.1,3.1666666666666665,1,0
C00692,7.0,8565.24,1223.6057142857142,3.4285714285714284,1.0,1.0,82.0,0.08536585365853659,3.6666666666666665,1,0
C00693,3.0,3514.13,1171.3766666666668,3.3333333333333335,1.0,1.0,66.0,0.045454545454545456,5.0,2,0
C00694,8.0,6690.73,836.34125,3.0,4.0,1.0,70.0,0.11428571428571428,3.3333333333333335,1,0
C00695,3.0,1555.72,518.5733333333334,4.0,0.0,2.0,69.0,0.043478260869565216,5.0,2,0
C00696,3.0,3864.16,1288.0533333333333,4.0,2.0,0.0,72.0,0.041666666666666664,3.3333333333333335,2,0
C00697,5.0,6053.6900000000005,1210.738,4.2,1.0,1.0,54.0,0.09259259259259259,3.0,2,0
C00698,9.0,9068.02,1007.5577777777778,4.222222222222222,2.0,3.0,88.0,0.10227272727272728,3.5,1,0
C00699,4.0,2802.37,700.5925,3.25,1.0,0.0,49.0,0.08163265306122448,2.0,2,0
C00700,2.0,3058.05,1529.025,3.5,0.0,0.0,64.0,0.03125,3.0,2,0
C00701,5.0,6289.59,1257.9180000000001,2.4,4.0,2.0,67.0,0.07462686567164178,4.0,1,0
C00702,6.0,7563.139999999999,1260.5233333333333,3.3333333333333335,0.0,1.0,65.0,0.09230769230769231,3.2,2,0
C00703,7.0,8200.01,1171.43,3.5714285714285716,0.0,1.0,60.0,0.11666666666666667,3.8333333333333335,1,0
C00704,6.0,5661.33,943.555,4.333333333333333,1.0,0.0,66.0,0.09090909090909091,3.75,2,0
C00705,6.0,5713.35,952.225,2.8333333333333335,4.0,1.0,64.0,0.09375,3.0,1,0
C00706,3.0,3548.15,1182.7166666666667,5.0,0.0,1.0,10.0,0.3,4.0,2,0
C00707,4.0,5226.53,1306.6325,4.0,1.0,1.0,74.0,0.05405405405405406,2.5,2,0
C00708,8.0,6422.88,802.86,3.0,1.0,2.0,38.0,0.21052631578947367,4.0,1,0
C00709,2.0,2132.56,1066.28,2.5,0.0,1.0,1.0,2.0,2.0,0,-1
C00710,3.0,1743.8400000000001,581.2800000000001,3.6666666666666665,0.0,2.0,80.0,0.0375,3.3333333333333335,2,0
C00711,7.0,9591.2,1370.1714285714286,3.2857142857142856,0.0,2.0,59.0,0.11864406779661017,4.6,1,0
C00712,3.0,2825.35,941.7833333333333,3.3333333333333335,2.0,0.0,7.0,0.42857142857142855,3.0,2,0
C00713,5.0,3669.76,733.952,4.2,0.0,2.0,66.0,0.07575757575757576,4.666666666666667,2,0
C00714,1.0,1721.31,1721.31,3.0,0.0,0.0,1.0,1.0,4.0,0,1
C00715,3.0,2468.91,822.9699999999999,3.0,0.0,1.0,55.0,0.05454545454545454,4.0,2,0
C00716,3.0,2264.84,754.9466666666667,2.0,2.0,0.0,59.0,0.05084745762711865,3.0,2,0
C00717,7.0,6989.25,998.4642857142857,3.2857142857142856,5.0,1.0,75.0,0.09333333333333334,3.6666666666666665,1,0
C00718,6.0,7572.09,1262.015,3.5,1.0,0.0,59.0,0.1016949152542373,3.0,2,0
C00719,3.0,3242.39,1080.7966666666666,4.0,0.0,0.0,75.0,0.04,3.6666666666666665,2,0
C00720,3.0,3304.97,1101.6566666666665,3.3333333333333335,0.0,0.0,29.0,0.10344827586206896,3.3333333333333335,2,0
C00721,5.0,4546.85,909.3700000000001,4.6,3.0,1.0,71.0,0.07042253521126761,4.4,2,0
C00722,7.0,6841.799999999999,977.3999999999999,4.142857142857143,4.0,1.0,63.0,0.1111111111111111,3.8333333333333335,1,0
C00723,7.0,9807.82,1401.1171428571429,2.5714285714285716,4.0,0.0,39.0,0.1794871794871795,3.0,1,0
C00724,7.0,7576.9800000000005,1082.4257142857143,3.5714285714285716,1.0,3.0,80.0,0.0875,3.8,1,0
C00725,6.0,6363.19,1060.5316666666665,4.0,3.0,2.0,75.0,0.08,4.75,1,0
C00726,7.0,5928.46,846.9228571428572,4.142857142857143,3.0,2.0,76.0,0.09210526315789473,3.5,1,0
C00727,6.0,5873.69,978.9483333333333,3.1666666666666665,2.0,1.0,76.0,0.07894736842105263,3.4,1,0
C00728,5.0,6771.61,1354.322,4.4,1.0,0.0,69.0,0.07246376811594203,5.0,2,0
C00729,1.0,1664.0,1664.0,6.0,0.0,1.0,1.0,1.0,2.0,0,-1
C00730,5.0,5080.73,1016.146,2.8,1.0,2.0,57.0,0.08771929824561403,3.5,2,0
C00731,7.0,6601.81,943.1157142857144,3.4285714285714284,3.0,1.0,82.0,0.08536585365853659,3.8333333333333335,1,0
C00732,6.0,7623.76,1270.6266666666668,4.333333333333333,1.0,0.0,48.0,0.125,3.5,2,0
C00733,8.0,8706.76,1088.345,3.125,2.0,2.0,73.0,0.1095890410958904,3.4285714285714284,1,0
C00734,1.0,1491.87,1491.87,4.0,0.0,0.0,1.0,1.0,1.0,0,-1
C00735,4.0,3911.9300000000003,977.9825000000001,3.75,0.0,0.0,47.0,0.0851063829787234,3.0,2,0
C00736,3.0,2538.52,846.1733333333333,2.6666666666666665,2.0,2.0,68.0,0.04411764705882353,3.0,2,0
C00737,1.0,286.57,286.57,4.0,1.0,0.0,1.0,1.0,3.5848081591677903,0,1
C00738,4.0,5506.22,1376.555,2.5,0.0,1.0,66.0,0.06060606060606061,2.6666666666666665,2,0
C00739,3.0,3569.65,1189.8833333333334,3.0,0.0,0.0,43.0,0.06976744186046512,4.0,2,0
C00740,6.0,5543.98,923.9966666666666,3.3333333333333335,3.0,0.0,61.0,0.09836065573770492,3.0,2,0
C00741,6.0,4780.89,796.815,2.6666666666666665,1.0,2.0,85.0,0.07058823529411765,4.5,2,0
C00742,3.0,4248.3099999999995,1416.1033333333332,2.3333333333333335,0.0,0.0,16.0,0.1875,4.5,2,0
C00743,3.0,3070.87,1023.6233333333333,3.3333333333333335,1.0,0.0,20.0,0.15,4.0,2,0
C00744,6.0,6517.75,1086.2916666666667,3.3333333333333335,1.0,3.0,76.0,0.07894736842105263,3.0,1,0
C00745,2.0,571.66,285.83,4.0,1.0,0.0,69.0,0.028985507246376812,2.0,2,0
C00746,5.0,4133.96,826.792,4.0,3.0,0.0,55.0,0.09090909090909091,4.0,2,0
C00747,5.0,7370.59,1474.118,3.8,1.0,1.0,49.0,0.10204081632653061,3.0,1,0
C00748,6.0,8260.119999999999,1376.6866666666665,4.166666666666667,1.0,1.0,26.0,0.23076923076923078,3.6666666666666665,1,0
C00749,3.0,1811.13,603.71,4.0,1.0,1.0,79.0,0.0379746835443038,5.0,2,0
C00750,4.0,5574.45,1393.6125,4.0,2.0,1.0,39.0,0.10256410256410256,4.333333333333333,2,0
C00751,4.0,6799.68,1699.92,2.25,1.0,2.0,62.0,0.06451612903225806,3.3333333333333335,1,0
C00752,6.0,4566.92,761.1533333333333,3.8333333333333335,1.0,2.0,80.0,0.075,4.0,2,0
C00753,4.0,2045.73,511.4325,4.5,2.0,2.0,45.0,0.08888888888888889,4.666666666666667,2,0
C00754,10.0,9475.57,947.557,4.2,1.0,1.0,58.0,0.1724137931034483,3.6666666666666665,1,0
C00755,8.0,8079.889999999999,1009.9862499999999,3.75,4.0,3.0,59.0,0.13559322033898305,3.5714285714285716,1,0
C00756,5.0,6507.34,1301.468,3.6,2.0,0.0,76.0,0.06578947368421052,2.5,2,0
C00757,6.0,8979.31,1496.5516666666665,3.8333333333333335,5.0,2.0,77.0,0.07792207792207792,4.2,1,0
C00758,7.0,7178.36,1025.48,5.0,1.0,3.0,67.0,0.1044776119402985,2.6,1,0
C00759,6.0,7936.030000000001,1322.6716666666669,2.6666666666666665,1.0,2.0,61.0,0.09836065573770492,3.8,1,0
C00760,6.0,7603.79,1267.2983333333334,3.8333333333333335,2.0,1.0,80.0,0.075,5.0,1,0
C00761,6.0,5627.04,937.84,3.8333333333333335,1.0,4.0,31.0,0.1935483870967742,2.3333333333333335,1,0
C00762,8.0,7766.37,970.79625,3.75,4.0,1.0,88.0,0.09090909090909091,5.0,1,0
C00763,6.0,9161.68,1526.9466666666667,4.166666666666667,2.0,1.0,67.0,0.08955223880597014,2.4,1,0
C00764,9.0,10549.78,1172.197777777778,3.0,2.0,2.0,82.0,0.10975609756097561,2.857142857142857,1,0
C00765,5.0,3191.74,638.348,3.6,2.0,1.0,53.0,0.09433962264150944,3.6666666666666665,2,0
C00766,3.0,3606.93,1202.31,5.333333333333333,1.0,1.0,56.0,0.05357142857142857,5.0,2,0
C00767,4.0,4808.51,1202.1275,3.5,1.0,2.0,45.0,0.08888888888888889,3.75,2,0
C00768,4.0,4197.03,1049.2575,3.25,2.0,0.0,34.0,0.11764705882352941,3.0,2,0
C00769,5.0,6707.79,1341.558,3.6,1.0,1.0,56.0,0.08928571428571429,4.666666666666667,2,0
C00770,6.0,6387.69,1064.615,4.0,3.0,2.0,74.0,0.08108108108108109,4.0,1,0
C00771,8.0,9303.91,1162.98875,3.375,0.0,2.0,73.0,0.1095890410958904,4.666666666666667,1,0
C00772,1.0,1117.01,1117.01,1.0,0.0,0.0,1.0,1.0,4.0,0,1
C00773,6.0,5122.68,853.7800000000001,5.0,1.0,2.0,88.0,0.06818181818181818,2.75,2,0
C00774,6.0,3383.96,563.9933333333333,3.0,0.0,1.0,49.0,0.12244897959183673,3.25,2,0
C00775,8.0,9806.03,1225.75375,3.875,2.0,4.0,69.0,0.11594202898550725,2.25,1,0
C00776,6.0,6493.219999999999,1082.2033333333331,2.5,3.0,1.0,52.0,0.11538461538461539,3.2,1,0
C00777,3.0,2820.52,940.1733333333333,3.3333333333333335,0.0,0.0,58.0,0.05172413793103448,4.0,2,0
C00778,4.0,5750.610000000001,1437.6525000000001,3.0,2.0,1.0,68.0,0.058823529411764705,4.0,2,0
C00779,2.0,3847.5,1923.75,3.5,0.0,0.0,49.0,0.04081632653061224,5.0,2,0
C00780,5.0,6881.28,1376.2559999999999,2.4,1.0,2.0,81.0,0.06172839506172839,3.75,1,0
C00781,4.0,2688.21,672.0525,4.5,0.0,0.0,44.0,0.09090909090909091,4.666666666666667,2,0
C00782,4.0,4036.41,1009.1025,3.5,1.0,2.0,39.0,0.10256410256410256,3.0,2,0
C00783,7.0,9193.39,1313.3414285714284,2.5714285714285716,1.0,2.0,81.0,0.08641975308641975,3.5,1,0
C00784,4.0,2169.73,542.4325,3.0,3.0,0.0,53.0,0.07547169811320754,4.0,2,0
C00785,3.0,4894.54,1631.5133333333333,5.333333333333333,0.0,0.0,45.0,0.06666666666666667,3.0,2,0
C00786,8.0,6967.969999999999,870.9962499999999,3.5,2.0,3.0,86.0,0.09302325581395349,1.75,1,0
C00787,8.0,8077.93,1009.74125,2.75,1.0,1.0,54.0,0.14814814814814814,2.75,1,0
C00788,3.0,3187.21,1062.4033333333334,4.0,2.0,1.0,60.0,0.05,2.6666666666666665,2,0
C00789,3.0,1684.89,561.63,2.3333333333333335,0.0,0.0,9.0,0.3333333333333333,4.666666666666667,2,0
C00790,5.0,6810.08,1362.016,3.2,2.0,3.0,86.0,0.05813953488372093,3.6666666666666665,1,0
C00791,3.0,2938.67,979.5566666666667,5.0,1.0,1.0,72.0,0.041666666666666664,3.0,2,0
C00792,10.0,10267.039999999999,1026.704,3.8,4.0,3.0,68.0,0.14705882352941177,3.4444444444444446,1,0
C00793,5.0,3835.29,767.058,4.6,1.0,1.0,66.0,0.07575757575757576,4.666666666666667,2,0
C00794,10.0,9610.12,961.0120000000001,3.4,3.0,4.0,54.0,0.18518518518518517,3.4285714285714284,1,0
C00795,4.0,3524.8599999999997,881.2149999999999,3.25,2.0,3.0,85.0,0.047058823529411764,3.5848081591677903,2,0
C00796,2.0,1262.6399999999999,631.3199999999999,3.5,0.0,0.0,4.0,0.5,3.5,2,0
C00797,7.0,7484.3,1069.1857142857143,4.428571428571429,1.0,0.0,21.0,0.3333333333333333,4.0,1,0
C00798,5.0,4147.34,829.4680000000001,2.4,2.0,1.0,79.0,0.06329113924050633,4.0,2,0
C00799,8.0,6744.43,843.05375,3.375,3.0,3.0,53.0,0.1509433962264151,3.4285714285714284,1,0
C00800,2.0,2418.62,1209.31,3.0,1.0,0.0,51.0,0.0392156862745098,4.0,2,0
C00801,6.0,5576.73,929.4549999999999,3.5,2.0,1.0,53.0,0.11320754716981132,2.4,2,0
C00802,6.0,5809.38,968.23,3.1666666666666665,1.0,3.0,59.0,0.1016949152542373,4.0,1,0
C00803,3.0,3359.89,1119.9633333333334,2.3333333333333335,0.0,0.0,17.0,0.17647058823529413,3.3333333333333335,2,0
C00804,3.0,3727.56,1242.52,4.666666666666667,0.0,1.0,24.0,0.125,5.0,2,0
C00805,4.0,2211.56,552.89,3.75,2.0,1.0,10.0,0.4,3.75,2,0
C00806,10.0,9963.91,996.391,3.0,2.0,2.0,79.0,0.12658227848101267,3.75,1,0
C00807,5.0,4864.33,972.866,4.2,1.0,0.0,70.0,0.07142857142857142,4.25,2,0
C00808,1.0,1180.45,1180.45,6.0,0.0,0.0,1.0,1.0,1.0,0,-1
C00809,4.0,5187.1,1296.775,2.75,0.0,2.0,36.0,0.1111111111111111,3.3333333333333335,2,0
C00810,7.0,9249.449999999999,1321.35,3.142857142857143,3.0,1.0,77.0,0.09090909090909091,4.25,1,0
C00811,5.0,6332.99,1266.598,3.4,0.0,1.0,85.0,0.058823529411764705,3.0,2,0
C00812,3.0,1304.74,434.91333333333336,3.6666666666666665,1.0,1.0,76.0,0.039473684210526314,3.3333333333333335,2,0
C00813,4.0,5055.11,1263.7775,3.0,0.0,0.0,70.0,0.05714285714285714,3.0,2,0
C00814,11.0,12484.8,1134.9818181818182,4.2727272727272725,7.0,5.0,77.0,0.14285714285714285,3.5,1,-1
C00815,3.0,3988.4300000000003,1329.4766666666667,4.0,1.0,1.0,28.0,0.10714285714285714,4.0,2,0
C00816,6.0,6815.860000000001,1135.9766666666667,2.3333333333333335,2.0,3.0,27.0,0.2222222222222222,4.2,1,0
C00817,1.0,1004.51,1004.51,5.0,0.0,1.0,1.0,1.0,4.0,0,1
C00818,8.0,7123.82,890.4775,3.75,3.0,3.0,67.0,0.11940298507462686,3.5714285714285716,1,0
C00819,8.0,7302.5,912.8125,3.375,2.0,2.0,59.0,0.13559322033898305,3.0,1,0
C00820,6.0,8850.21,1475.0349999999999,2.6666666666666665,0.0,2.0,59.0,0.1016949152542373,2.5,1,0
C00821,3.0,3732.8,1244.2666666666667,1.6666666666666667,1.0,0.0,65.0,0.046153846153846156,4.0,2,0
C00822,5.0,5207.14,1041.428,4.2,2.0,0.0,59.0,0.0847457627118644,3.3333333333333335,2,0
C00823,4.0,5037.5,1259.375,4.5,0.0,0.0,82.0,0.04878048780487805,5.0,2,0
C00824,8.0,10967.17,1370.89625,3.375,4.0,2.0,80.0,0.1,2.857142857142857,1,0
C00825,6.0,5765.27,960.8783333333334,3.0,1.0,1.0,60.0,0.1,3.25,2,0
C00826,7.0,8678.14,1239.7342857142855,4.428571428571429,3.0,1.0,79.0,0.08860759493670886,4.0,1,0
C00827,6.0,6920.83,1153.4716666666666,3.8333333333333335,2.0,1.0,63.0,0.09523809523809523,3.5,1,0
C00828,6.0,6950.610000000001,1158.4350000000002,3.0,0.0,3.0,58.0,0.10344827586206896,4.0,1,0
C00829,0.0,0.0,0.0,0.0,0.0,0.0,0.0,0.0,3.5848081591677903,2,-1
C00830,9.0,11661.59,1295.7322222222222,3.2222222222222223,4.0,1.0,53.0,0.16981132075471697,4.5,1,0
C00831,1.0,1324.29,1324.29,2.0,0.0,0.0,1.0,1.0,3.0,0,1
C00832,7.0,7227.0,1032.4285714285713,3.2857142857142856,0.0,2.0,40.0,0.175,4.333333333333333,1,0
C00833,5.0,4142.58,828.516,3.0,2.0,3.0,66.0,0.07575757575757576,3.25,1,0
C00834,4.0,5324.67,1331.1675,3.25,0.0,3.0,21.0,0.19047619047619047,3.75,2,0
C00835,8.0,7674.3099999999995,959.2887499999999,3.0,3.0,2.0,62.0,0.12903225806451613,3.1666666666666665,1,0
C00836,5.0,4368.48,873.6959999999999,2.6,0.0,2.0,50.0,0.1,3.5,2,0
C00837,7.0,8064.719999999999,1152.1028571428571,3.5714285714285716,1.0,2.0,56.0,0.125,4.0,1,0
C00838,5.0,4841.16,968.232,3.8,0.0,0.0,56.0,0.08928571428571429,5.0,2,0
C00839,8.0,8984.49,1123.06125,3.75,3.0,2.0,77.0,0.1038961038961039,2.8333333333333335,1,0
C00840,5.0,5785.75,1157.15,2.2,3.0,1.0,72.0,0.06944444444444445,4.0,1,0
C00841,2.0,1773.4499999999998,886.7249999999999,4.0,1.0,0.0,26.0,0.07692307692307693,4.5,2,0
C00842,6.0,6902.52,1150.42,3.6666666666666665,2.0,1.0,53.0,0.11320754716981132,3.8,1,0
C00843,6.0,6587.42,1097.9033333333334,4.833333333333333,4.0,0.0,63.0,0.09523809523809523,3.75,1,0
C00844,6.0,4576.35,762.725,2.6666666666666665,2.0,2.0,57.0,0.10526315789473684,4.2,1,0
C00845,5.0,6173.2,1234.6399999999999,4.0,1.0,0.0,57.0,0.08771929824561403,3.5,2,0
C00846,6.0,6163.27,1027.2116666666668,2.1666666666666665,2.0,3.0,84.0,0.07142857142857142,4.25,1,0
C00847,11.0,9583.14,871.1945454545454,3.1818181818181817,2.0,4.0,83.0,0.13253012048192772,3.4444444444444446,1,0
C00848,4.0,4440.33,1110.0825,4.75,3.0,1.0,38.0,0.10526315789473684,3.0,2,0
C00849,7.0,7327.26,1046.7514285714285,3.142857142857143,2.0,5.0,79.0,0.08860759493670886,2.2,1,0
C00850,7.0,6335.26,905.0371428571428,4.0,2.0,0.0,75.0,0.09333333333333334,4.25,1,0
C00851,6.0,5081.15,846.8583333333332,2.8333333333333335,4.0,2.0,66.0,0.09090909090909091,2.6666666666666665,1,0
C00852,5.0,7597.98,1519.596,2.0,2.0,3.0,59.0,0.0847457627118644,3.3333333333333335,1,0
C00853,4.0,5601.48,1400.37,4.25,1.0,1.0,53.0,0.07547169811320754,3.75,2,0
C00854,3.0,3148.81,1049.6033333333332,4.333333333333333,1.0,0.0,62.0,0.04838709677419355,4.5,2,0
C00855,9.0,7438.62,826.5133333333333,5.111111111111111,2.0,3.0,77.0,0.11688311688311688,3.4,1,0
C00856,5.0,4784.44,956.8879999999999,3.2,1.0,2.0,80.0,0.0625,3.2,2,0
C00857,2.0,1153.6799999999998,576.8399999999999,4.0,0.0,0.0,5.0,0.4,4.5,2,0
C00858,3.0,4061.04,1353.68,3.6666666666666665,0.0,0.0,21.0,0.14285714285714285,3.0,2,0
C00859,8.0,9732.460000000001,1216.5575000000001,3.875,2.0,0.0,69.0,0.11594202898550725,3.6666666666666665,1,0
C00860,3.0,1279.71,426.57,4.333333333333333,0.0,1.0,20.0,0.15,1.0,2,0
C00861,4.0,3077.91,769.4775,3.75,2.0,1.0,59.0,0.06779661016949153,3.75,2,0
C00862,6.0,6032.43,1005.4050000000001,3.6666666666666665,3.0,3.0,74.0,0.08108108108108109,4.5,1,0
C00863,4.0,6057.95,1514.4875,3.25,1.0,1.0,71.0,0.056338028169014086,4.5,2,0
C00864,8.0,10408.84,1301.105,2.875,3.0,3.0,75.0,0.10666666666666667,3.5,1,0
C00865,7.0,8163.54,1166.22,4.428571428571429,1.0,1.0,74.0,0.0945945945945946,2.6666666666666665,1,0
C00866,2.0,2358.04,1179.02,5.0,1.0,0.0,68.0,0.029411764705882353,3.0,2,0
C00867,2.0,2730.3199999999997,1365.1599999999999,3.5,1.0,1.0,12.0,0.16666666666666666,3.0,2,0
C00868,8.0,8240.43,1030.05375,3.25,2.0,1.0,71.0,0.11267605633802817,4.0,1,0
C00869,9.0,9474.32,1052.7022222222222,2.4444444444444446,2.0,2.0,58.0,0.15517241379310345,3.875,1,0
C00870,5.0,5508.83,1101.766,2.6,2.0,0.0,70.0,0.07142857142857142,4.4,2,0
C00871,7.0,8375.29,1196.47,2.7142857142857144,2.0,3.0,69.0,0.10144927536231885,3.75,1,0
C00872,6.0,6220.34,1036.7233333333334,3.3333333333333335,3.0,0.0,73.0,0.0821917808219178,3.0,1,0
C00873,2.0,2699.78,1349.89,3.0,0.0,0.0,1.0,2.0,2.5,0,-1
C00874,4.0,3243.34,810.835,3.75,1.0,1.0,45.0,0.08888888888888889,3.25,2,0
C00875,6.0,5336.13,889.355,4.833333333333333,2.0,4.0,47.0,0.1276595744680851,4.0,1,0
C00876,6.0,6895.7300000000005,1149.2883333333334,2.8333333333333335,3.0,2.0,69.0,0.08695652173913043,3.75,1,0
C00877,4.0,3710.1399999999994,927.5349999999999,4.25,1.0,0.0,67.0,0.05970149253731343,3.6666666666666665,2,0
C00878,6.0,6895.67,1149.2783333333334,3.0,1.0,3.0,71.0,0.08450704225352113,4.0,1,0
C00879,4.0,3916.81,979.2025,3.75,2.0,0.0,27.0,0.14814814814814814,2.0,2,0
C00880,4.0,6429.86,1607.465,4.25,2.0,1.0,60.0,0.06666666666666667,3.25,2,0
C00881,4.0,4593.66,1148.415,4.0,0.0,2.0,85.0,0.047058823529411764,2.25,2,0
C00882,2.0,3195.7799999999997,1597.8899999999999,1.5,0.0,0.0,19.0,0.10526315789473684,3.5,2,0
C00883,2.0,3421.8500000000004,1710.9250000000002,3.5,1.0,0.0,61.0,0.03278688524590164,5.0,2,0
C00884,4.0,1770.2,442.55,3.5,1.0,1.0,44.0,0.09090909090909091,4.0,2,0
C00885,5.0,6579.34,1315.868,3.6,4.0,0.0,72.0,0.06944444444444445,3.0,1,0
C00886,4.0,4336.9,1084.225,2.75,0.0,1.0,46.0,0.08695652173913043,2.0,2,0
C00887,2.0,3779.95,1889.975,3.5,2.0,1.0,7.0,0.2857142857142857,3.0,2,0
C00888,4.0,5205.75,1301.4375,3.25,1.0,0.0,42.0,0.09523809523809523,3.5,2,0
C00889,3.0,2799.24,933.0799999999999,2.6666666666666665,0.0,0.0,10.0,0.3,4.0,2,0
C00890,3.0,4239.66,1413.22,3.0,0.0,1.0,42.0,0.07142857142857142,2.6666666666666665,2,0
C00891,6.0,6825.5,1137.5833333333333,3.8333333333333335,1.0,1.0,69.0,0.08695652173913043,3.2,1,0
C00892,3.0,3022.83,1007.61,3.0,0.0,1.0,23.0,0.13043478260869565,2.6666666666666665,2,0
C00893,6.0,7277.85,1212.9750000000001,2.6666666666666665,1.0,2.0,82.0,0.07317073170731707,4.0,1,0
C00894,5.0,6014.639999999999,1202.9279999999999,3.2,2.0,1.0,34.0,0.14705882352941177,3.0,2,0
C00895,5.0,5163.46,1032.692,3.6,2.0,0.0,83.0,0.060240963855421686,3.25,2,0
C00896,5.0,5252.92,1050.584,3.2,1.0,4.0,36.0,0.1388888888888889,4.2,1,0
C00897,10.0,12212.84,1221.284,4.0,6.0,1.0,66.0,0.15151515151515152,4.0,1,0
C00898,10.0,10342.19,1034.219,3.6,4.0,0.0,55.0,0.18181818181818182,3.3333333333333335,1,0
C00899,4.0,2593.37,648.3425,4.25,1.0,3.0,42.0,0.09523809523809523,4.25,2,0
C00900,4.0,4560.11,1140.0275,3.5,2.0,1.0,75.0,0.05333333333333334,4.333333333333333,2,0
C00901,7.0,6695.43,956.49,4.571428571428571,1.0,0.0,71.0,0.09859154929577464,4.5,2,0
C00902,3.0,1588.35,529.4499999999999,5.0,0.0,2.0,49.0,0.061224489795918366,3.5848081591677903,2,0
C00903,4.0,6903.42,1725.855,5.25,1.0,0.0,63.0,0.06349206349206349,2.5,2,0
C00904,8.0,7318.139999999999,914.7674999999999,2.875,1.0,2.0,77.0,0.1038961038961039,3.5,1,0
C00905,3.0,2927.77,975.9233333333333,3.6666666666666665,2.0,0.0,70.0,0.04285714285714286,3.0,2,0
C00906,6.0,6939.69,1156.615,2.8333333333333335,1.0,2.0,67.0,0.08955223880597014,3.5,1,0
C00907,3.0,3492.69,1164.23,2.3333333333333335,1.0,1.0,32.0,0.09375,4.0,2,0
C00908,2.0,1007.4300000000001,503.71500000000003,3.0,1.0,1.0,13.0,0.15384615384615385,5.0,2,0
C00909,4.0,4502.05,1125.5125,3.5,0.0,0.0,70.0,0.05714285714285714,5.0,2,0
C00910,7.0,8502.86,1214.6942857142858,4.142857142857143,3.0,1.0,80.0,0.0875,2.8333333333333335,1,0
C00911,4.0,3798.94,949.735,3.0,1.0,1.0,37.0,0.10810810810810811,4.0,2,0
C00912,5.0,8287.84,1657.568,3.4,0.0,0.0,49.0,0.10204081632653061,2.25,2,0
C00913,8.0,7640.23,955.02875,3.875,7.0,2.0,85.0,0.09411764705882353,3.8,1,0
C00914,5.0,2951.67,590.3340000000001,3.8,0.0,2.0,80.0,0.0625,4.333333333333333,2,0
C00915,6.0,5684.47,947.4116666666667,3.6666666666666665,0.0,2.0,65.0,0.09230769230769231,2.8,2,0
C00916,7.0,7242.28,1034.6114285714286,3.5714285714285716,1.0,2.0,67.0,0.1044776119402985,3.5,1,0
C00917,8.0,9520.2,1190.025,4.0,4.0,2.0,77.0,0.1038961038961039,4.285714285714286,1,0
C00918,4.0,2561.88,640.47,4.25,4.0,0.0,70.0,0.05714285714285714,2.5,2,0
C00919,2.0,2138.83,1069.415,2.0,1.0,0.0,24.0,0.08333333333333333,4.5,2,0
C00920,4.0,2918.9500000000003,729.7375000000001,2.75,2.0,2.0,64.0,0.0625,4.0,2,0
C00921,4.0,5003.16,1250.79,3.0,2.0,2.0,47.0,0.0851063829787234,2.25,2,0
C00922,4.0,2487.36,621.84,2.5,1.0,0.0,57.0,0.07017543859649122,4.0,2,0
C00923,7.0,6962.389999999999,994.6271428571428,3.2857142857142856,1.0,0.0,63.0,0.1111111111111111,3.3333333333333335,2,0
C00924,4.0,2378.67,594.6675,4.25,1.0,1.0,49.0,0.08163265306122448,4.5,2,0
C00925,11.0,14198.59,1290.780909090909,4.363636363636363,5.0,4.0,70.0,0.15714285714285714,4.0,1,0
C00926,5.0,3748.84,749.768,4.4,2.0,1.0,64.0,0.078125,3.75,2,0
C00927,5.0,5855.54,1171.108,3.8,1.0,1.0,72.0,0.06944444444444445,3.3333333333333335,2,0
C00928,5.0,8221.81,1644.3619999999999,3.4,1.0,3.0,61.0,0.08196721311475409,4.0,1,0
C00929,2.0,1446.6100000000001,723.3050000000001,2.0,0.0,0.0,12.0,0.16666666666666666,3.5,2,0
C00930,9.0,8182.05,909.1166666666667,2.6666666666666665,4.0,1.0,82.0,0.10975609756097561,3.6,1,0
C00931,5.0,7395.91,1479.182,4.2,0.0,0.0,47.0,0.10638297872340426,4.666666666666667,2,0
C00932,5.0,5070.0199999999995,1014.0039999999999,3.2,0.0,1.0,70.0,0.07142857142857142,3.6666666666666665,2,0
C00933,5.0,4787.5,957.5,3.6,2.0,2.0,61.0,0.08196721311475409,3.5,2,0
C00934,6.0,7045.29,1174.215,3.6666666666666665,3.0,1.0,61.0,0.09836065573770492,4.5,1,0
C00935,4.0,4644.67,1161.1675,3.5,3.0,1.0,43.0,0.09302325581395349,2.6666666666666665,2,0
C00936,5.0,4427.08,885.4159999999999,5.0,0.0,2.0,71.0,0.07042253521126761,3.5,2,0
C00937,2.0,2507.69,1253.845,2.5,0.0,0.0,10.0,0.2,4.5,2,0
C00938,5.0,5047.5,1009.5,2.2,1.0,1.0,62.0,0.08064516129032258,3.5848081591677903,2,0
C00939,7.0,7890.110000000001,1127.1585714285716,3.857142857142857,2.0,2.0,73.0,0.0958904109589041,3.6666666666666665,1,0
C00940,2.0,2990.85,1495.425,6.0,0.0,0.0,49.0,0.04081632653061224,3.5,2,0
C00941,3.0,4437.58,1479.1933333333334,4.666666666666667,0.0,1.0,17.0,0.17647058823529413,2.6666666666666665,2,0
C00942,7.0,8348.76,1192.68,3.142857142857143,3.0,0.0,73.0,0.0958904109589041,4.333333333333333,1,0
C00943,6.0,6080.76,1013.46,2.8333333333333335,2.0,2.0,57.0,0.10526315789473684,3.25,1,0
C00944,6.0,6914.74,1152.4566666666667,4.0,1.0,1.0,65.0,0.09230769230769231,4.0,1,0
C00945,5.0,5732.46,1146.492,3.0,1.0,1.0,42.0,0.11904761904761904,4.666666666666667,2,0
C00946,7.0,6196.32,885.1885714285714,3.5714285714285716,1.0,2.0,84.0,0.08333333333333333,4.5,1,0
C00947,2.0,3262.99,1631.495,2.5,0.0,0.0,1.0,2.0,3.0,0,-1
C00948,8.0,7248.54,906.0675,4.25,1.0,1.0,63.0,0.12698412698412698,4.0,1,0
C00949,9.0,9991.039999999999,1110.1155555555554,4.0,2.0,2.0,58.0,0.15517241379310345,2.6666666666666665,1,0
C00950,8.0,9460.19,1182.52375,3.5,4.0,2.0,61.0,0.13114754098360656,3.6666666666666665,1,0
C00951,4.0,2223.1,555.775,5.0,0.0,1.0,23.0,0.17391304347826086,3.0,2,0
C00952,4.0,5114.23,1278.5575,4.25,0.0,1.0,70.0,0.05714285714285714,4.25,2,0
C00953,1.0,892.55,892.55,4.0,1.0,0.0,1.0,1.0,3.0,0,1
C00954,10.0,9963.22,996.3219999999999,4.1,2.0,1.0,73.0,0.136986301369863,2.875,1,0
C00955,5.0,3929.44,785.888,1.2,1.0,2.0,47.0,0.10638297872340426,2.75,2,0
C00956,6.0,4712.110000000001,785.3516666666668,3.0,3.0,0.0,58.0,0.10344827586206896,4.0,2,0
C00957,4.0,5819.47,1454.8675,5.0,0.0,2.0,72.0,0.05555555555555555,3.0,2,0
C00958,5.0,6254.56,1250.912,3.8,0.0,1.0,38.0,0.13157894736842105,4.75,2,0
C00959,9.0,9125.33,1013.9255555555555,2.5555555555555554,3.0,3.0,75.0,0.12,3.4285714285714284,1,0
C00960,5.0,5354.92,1070.984,3.2,2.0,1.0,37.0,0.13513513513513514,3.8,2,0
C00961,3.0,3592.44,1197.48,4.0,1.0,0.0,26.0,0.11538461538461539,3.0,2,0
C00962,7.0,7118.82,1016.9742857142857,3.5714285714285716,0.0,2.0,82.0,0.08536585365853659,3.0,1,0
C00963,8.0,8747.83,1093.47875,4.875,1.0,1.0,62.0,0.12903225806451613,2.6,1,0
C00964,3.0,3979.79,1326.5966666666666,2.0,1.0,0.0,27.0,0.1111111111111111,3.5,2,0
C00965,2.0,2059.84,1029.92,1.0,0.0,0.0,43.0,0.046511627906976744,3.5848081591677903,2,0
C00966,4.0,3846.63,961.6575,3.75,2.0,1.0,75.0,0.05333333333333334,2.6666666666666665,2,0
C00967,4.0,6305.78,1576.445,3.0,1.0,1.0,75.0,0.05333333333333334,3.0,2,0
C00968,7.0,6392.46,913.2085714285714,3.4285714285714284,2.0,2.0,73.0,0.0958904109589041,3.8333333333333335,1,0
C00969,8.0,7098.0599999999995,887.2574999999999,3.125,1.0,3.0,77.0,0.1038961038961039,3.3333333333333335,1,0
C00970,3.0,3498.73,1166.2433333333333,5.0,1.0,1.0,13.0,0.23076923076923078,4.0,2,0
C00971,2.0,1353.22,676.61,3.5,2.0,1.0,42.0,0.047619047619047616,5.0,2,0
C00972,2.0,2226.66,1113.33,3.5,2.0,0.0,16.0,0.125,3.5,2,0
C00973,3.0,3509.19,1169.73,3.3333333333333335,0.0,1.0,26.0,0.11538461538461539,1.0,2,0
C00974,8.0,5332.25,666.53125,3.875,3.0,4.0,59.0,0.13559322033898305,4.0,1,0
C00975,6.0,7293.139999999999,1215.5233333333333,4.333333333333333,1.0,0.0,71.0,0.08450704225352113,3.25,2,0
C00976,4.0,3885.81,971.4525,2.25,1.0,0.0,50.0,0.08,2.75,2,0
C00977,5.0,4064.74,812.948,2.8,1.0,1.0,66.0,0.07575757575757576,3.3333333333333335,2,0
C00978,7.0,6481.21,925.8871428571429,3.857142857142857,4.0,1.0,37.0,0.1891891891891892,3.6,1,0
C00979,7.0,7344.05,1049.15,4.0,3.0,3.0,74.0,0.0945945945945946,3.6666666666666665,1,0
C00980,4.0,4185.32,1046.33,3.25,1.0,0.0,52.0,0.07692307692307693,4.333333333333333,2,0
C00981,0.0,0.0,0.0,0.0,0.0,0.0,0.0,0.0,3.5848081591677903,2,-1
C00982,7.0,9516.68,1359.5257142857142,4.428571428571429,1.0,2.0,89.0,0.07865168539325842,4.2,1,0
C00983,9.0,10167.82,1129.7577777777778,4.0,2.0,2.0,79.0,0.11392405063291139,2.5714285714285716,1,0
C00984,7.0,8708.04,1244.0057142857145,4.142857142857143,2.0,3.0,86.0,0.08139534883720931,3.0,1,0
C00985,6.0,5161.7,860.2833333333333,3.1666666666666665,2.0,2.0,61.0,0.09836065573770492,3.6666666666666665,1,0
C00986,6.0,7336.53,1222.7549999999999,3.0,2.0,1.0,67.0,0.08955223880597014,4.75,1,0
C00987,10.0,12162.1,1216.21,3.7,3.0,1.0,89.0,0.11235955056179775,4.142857142857143,1,0
C00988,6.0,5000.28,833.38,4.0,1.0,1.0,77.0,0.07792207792207792,4.333333333333333,2,0
C00989,3.0,4883.5599999999995,1627.8533333333332,3.3333333333333335,1.0,0.0,32.0,0.09375,4.5,2,0
C00990,4.0,5835.25,1458.8125,2.25,1.0,0.0,77.0,0.05194805194805195,4.666666666666667,2,0
C00991,8.0,9239.2,1154.9,3.0,2.0,1.0,81.0,0.09876543209876543,4.166666666666667,1,0
C00992,7.0,7030.59,1004.37,3.7142857142857144,3.0,2.0,64.0,0.109375,3.75,1,0
C00993,5.0,5609.18,1121.836,4.0,0.0,2.0,67.0,0.07462686567164178,2.0,2,0
C00994,7.0,8909.25,1272.75,4.428571428571429,2.0,3.0,82.0,0.08536585365853659,2.8333333333333335,1,0
C00995,4.0,3897.4,974.35,3.75,2.0,1.0,60.0,0.06666666666666667,5.0,2,0
C00996,3.0,3458.01,1152.67,3.6666666666666665,0.0,1.0,6.0,0.5,5.0,2,0
C00997,7.0,9111.5,1301.642857142857,2.857142857142857,4.0,0.0,48.0,0.14583333333333334,4.142857142857143,1,0
C00998,5.0,5308.75,1061.75,4.0,3.0,1.0,62.0,0.08064516129032258,3.0,1,0
C00999,7.0,5933.9400000000005,847.7057142857144,4.0,3.0,0.0,55.0,0.12727272727272726,3.8333333333333335,1,0
C01000,8.0,6587.150000000001,823.3937500000001,4.125,1.0,3.0,73.0,0.1095890410958904,3.6666666666666665,1,0
C01001,6.0,4780.11,796.685,4.0,3.0,2.0,30.0,0.2,3.4,1,0
C01002,3.0,3176.08,1058.6933333333334,3.0,0.0,0.0,76.0,0.039473684210526314,4.0,2,0
C01003,4.0,3056.7,764.175,2.0,1.0,0.0,32.0,0.125,3.6666666666666665,2,0
C01004,7.0,5575.92,796.5600000000001,3.142857142857143,3.0,4.0,78.0,0.08974358974358974,4.2,1,0
C01005,6.0,6207.68,1034.6133333333335,3.1666666666666665,0.0,1.0,62.0,0.0967741935483871,5.0,2,0
C01006,6.0,7133.6900000000005,1188.9483333333335,4.166666666666667,1.0,1.0,66.0,0.09090909090909091,3.0,1,0
C01007,3.0,4491.22,1497.0733333333335,5.0,0.0,1.0,8.0,0.375,4.0,2,0
C01008,4.0,2933.62,733.405,4.0,1.0,1.0,77.0,0.05194805194805195,4.25,2,0
C01009,5.0,5280.72,1056.144,3.4,3.0,1.0,63.0,0.07936507936507936,4.0,1,0
C01010,2.0,2121.49,1060.745,2.5,1.0,1.0,55.0,0.03636363636363636,4.0,2,0
C01011,4.0,4285.65,1071.4125,4.25,2.0,1.0,78.0,0.05128205128205128,2.5,2,0
C01012,5.0,4699.2300000000005,939.8460000000001,2.6,3.0,3.0,49.0,0.10204081632653061,4.5,1,0
C01013,3.0,3596.37,1198.79,3.0,0.0,1.0,50.0,0.06,4.0,2,0
C01014,6.0,5238.85,873.1416666666668,4.5,0.0,0.0,61.0,0.09836065573770492,3.1666666666666665,2,0
C01015,1.0,1599.69,1599.69,3.0,0.0,1.0,1.0,1.0,4.0,0,1
C01016,4.0,4844.82,1211.205,4.75,1.0,1.0,23.0,0.17391304347826086,4.5,2,0
C01017,4.0,4663.77,1165.9425,5.25,0.0,2.0,57.0,0.07017543859649122,4.5,2,0
C01018,6.0,3361.58,560.2633333333333,2.5,1.0,1.0,68.0,0.08823529411764706,2.8333333333333335,2,0
C01019,6.0,6329.47,1054.9116666666666,2.6666666666666665,1.0,2.0,48.0,0.125,4.333333333333333,1,0
C01020,4.0,5196.35,1299.0875,4.5,1.0,2.0,80.0,0.05,4.0,2,0
C01021,3.0,1327.65,442.55,3.6666666666666665,1.0,3.0,78.0,0.038461538461538464,4.666666666666667,2,0
C01022,4.0,3124.0299999999997,781.0074999999999,3.5,3.0,1.0,71.0,0.056338028169014086,4.0,2,0
C01023,3.0,1257.72,419.24,4.333333333333333,2.0,0.0,40.0,0.075,2.0,2,0
C01024,5.0,6619.43,1323.886,3.2,1.0,2.0,37.0,0.13513513513513514,3.4,1,0
C01025,5.0,6025.49,1205.098,3.8,4.0,2.0,80.0,0.0625,4.25,1,0
C01026,6.0,6311.01,1051.835,2.8333333333333335,2.0,1.0,61.0,0.09836065573770492,2.8,1,0
C01027,8.0,8132.75,1016.59375,3.125,3.0,4.0,77.0,0.1038961038961039,3.125,1,0
C01028,2.0,3068.4399999999996,1534.2199999999998,1.5,0.0,0.0,14.0,0.14285714285714285,5.0,2,0
C01029,4.0,5201.849999999999,1300.4624999999999,4.5,0.0,2.0,43.0,0.09302325581395349,3.25,2,0
C01030,7.0,5306.76,758.1085714285715,3.857142857142857,1.0,1.0,55.0,0.12727272727272726,4.4,2,0
C01031,1.0,214.97,214.97,3.0,1.0,1.0,1.0,1.0,2.0,0,-1
C01032,4.0,4416.4,1104.1,3.25,0.0,2.0,48.0,0.08333333333333333,1.0,2,0
C01033,6.0,6650.5,1108.4166666666667,3.8333333333333335,1.0,0.0,55.0,0.10909090909090909,4.0,2,0
C01034,8.0,6130.13,766.26625,3.25,4.0,2.0,83.0,0.0963855421686747,3.4,1,0
C01035,0.0,0.0,0.0,0.0,0.0,0.0,0.0,0.0,3.5848081591677903,2,-1
C01036,4.0,3869.1,967.275,3.75,0.0,0.0,10.0,0.4,4.0,2,0
C01037,6.0,6620.47,1103.4116666666666,3.3333333333333335,1.0,1.0,56.0,0.10714285714285714,3.8333333333333335,2,0
C01038,9.0,9092.14,1010.2377777777778,3.5555555555555554,4.0,2.0,77.0,0.11688311688311688,4.142857142857143,1,0
C01039,8.0,5946.84,743.355,4.0,2.0,3.0,59.0,0.13559322033898305,3.0,1,0
C01040,3.0,1790.0100000000002,596.6700000000001,3.6666666666666665,1.0,1.0,66.0,0.045454545454545456,3.0,2,0
C01041,5.0,4340.12,868.024,2.0,0.0,2.0,72.0,0.06944444444444445,3.75,2,0
C01042,6.0,7532.85,1255.4750000000001,2.6666666666666665,0.0,1.0,65.0,0.09230769230769231,3.0,2,0
C01043,5.0,3890.5699999999997,778.1139999999999,3.6,2.0,0.0,51.0,0.09803921568627451,3.0,2,0
C01044,5.0,4152.6900000000005,830.5380000000001,2.2,1.0,3.0,81.0,0.06172839506172839,3.3333333333333335,2,0
C01045,6.0,6529.04,1088.1733333333334,3.1666666666666665,4.0,2.0,83.0,0.07228915662650602,2.6666666666666665,1,0
C01046,2.0,3200.1,1600.05,3.5,1.0,1.0,11.0,0.18181818181818182,4.5,2,0
C01047,8.0,10316.38,1289.5475,3.0,2.0,1.0,79.0,0.10126582278481013,3.25,1,0
C01048,5.0,5378.76,1075.752,3.6,2.0,1.0,79.0,0.06329113924050633,4.5,2,0
C01049,4.0,2827.52,706.88,4.5,0.0,1.0,66.0,0.06060606060606061,4.25,2,0
C01050,6.0,8124.27,1354.045,4.666666666666667,2.0,1.0,71.0,0.08450704225352113,3.25,1,0
C01051,7.0,3973.71,567.6728571428572,3.0,3.0,1.0,81.0,0.08641975308641975,3.6666666666666665,1,0
C01052,6.0,6282.76,1047.1266666666668,3.6666666666666665,1.0,2.0,66.0,0.09090909090909091,2.75,1,0
C01053,2.0,3187.23,1593.615,2.0,0.0,1.0,4.0,0.5,5.0,2,-1
C01054,9.0,13789.03,1532.1144444444444,3.7777777777777777,1.0,3.0,84.0,0.10714285714285714,4.375,1,0
C01055,6.0,7965.21,1327.535,3.1666666666666665,2.0,0.0,66.0,0.09090909090909091,3.5,1,0
C01056,5.0,4604.9800000000005,920.9960000000001,3.4,2.0,1.0,72.0,0.06944444444444445,3.75,2,0
C01057,4.0,3804.36,951.09,5.0,2.0,2.0,55.0,0.07272727272727272,4.0,2,0
C01058,5.0,6163.1,1232.6200000000001,3.8,1.0,1.0,61.0,0.08196721311475409,4.666666666666667,2,0
C01059,2.0,2226.24,1113.12,1.0,1.0,0.0,52.0,0.038461538461538464,3.5,2,0
C01060,10.0,6890.95,689.095,3.7,2.0,5.0,81.0,0.12345679012345678,3.4444444444444446,1,0
C01061,2.0,1176.84,588.42,4.0,0.0,0.0,19.0,0.10526315789473684,4.0,2,0
C01062,8.0,9913.28,1239.16,4.5,3.0,0.0,59.0,0.13559322033898305,2.3333333333333335,1,0
C01063,7.0,6993.63,999.09,3.4285714285714284,3.0,0.0,75.0,0.09333333333333334,3.3333333333333335,1,0
C01064,3.0,1885.8500000000001,628.6166666666667,3.6666666666666665,0.0,0.0,37.0,0.08108108108108109,2.0,2,0
C01065,2.0,2911.24,1455.62,4.5,1.0,2.0,66.0,0.030303030303030304,3.5,2,0
C01066,3.0,2583.73,861.2433333333333,4.0,3.0,2.0,63.0,0.047619047619047616,4.5,2,0
C01067,9.0,6511.23,723.4699999999999,4.555555555555555,1.0,4.0,83.0,0.10843373493975904,3.3333333333333335,1,0
C01068,3.0,891.61,297.2033333333333,4.333333333333333,0.0,1.0,20.0,0.15,3.6666666666666665,2,0
C01069,6.0,5811.24,968.54,3.1666666666666665,2.0,1.0,84.0,0.07142857142857142,4.666666666666667,1,0
C01070,2.0,1440.8,720.4,5.0,2.0,0.0,20.0,0.1,5.0,2,0
C01071,7.0,7180.17,1025.7385714285715,3.857142857142857,0.0,1.0,71.0,0.09859154929577464,2.25,2,0
C01072,7.0,8986.5,1283.7857142857142,3.142857142857143,2.0,2.0,72.0,0.09722222222222222,3.3333333333333335,1,0
C01073,6.0,8018.37,1336.395,3.5,2.0,1.0,62.0,0.0967741935483871,3.3333333333333335,1,0
C01074,4.0,4056.68,1014.17,4.0,0.0,0.0,78.0,0.05128205128205128,3.6666666666666665,2,0
C01075,4.0,3585.75,896.4375,4.0,1.0,1.0,46.0,0.08695652173913043,4.0,2,0
C01076,8.0,9289.539999999999,1161.1924999999999,3.625,4.0,1.0,72.0,0.1111111111111111,3.2,1,0
C01077,4.0,5489.360000000001,1372.3400000000001,2.5,1.0,1.0,31.0,0.12903225806451613,3.5,2,0
C01078,0.0,0.0,0.0,0.0,0.0,0.0,0.0,0.0,3.5848081591677903,2,-1
C01079,7.0,8646.4,1235.2,3.2857142857142856,6.0,2.0,74.0,0.0945945945945946,3.6,1,0
C01080,3.0,2307.67,769.2233333333334,3.3333333333333335,1.0,1.0,12.0,0.25,3.0,2,0
C01081,7.0,9801.65,1400.2357142857143,3.857142857142857,4.0,3.0,72.0,0.09722222222222222,2.75,1,0
C01082,5.0,5807.37,1161.474,3.8,2.0,1.0,34.0,0.14705882352941177,4.0,2,0
C01083,5.0,7661.91,1532.382,3.0,1.0,1.0,54.0,0.09259259259259259,5.0,1,0
C01084,9.0,8467.32,940.8133333333333,3.888888888888889,3.0,4.0,84.0,0.10714285714285714,4.0,1,0
C01085,3.0,3098.5299999999997,1032.8433333333332,2.6666666666666665,0.0,1.0,14.0,0.21428571428571427,3.0,2,0
C01086,4.0,4191.79,1047.9475,4.75,1.0,2.0,39.0,0.10256410256410256,4.666666666666667,2,0
C01087,4.0,5211.6,1302.9,4.5,1.0,0.0,83.0,0.04819277108433735,3.5,2,0
C01088,1.0,1281.05,1281.05,6.0,1.0,0.0,1.0,1.0,3.0,0,1
C01089,8.0,8513.9,1064.2375,4.25,0.0,2.0,57.0,0.14035087719298245,3.6666666666666665,1,0
C01090,9.0,10383.39,1153.71,3.0,2.0,2.0,85.0,0.10588235294117647,3.2857142857142856,1,0
C01091,7.0,8288.63,1184.09,4.0,2.0,0.0,81.0,0.08641975308641975,3.5,1,0
C01092,4.0,5494.87,1373.7175,2.75,1.0,0.0,79.0,0.05063291139240506,5.0,2,0
C01093,5.0,5607.45,1121.49,3.6,0.0,2.0,82.0,0.06097560975609756,3.75,2,0
C01094,5.0,3581.79,716.358,4.8,1.0,3.0,79.0,0.06329113924050633,2.6666666666666665,2,0
C01095,6.0,5721.96,953.66,3.6666666666666665,0.0,2.0,79.0,0.0759493670886076,2.4,2,0
C01096,3.0,2294.85,764.9499999999999,3.6666666666666665,0.0,1.0,66.0,0.045454545454545456,1.6666666666666667,2,0
C01097,9.0,13226.14,1469.5711111111111,4.777777777777778,1.0,0.0,68.0,0.1323529411764706,3.4285714285714284,1,0
C01098,5.0,3694.8100000000004,738.9620000000001,4.4,2.0,2.0,56.0,0.08928571428571429,4.2,2,0
C01099,2.0,2255.88,1127.94,3.0,1.0,0.0,40.0,0.05,3.0,2,0
C01100,4.0,3759.52,939.88,4.5,2.0,2.0,68.0,0.058823529411764705,3.75,2,0
C01101,9.0,9683.289999999999,1075.921111111111,3.2222222222222223,3.0,3.0,73.0,0.1232876712328767,4.333333333333333,1,0
C01102,8.0,9787.8,1223.475,4.0,3.0,0.0,76.0,0.10526315789473684,3.25,1,0
C01103,3.0,3314.0,1104.6666666666667,3.0,0.0,0.0,19.0,0.15789473684210525,3.5,2,0
C01104,4.0,3028.39,757.0975,2.25,0.0,1.0,57.0,0.07017543859649122,4.333333333333333,2,0
C01105,11.0,9960.49,905.4990909090909,3.1818181818181817,5.0,2.0,80.0,0.1375,3.5,1,0
C01106,6.0,7391.860000000001,1231.9766666666667,3.1666666666666665,3.0,2.0,67.0,0.08955223880597014,4.0,1,0
C01107,10.0,11378.86,1137.886,3.5,6.0,2.0,71.0,0.14084507042253522,4.333333333333333,1,0
C01108,4.0,5462.53,1365.6325,3.75,1.0,1.0,66.0,0.06060606060606061,4.333333333333333,2,0
C01109,3.0,2577.84,859.2800000000001,3.0,0.0,0.0,71.0,0.04225352112676056,4.333333333333333,2,0
C01110,3.0,5116.71,1705.57,4.0,1.0,1.0,54.0,0.05555555555555555,3.3333333333333335,2,0
C01111,5.0,3788.27,757.654,4.4,3.0,0.0,83.0,0.060240963855421686,4.25,2,0
C01112,2.0,3036.9700000000003,1518.4850000000001,6.0,1.0,1.0,35.0,0.05714285714285714,4.0,2,0
C01113,8.0,6412.36,801.545,2.875,1.0,0.0,64.0,0.125,3.5,2,0
C01114,5.0,4561.73,912.3459999999999,2.2,0.0,2.0,42.0,0.11904761904761904,4.0,2,0
C01115,5.0,4325.5199999999995,865.1039999999999,3.0,1.0,2.0,42.0,0.11904761904761904,3.8,2,0
C01116,3.0,2274.52,758.1733333333333,4.666666666666667,1.0,0.0,58.0,0.05172413793103448,3.3333333333333335,2,0
C01117,3.0,4089.09,1363.03,3.6666666666666665,1.0,0.0,53.0,0.05660377358490566,3.0,2,0
C01118,3.0,3704.86,1234.9533333333334,4.666666666666667,0.0,1.0,30.0,0.1,4.5,2,0
C01119,3.0,1308.98,436.32666666666665,4.666666666666667,2.0,2.0,35.0,0.08571428571428572,2.5,2,0
C01120,3.0,2963.17,987.7233333333334,3.0,3.0,2.0,50.0,0.06,5.0,2,0
C01121,6.0,6832.37,1138.7283333333332,4.333333333333333,1.0,4.0,66.0,0.09090909090909091,3.0,1,0
C01122,3.0,2898.9300000000003,966.3100000000001,2.3333333333333335,1.0,0.0,6.0,0.5,4.0,2,0
C01123,2.0,2462.63,1231.315,2.0,0.0,0.0,44.0,0.045454545454545456,4.0,2,0
C01124,4.0,1718.3400000000001,429.58500000000004,4.25,2.0,1.0,53.0,0.07547169811320754,4.0,2,0
C01125,2.0,2422.12,1211.06,3.5,1.0,0.0,5.0,0.4,4.0,2,0
C01126,3.0,3294.8900000000003,1098.2966666666669,5.333333333333333,0.0,0.0,24.0,0.125,3.3333333333333335,2,0
C01127,11.0,16171.87,1470.17,2.909090909090909,3.0,2.0,85.0,0.12941176470588237,3.8333333333333335,1,0
C01128,3.0,2600.67,866.89,3.0,0.0,0.0,21.0,0.14285714285714285,4.0,2,0
C01129,4.0,3332.61,833.1525,4.0,1.0,0.0,47.0,0.0851063829787234,3.0,2,0
C01130,8.0,5352.28,669.035,4.0,1.0,4.0,66.0,0.12121212121212122,3.8,1,0
C01131,6.0,8083.45,1347.2416666666666,4.666666666666667,1.0,2.0,61.0,0.09836065573770492,4.0,1,0
C01132,5.0,5430.23,1086.0459999999998,5.0,1.0,3.0,77.0,0.06493506493506493,3.0,1,0
C01133,4.0,4350.370000000001,1087.5925000000002,3.5,1.0,1.0,44.0,0.09090909090909091,3.3333333333333335,2,0
C01134,6.0,5801.22,966.87,4.5,1.0,0.0,70.0,0.08571428571428572,3.75,2,0
C01135,7.0,5729.32,818.4742857142857,4.714285714285714,2.0,3.0,60.0,0.11666666666666667,3.3333333333333335,1,0
C01136,9.0,9574.31,1063.812222222222,3.4444444444444446,3.0,1.0,87.0,0.10344827586206896,4.0,1,0
C01137,4.0,3201.8,800.45,3.25,2.0,0.0,40.0,0.1,4.0,2,0
C01138,2.0,2985.02,1492.51,5.5,1.0,0.0,2.0,1.0,3.0,0,1
C01139,8.0,6197.23,774.65375,3.25,1.0,3.0,46.0,0.17391304347826086,3.375,1,0
C01140,5.0,3181.01,636.202,4.2,2.0,1.0,70.0,0.07142857142857142,1.0,2,0
C01141,6.0,5371.2699999999995,895.2116666666666,3.8333333333333335,0.0,1.0,79.0,0.0759493670886076,3.0,2,0
C01142,5.0,6295.85,1259.17,4.8,2.0,1.0,50.0,0.1,4.25,1,0
C01143,7.0,6463.48,923.3542857142857,3.0,4.0,3.0,75.0,0.09333333333333334,2.6,1,0
C01144,9.0,10141.73,1126.858888888889,4.111111111111111,3.0,0.0,81.0,0.1111111111111111,4.2,1,0
C01145,7.0,7495.88,1070.84,3.0,1.0,1.0,56.0,0.125,3.5,1,0
C01146,6.0,7176.4,1196.0666666666666,3.8333333333333335,1.0,4.0,74.0,0.08108108108108109,4.5,1,0
C01147,5.0,5942.21,1188.442,4.0,2.0,1.0,25.0,0.2,3.5,2,0
C01148,2.0,3011.08,1505.54,2.5,1.0,0.0,30.0,0.06666666666666667,5.0,2,0
C01149,2.0,794.22,397.11,4.5,1.0,0.0,13.0,0.15384615384615385,4.0,2,0
C01150,2.0,1941.48,970.74,1.5,1.0,0.0,24.0,0.08333333333333333,4.5,2,0
C01151,6.0,7689.05,1281.5083333333334,2.8333333333333335,2.0,0.0,60.0,0.1,5.0,1,0
C01152,6.0,9793.52,1632.2533333333333,3.1666666666666665,0.0,0.0,34.0,0.17647058823529413,3.6,1,0
C01153,5.0,6970.1900000000005,1394.038,4.0,1.0,2.0,47.0,0.10638297872340426,3.0,1,0
C01154,6.0,9058.71,1509.7849999999999,3.3333333333333335,2.0,2.0,47.0,0.1276595744680851,3.3333333333333335,1,0
C01155,4.0,3432.33,858.0825,1.75,2.0,1.0,55.0,0.07272727272727272,3.3333333333333335,2,0
C01156,4.0,3679.13,919.7825,2.25,1.0,2.0,27.0,0.14814814814814814,2.6666666666666665,2,0
C01157,6.0,4321.93,720.3216666666667,3.5,3.0,2.0,85.0,0.07058823529411765,3.3333333333333335,1,0
C01158,9.0,10459.65,1162.1833333333334,3.3333333333333335,3.0,3.0,81.0,0.1111111111111111,4.125,1,0
C01159,4.0,1941.0900000000001,485.27250000000004,5.0,1.0,1.0,78.0,0.05128205128205128,4.0,2,0
C01160,2.0,1247.96,623.98,4.0,0.0,1.0,5.0,0.4,2.0,2,0
C01161,4.0,3531.01,882.7525,3.75,1.0,0.0,38.0,0.10526315789473684,2.75,2,0
C01162,5.0,6875.72,1375.144,3.4,1.0,1.0,74.0,0.06756756756756757,4.2,2,0
C01163,1.0,1019.88,1019.88,6.0,0.0,0.0,1.0,1.0,4.0,0,1
C01164,2.0,1839.51,919.755,3.0,1.0,0.0,16.0,0.125,5.0,2,0
C01165,4.0,5950.68,1487.67,4.0,1.0,1.0,69.0,0.057971014492753624,5.0,2,0
C01166,8.0,10625.25,1328.15625,3.625,1.0,1.0,84.0,0.09523809523809523,1.75,1,0
C01167,4.0,2716.51,679.1275,4.25,1.0,0.0,38.0,0.10526315789473684,4.5,2,0
C01168,2.0,1251.6100000000001,625.8050000000001,4.0,2.0,2.0,27.0,0.07407407407407407,3.0,2,0
C01169,9.0,8926.18,991.7977777777778,3.5555555555555554,4.0,4.0,76.0,0.11842105263157894,3.8,1,0
C01170,13.0,12974.44,998.0338461538462,3.3846153846153846,5.0,4.0,82.0,0.15853658536585366,4.090909090909091,1,0
C01171,2.0,3143.2799999999997,1571.6399999999999,1.5,0.0,1.0,15.0,0.13333333333333333,4.5,2,0
C01172,5.0,5761.65,1152.33,2.8,1.0,3.0,59.0,0.0847457627118644,4.0,1,0
C01173,9.0,10549.11,1172.1233333333334,3.3333333333333335,2.0,3.0,89.0,0.10112359550561797,3.4,1,0
C01174,5.0,3707.75,741.55,3.6,2.0,1.0,70.0,0.07142857142857142,4.0,2,0
C01175,3.0,2241.14,747.0466666666666,3.6666666666666665,2.0,1.0,34.0,0.08823529411764706,1.0,2,0
C01176,7.0,8288.52,1184.0742857142857,3.0,3.0,2.0,57.0,0.12280701754385964,2.8,1,0
C01177,5.0,6722.13,1344.426,3.2,3.0,3.0,65.0,0.07692307692307693,3.0,1,0
C01178,5.0,5747.59,1149.518,3.0,2.0,1.0,46.0,0.10869565217391304,4.0,2,0
C01179,6.0,7536.49,1256.0816666666667,3.3333333333333335,2.0,1.0,49.0,0.12244897959183673,2.75,1,0
C01180,11.0,13774.64,1252.24,4.2727272727272725,4.0,3.0,81.0,0.13580246913580246,2.888888888888889,1,0
C01181,4.0,2826.02,706.505,2.75,1.0,1.0,62.0,0.06451612903225806,1.0,2,0
C01182,2.0,2358.19,1179.095,3.0,1.0,0.0,61.0,0.03278688524590164,3.0,2,0
C01183,3.0,2724.87,908.29,2.3333333333333335,1.0,1.0,68.0,0.04411764705882353,4.0,2,0
C01184,4.0,3854.05,963.5125,3.75,0.0,0.0,29.0,0.13793103448275862,3.0,2,0
C01185,10.0,8552.77,855.277,3.8,4.0,0.0,83.0,0.12048192771084337,4.142857142857143,1,0
C01186,3.0,3829.95,1276.6499999999999,3.6666666666666665,1.0,1.0,24.0,0.125,3.0,2,0
C01187,4.0,5686.24,1421.56,3.5,0.0,1.0,84.0,0.047619047619047616,4.0,2,0
C01188,6.0,5753.67,958.945,2.5,0.0,3.0,76.0,0.07894736842105263,4.333333333333333,1,0
C01189,3.0,2802.19,934.0633333333334,4.0,0.0,1.0,19.0,0.15789473684210525,3.6666666666666665,2,0
C01190,4.0,5477.97,1369.4925,5.25,2.0,1.0,37.0,0.10810810810810811,3.25,2,0
C01191,6.0,4382.23,730.3716666666666,3.3333333333333335,1.0,1.0,40.0,0.15,4.0,2,0
C01192,6.0,3179.77,529.9616666666667,2.3333333333333335,2.0,1.0,71.0,0.08450704225352113,4.75,2,0
C01193,6.0,6236.89,1039.4816666666668,4.833333333333333,1.0,2.0,47.0,0.1276595744680851,4.0,1,0
C01194,3.0,1939.78,646.5933333333334,1.3333333333333333,3.0,1.0,63.0,0.047619047619047616,3.0,2,0
C01195,4.0,5076.15,1269.0375,3.5,1.0,2.0,67.0,0.05970149253731343,4.0,2,0
C01196,7.0,8394.49,1199.212857142857,3.7142857142857144,1.0,0.0,49.0,0.14285714285714285,3.0,1,0
C01197,5.0,6497.38,1299.476,3.8,1.0,1.0,70.0,0.07142857142857142,3.0,2,0
C01198,5.0,5943.030000000001,1188.6060000000002,3.0,2.0,0.0,41.0,0.12195121951219512,3.5,2,0
C01199,5.0,5262.38,1052.476,4.4,3.0,3.0,58.0,0.08620689655172414,3.5,1,0
C01200,8.0,6623.280000000001,827.9100000000001,4.125,2.0,0.0,52.0,0.15384615384615385,3.142857142857143,1,0
C01201,3.0,3170.3,1056.7666666666667,4.0,1.0,2.0,61.0,0.04918032786885246,3.6666666666666665,2,0
C01202,4.0,2262.13,565.5325,4.0,0.0,1.0,18.0,0.2222222222222222,3.6666666666666665,2,0
C01203,3.0,3651.81,1217.27,5.333333333333333,1.0,0.0,83.0,0.03614457831325301,5.0,2,0
C01204,7.0,8907.89,1272.5557142857142,2.857142857142857,1.0,2.0,63.0,0.1111111111111111,4.142857142857143,1,0
C01205,4.0,3150.17,787.5425,4.5,0.0,0.0,83.0,0.04819277108433735,4.5,2,0
C01206,5.0,5221.43,1044.286,3.6,2.0,1.0,46.0,0.10869565217391304,4.333333333333333,2,0
C01207,5.0,2910.25,582.05,3.4,3.0,1.0,66.0,0.07575757575757576,4.666666666666667,2,0
C01208,6.0,7640.39,1273.3983333333333,2.5,1.0,0.0,37.0,0.16216216216216217,4.0,2,0
C01209,5.0,4349.219999999999,869.8439999999998,3.4,2.0,3.0,33.0,0.15151515151515152,4.5,1,0
C01210,4.0,5364.89,1341.2225,4.25,1.0,1.0,18.0,0.2222222222222222,3.5,2,0
C01211,4.0,3955.2799999999997,988.8199999999999,2.75,0.0,0.0,39.0,0.10256410256410256,4.0,2,0
C01212,3.0,2349.41,783.1366666666667,2.0,0.0,0.0,51.0,0.058823529411764705,4.333333333333333,2,0
C01213,10.0,9402.35,940.235,3.3,3.0,4.0,80.0,0.125,4.142857142857143,1,0
C01214,3.0,3360.69,1120.23,3.0,1.0,1.0,29.0,0.10344827586206896,3.3333333333333335,2,0
C01215,4.0,4482.129999999999,1120.5324999999998,3.75,1.0,1.0,27.0,0.14814814814814814,3.0,2,0
C01216,4.0,5359.87,1339.9675,3.5,1.0,2.0,65.0,0.06153846153846154,2.6666666666666665,2,0
C01217,6.0,5533.68,922.2800000000001,3.8333333333333335,2.0,0.0,81.0,0.07407407407407407,4.0,2,0
C01218,6.0,6927.54,1154.59,3.5,2.0,2.0,52.0,0.11538461538461539,4.25,1,0
C01219,10.0,10936.14,1093.614,3.8,1.0,1.0,76.0,0.13157894736842105,4.0,1,0
C01220,6.0,8899.82,1483.3033333333333,4.0,1.0,0.0,72.0,0.08333333333333333,3.6666666666666665,1,0
C01221,6.0,5370.49,895.0816666666666,2.6666666666666665,3.0,5.0,71.0,0.08450704225352113,3.25,1,0
C01222,5.0,4752.52,950.5040000000001,2.2,1.0,1.0,45.0,0.1111111111111111,2.6666666666666665,2,0
C01223,6.0,8082.38,1347.0633333333333,4.666666666666667,2.0,1.0,58.0,0.10344827586206896,4.0,1,0
C01224,5.0,5378.7,1075.74,4.0,2.0,3.0,72.0,0.06944444444444445,3.6,1,0
C01225,7.0,7555.78,1079.3971428571429,3.4285714285714284,0.0,0.0,53.0,0.1320754716981132,3.2857142857142856,2,0
C01226,9.0,9288.18,1032.02,2.888888888888889,6.0,4.0,65.0,0.13846153846153847,2.6666666666666665,1,0
C01227,6.0,8242.91,1373.8183333333334,4.166666666666667,1.0,1.0,55.0,0.10909090909090909,3.5,1,0
C01228,8.0,6258.0599999999995,782.2574999999999,3.0,1.0,3.0,84.0,0.09523809523809523,3.6666666666666665,1,0
C01229,1.0,1458.21,1458.21,1.0,0.0,0.0,1.0,1.0,5.0,0,-1
C01230,2.0,1946.22,973.11,5.5,0.0,0.0,38.0,0.05263157894736842,4.5,2,0
C01231,5.0,4248.1,849.6200000000001,3.0,1.0,2.0,66.0,0.07575757575757576,3.25,2,0
C01232,3.0,2684.5,894.8333333333334,3.0,1.0,1.0,23.0,0.13043478260869565,3.0,2,0
C01233,6.0,5310.2,885.0333333333333,3.8333333333333335,1.0,0.0,78.0,0.07692307692307693,3.5,2,0
C01234,2.0,2238.39,1119.195,3.5,1.0,0.0,3.0,0.6666666666666666,2.0,0,-1
C01235,3.0,2176.46,725.4866666666667,1.3333333333333333,0.0,2.0,18.0,0.16666666666666666,4.5,2,0
C01236,9.0,11436.8,1270.7555555555555,3.2222222222222223,2.0,1.0,78.0,0.11538461538461539,2.75,1,0
C01237,4.0,3489.49,872.3725,4.75,0.0,0.0,50.0,0.08,3.5,2,0
C01238,9.0,6661.389999999999,740.1544444444444,4.0,3.0,5.0,75.0,0.12,4.166666666666667,1,0
C01239,6.0,9044.4,1507.3999999999999,2.6666666666666665,1.0,2.0,74.0,0.08108108108108109,2.5,1,0
C01240,5.0,5244.86,1048.972,3.6,0.0,1.0,78.0,0.0641025641025641,4.0,2,0
C01241,4.0,4391.37,1097.8425,4.0,0.0,0.0,52.0,0.07692307692307693,4.5,2,0
C01242,7.0,7635.52,1090.7885714285715,3.2857142857142856,2.0,2.0,76.0,0.09210526315789473,2.6,1,0
C01243,7.0,6641.49,948.7842857142857,3.5714285714285716,4.0,2.0,77.0,0.09090909090909091,4.0,1,0
C01244,10.0,10692.44,1069.2440000000001,2.7,3.0,3.0,59.0,0.1694915254237288,3.6666666666666665,1,0
C01245,6.0,6771.11,1128.5183333333332,3.3333333333333335,1.0,0.0,54.0,0.1111111111111111,2.6666666666666665,2,0
C01246,4.0,4700.76,1175.19,3.0,1.0,3.0,32.0,0.125,3.25,2,0
C01247,4.0,4065.91,1016.4775,3.25,1.0,1.0,33.0,0.12121212121212122,5.0,2,0
C01248,4.0,5667.53,1416.8825,3.5,2.0,2.0,36.0,0.1111111111111111,4.75,1,0
C01249,6.0,6139.21,1023.2016666666667,3.6666666666666665,3.0,1.0,81.0,0.07407407407407407,3.5,1,0
C01250,2.0,2488.45,1244.225,5.0,0.0,1.0,16.0,0.125,2.5,2,0
C01251,6.0,6554.77,1092.4616666666668,4.166666666666667,1.0,1.0,75.0,0.08,3.8,2,0
C01252,10.0,11551.19,1155.1190000000001,4.0,1.0,1.0,70.0,0.14285714285714285,3.3333333333333335,1,0
C01253,3.0,4242.8099999999995,1414.2699999999998,4.0,1.0,1.0,34.0,0.08823529411764706,3.5,2,0
C01254,9.0,9224.85,1024.9833333333333,2.5555555555555554,3.0,3.0,64.0,0.140625,3.1666666666666665,1,0
C01255,5.0,4676.5,935.3,3.4,0.0,1.0,78.0,0.0641025641025641,3.5,2,0
C01256,3.0,3652.24,1217.4133333333332,2.6666666666666665,1.0,3.0,49.0,0.061224489795918366,2.0,2,0
C01257,4.0,4974.79,1243.6975,3.75,2.0,0.0,56.0,0.07142857142857142,3.3333333333333335,2,0
C01258,5.0,5183.68,1036.736,3.6,1.0,1.0,69.0,0.07246376811594203,3.0,2,0
C01259,3.0,3255.2799999999997,1085.0933333333332,2.0,1.0,0.0,6.0,0.5,3.5,2,0
C01260,6.0,7650.09,1275.015,3.1666666666666665,4.0,1.0,81.0,0.07407407407407407,3.6666666666666665,1,0
C01261,3.0,3553.23,1184.41,1.3333333333333333,0.0,0.0,76.0,0.039473684210526314,2.5,2,0
C01262,4.0,5643.71,1410.9275,4.25,1.0,0.0,67.0,0.05970149253731343,4.5,2,0
C01263,3.0,2656.14,885.38,3.3333333333333335,1.0,1.0,37.0,0.08108108108108109,5.0,2,0
C01264,6.0,4489.18,748.1966666666667,3.0,1.0,0.0,50.0,0.12,3.3333333333333335,2,0
C01265,8.0,9440.65,1180.08125,3.25,4.0,1.0,74.0,0.10810810810810811,3.857142857142857,1,0
C01266,5.0,4278.610000000001,855.7220000000001,4.2,1.0,1.0,25.0,0.2,3.5,2,0
C01267,7.0,7459.79,1065.6842857142858,2.4285714285714284,0.0,3.0,57.0,0.12280701754385964,2.5,1,0
C01268,5.0,4399.99,879.9979999999999,3.8,1.0,2.0,86.0,0.05813953488372093,4.333333333333333,2,0
C01269,5.0,3767.66,753.5319999999999,3.4,0.0,0.0,29.0,0.1724137931034483,3.3333333333333335,2,0
C01270,8.0,7825.08,978.135,4.0,2.0,4.0,71.0,0.11267605633802817,3.0,1,0
C01271,6.0,6965.25,1160.875,3.5,1.0,3.0,59.0,0.1016949152542373,2.8333333333333335,1,0
C01272,4.0,3231.74,807.935,3.5,1.0,2.0,71.0,0.056338028169014086,3.75,2,0
C01273,2.0,1672.4,836.2,4.0,1.0,0.0,7.0,0.2857142857142857,1.0,2,0
C01274,1.0,786.33,786.33,4.0,0.0,0.0,1.0,1.0,3.0,0,1
C01275,10.0,9899.72,989.972,3.8,6.0,5.0,61.0,0.16393442622950818,3.8333333333333335,1,0
C01276,4.0,5087.89,1271.9725,2.25,2.0,1.0,38.0,0.10526315789473684,3.0,2,0
C01277,4.0,3893.02,973.255,3.75,1.0,2.0,41.0,0.0975609756097561,4.0,2,0
C01278,7.0,8655.22,1236.4599999999998,3.7142857142857144,3.0,3.0,54.0,0.12962962962962962,4.0,1,0
C01279,7.0,7835.75,1119.392857142857,3.142857142857143,1.0,4.0,59.0,0.11864406779661017,4.0,1,0
C01280,3.0,3375.41,1125.1366666666665,3.0,1.0,1.0,11.0,0.2727272727272727,3.3333333333333335,2,0
C01281,5.0,3059.79,611.958,3.8,0.0,1.0,82.0,0.06097560975609756,4.2,2,0
C01282,4.0,4018.53,1004.6325,3.25,1.0,0.0,13.0,0.3076923076923077,4.75,2,0
C01283,9.0,8409.89,934.4322222222222,3.7777777777777777,4.0,3.0,71.0,0.1267605633802817,2.875,1,0
C01284,7.0,9344.84,1334.9771428571428,3.4285714285714284,3.0,0.0,72.0,0.09722222222222222,4.4,1,0
C01285,6.0,8935.6,1489.2666666666667,3.8333333333333335,0.0,1.0,84.0,0.07142857142857142,2.0,1,0
C01286,7.0,8482.58,1211.797142857143,4.142857142857143,3.0,1.0,76.0,0.09210526315789473,3.2857142857142856,1,0
C01287,6.0,5834.61,972.435,4.333333333333333,2.0,0.0,79.0,0.0759493670886076,3.5,2,0
C01288,2.0,1152.7,576.35,4.5,2.0,0.0,49.0,0.04081632653061224,3.0,2,0
C01289,6.0,8921.880000000001,1486.9800000000002,3.6666666666666665,2.0,2.0,83.0,0.07228915662650602,3.8,1,0
C01290,5.0,6046.47,1209.294,5.2,2.0,1.0,39.0,0.1282051282051282,3.5,2,0
C01291,4.0,5998.48,1499.62,3.0,1.0,1.0,76.0,0.05263157894736842,1.6666666666666667,2,0
C01292,6.0,6935.5,1155.9166666666667,3.6666666666666665,4.0,3.0,70.0,0.08571428571428572,4.6,1,0
C01293,9.0,13409.09,1489.898888888889,3.2222222222222223,3.0,4.0,84.0,0.10714285714285714,3.2,1,0
C01294,3.0,2612.8100000000004,870.9366666666668,3.6666666666666665,1.0,0.0,5.0,0.6,4.0,0,0
C01295,8.0,9495.24,1186.905,3.625,5.0,0.0,77.0,0.1038961038961039,3.5,1,0
C01296,5.0,4271.3099999999995,854.262,2.8,2.0,2.0,65.0,0.07692307692307693,5.0,2,0
C01297,6.0,4729.68,788.2800000000001,3.3333333333333335,1.0,1.0,82.0,0.07317073170731707,4.25,2,0
C01298,2.0,1908.9799999999998,954.4899999999999,4.5,0.0,0.0,21.0,0.09523809523809523,3.5,2,0
C01299,5.0,4922.44,984.4879999999999,3.6,2.0,2.0,61.0,0.08196721311475409,2.75,2,0
C01300,8.0,8504.73,1063.09125,3.625,2.0,3.0,74.0,0.10810810810810811,3.3333333333333335,1,0
C01301,10.0,12251.95,1225.1950000000002,3.5,2.0,2.0,50.0,0.2,4.666666666666667,1,0
C01302,5.0,5240.12,1048.024,3.4,3.0,3.0,63.0,0.07936507936507936,3.3333333333333335,1,0
C01303,4.0,4284.2,1071.05,3.25,0.0,2.0,38.0,0.10526315789473684,3.75,2,0
C01304,3.0,3119.68,1039.8933333333332,3.3333333333333335,1.0,0.0,51.0,0.058823529411764705,3.5,2,0
C01305,6.0,6937.75,1156.2916666666667,3.3333333333333335,1.0,1.0,58.0,0.10344827586206896,4.0,1,0
C01306,2.0,2457.35,1228.675,5.0,1.0,1.0,19.0,0.10526315789473684,4.0,2,0
C01307,5.0,4250.93,850.186,3.8,1.0,0.0,38.0,0.13157894736842105,4.0,2,0
C01308,1.0,1959.04,1959.04,5.0,1.0,0.0,1.0,1.0,3.0,0,1
C01309,5.0,3610.94,722.188,2.6,1.0,1.0,66.0,0.07575757575757576,3.75,2,0
C01310,7.0,8207.14,1172.4485714285713,2.857142857142857,3.0,1.0,76.0,0.09210526315789473,3.5,1,0
C01311,9.0,9471.75,1052.4166666666667,3.2222222222222223,3.0,1.0,70.0,0.12857142857142856,4.0,1,0
C01312,2.0,2065.74,1032.87,5.5,1.0,1.0,47.0,0.0425531914893617,5.0,2,0
C01313,5.0,4302.48,860.4959999999999,4.6,2.0,0.0,76.0,0.06578947368421052,4.0,2,0
C01314,5.0,6320.780000000001,1264.1560000000002,4.4,2.0,1.0,74.0,0.06756756756756757,2.6666666666666665,1,0
C01315,4.0,3378.71,844.6775,3.5,0.0,1.0,70.0,0.05714285714285714,4.333333333333333,2,0
C01316,3.0,2368.53,789.5100000000001,2.0,0.0,1.0,35.0,0.08571428571428572,1.0,2,0
C01317,6.0,4578.45,763.0749999999999,3.8333333333333335,0.0,3.0,69.0,0.08695652173913043,4.5,2,0
C01318,7.0,7263.870000000001,1037.6957142857143,2.5714285714285716,3.0,1.0,66.0,0.10606060606060606,4.333333333333333,1,0
C01319,5.0,6860.42,1372.084,2.8,0.0,3.0,68.0,0.07352941176470588,2.0,1,0
C01320,6.0,6067.110000000001,1011.1850000000001,4.166666666666667,1.0,1.0,83.0,0.07228915662650602,3.1666666666666665,2,0
C01321,10.0,8971.75,897.175,3.5,3.0,2.0,75.0,0.13333333333333333,3.4,1,0
C01322,5.0,3609.81,721.962,3.0,0.0,0.0,81.0,0.06172839506172839,5.0,2,0
C01323,7.0,4461.55,637.3642857142858,3.2857142857142856,2.0,2.0,69.0,0.10144927536231885,3.6666666666666665,1,0
C01324,4.0,4849.51,1212.3775,2.75,3.0,1.0,55.0,0.07272727272727272,3.6666666666666665,2,0
C01325,6.0,6266.77,1044.4616666666668,4.0,4.0,2.0,85.0,0.07058823529411765,3.8,1,0
C01326,6.0,6662.3099999999995,1110.385,4.333333333333333,3.0,2.0,38.0,0.15789473684210525,3.0,1,0
C01327,6.0,6729.47,1121.5783333333334,3.0,4.0,1.0,60.0,0.1,4.666666666666667,1,0
C01328,6.0,6041.9400000000005,1006.9900000000001,3.0,0.0,3.0,63.0,0.09523809523809523,3.0,1,0
C01329,3.0,2268.29,756.0966666666667,3.3333333333333335,1.0,1.0,16.0,0.1875,3.5,2,0
C01330,5.0,5375.049999999999,1075.0099999999998,5.4,0.0,3.0,56.0,0.08928571428571429,4.0,2,0
C01331,4.0,4859.27,1214.8175,4.5,1.0,1.0,88.0,0.045454545454545456,3.25,2,0
C01332,9.0,9940.97,1104.552222222222,4.666666666666667,2.0,6.0,82.0,0.10975609756097561,3.6666666666666665,1,0
C01333,8.0,10523.369999999999,1315.4212499999999,3.75,1.0,2.0,73.0,0.1095890410958904,4.0,1,0
C01334,7.0,7470.51,1067.2157142857143,3.142857142857143,2.0,3.0,57.0,0.12280701754385964,3.8333333333333335,1,0
C01335,3.0,3330.88,1110.2933333333333,1.6666666666666667,0.0,0.0,8.0,0.375,3.0,2,0
C01336,7.0,7262.37,1037.4814285714285,2.7142857142857144,3.0,1.0,54.0,0.12962962962962962,2.6666666666666665,1,0
C01337,5.0,5545.58,1109.116,2.0,0.0,0.0,57.0,0.08771929824561403,3.0,2,0
C01338,3.0,3676.2,1225.3999999999999,2.3333333333333335,1.0,0.0,27.0,0.1111111111111111,3.3333333333333335,2,0
C01339,1.0,982.57,982.57,1.0,0.0,0.0,1.0,1.0,4.0,0,-1
C01340,5.0,6632.87,1326.574,3.6,1.0,0.0,63.0,0.07936507936507936,4.0,2,0
C01341,1.0,845.66,845.66,2.0,1.0,0.0,1.0,1.0,3.5848081591677903,0,1
C01342,6.0,3604.07,600.6783333333334,3.1666666666666665,3.0,1.0,47.0,0.1276595744680851,3.3333333333333335,2,0
C01343,2.0,2273.34,1136.67,4.5,0.0,0.0,14.0,0.14285714285714285,3.5,2,0
C01344,9.0,8673.59,963.7322222222223,2.7777777777777777,1.0,0.0,77.0,0.11688311688311688,3.1666666666666665,1,0
C01345,6.0,8097.33,1349.555,3.1666666666666665,0.0,1.0,59.0,0.1016949152542373,2.0,1,0
C01346,7.0,7815.9,1116.5571428571427,4.428571428571429,1.0,1.0,73.0,0.0958904109589041,3.4,1,0
C01347,1.0,1165.55,1165.55,2.0,0.0,1.0,1.0,1.0,4.0,0,1
C01348,5.0,4961.78,992.356,3.4,2.0,1.0,83.0,0.060240963855421686,3.75,2,0
C01349,3.0,3767.84,1255.9466666666667,2.0,1.0,2.0,74.0,0.04054054054054054,3.5,2,0
C01350,3.0,3868.25,1289.4166666666667,4.0,1.0,1.0,74.0,0.04054054054054054,4.0,2,0
C01351,2.0,2834.95,1417.475,5.5,0.0,0.0,6.0,0.3333333333333333,4.0,2,0
C01352,5.0,4193.98,838.7959999999999,2.6,3.0,2.0,62.0,0.08064516129032258,3.5,1,0
C01353,6.0,6150.08,1025.0133333333333,5.0,3.0,3.0,80.0,0.075,4.5,1,0
C01354,4.0,4188.23,1047.0575,3.75,1.0,1.0,47.0,0.0851063829787234,4.0,2,0
C01355,4.0,5490.15,1372.5375,3.75,0.0,1.0,79.0,0.05063291139240506,4.0,2,0
C01356,3.0,2254.67,751.5566666666667,1.3333333333333333,0.0,0.0,29.0,0.10344827586206896,5.0,2,0
C01357,6.0,5254.0,875.6666666666666,3.1666666666666665,0.0,2.0,75.0,0.08,2.75,2,0
C01358,9.0,12301.71,1366.8566666666666,3.4444444444444446,2.0,3.0,78.0,0.11538461538461539,2.6666666666666665,1,0
C01359,5.0,5075.22,1015.0440000000001,4.0,0.0,0.0,53.0,0.09433962264150944,4.333333333333333,2,0
C01360,7.0,7918.0,1131.142857142857,3.142857142857143,2.0,2.0,80.0,0.0875,4.0,1,0
C01361,10.0,11299.78,1129.978,1.9,4.0,4.0,76.0,0.13157894736842105,3.75,1,0
C01362,5.0,6019.46,1203.892,3.6,2.0,1.0,66.0,0.07575757575757576,4.0,2,0
C01363,5.0,5193.14,1038.6280000000002,4.4,2.0,1.0,75.0,0.06666666666666667,3.75,2,0
C01364,3.0,2301.8799999999997,767.2933333333332,2.3333333333333335,1.0,1.0,71.0,0.04225352112676056,4.0,2,0
C01365,6.0,5819.87,969.9783333333334,4.333333333333333,3.0,1.0,38.0,0.15789473684210525,3.5,1,0
C01366,8.0,6702.45,837.80625,3.375,2.0,3.0,80.0,0.1,4.25,1,0
C01367,9.0,10775.39,1197.2655555555555,3.2222222222222223,2.0,1.0,66.0,0.13636363636363635,3.5,1,0
C01368,2.0,1157.1399999999999,578.5699999999999,4.0,1.0,1.0,12.0,0.16666666666666666,3.5848081591677903,2,0
C01369,8.0,11468.82,1433.6025,4.25,2.0,0.0,81.0,0.09876543209876543,3.6666666666666665,1,0
C01370,10.0,10327.54,1032.7540000000001,4.1,2.0,2.0,76.0,0.13157894736842105,3.2857142857142856,1,0
C01371,3.0,1791.23,597.0766666666667,1.6666666666666667,1.0,2.0,6.0,0.5,2.0,2,-1
C01372,1.0,1171.87,1171.87,5.0,0.0,0.0,1.0,1.0,4.0,0,1
C01373,5.0,5796.84,1159.368,3.0,1.0,0.0,66.0,0.07575757575757576,4.0,2,0
C01374,6.0,7068.45,1178.075,3.6666666666666665,4.0,4.0,75.0,0.08,3.0,1,0
C01375,7.0,6256.92,893.8457142857143,3.2857142857142856,1.0,2.0,78.0,0.08974358974358974,4.25,1,0
C01376,3.0,2816.62,938.8733333333333,2.6666666666666665,0.0,1.0,34.0,0.08823529411764706,3.5,2,0
C01377,3.0,2961.82,987.2733333333334,1.6666666666666667,0.0,0.0,38.0,0.07894736842105263,2.6666666666666665,2,0
C01378,3.0,2768.56,922.8533333333334,2.6666666666666665,1.0,0.0,22.0,0.13636363636363635,3.6666666666666665,2,0
C01379,2.0,2131.62,1065.81,4.5,2.0,0.0,57.0,0.03508771929824561,3.5848081591677903,2,0
C01380,7.0,8679.12,1239.8742857142859,2.857142857142857,2.0,1.0,69.0,0.10144927536231885,3.25,1,0
C01381,5.0,7590.16,1518.032,2.2,0.0,0.0,74.0,0.06756756756756757,2.75,2,0
C01382,4.0,4264.76,1066.19,3.25,0.0,2.0,61.0,0.06557377049180328,4.333333333333333,2,0
C01383,2.0,3136.26,1568.13,3.0,1.0,1.0,10.0,0.2,4.0,2,0
C01384,6.0,8090.09,1348.3483333333334,2.0,2.0,2.0,54.0,0.1111111111111111,3.5,1,0
C01385,8.0,8205.57,1025.69625,4.375,3.0,2.0,41.0,0.1951219512195122,3.6666666666666665,1,0
C01386,6.0,4670.45,778.4083333333333,2.5,2.0,0.0,58.0,0.10344827586206896,4.5,2,0
C01387,6.0,7899.84,1316.64,3.6666666666666665,2.0,2.0,69.0,0.08695652173913043,3.4,1,0
C01388,1.0,1276.67,1276.67,3.0,1.0,0.0,1.0,1.0,2.0,0,1
C01389,7.0,6413.57,916.2242857142857,4.714285714285714,1.0,1.0,45.0,0.15555555555555556,3.3333333333333335,1,0
C01390,3.0,4648.2,1549.3999999999999,4.333333333333333,1.0,1.0,58.0,0.05172413793103448,1.0,2,0
C01391,4.0,5723.69,1430.9225,5.0,0.0,2.0,48.0,0.08333333333333333,3.5,2,0
C01392,6.0,7619.3099999999995,1269.885,2.6666666666666665,1.0,2.0,72.0,0.08333333333333333,3.6,1,0
C01393,5.0,2696.89,539.3779999999999,3.2,2.0,0.0,49.0,0.10204081632653061,3.3333333333333335,2,0
C01394,5.0,5642.74,1128.548,2.8,2.0,1.0,83.0,0.060240963855421686,4.0,2,0
C01395,4.0,4026.54,1006.635,3.5,1.0,1.0,83.0,0.04819277108433735,2.3333333333333335,2,0
C01396,5.0,5369.16,1073.8319999999999,4.2,1.0,1.0,59.0,0.0847457627118644,3.25,2,0
C01397,4.0,3799.04,949.76,3.0,1.0,0.0,73.0,0.0547945205479452,4.0,2,0
C01398,6.0,7193.8,1198.9666666666667,2.5,1.0,2.0,82.0,0.07317073170731707,4.0,1,0
C01399,6.0,5833.139999999999,972.1899999999999,3.1666666666666665,2.0,1.0,82.0,0.07317073170731707,2.6,1,0
C01400,9.0,7388.99,820.9988888888888,3.2222222222222223,1.0,3.0,65.0,0.13846153846153847,3.8333333333333335,1,0
C01401,4.0,3990.88,997.72,2.75,3.0,1.0,56.0,0.07142857142857142,3.5,2,0
C01402,9.0,8944.91,993.8788888888889,2.7777777777777777,1.0,5.0,70.0,0.12857142857142856,3.4285714285714284,1,0
C01403,3.0,3161.96,1053.9866666666667,4.333333333333333,1.0,1.0,70.0,0.04285714285714286,4.0,2,0
C01404,8.0,10781.93,1347.74125,3.5,2.0,1.0,57.0,0.14035087719298245,3.2,1,0
C01405,5.0,3942.98,788.596,4.6,1.0,4.0,71.0,0.07042253521126761,3.0,1,0
C01406,6.0,8944.27,1490.7116666666668,3.5,3.0,3.0,84.0,0.07142857142857142,4.0,1,0
C01407,4.0,3494.5099999999998,873.6274999999999,3.25,4.0,1.0,35.0,0.11428571428571428,3.0,2,0
C01408,3.0,2435.55,811.85,3.6666666666666665,1.0,1.0,46.0,0.06521739130434782,3.0,2,0
C01409,3.0,2980.54,993.5133333333333,1.3333333333333333,0.0,1.0,24.0,0.125,4.0,2,0
C01410,3.0,4218.860000000001,1406.2866666666669,2.3333333333333335,0.0,0.0,14.0,0.21428571428571427,1.0,2,0
C01411,5.0,4293.04,858.608,3.8,1.0,4.0,42.0,0.11904761904761904,4.2,1,0
C01412,4.0,4346.52,1086.63,3.0,0.0,2.0,67.0,0.05970149253731343,3.75,2,0
C01413,8.0,5893.93,736.74125,3.625,2.0,2.0,71.0,0.11267605633802817,3.142857142857143,1,0
C01414,5.0,3916.24,783.2479999999999,4.8,1.0,1.0,34.0,0.14705882352941177,4.5,2,0
C01415,3.0,3106.46,1035.4866666666667,3.0,1.0,1.0,34.0,0.08823529411764706,4.5,2,0
C01416,3.0,3432.38,1144.1266666666668,4.333333333333333,1.0,0.0,47.0,0.06382978723404255,2.0,2,0
C01417,5.0,4549.25,909.85,4.8,1.0,2.0,58.0,0.08620689655172414,4.666666666666667,2,0
C01418,2.0,2788.98,1394.49,4.0,0.0,1.0,5.0,0.4,3.5,2,0
C01419,3.0,3114.2799999999997,1038.0933333333332,4.0,0.0,2.0,12.0,0.25,3.0,2,0
C01420,4.0,3454.31,863.5775,3.5,2.0,2.0,77.0,0.05194805194805195,4.0,2,0
C01421,6.0,7169.370000000001,1194.8950000000002,3.0,1.0,1.0,67.0,0.08955223880597014,3.6666666666666665,1,0
C01422,7.0,6740.37,962.91,4.0,2.0,3.0,73.0,0.0958904109589041,3.25,1,0
C01423,3.0,2414.41,804.8033333333333,3.6666666666666665,0.0,0.0,42.0,0.07142857142857142,4.0,2,0
C01424,2.0,2828.4700000000003,1414.2350000000001,4.5,0.0,0.0,22.0,0.09090909090909091,4.0,2,0
C01425,4.0,4265.71,1066.4275,5.25,1.0,1.0,72.0,0.05555555555555555,3.3333333333333335,2,0
C01426,4.0,4059.12,1014.78,3.25,1.0,2.0,62.0,0.06451612903225806,5.0,2,0
C01427,2.0,1598.4,799.2,3.5,0.0,0.0,29.0,0.06896551724137931,5.0,2,0
C01428,3.0,3533.16,1177.72,3.0,0.0,2.0,23.0,0.13043478260869565,4.0,2,0
C01429,9.0,9121.17,1013.4633333333334,4.222222222222222,3.0,2.0,75.0,0.12,3.142857142857143,1,0
C01430,3.0,2487.87,829.29,3.0,0.0,0.0,25.0,0.12,4.5,2,0
C01431,9.0,8204.82,911.6466666666666,4.666666666666667,3.0,0.0,56.0,0.16071428571428573,2.8,1,0
C01432,5.0,4396.43,879.2860000000001,2.0,0.0,2.0,56.0,0.08928571428571429,4.5,2,0
C01433,8.0,8521.56,1065.195,3.5,1.0,3.0,69.0,0.11594202898550725,3.1666666666666665,1,0
C01434,7.0,8478.83,1211.2614285714285,4.142857142857143,3.0,0.0,63.0,0.1111111111111111,4.5,1,0
C01435,1.0,1240.71,1240.71,4.0,0.0,1.0,1.0,1.0,2.0,0,-1
C01436,2.0,2465.12,1232.56,4.0,1.0,1.0,3.0,0.6666666666666666,2.5,0,0
C01437,7.0,6571.990000000001,938.8557142857144,3.5714285714285716,3.0,2.0,64.0,0.109375,2.857142857142857,1,0
C01438,1.0,773.65,773.65,4.0,0.0,0.0,1.0,1.0,4.0,0,1
C01439,6.0,4525.59,754.265,2.8333333333333335,3.0,1.0,60.0,0.1,3.4,1,0
C01440,6.0,4961.06,826.8433333333334,3.6666666666666665,2.0,2.0,65.0,0.09230769230769231,4.666666666666667,1,0
C01441,3.0,3340.77,1113.59,2.0,1.0,1.0,48.0,0.0625,3.6666666666666665,2,0
C01442,2.0,1215.26,607.63,4.5,1.0,0.0,38.0,0.05263157894736842,2.5,2,0
C01443,9.0,8271.789999999999,919.0877777777777,3.3333333333333335,4.0,2.0,75.0,0.12,3.8333333333333335,1,0
C01444,7.0,7822.610000000001,1117.5157142857145,3.2857142857142856,3.0,1.0,67.0,0.1044776119402985,2.4285714285714284,1,0
C01445,2.0,2247.9700000000003,1123.9850000000001,5.0,1.0,1.0,69.0,0.028985507246376812,4.0,2,0
C01446,7.0,9434.03,1347.7185714285715,4.285714285714286,0.0,1.0,72.0,0.09722222222222222,3.0,1,0
C01447,5.0,6364.96,1272.992,2.6,1.0,2.0,73.0,0.0684931506849315,3.5,1,0
C01448,8.0,8832.35,1104.04375,2.0,4.0,2.0,60.0,0.13333333333333333,4.0,1,0
C01449,4.0,3266.03,816.5075,4.5,1.0,0.0,77.0,0.05194805194805195,3.5,2,0
C01450,4.0,3783.3,945.825,1.5,0.0,0.0,35.0,0.11428571428571428,3.0,2,0
C01451,3.0,2464.3199999999997,821.4399999999999,5.333333333333333,0.0,0.0,27.0,0.1111111111111111,4.5,2,0
C01452,7.0,6338.05,905.4357142857143,3.857142857142857,1.0,1.0,45.0,0.15555555555555556,3.6,1,0
C01453,5.0,5574.1900000000005,1114.8380000000002,3.6,0.0,0.0,56.0,0.08928571428571429,3.5,2,0
C01454,2.0,2321.1,1160.55,4.5,1.0,1.0,30.0,0.06666666666666667,4.0,2,0
C01455,3.0,2483.16,827.7199999999999,4.666666666666667,2.0,1.0,36.0,0.08333333333333333,5.0,2,0
C01456,5.0,3748.31,749.662,2.6,2.0,3.0,55.0,0.09090909090909091,2.75,2,0
C01457,2.0,1750.0,875.0,5.0,0.0,1.0,59.0,0.03389830508474576,3.5,2,0
C01458,3.0,4661.280000000001,1553.7600000000002,2.6666666666666665,2.0,1.0,37.0,0.08108108108108109,4.0,2,0
C01459,5.0,6805.3099999999995,1361.062,3.6,3.0,0.0,51.0,0.09803921568627451,3.5,1,0
C01460,3.0,2672.19,890.73,3.3333333333333335,2.0,2.0,19.0,0.15789473684210525,4.0,2,0
C01461,5.0,6067.51,1213.502,2.8,1.0,1.0,59.0,0.0847457627118644,3.3333333333333335,2,0
C01462,4.0,4682.71,1170.6775,4.5,1.0,0.0,39.0,0.10256410256410256,4.0,2,0
C01463,4.0,4159.38,1039.845,5.0,0.0,2.0,45.0,0.08888888888888889,4.0,2,0
C01464,2.0,2624.92,1312.46,4.5,0.0,0.0,27.0,0.07407407407407407,1.0,2,0
C01465,6.0,5943.07,990.5116666666667,3.6666666666666665,1.0,0.0,73.0,0.0821917808219178,3.0,2,0
C01466,4.0,6272.36,1568.09,4.5,2.0,2.0,37.0,0.10810810810810811,3.3333333333333335,1,0
C01467,4.0,3959.18,989.795,3.5,0.0,1.0,63.0,0.06349206349206349,4.75,2,0
C01468,8.0,6455.12,806.89,3.625,2.0,2.0,59.0,0.13559322033898305,3.3333333333333335,1,0
C01469,4.0,2590.86,647.715,3.0,4.0,2.0,14.0,0.2857142857142857,2.5,2,0
C01470,5.0,5413.33,1082.666,2.8,0.0,1.0,63.0,0.07936507936507936,2.5,2,0
C01471,4.0,5394.26,1348.565,5.5,1.0,0.0,56.0,0.07142857142857142,1.6666666666666667,2,0
C01472,3.0,1290.52,430.17333333333335,3.0,1.0,0.0,46.0,0.06521739130434782,3.6666666666666665,2,0
C01473,7.0,7372.86,1053.2657142857142,4.0,0.0,0.0,76.0,0.09210526315789473,2.25,2,0
C01474,6.0,5954.719999999999,992.4533333333333,3.3333333333333335,1.0,1.0,29.0,0.20689655172413793,3.2,2,0
C01475,2.0,1840.79,920.395,2.5,0.0,0.0,42.0,0.047619047619047616,5.0,2,0
C01476,4.0,5528.84,1382.21,3.25,1.0,0.0,83.0,0.04819277108433735,3.5,2,0
C01477,3.0,2346.5,782.1666666666666,3.0,0.0,3.0,37.0,0.08108108108108109,4.0,2,0
C01478,5.0,3378.33,675.6659999999999,3.0,2.0,1.0,82.0,0.06097560975609756,4.25,2,0
C01479,3.0,2147.31,715.77,2.6666666666666665,0.0,0.0,28.0,0.10714285714285714,4.0,2,0
C01480,8.0,8779.24,1097.405,3.875,3.0,1.0,77.0,0.1038961038961039,3.1666666666666665,1,0
C01481,3.0,2831.92,943.9733333333334,4.333333333333333,0.0,0.0,43.0,0.06976744186046512,4.0,2,0
C01482,5.0,5793.2300000000005,1158.6460000000002,3.6,0.0,2.0,81.0,0.06172839506172839,3.5,2,0
C01483,8.0,8212.48,1026.56,2.75,2.0,2.0,81.0,0.09876543209876543,4.2,1,0
C01484,6.0,6715.360000000001,1119.2266666666667,3.5,2.0,1.0,67.0,0.08955223880597014,4.0,1,0
C01485,3.0,3002.24,1000.7466666666666,4.0,1.0,0.0,15.0,0.2,5.0,2,0
C01486,4.0,3784.58,946.145,4.0,3.0,1.0,28.0,0.14285714285714285,3.3333333333333335,2,0
C01487,9.0,10074.98,1119.4422222222222,2.7777777777777777,2.0,2.0,76.0,0.11842105263157894,3.5714285714285716,1,0
C01488,4.0,2718.42,679.605,3.25,1.0,3.0,80.0,0.05,3.3333333333333335,2,0
C01489,6.0,6380.34,1063.39,3.6666666666666665,2.0,2.0,37.0,0.16216216216216217,2.8333333333333335,1,0
C01490,5.0,5424.98,1084.9959999999999,2.6,1.0,0.0,59.0,0.0847457627118644,3.25,2,0
C01491,6.0,4369.29,728.215,3.3333333333333335,3.0,1.0,49.0,0.12244897959183673,4.2,2,0
C01492,7.0,5458.0,779.7142857142857,4.142857142857143,1.0,3.0,69.0,0.10144927536231885,3.6,1,0
C01493,5.0,6234.34,1246.868,3.6,2.0,2.0,65.0,0.07692307692307693,3.6,1,0
C01494,2.0,2270.76,1135.38,2.0,1.0,1.0,73.0,0.0273972602739726,4.0,2,0
C01495,6.0,9117.869999999999,1519.6449999999998,2.6666666666666665,4.0,1.0,47.0,0.1276595744680851,3.75,1,0
C01496,4.0,3455.45,863.8625,3.75,2.0,1.0,80.0,0.05,4.666666666666667,2,0
C01497,2.0,1507.19,753.595,4.0,1.0,0.0,4.0,0.5,4.0,2,0
C01498,7.0,7098.03,1014.0042857142856,3.7142857142857144,4.0,1.0,73.0,0.0958904109589041,4.333333333333333,1,0
C01499,7.0,8598.04,1228.2914285714287,3.2857142857142856,4.0,1.0,63.0,0.1111111111111111,3.8333333333333335,1,0
C01500,5.0,5700.2,1140.04,2.6,1.0,1.0,69.0,0.07246376811594203,4.4,2,0
C01501,4.0,3957.71,989.4275,3.5,3.0,0.0,44.0,0.09090909090909091,3.25,2,0
C01502,5.0,3432.67,686.534,3.8,0.0,0.0,48.0,0.10416666666666667,4.25,2,0
C01503,4.0,2770.05,692.5125,4.5,1.0,1.0,54.0,0.07407407407407407,4.666666666666667,2,0
C01504,4.0,5771.15,1442.7875,4.0,0.0,0.0,43.0,0.09302325581395349,4.0,2,0
C01505,3.0,3472.7,1157.5666666666666,1.6666666666666667,1.0,1.0,37.0,0.08108108108108109,4.0,2,0
C01506,4.0,6192.12,1548.03,3.5,0.0,2.0,63.0,0.06349206349206349,3.3333333333333335,2,0
C01507,5.0,4017.63,803.5260000000001,4.2,3.0,0.0,76.0,0.06578947368421052,3.5,2,0
C01508,3.0,4798.02,1599.3400000000001,3.6666666666666665,0.0,0.0,42.0,0.07142857142857142,2.0,2,0
C01509,5.0,5399.32,1079.864,3.4,2.0,3.0,86.0,0.05813953488372093,3.5,1,0
C01510,3.0,2060.1000000000004,686.7000000000002,2.3333333333333335,1.0,1.0,83.0,0.03614457831325301,5.0,2,0
C01511,4.0,2882.9399999999996,720.7349999999999,4.0,1.0,1.0,73.0,0.0547945205479452,2.6666666666666665,2,0
C01512,4.0,4409.34,1102.335,3.75,0.0,1.0,83.0,0.04819277108433735,2.5,2,0
C01513,3.0,3469.02,1156.34,4.0,1.0,1.0,27.0,0.1111111111111111,4.5,2,0
C01514,4.0,4675.34,1168.835,3.75,1.0,3.0,40.0,0.1,2.3333333333333335,2,0
C01515,2.0,1031.27,515.635,3.5,2.0,2.0,78.0,0.02564102564102564,1.5,2,0
C01516,4.0,5744.17,1436.0425,3.75,1.0,2.0,23.0,0.17391304347826086,3.5,2,0
C01517,8.0,9684.06,1210.5075,2.5,6.0,2.0,78.0,0.10256410256410256,4.0,1,0
C01518,4.0,3872.38,968.095,2.0,1.0,1.0,28.0,0.14285714285714285,2.5,2,0
C01519,4.0,2899.95,724.9875,4.0,0.0,2.0,34.0,0.11764705882352941,4.0,2,0
C01520,4.0,2889.02,722.255,3.25,2.0,2.0,36.0,0.1111111111111111,4.5,2,0
C01521,7.0,6695.29,956.47,4.428571428571429,1.0,2.0,72.0,0.09722222222222222,3.3333333333333335,1,0
C01522,7.0,6212.46,887.4942857142858,4.714285714285714,0.0,2.0,59.0,0.11864406779661017,4.2,1,0
C01523,4.0,3237.87,809.4675,5.0,0.0,2.0,15.0,0.26666666666666666,3.0,2,0
C01524,7.0,5499.04,785.5771428571428,4.0,2.0,0.0,70.0,0.1,3.0,2,0
C01525,4.0,2325.38,581.345,4.0,1.0,1.0,60.0,0.06666666666666667,5.0,2,0
C01526,5.0,5427.75,1085.55,3.6,3.0,2.0,75.0,0.06666666666666667,4.2,1,0
C01527,7.0,7063.34,1009.0485714285714,2.4285714285714284,3.0,0.0,83.0,0.08433734939759036,3.0,1,0
C01528,1.0,722.92,722.92,4.0,0.0,0.0,1.0,1.0,3.5848081591677903,0,1
C01529,7.0,5326.05,760.8642857142858,3.0,1.0,2.0,69.0,0.10144927536231885,3.5714285714285716,1,0
C01530,11.0,11665.23,1060.4754545454546,3.0,2.0,6.0,83.0,0.13253012048192772,3.4,1,0
C01531,4.0,4429.39,1107.3475,3.0,1.0,1.0,30.0,0.13333333333333333,2.5,2,0
C01532,4.0,5666.08,1416.52,5.0,2.0,1.0,69.0,0.057971014492753624,3.0,2,0
C01533,7.0,6850.63,978.6614285714286,3.142857142857143,1.0,1.0,76.0,0.09210526315789473,4.0,1,0
C01534,5.0,5777.6,1155.52,3.4,2.0,1.0,35.0,0.14285714285714285,4.0,2,0
C01535,6.0,4992.42,832.07,2.3333333333333335,3.0,0.0,78.0,0.07692307692307693,4.166666666666667,2,0
C01536,2.0,3146.76,1573.38,2.5,1.0,2.0,37.0,0.05405405405405406,3.0,2,0
C01537,6.0,6040.41,1006.735,4.0,0.0,1.0,67.0,0.08955223880597014,3.2,2,0
C01538,4.0,3513.7799999999997,878.4449999999999,3.75,0.0,0.0,50.0,0.08,4.5,2,0
C01539,1.0,449.86,449.86,5.0,0.0,0.0,1.0,1.0,3.5848081591677903,0,1
C01540,7.0,7301.46,1043.0657142857142,3.142857142857143,2.0,0.0,73.0,0.0958904109589041,3.8333333333333335,1,0
C01541,2.0,2522.69,1261.345,4.0,1.0,1.0,67.0,0.029850746268656716,4.0,2,0
C01542,3.0,2120.7599999999998,706.92,3.6666666666666665,1.0,0.0,33.0,0.09090909090909091,4.0,2,0
C01543,7.0,4357.17,622.4528571428572,3.857142857142857,3.0,3.0,61.0,0.11475409836065574,4.25,1,0
C01544,10.0,11307.710000000001,1130.7710000000002,3.5,2.0,3.0,76.0,0.13157894736842105,3.0,1,0
C01545,4.0,3774.08,943.52,4.25,2.0,1.0,60.0,0.06666666666666667,4.5,2,0
C01546,7.0,7676.02,1096.5742857142857,3.5714285714285716,1.0,1.0,81.0,0.08641975308641975,3.3333333333333335,1,0
C01547,5.0,6162.02,1232.404,2.6,0.0,1.0,58.0,0.08620689655172414,3.5,2,0
C01548,5.0,4293.84,858.768,2.8,2.0,2.0,76.0,0.06578947368421052,3.75,2,0
C01549,4.0,4211.23,1052.8075,4.0,1.0,1.0,64.0,0.0625,3.0,2,0
C01550,10.0,10336.619999999999,1033.6619999999998,4.1,3.0,3.0,80.0,0.125,3.142857142857143,1,0
C01551,10.0,12563.41,1256.341,2.4,2.0,2.0,81.0,0.12345679012345678,4.0,1,0
C01552,3.0,1947.5,649.1666666666666,4.666666666666667,1.0,2.0,44.0,0.06818181818181818,3.0,2,0
C01553,7.0,7229.969999999999,1032.8528571428571,3.142857142857143,1.0,1.0,60.0,0.11666666666666667,4.333333333333333,1,0
C01554,11.0,13700.220000000001,1245.4745454545455,3.8181818181818183,8.0,5.0,86.0,0.12790697674418605,3.2857142857142856,1,-1
C01555,2.0,493.13,246.565,3.5,1.0,0.0,31.0,0.06451612903225806,4.5,2,0
C01556,5.0,5175.63,1035.126,3.8,2.0,1.0,71.0,0.07042253521126761,3.2,2,0
C01557,9.0,13791.01,1532.3344444444444,4.777777777777778,3.0,2.0,47.0,0.19148936170212766,1.8,1,-1
C01558,4.0,4250.0199999999995,1062.5049999999999,2.25,1.0,1.0,75.0,0.05333333333333334,3.3333333333333335,2,0
C01559,4.0,3236.3399999999997,809.0849999999999,4.75,2.0,0.0,47.0,0.0851063829787234,4.5,2,0
C01560,3.0,2799.2,933.0666666666666,3.0,1.0,0.0,36.0,0.08333333333333333,4.333333333333333,2,0
C01561,8.0,8628.86,1078.6075,4.0,4.0,3.0,65.0,0.12307692307692308,3.0,1,0
C01562,7.0,4895.84,699.4057142857143,3.5714285714285716,1.0,2.0,52.0,0.1346153846153846,3.5,1,0
C01563,5.0,5712.2,1142.44,4.4,3.0,0.0,42.0,0.11904761904761904,4.333333333333333,2,0
C01564,6.0,6996.24,1166.04,4.0,0.0,3.0,71.0,0.08450704225352113,3.0,1,0
C01565,3.0,2726.98,908.9933333333333,2.0,0.0,0.0,48.0,0.0625,3.0,2,0
C01566,6.0,6809.3,1134.8833333333334,4.333333333333333,0.0,1.0,62.0,0.0967741935483871,1.5,2,0
C01567,6.0,6057.63,1009.605,4.0,2.0,2.0,58.0,0.10344827586206896,2.3333333333333335,1,0
C01568,6.0,5159.21,859.8683333333333,4.166666666666667,4.0,2.0,78.0,0.07692307692307693,4.0,1,0
C01569,3.0,2637.42,879.14,3.3333333333333335,1.0,0.0,44.0,0.06818181818181818,3.3333333333333335,2,0
C01570,2.0,1144.97,572.485,4.5,0.0,0.0,74.0,0.02702702702702703,5.0,2,0
C01571,5.0,5377.19,1075.4379999999999,2.0,1.0,0.0,71.0,0.07042253521126761,4.666666666666667,2,0
C01572,10.0,12796.24,1279.624,3.0,1.0,1.0,79.0,0.12658227848101267,3.3333333333333335,1,0
C01573,3.0,4156.85,1385.6166666666668,4.333333333333333,2.0,1.0,72.0,0.041666666666666664,3.5848081591677903,2,0
C01574,7.0,8043.12,1149.0171428571427,2.5714285714285716,3.0,2.0,78.0,0.08974358974358974,3.0,1,0
C01575,2.0,2663.98,1331.99,4.5,0.0,2.0,33.0,0.06060606060606061,4.5,2,0
C01576,4.0,3321.9,830.475,4.0,0.0,1.0,54.0,0.07407407407407407,3.3333333333333335,2,0
C01577,7.0,7566.530000000001,1080.9328571428573,3.5714285714285716,3.0,1.0,66.0,0.10606060606060606,4.4,1,0
C01578,5.0,4311.47,862.2940000000001,3.0,0.0,1.0,71.0,0.07042253521126761,2.5,2,0
C01579,5.0,6495.12,1299.024,3.0,3.0,1.0,50.0,0.1,3.0,1,0
C01580,5.0,4885.76,977.152,3.0,2.0,1.0,66.0,0.07575757575757576,4.0,2,0
C01581,4.0,5263.96,1315.99,3.25,2.0,1.0,57.0,0.07017543859649122,5.0,2,0
C01582,4.0,3344.16,836.04,2.75,1.0,0.0,74.0,0.05405405405405406,4.0,2,0
C01583,5.0,6148.5599999999995,1229.712,3.4,1.0,2.0,29.0,0.1724137931034483,3.0,1,0
C01584,8.0,7625.21,953.15125,4.75,3.0,1.0,81.0,0.09876543209876543,3.7142857142857144,1,0
C01585,4.0,4250.2,1062.55,4.75,1.0,1.0,79.0,0.05063291139240506,3.5,2,0
C01586,6.0,5424.86,904.1433333333333,3.3333333333333335,3.0,3.0,77.0,0.07792207792207792,4.5,1,0
C01587,7.0,11067.42,1581.06,3.7142857142857144,2.0,3.0,71.0,0.09859154929577464,4.333333333333333,1,0
C01588,1.0,959.92,959.92,1.0,0.0,0.0,1.0,1.0,3.0,0,1
C01589,5.0,4902.82,980.564,4.6,1.0,2.0,80.0,0.0625,4.0,2,0
C01590,4.0,4770.76,1192.69,3.75,0.0,1.0,29.0,0.13793103448275862,5.0,2,0
C01591,2.0,1928.9,964.45,5.0,1.0,0.0,11.0,0.18181818181818182,4.0,2,0
C01592,6.0,5518.67,919.7783333333333,4.0,1.0,3.0,73.0,0.0821917808219178,4.0,1,0
C01593,4.0,4778.1900000000005,1194.5475000000001,3.0,0.0,1.0,58.0,0.06896551724137931,4.0,2,0
C01594,5.0,4570.95,914.1899999999999,3.8,0.0,1.0,63.0,0.07936507936507936,3.25,2,0
C01595,4.0,5386.58,1346.645,3.5,1.0,1.0,69.0,0.057971014492753624,4.0,2,0
C01596,3.0,5416.38,1805.46,4.333333333333333,1.0,1.0,24.0,0.125,2.0,2,0
C01597,6.0,6222.93,1037.155,4.0,3.0,2.0,39.0,0.15384615384615385,3.3333333333333335,1,0
C01598,4.0,1799.4099999999999,449.85249999999996,3.5,1.0,1.0,43.0,0.09302325581395349,3.25,2,0
C01599,7.0,9502.23,1357.4614285714285,3.4285714285714284,2.0,2.0,61.0,0.11475409836065574,3.0,1,0
C01600,5.0,5397.86,1079.572,2.6,3.0,2.0,46.0,0.10869565217391304,4.666666666666667,1,0
C01601,8.0,9131.03,1141.37875,4.5,3.0,2.0,70.0,0.11428571428571428,2.8,1,0
C01602,4.0,3451.57,862.8925,4.25,0.0,0.0,34.0,0.11764705882352941,3.6666666666666665,2,0
C01603,7.0,8484.39,1212.0557142857142,4.142857142857143,1.0,3.0,69.0,0.10144927536231885,4.5,1,0
C01604,4.0,3667.27,916.8175,2.75,1.0,0.0,54.0,0.07407407407407407,3.6666666666666665,2,0
C01605,7.0,7831.09,1118.7271428571428,3.5714285714285716,0.0,4.0,70.0,0.1,4.166666666666667,1,0
C01606,5.0,5867.73,1173.5459999999998,3.8,3.0,1.0,27.0,0.18518518518518517,3.5,1,0
C01607,5.0,5182.83,1036.566,4.2,1.0,2.0,41.0,0.12195121951219512,3.6666666666666665,2,0
C01608,10.0,11382.05,1138.205,4.2,2.0,5.0,76.0,0.13157894736842105,3.5555555555555554,1,0
C01609,5.0,7384.37,1476.874,2.2,2.0,1.0,67.0,0.07462686567164178,4.2,1,0
C01610,2.0,741.35,370.675,4.5,1.0,1.0,25.0,0.08,1.0,2,0
C01611,4.0,4991.57,1247.8925,3.75,4.0,0.0,65.0,0.06153846153846154,4.0,2,0
C01612,2.0,2216.06,1108.03,5.5,0.0,1.0,16.0,0.125,3.0,2,0
C01613,5.0,3489.53,697.9060000000001,4.0,1.0,1.0,58.0,0.08620689655172414,4.333333333333333,2,0
C01614,6.0,6898.02,1149.67,3.0,1.0,3.0,58.0,0.10344827586206896,3.3333333333333335,1,0
C01615,5.0,5094.54,1018.908,3.4,1.0,2.0,83.0,0.060240963855421686,3.0,2,0
C01616,3.0,1747.42,582.4733333333334,4.666666666666667,1.0,1.0,16.0,0.1875,4.0,2,0
C01617,4.0,3884.5,971.125,3.75,2.0,0.0,53.0,0.07547169811320754,3.0,2,0
C01618,8.0,9596.27,1199.53375,4.125,3.0,1.0,58.0,0.13793103448275862,2.8,1,0
C01619,5.0,5659.85,1131.97,2.8,1.0,0.0,56.0,0.08928571428571429,3.5,2,0
C01620,8.0,7754.95,969.36875,3.625,5.0,2.0,68.0,0.11764705882352941,4.285714285714286,1,0
C01621,4.0,2709.19,677.2975,3.25,0.0,2.0,40.0,0.1,2.5,2,0
C01622,5.0,3803.66,760.732,3.2,1.0,1.0,48.0,0.10416666666666667,4.0,2,0
C01623,7.0,8979.880000000001,1282.8400000000001,2.7142857142857144,2.0,1.0,46.0,0.15217391304347827,3.4,1,0
C01624,6.0,6985.0,1164.1666666666667,3.3333333333333335,4.0,1.0,58.0,0.10344827586206896,4.333333333333333,1,0
C01625,3.0,2141.48,713.8266666666667,4.0,0.0,0.0,69.0,0.043478260869565216,3.0,2,0
C01626,6.0,4502.1900000000005,750.3650000000001,2.5,2.0,2.0,82.0,0.07317073170731707,4.666666666666667,2,0
C01627,9.0,11096.75,1232.9722222222222,4.0,3.0,3.0,73.0,0.1232876712328767,3.5,1,0
C01628,7.0,7324.540000000001,1046.3628571428574,2.5714285714285716,3.0,0.0,85.0,0.08235294117647059,3.4285714285714284,1,0
C01629,5.0,5821.83,1164.366,4.2,2.0,0.0,26.0,0.19230769230769232,3.3333333333333335,2,0
C01630,5.0,5985.92,1197.184,1.6,1.0,2.0,88.0,0.056818181818181816,3.25,2,0
C01631,4.0,3488.16,872.04,2.25,3.0,4.0,36.0,0.1111111111111111,3.0,1,0
C01632,4.0,4446.6,1111.65,4.75,1.0,2.0,54.0,0.07407407407407407,4.0,2,0
C01633,5.0,5676.47,1135.294,3.2,1.0,1.0,74.0,0.06756756756756757,2.0,2,0
C01634,7.0,8004.62,1143.5171428571427,3.2857142857142856,4.0,1.0,70.0,0.1,3.857142857142857,1,0
C01635,5.0,5069.03,1013.8059999999999,4.2,2.0,1.0,55.0,0.09090909090909091,4.25,2,0
C01636,1.0,799.6,799.6,2.0,1.0,1.0,1.0,1.0,4.0,0,-1
C01637,4.0,4612.13,1153.0325,4.75,2.0,1.0,57.0,0.07017543859649122,3.3333333333333335,2,0
C01638,7.0,7392.74,1056.1057142857142,3.5714285714285716,2.0,2.0,86.0,0.08139534883720931,3.4285714285714284,1,0
C01639,2.0,1473.96,736.98,4.0,0.0,0.0,11.0,0.18181818181818182,4.0,2,0
C01640,3.0,4179.71,1393.2366666666667,1.6666666666666667,0.0,0.0,28.0,0.10714285714285714,5.0,2,0
C01641,5.0,3030.5499999999997,606.1099999999999,3.4,0.0,3.0,44.0,0.11363636363636363,4.25,2,0
C01642,5.0,4652.61,930.5219999999999,3.8,0.0,2.0,56.0,0.08928571428571429,4.666666666666667,2,0
C01643,4.0,3610.61,902.6525,3.0,1.0,1.0,30.0,0.13333333333333333,5.0,2,0
C01644,6.0,5801.13,966.855,3.0,0.0,3.0,29.0,0.20689655172413793,4.6,1,0
C01645,3.0,2032.22,677.4066666666666,3.3333333333333335,2.0,1.0,84.0,0.03571428571428571,3.3333333333333335,2,0
C01646,4.0,3520.76,880.19,4.5,3.0,3.0,44.0,0.09090909090909091,4.0,1,0
C01647,5.0,4969.05,993.8100000000001,4.0,3.0,3.0,59.0,0.0847457627118644,4.666666666666667,1,0
C01648,6.0,7471.86,1245.31,2.6666666666666665,2.0,1.0,74.0,0.08108108108108109,5.0,1,0
C01649,10.0,11282.91,1128.291,3.7,2.0,5.0,74.0,0.13513513513513514,3.4444444444444446,1,0
C01650,3.0,1843.9500000000003,614.6500000000001,3.0,1.0,1.0,60.0,0.05,4.5,2,0
C01651,3.0,3145.51,1048.5033333333333,4.0,1.0,0.0,32.0,0.09375,3.6666666666666665,2,0
C01652,2.0,1850.17,925.085,4.0,0.0,1.0,4.0,0.5,3.0,2,0
C01653,6.0,6517.28,1086.2133333333334,3.5,0.0,0.0,41.0,0.14634146341463414,4.25,2,0
C01654,4.0,3611.38,902.845,4.0,1.0,2.0,65.0,0.06153846153846154,4.0,2,0
C01655,5.0,4662.07,932.414,3.8,1.0,1.0,74.0,0.06756756756756757,2.75,2,0
C01656,5.0,4958.29,991.658,3.6,2.0,1.0,76.0,0.06578947368421052,2.6666666666666665,2,0
C01657,5.0,4474.87,894.9739999999999,3.0,1.0,1.0,70.0,0.07142857142857142,4.0,2,0
C01658,2.0,1441.57,720.785,5.0,2.0,2.0,9.0,0.2222222222222222,2.5,2,0
C01659,5.0,5318.4400000000005,1063.688,3.8,1.0,1.0,50.0,0.1,2.5,2,0
C01660,7.0,6043.53,863.3614285714285,3.5714285714285716,2.0,1.0,52.0,0.1346153846153846,4.0,1,0
C01661,7.0,9640.23,1377.1757142857143,2.5714285714285716,4.0,1.0,65.0,0.1076923076923077,4.6,1,0
C01662,2.0,1481.77,740.885,4.0,0.0,2.0,19.0,0.10526315789473684,2.0,2,0
C01663,4.0,4934.05,1233.5125,4.5,3.0,1.0,21.0,0.19047619047619047,4.333333333333333,2,0
C01664,9.0,10249.24,1138.8044444444445,3.3333333333333335,3.0,2.0,70.0,0.12857142857142856,4.333333333333333,1,0
C01665,5.0,4802.0,960.4,3.8,1.0,0.0,77.0,0.06493506493506493,4.666666666666667,2,0
C01666,3.0,2732.73,910.91,3.6666666666666665,0.0,1.0,69.0,0.043478260869565216,2.3333333333333335,2,0
C01667,5.0,5091.0,1018.2,2.8,1.0,0.0,60.0,0.08333333333333333,3.75,2,0
C01668,5.0,5497.71,1099.542,4.6,0.0,1.0,61.0,0.08196721311475409,2.6666666666666665,2,0
C01669,6.0,7310.29,1218.3816666666667,3.5,2.0,1.0,72.0,0.08333333333333333,2.75,1,0
C01670,7.0,8423.48,1203.3542857142857,2.0,1.0,2.0,70.0,0.1,2.6,1,0
C01671,7.0,7072.389999999999,1010.3414285714285,4.0,3.0,2.0,87.0,0.08045977011494253,4.0,1,0
C01672,6.0,7729.97,1288.3283333333334,4.0,1.0,1.0,55.0,0.10909090909090909,4.333333333333333,1,0
C01673,10.0,8491.86,849.186,3.0,1.0,2.0,73.0,0.136986301369863,4.2,1,0
C01674,5.0,4225.26,845.052,4.2,2.0,2.0,53.0,0.09433962264150944,3.5,2,0
C01675,4.0,2404.4300000000003,601.1075000000001,3.0,1.0,1.0,51.0,0.0784313725490196,2.6666666666666665,2,0
C01676,5.0,5209.23,1041.846,2.6,3.0,0.0,53.0,0.09433962264150944,4.0,2,0
C01677,5.0,5028.030000000001,1005.6060000000001,4.0,2.0,1.0,52.0,0.09615384615384616,4.75,2,0
C01678,6.0,7156.92,1192.82,3.1666666666666665,2.0,2.0,75.0,0.08,4.5,1,0
C01679,2.0,2230.48,1115.24,5.0,0.0,1.0,6.0,0.3333333333333333,3.0,2,0
C01680,7.0,6859.2,979.8857142857142,3.5714285714285716,3.0,1.0,69.0,0.10144927536231885,3.25,1,0
C01681,9.0,4804.36,533.8177777777778,3.6666666666666665,3.0,4.0,69.0,0.13043478260869565,3.375,1,0
C01682,11.0,14325.7,1302.3363636363638,4.090909090909091,2.0,2.0,81.0,0.13580246913580246,3.8333333333333335,1,0
C01683,10.0,10993.34,1099.334,3.2,2.0,1.0,80.0,0.125,4.2,1,0
C01684,5.0,7026.07,1405.214,4.8,2.0,1.0,26.0,0.19230769230769232,1.5,1,0
C01685,2.0,1443.69,721.845,3.5,0.0,0.0,19.0,0.10526315789473684,3.5,2,0
C01686,4.0,3576.59,894.1475,1.0,1.0,3.0,50.0,0.08,3.6666666666666665,2,0
C01687,7.0,8520.7,1217.2428571428572,2.857142857142857,1.0,3.0,82.0,0.08536585365853659,3.6,1,0
C01688,6.0,3601.01,600.1683333333334,4.5,0.0,1.0,78.0,0.07692307692307693,4.333333333333333,2,0
C01689,6.0,8940.99,1490.165,2.5,0.0,2.0,72.0,0.08333333333333333,2.6666666666666665,1,0
C01690,5.0,4558.08,911.616,3.8,1.0,0.0,59.0,0.0847457627118644,3.8,2,0
C01691,5.0,6203.09,1240.618,4.6,1.0,0.0,57.0,0.08771929824561403,3.0,2,0
C01692,6.0,6601.53,1100.2549999999999,2.8333333333333335,1.0,1.0,59.0,0.1016949152542373,3.25,2,0
C01693,6.0,8483.08,1413.8466666666666,2.6666666666666665,2.0,2.0,76.0,0.07894736842105263,4.0,1,0
C01694,8.0,7866.17,983.27125,3.375,1.0,2.0,72.0,0.1111111111111111,3.1666666666666665,1,0
C01695,7.0,7997.97,1142.567142857143,3.5714285714285716,2.0,3.0,54.0,0.12962962962962962,3.6666666666666665,1,0
C01696,3.0,2503.07,834.3566666666667,5.0,1.0,1.0,80.0,0.0375,4.0,2,0
C01697,5.0,4695.41,939.082,3.4,1.0,2.0,58.0,0.08620689655172414,3.3333333333333335,2,0
C01698,2.0,2181.58,1090.79,3.0,0.0,0.0,2.0,1.0,3.0,0,1
C01699,5.0,6123.9,1224.78,1.8,2.0,2.0,45.0,0.1111111111111111,4.75,1,0
C01700,6.0,5176.28,862.7133333333333,3.3333333333333335,3.0,1.0,72.0,0.08333333333333333,3.0,1,0
C01701,3.0,2076.34,692.1133333333333,3.6666666666666665,1.0,0.0,19.0,0.15789473684210525,2.3333333333333335,2,0
C01702,6.0,8999.83,1499.9716666666666,3.3333333333333335,2.0,1.0,74.0,0.08108108108108109,4.166666666666667,1,0
C01703,4.0,3655.0299999999997,913.7574999999999,4.5,1.0,1.0,39.0,0.10256410256410256,4.0,2,0
C01704,3.0,2211.67,737.2233333333334,4.333333333333333,1.0,1.0,48.0,0.0625,3.5,2,0
C01705,4.0,5135.8099999999995,1283.9524999999999,3.0,2.0,0.0,74.0,0.05405405405405406,3.3333333333333335,2,0
C01706,3.0,3166.98,1055.66,4.666666666666667,2.0,1.0,65.0,0.046153846153846156,3.5,2,0
C01707,4.0,5191.44,1297.86,3.5,1.0,1.0,82.0,0.04878048780487805,2.3333333333333335,2,0
C01708,7.0,6637.4,948.1999999999999,2.2857142857142856,2.0,3.0,78.0,0.08974358974358974,3.75,1,0
C01709,7.0,8543.48,1220.4971428571428,3.142857142857143,2.0,3.0,52.0,0.1346153846153846,3.25,1,0
C01710,5.0,3731.26,746.2520000000001,3.2,1.0,1.0,52.0,0.09615384615384616,3.0,2,0
C01711,2.0,1942.95,971.475,3.5,0.0,1.0,31.0,0.06451612903225806,1.0,2,0
C01712,9.0,9464.49,1051.61,3.0,2.0,2.0,63.0,0.14285714285714285,2.857142857142857,1,0
C01713,5.0,6696.05,1339.21,3.2,2.0,2.0,61.0,0.08196721311475409,3.5,1,0
C01714,3.0,3963.21,1321.07,2.6666666666666665,0.0,2.0,54.0,0.05555555555555555,4.333333333333333,2,0
C01715,6.0,5930.57,988.4283333333333,2.6666666666666665,1.0,1.0,73.0,0.0821917808219178,3.6,2,0
C01716,4.0,5135.52,1283.88,4.25,3.0,0.0,60.0,0.06666666666666667,3.0,2,0
C01717,4.0,3793.61,948.4025,4.0,1.0,1.0,43.0,0.09302325581395349,4.0,2,0
C01718,7.0,7633.42,1090.4885714285715,3.0,1.0,4.0,69.0,0.10144927536231885,3.75,1,0
C01719,7.0,6947.62,992.5171428571429,4.285714285714286,1.0,3.0,87.0,0.08045977011494253,4.0,1,0
C01720,3.0,4521.92,1507.3066666666666,4.333333333333333,2.0,2.0,25.0,0.12,3.3333333333333335,2,0
C01721,5.0,5601.34,1120.268,2.6,0.0,1.0,67.0,0.07462686567164178,2.5,2,0
C01722,3.0,4240.6,1413.5333333333335,4.0,1.0,2.0,13.0,0.23076923076923078,3.5,2,0
C01723,8.0,7643.66,955.4575,3.75,1.0,2.0,57.0,0.14035087719298245,2.4,1,0
C01724,1.0,1230.17,1230.17,1.0,0.0,0.0,1.0,1.0,1.0,0,-1
C01725,6.0,4216.82,702.8033333333333,1.8333333333333333,2.0,3.0,70.0,0.08571428571428572,4.6,1,0
C01726,12.0,13607.26,1133.9383333333333,4.0,2.0,3.0,70.0,0.17142857142857143,3.5,1,0
C01727,3.0,3388.09,1129.3633333333335,3.3333333333333335,1.0,2.0,79.0,0.0379746835443038,3.0,2,0
C01728,5.0,4178.81,835.7620000000001,3.8,3.0,2.0,44.0,0.11363636363636363,3.3333333333333335,1,0
C01729,3.0,3723.84,1241.28,3.0,0.0,1.0,63.0,0.047619047619047616,3.0,2,0
C01730,3.0,3524.6000000000004,1174.8666666666668,3.6666666666666665,1.0,2.0,44.0,0.06818181818181818,4.0,2,0
C01731,4.0,4820.28,1205.07,4.25,1.0,0.0,63.0,0.06349206349206349,3.5,2,0
C01732,3.0,3551.19,1183.73,5.0,0.0,0.0,64.0,0.046875,4.0,2,0
C01733,9.0,7405.26,822.8066666666667,3.0,1.0,1.0,74.0,0.12162162162162163,4.0,1,0
C01734,4.0,4507.28,1126.82,2.75,2.0,1.0,75.0,0.05333333333333334,3.0,2,0
C01735,5.0,4238.27,847.6540000000001,2.8,1.0,2.0,60.0,0.08333333333333333,3.6666666666666665,2,0
C01736,5.0,5210.96,1042.192,3.2,3.0,0.0,76.0,0.06578947368421052,3.0,2,0
C01737,2.0,2445.26,1222.63,3.5,0.0,0.0,19.0,0.10526315789473684,5.0,2,0
C01738,6.0,3985.49,664.2483333333333,2.3333333333333335,3.0,1.0,82.0,0.07317073170731707,3.8333333333333335,2,0
C01739,5.0,6247.46,1249.492,3.6,2.0,0.0,43.0,0.11627906976744186,3.2,2,0
C01740,10.0,10718.27,1071.827,3.8,2.0,2.0,67.0,0.14925373134328357,3.375,1,0
C01741,6.0,6213.96,1035.66,2.5,1.0,1.0,65.0,0.09230769230769231,2.75,2,0
C01742,3.0,3848.8199999999997,1282.9399999999998,2.6666666666666665,0.0,1.0,16.0,0.1875,2.0,2,0
C01743,4.0,4165.23,1041.3075,2.5,1.0,1.0,61.0,0.06557377049180328,4.0,2,0
C01744,5.0,5033.47,1006.6940000000001,3.4,1.0,1.0,54.0,0.09259259259259259,3.6666666666666665,2,0
C01745,6.0,5187.2,864.5333333333333,5.166666666666667,1.0,3.0,56.0,0.10714285714285714,3.75,1,0
C01746,5.0,5946.55,1189.31,4.2,1.0,2.0,76.0,0.06578947368421052,4.0,2,0
C01747,6.0,5634.44,939.0733333333333,2.8333333333333335,1.0,2.0,70.0,0.08571428571428572,3.0,1,0
C01748,4.0,6985.49,1746.3725,4.0,2.0,0.0,57.0,0.07017543859649122,4.0,2,0
C01749,5.0,7436.96,1487.392,3.2,2.0,0.0,60.0,0.08333333333333333,2.3333333333333335,1,0
C01750,4.0,3629.8,907.45,2.25,2.0,1.0,86.0,0.046511627906976744,3.6666666666666665,2,0
C01751,4.0,6080.79,1520.1975,4.0,0.0,2.0,43.0,0.09302325581395349,3.0,2,0
C01752,7.0,4753.82,679.1171428571428,4.0,2.0,4.0,80.0,0.0875,2.0,1,0
C01753,4.0,3354.45,838.6125,2.25,0.0,1.0,51.0,0.0784313725490196,4.5,2,0
C01754,8.0,6914.25,864.28125,3.0,3.0,3.0,83.0,0.0963855421686747,4.0,1,0
C01755,0.0,0.0,0.0,0.0,0.0,0.0,0.0,0.0,3.5848081591677903,2,-1
C01756,7.0,10900.27,1557.1814285714286,2.857142857142857,0.0,3.0,45.0,0.15555555555555556,4.166666666666667,1,0
C01757,3.0,2527.8500000000004,842.6166666666668,2.6666666666666665,2.0,0.0,69.0,0.043478260869565216,3.5,2,0
C01758,3.0,3625.57,1208.5233333333333,2.0,0.0,1.0,46.0,0.06521739130434782,3.0,2,0
C01759,5.0,3355.5,671.1,2.4,1.0,3.0,44.0,0.11363636363636363,3.5,2,0
C01760,8.0,8973.66,1121.7075,3.25,1.0,0.0,75.0,0.10666666666666667,2.6,1,0
C01761,3.0,3591.9,1197.3,4.333333333333333,1.0,0.0,52.0,0.057692307692307696,4.0,2,0
C01762,3.0,3220.48,1073.4933333333333,4.0,0.0,0.0,33.0,0.09090909090909091,4.666666666666667,2,0
C01763,2.0,811.1,405.55,2.5,0.0,1.0,78.0,0.02564102564102564,2.5,2,0
C01764,7.0,4316.41,616.63,3.2857142857142856,2.0,2.0,77.0,0.09090909090909091,3.75,1,0
C01765,3.0,3900.28,1300.0933333333335,4.666666666666667,1.0,0.0,65.0,0.046153846153846156,5.0,2,0
C01766,6.0,6893.78,1148.9633333333334,2.6666666666666665,4.0,0.0,71.0,0.08450704225352113,4.25,1,0
C01767,10.0,10777.18,1077.718,4.3,4.0,4.0,63.0,0.15873015873015872,3.857142857142857,1,0
C01768,6.0,5938.21,989.7016666666667,3.3333333333333335,2.0,1.0,43.0,0.13953488372093023,2.5,1,0
C01769,2.0,2416.46,1208.23,5.5,0.0,1.0,8.0,0.25,3.5,2,0
C01770,4.0,4400.29,1100.0725,3.25,1.0,1.0,53.0,0.07547169811320754,2.5,2,0
C01771,4.0,4028.52,1007.13,2.25,1.0,2.0,18.0,0.2222222222222222,3.6666666666666665,2,0
C01772,7.0,8446.8,1206.685714285714,4.857142857142857,4.0,2.0,38.0,0.18421052631578946,3.5,1,0
C01773,7.0,8198.36,1171.1942857142858,3.142857142857143,1.0,1.0,31.0,0.22580645161290322,4.0,1,0
C01774,5.0,4572.27,914.4540000000001,5.2,3.0,2.0,79.0,0.06329113924050633,4.0,1,0
C01775,3.0,3670.6,1223.5333333333333,3.0,1.0,2.0,26.0,0.11538461538461539,2.3333333333333335,2,0
C01776,6.0,7601.65,1266.9416666666666,4.5,1.0,2.0,52.0,0.11538461538461539,4.0,1,0
C01777,5.0,4524.8,904.96,5.0,2.0,2.0,66.0,0.07575757575757576,3.5,2,0
C01778,4.0,3437.4700000000003,859.3675000000001,2.25,1.0,1.0,57.0,0.07017543859649122,4.333333333333333,2,0
C01779,4.0,4923.87,1230.9675,4.75,2.0,0.0,63.0,0.06349206349206349,3.3333333333333335,2,0
C01780,5.0,4357.47,871.494,3.8,1.0,1.0,56.0,0.08928571428571429,3.25,2,0
C01781,5.0,4058.19,811.638,3.6,1.0,1.0,73.0,0.0684931506849315,3.0,2,0
C01782,7.0,5320.97,760.1385714285715,3.142857142857143,1.0,1.0,49.0,0.14285714285714285,3.5,2,0
C01783,3.0,2908.97,969.6566666666666,4.333333333333333,1.0,2.0,21.0,0.14285714285714285,3.0,2,0
C01784,5.0,5550.42,1110.084,3.2,0.0,0.0,85.0,0.058823529411764705,3.4,2,0
C01785,6.0,5679.63,946.605,1.3333333333333333,2.0,1.0,83.0,0.07228915662650602,3.0,2,0
C01786,5.0,3080.11,616.022,3.0,0.0,1.0,59.0,0.0847457627118644,3.5,2,0
C01787,4.0,3602.7200000000003,900.6800000000001,5.25,0.0,1.0,73.0,0.0547945205479452,3.3333333333333335,2,0
C01788,6.0,7197.47,1199.5783333333334,3.6666666666666665,1.0,1.0,59.0,0.1016949152542373,4.0,1,0
C01789,1.0,835.89,835.89,3.0,0.0,0.0,1.0,1.0,2.0,0,1
C01790,9.0,8672.49,963.61,2.888888888888889,5.0,6.0,78.0,0.11538461538461539,3.0,1,-1
C01791,6.0,5974.83,995.805,3.3333333333333335,1.0,0.0,68.0,0.08823529411764706,4.0,2,0
C01792,4.0,3702.54,925.635,2.5,1.0,2.0,51.0,0.0784313725490196,2.3333333333333335,2,0
C01793,5.0,5154.09,1030.818,3.0,2.0,1.0,76.0,0.06578947368421052,3.0,2,0
C01794,5.0,3472.0099999999998,694.4019999999999,3.4,3.0,1.0,41.0,0.12195121951219512,5.0,2,0
C01795,5.0,6206.3,1241.26,2.4,3.0,1.0,61.0,0.08196721311475409,4.0,1,0
C01796,6.0,4105.07,684.1783333333333,4.333333333333333,2.0,0.0,69.0,0.08695652173913043,3.5,2,0
C01797,4.0,3506.12,876.53,3.25,1.0,1.0,58.0,0.06896551724137931,4.25,2,0
C01798,5.0,3325.55,665.11,2.4,1.0,2.0,53.0,0.09433962264150944,3.6666666666666665,2,0
C01799,6.0,6652.1,1108.6833333333334,3.8333333333333335,0.0,2.0,78.0,0.07692307692307693,3.0,2,0
C01800,2.0,1704.21,852.105,2.5,0.0,1.0,48.0,0.041666666666666664,3.5848081591677903,2,0
C01801,3.0,2023.84,674.6133333333333,3.6666666666666665,1.0,2.0,38.0,0.07894736842105263,2.0,2,0
C01802,7.0,7666.13,1095.1614285714286,3.857142857142857,0.0,2.0,85.0,0.08235294117647059,3.0,1,0
C01803,1.0,1596.78,1596.78,3.0,0.0,0.0,1.0,1.0,3.0,0,1
C01804,6.0,6044.57,1007.4283333333333,3.8333333333333335,2.0,2.0,52.0,0.11538461538461539,4.0,1,0
C01805,5.0,5739.24,1147.848,2.4,1.0,0.0,67.0,0.07462686567164178,4.333333333333333,2,0
C01806,4.0,5459.29,1364.8225,3.0,1.0,0.0,66.0,0.06060606060606061,5.0,2,0
C01807,7.0,8437.83,1205.4042857142856,4.0,1.0,3.0,73.0,0.0958904109589041,2.5,1,0
C01808,4.0,5567.610000000001,1391.9025000000001,3.25,2.0,0.0,78.0,0.05128205128205128,4.0,2,0
C01809,5.0,6998.58,1399.716,2.2,1.0,3.0,67.0,0.07462686567164178,2.75,1,0
C01810,6.0,4453.9800000000005,742.33,4.333333333333333,1.0,2.0,46.0,0.13043478260869565,3.0,2,0
C01811,6.0,7680.7300000000005,1280.1216666666667,3.0,0.0,1.0,75.0,0.08,4.5,2,0
C01812,6.0,7008.76,1168.1266666666668,4.0,2.0,2.0,41.0,0.14634146341463414,3.8,1,0
C01813,5.0,5166.72,1033.344,3.2,2.0,1.0,64.0,0.078125,4.5,2,0
C01814,7.0,6310.27,901.4671428571429,3.2857142857142856,1.0,2.0,69.0,0.10144927536231885,3.3333333333333335,1,0
C01815,5.0,2836.2999999999997,567.26,3.8,1.0,3.0,65.0,0.07692307692307693,4.25,2,0
C01816,5.0,5939.629999999999,1187.926,3.8,2.0,2.0,62.0,0.08064516129032258,4.0,1,0
C01817,5.0,6195.96,1239.192,3.4,1.0,3.0,55.0,0.09090909090909091,4.666666666666667,1,0
C01818,7.0,7672.719999999999,1096.1028571428571,3.857142857142857,3.0,4.0,54.0,0.12962962962962962,3.4,1,0
C01819,6.0,6154.610000000001,1025.7683333333334,3.1666666666666665,2.0,2.0,60.0,0.1,4.25,1,0
C01820,3.0,3739.5,1246.5,3.3333333333333335,2.0,0.0,46.0,0.06521739130434782,5.0,2,0
C01821,3.0,2838.64,946.2133333333333,4.0,1.0,0.0,46.0,0.06521739130434782,5.0,2,0
C01822,6.0,6259.48,1043.2466666666667,3.8333333333333335,3.0,2.0,74.0,0.08108108108108109,3.75,1,0
C01823,5.0,6672.54,1334.508,1.6,1.0,0.0,61.0,0.08196721311475409,4.0,2,0
C01824,6.0,4914.9400000000005,819.1566666666668,2.5,1.0,1.0,69.0,0.08695652173913043,4.666666666666667,2,0
C01825,3.0,3969.79,1323.2633333333333,2.3333333333333335,2.0,0.0,40.0,0.075,3.6666666666666665,2,0
C01826,9.0,10520.529999999999,1168.9477777777777,3.0,4.0,1.0,57.0,0.15789473684210525,4.0,1,0
C01827,4.0,3466.37,866.5925,2.0,2.0,2.0,81.0,0.04938271604938271,3.75,2,0
C01828,3.0,3052.56,1017.52,1.6666666666666667,0.0,1.0,26.0,0.11538461538461539,3.5,2,0
C01829,4.0,6602.3,1650.575,4.25,0.0,2.0,62.0,0.06451612903225806,4.75,2,0
C01830,5.0,5891.32,1178.264,2.2,2.0,0.0,64.0,0.078125,4.25,2,0
C01831,4.0,1929.35,482.3375,2.0,2.0,2.0,44.0,0.09090909090909091,2.6666666666666665,2,0
C01832,8.0,7401.12,925.14,4.125,2.0,3.0,69.0,0.11594202898550725,2.5,1,0
C01833,3.0,1507.85,502.6166666666666,4.333333333333333,1.0,1.0,18.0,0.16666666666666666,2.5,2,0
C01834,5.0,4114.34,822.868,3.4,1.0,1.0,60.0,0.08333333333333333,3.25,2,0
C01835,3.0,4203.78,1401.26,3.3333333333333335,0.0,1.0,50.0,0.06,3.5,2,0
C01836,5.0,5633.64,1126.728,3.4,2.0,0.0,56.0,0.08928571428571429,4.0,2,0
C01837,9.0,8701.35,966.8166666666667,4.444444444444445,2.0,1.0,67.0,0.13432835820895522,2.8333333333333335,1,0
C01838,6.0,6617.94,1102.99,2.8333333333333335,2.0,1.0,52.0,0.11538461538461539,3.0,1,0
C01839,3.0,3707.4700000000003,1235.8233333333335,3.0,0.0,1.0,26.0,0.11538461538461539,2.5,2,0
C01840,9.0,10070.51,1118.9455555555555,3.4444444444444446,0.0,5.0,81.0,0.1111111111111111,4.125,1,0
C01841,4.0,4065.07,1016.2675,3.25,0.0,1.0,70.0,0.05714285714285714,4.0,2,0
C01842,10.0,10034.99,1003.499,3.3,1.0,2.0,73.0,0.136986301369863,4.111111111111111,1,0
C01843,7.0,5316.98,759.5685714285713,3.0,1.0,1.0,87.0,0.08045977011494253,2.6666666666666665,2,0
C01844,3.0,3717.5499999999997,1239.1833333333332,2.3333333333333335,1.0,0.0,61.0,0.04918032786885246,3.0,2,0
C01845,10.0,10965.210000000001,1096.5210000000002,2.8,3.0,2.0,82.0,0.12195121951219512,2.75,1,0
C01846,6.0,4706.8099999999995,784.4683333333332,2.0,1.0,1.0,68.0,0.08823529411764706,4.75,2,0
C01847,7.0,6020.83,860.1185714285714,4.857142857142857,2.0,1.0,69.0,0.10144927536231885,4.166666666666667,1,0
C01848,4.0,5578.55,1394.6375,4.0,2.0,1.0,47.0,0.0851063829787234,4.0,2,0
C01849,5.0,7292.8,1458.56,2.0,3.0,2.0,60.0,0.08333333333333333,1.5,1,0
C01850,7.0,8536.39,1219.4842857142855,4.0,1.0,3.0,84.0,0.08333333333333333,4.0,1,0
C01851,5.0,4480.32,896.064,3.6,2.0,0.0,83.0,0.060240963855421686,3.75,2,0
C01852,6.0,7286.18,1214.3633333333335,3.3333333333333335,1.0,1.0,79.0,0.0759493670886076,4.333333333333333,1,0
C01853,5.0,5703.889999999999,1140.7779999999998,4.6,1.0,0.0,74.0,0.06756756756756757,2.6666666666666665,2,0
C01854,4.0,3642.59,910.6475,4.0,1.0,1.0,42.0,0.09523809523809523,4.0,2,0
C01855,6.0,4235.5,705.9166666666666,4.333333333333333,0.0,1.0,44.0,0.13636363636363635,2.5,2,0
C01856,7.0,6592.15,941.7357142857143,3.4285714285714284,3.0,0.0,86.0,0.08139534883720931,3.6666666666666665,1,0
C01857,13.0,14369.41,1105.3392307692307,3.0,5.0,4.0,69.0,0.18840579710144928,4.142857142857143,1,0
C01858,9.0,7833.66,870.4066666666666,3.888888888888889,3.0,1.0,67.0,0.13432835820895522,3.0,1,0
C01859,3.0,1531.15,510.3833333333334,3.3333333333333335,1.0,0.0,37.0,0.08108108108108109,2.0,2,0
C01860,3.0,4227.12,1409.04,2.3333333333333335,1.0,2.0,16.0,0.1875,5.0,2,0
C01861,6.0,5211.3099999999995,868.5516666666666,2.3333333333333335,3.0,0.0,34.0,0.17647058823529413,3.0,2,0
C01862,3.0,966.38,322.12666666666667,3.3333333333333335,1.0,0.0,47.0,0.06382978723404255,5.0,2,0
C01863,2.0,929.26,464.63,1.5,0.0,0.0,5.0,0.4,3.0,2,0
C01864,6.0,5862.74,977.1233333333333,3.1666666666666665,0.0,3.0,62.0,0.0967741935483871,4.25,1,0
C01865,3.0,2785.87,928.6233333333333,5.0,0.0,0.0,51.0,0.058823529411764705,4.0,2,0
C01866,6.0,5701.6900000000005,950.2816666666668,4.5,5.0,3.0,56.0,0.10714285714285714,3.6666666666666665,1,0
C01867,9.0,9063.77,1007.0855555555556,3.111111111111111,2.0,6.0,72.0,0.125,4.25,1,0
C01868,4.0,1961.5100000000002,490.37750000000005,2.75,0.0,0.0,66.0,0.06060606060606061,3.5,2,0
C01869,6.0,6399.530000000001,1066.5883333333334,4.166666666666667,0.0,1.0,74.0,0.08108108108108109,3.3333333333333335,2,0
C01870,4.0,6197.24,1549.31,3.0,2.0,1.0,34.0,0.11764705882352941,4.0,2,0
C01871,5.0,4513.33,902.6659999999999,3.6,2.0,3.0,74.0,0.06756756756756757,4.0,1,0
C01872,4.0,5979.25,1494.8125,2.25,1.0,2.0,16.0,0.25,3.75,2,0
C01873,6.0,5932.82,988.8033333333333,4.0,0.0,2.0,70.0,0.08571428571428572,2.6,2,0
C01874,4.0,2967.19,741.7975,2.5,1.0,2.0,51.0,0.0784313725490196,4.25,2,0
C01875,3.0,3154.42,1051.4733333333334,3.6666666666666665,0.0,0.0,54.0,0.05555555555555555,2.0,2,0
C01876,3.0,3994.7,1331.5666666666666,4.0,1.0,0.0,17.0,0.17647058823529413,4.0,2,0
C01877,8.0,8000.02,1000.0025,4.75,1.0,1.0,71.0,0.11267605633802817,3.4,1,0
C01878,9.0,10556.7,1172.9666666666667,3.4444444444444446,4.0,1.0,62.0,0.14516129032258066,3.8333333333333335,1,0
C01879,4.0,5590.23,1397.5575,4.25,1.0,0.0,70.0,0.05714285714285714,3.3333333333333335,2,0
C01880,3.0,2486.99,828.9966666666666,4.333333333333333,2.0,0.0,52.0,0.057692307692307696,3.5848081591677903,2,0
C01881,4.0,3882.0,970.5,2.5,0.0,0.0,17.0,0.23529411764705882,3.75,2,0
C01882,5.0,3966.88,793.376,3.4,2.0,1.0,60.0,0.08333333333333333,3.2,2,0
C01883,5.0,6393.15,1278.6299999999999,3.8,2.0,0.0,71.0,0.07042253521126761,3.0,2,0
C01884,1.0,1031.7,1031.7,2.0,0.0,0.0,1.0,1.0,2.0,0,1
C01885,5.0,6035.41,1207.0819999999999,3.8,2.0,1.0,62.0,0.08064516129032258,4.75,2,0
C01886,3.0,3880.47,1293.49,3.6666666666666665,0.0,1.0,63.0,0.047619047619047616,3.6666666666666665,2,0
C01887,4.0,6001.09,1500.2725,3.0,1.0,3.0,74.0,0.05405405405405406,3.25,1,0
C01888,11.0,11358.53,1032.5936363636365,3.4545454545454546,2.0,1.0,86.0,0.12790697674418605,3.8,1,0
C01889,10.0,10784.16,1078.416,3.0,6.0,2.0,78.0,0.1282051282051282,4.166666666666667,1,0
C01890,6.0,7519.76,1253.2933333333333,3.8333333333333335,1.0,0.0,66.0,0.09090909090909091,3.0,2,0
C01891,4.0,4326.8,1081.7,3.0,0.0,1.0,59.0,0.06779661016949153,5.0,2,0
C01892,5.0,2884.77,576.954,2.6,3.0,1.0,50.0,0.1,4.0,2,0
C01893,5.0,4890.45,978.0899999999999,5.0,2.0,1.0,56.0,0.08928571428571429,3.0,2,0
C01894,4.0,3832.37,958.0925,2.75,2.0,3.0,68.0,0.058823529411764705,3.5848081591677903,2,0
C01895,5.0,4765.820000000001,953.1640000000001,3.4,2.0,4.0,84.0,0.05952380952380952,2.6666666666666665,1,0
C01896,5.0,5106.99,1021.3979999999999,4.4,3.0,0.0,77.0,0.06493506493506493,4.0,2,0
C01897,9.0,8120.84,902.3155555555555,2.888888888888889,2.0,3.0,69.0,0.13043478260869565,4.333333333333333,1,0
C01898,6.0,6481.7,1080.2833333333333,3.5,2.0,2.0,31.0,0.1935483870967742,3.5,1,0
C01899,3.0,1458.28,486.0933333333333,3.6666666666666665,2.0,1.0,45.0,0.06666666666666667,4.0,2,0
C01900,1.0,313.27,313.27,6.0,0.0,0.0,1.0,1.0,5.0,0,1
C01901,6.0,6501.64,1083.6066666666668,4.666666666666667,1.0,2.0,81.0,0.07407407407407407,4.25,1,0
C01902,3.0,4099.0,1366.3333333333333,2.6666666666666665,2.0,1.0,61.0,0.04918032786885246,4.666666666666667,2,0
C01903,6.0,9679.53,1613.255,1.8333333333333333,2.0,3.0,65.0,0.09230769230769231,3.75,1,0
C01904,5.0,4575.62,915.124,3.6,1.0,2.0,75.0,0.06666666666666667,4.2,2,0
C01905,7.0,8149.110000000001,1164.1585714285716,3.2857142857142856,2.0,0.0,72.0,0.09722222222222222,3.1666666666666665,1,0
C01906,4.0,3604.26,901.065,5.5,1.0,0.0,12.0,0.3333333333333333,2.5,2,0
C01907,4.0,5334.04,1333.51,1.75,2.0,1.0,17.0,0.23529411764705882,4.5,2,0
C01908,2.0,3246.83,1623.415,3.0,1.0,0.0,45.0,0.044444444444444446,3.5848081591677903,2,0
C01909,10.0,11606.75,1160.675,4.0,3.0,2.0,71.0,0.14084507042253522,3.6,1,0
C01910,10.0,10459.91,1045.991,3.4,3.0,3.0,70.0,0.14285714285714285,3.1,1,0
C01911,8.0,9160.96,1145.12,2.625,2.0,2.0,82.0,0.0975609756097561,3.7142857142857144,1,0
C01912,4.0,5210.05,1302.5125,3.5,0.0,0.0,49.0,0.08163265306122448,3.3333333333333335,2,0
C01913,4.0,3845.46,961.365,2.5,1.0,0.0,16.0,0.25,3.0,2,0
C01914,4.0,4711.74,1177.935,4.25,1.0,2.0,58.0,0.06896551724137931,4.0,2,0
C01915,1.0,1476.87,1476.87,4.0,1.0,0.0,1.0,1.0,3.5848081591677903,0,1
C01916,6.0,5109.44,851.5733333333333,3.0,3.0,1.0,70.0,0.08571428571428572,4.0,1,0
C01917,4.0,1470.07,367.5175,3.25,2.0,1.0,50.0,0.08,3.0,2,0
C01918,4.0,4734.02,1183.505,2.75,1.0,0.0,65.0,0.06153846153846154,4.333333333333333,2,0
C01919,8.0,5785.3099999999995,723.1637499999999,3.375,5.0,1.0,86.0,0.09302325581395349,3.8333333333333335,1,0
C01920,5.0,3827.87,765.574,3.8,2.0,1.0,52.0,0.09615384615384616,4.0,2,0
C01921,1.0,856.98,856.98,6.0,0.0,0.0,1.0,1.0,3.5848081591677903,0,1
C01922,4.0,3363.16,840.79,1.75,0.0,3.0,84.0,0.047619047619047616,3.75,2,0
C01923,9.0,5909.82,656.6466666666666,2.888888888888889,2.0,1.0,67.0,0.13432835820895522,3.75,1,0
C01924,4.0,5647.21,1411.8025,3.75,2.0,1.0,38.0,0.10526315789473684,3.0,2,0
C01925,2.0,1427.52,713.76,2.5,0.0,2.0,25.0,0.08,5.0,2,0
C01926,7.0,7221.63,1031.6614285714286,4.142857142857143,2.0,1.0,47.0,0.14893617021276595,2.8,1,0
C01927,4.0,5026.15,1256.5375,2.25,1.0,1.0,57.0,0.07017543859649122,4.333333333333333,2,0
C01928,5.0,5718.73,1143.7459999999999,4.2,2.0,0.0,68.0,0.07352941176470588,3.5,2,0
C01929,6.0,6967.38,1161.23,3.3333333333333335,1.0,1.0,38.0,0.15789473684210525,4.0,1,0
C01930,5.0,3895.98,779.196,3.6,1.0,0.0,49.0,0.10204081632653061,2.0,2,0
C01931,2.0,1641.6399999999999,820.8199999999999,1.5,0.0,0.0,7.0,0.2857142857142857,3.0,2,0
C01932,3.0,2842.06,947.3533333333334,3.3333333333333335,0.0,1.0,38.0,0.07894736842105263,4.333333333333333,2,0
C01933,5.0,5735.11,1147.022,1.8,1.0,0.0,82.0,0.06097560975609756,3.3333333333333335,2,0
C01934,4.0,5088.98,1272.245,3.75,1.0,1.0,40.0,0.1,4.5,2,0
C01935,9.0,6169.950000000001,685.5500000000001,4.0,2.0,4.0,80.0,0.1125,3.857142857142857,1,0
C01936,3.0,3773.7799999999997,1257.9266666666665,3.6666666666666665,1.0,3.0,62.0,0.04838709677419355,3.0,2,0
C01937,4.0,5086.48,1271.62,3.5,0.0,1.0,69.0,0.057971014492753624,3.5,2,0
C01938,5.0,5472.49,1094.498,5.4,0.0,0.0,56.0,0.08928571428571429,3.3333333333333335,2,0
C01939,6.0,6875.91,1145.985,3.3333333333333335,2.0,2.0,84.0,0.07142857142857142,2.8,1,0
C01940,7.0,8049.34,1149.9057142857143,4.0,2.0,0.0,65.0,0.1076923076923077,4.5,1,0
C01941,4.0,2954.09,738.5225,2.25,1.0,0.0,77.0,0.05194805194805195,3.75,2,0
C01942,5.0,3892.7400000000002,778.548,2.4,1.0,3.0,68.0,0.07352941176470588,4.0,2,0
C01943,6.0,3959.43,659.905,3.8333333333333335,1.0,2.0,66.0,0.09090909090909091,3.6,2,0
C01944,4.0,2472.31,618.0775,1.5,2.0,0.0,55.0,0.07272727272727272,2.6666666666666665,2,0
C01945,5.0,6776.0199999999995,1355.204,4.0,4.0,0.0,56.0,0.08928571428571429,4.8,1,0
C01946,6.0,5629.5599999999995,938.2599999999999,2.5,1.0,1.0,67.0,0.08955223880597014,3.4,2,0
C01947,10.0,10773.060000000001,1077.306,3.3,3.0,5.0,64.0,0.15625,2.857142857142857,1,0
C01948,6.0,4644.36,774.06,4.0,2.0,0.0,50.0,0.12,3.75,2,0
C01949,4.0,4239.42,1059.855,3.75,1.0,0.0,73.0,0.0547945205479452,5.0,2,0
C01950,4.0,4828.98,1207.245,3.25,3.0,1.0,70.0,0.05714285714285714,3.5,2,0
C01951,2.0,2640.4300000000003,1320.2150000000001,3.5,1.0,0.0,45.0,0.044444444444444446,4.5,2,0
C01952,5.0,5408.18,1081.636,5.8,2.0,2.0,32.0,0.15625,3.75,1,0
C01953,8.0,8894.1,1111.7625,3.75,3.0,2.0,70.0,0.11428571428571428,4.333333333333333,1,0
C01954,9.0,10132.14,1125.7933333333333,3.0,2.0,2.0,70.0,0.12857142857142856,4.285714285714286,1,0
C01955,5.0,5558.48,1111.696,4.2,0.0,2.0,77.0,0.06493506493506493,4.0,2,0
C01956,5.0,5083.84,1016.768,2.8,1.0,3.0,59.0,0.0847457627118644,3.6666666666666665,1,0
C01957,9.0,7366.54,818.5044444444444,4.444444444444445,1.0,1.0,75.0,0.12,4.0,1,0
C01958,6.0,5843.91,973.985,3.6666666666666665,2.0,0.0,57.0,0.10526315789473684,3.4,2,0
C01959,7.0,10148.869999999999,1449.8385714285712,4.285714285714286,1.0,1.0,73.0,0.0958904109589041,3.6666666666666665,1,0
C01960,6.0,7641.04,1273.5066666666667,4.666666666666667,2.0,0.0,83.0,0.07228915662650602,4.25,1,0
C01961,6.0,6594.04,1099.0066666666667,3.8333333333333335,2.0,1.0,31.0,0.1935483870967742,3.0,1,0
C01962,2.0,3634.25,1817.125,3.5,0.0,0.0,22.0,0.09090909090909091,3.5,2,0
C01963,1.0,1674.84,1674.84,5.0,1.0,0.0,1.0,1.0,4.0,0,1
C01964,12.0,13000.15,1083.3458333333333,3.3333333333333335,4.0,3.0,82.0,0.14634146341463414,3.857142857142857,1,0
C01965,8.0,8624.96,1078.12,4.0,4.0,2.0,83.0,0.0963855421686747,3.4285714285714284,1,0
C01966,4.0,4382.04,1095.51,4.75,2.0,1.0,21.0,0.19047619047619047,3.5848081591677903,2,0
C01967,5.0,5121.29,1024.258,4.2,1.0,2.0,35.0,0.14285714285714285,2.0,2,0
C01968,9.0,9274.03,1030.447777777778,2.7777777777777777,1.0,2.0,87.0,0.10344827586206896,3.5,1,0
C01969,6.0,8918.34,1486.39,2.6666666666666665,0.0,2.0,38.0,0.15789473684210525,3.4,1,0
C01970,4.0,4807.32,1201.83,4.5,1.0,1.0,44.0,0.09090909090909091,3.5,2,0
C01971,8.0,8918.64,1114.83,3.625,2.0,2.0,81.0,0.09876543209876543,3.8,1,0
C01972,7.0,6952.9,993.2714285714285,3.142857142857143,1.0,0.0,71.0,0.09859154929577464,4.75,2,0
C01973,7.0,5521.23,788.7471428571428,3.4285714285714284,3.0,3.0,65.0,0.1076923076923077,3.8,1,0
C01974,3.0,4181.17,1393.7233333333334,4.0,2.0,0.0,81.0,0.037037037037037035,2.0,2,0
C01975,1.0,523.4,523.4,6.0,0.0,0.0,1.0,1.0,3.5848081591677903,0,1
C01976,6.0,4350.73,725.1216666666666,3.8333333333333335,1.0,2.0,74.0,0.08108108108108109,3.0,2,0
C01977,7.0,8526.61,1218.087142857143,2.5714285714285716,2.0,3.0,61.0,0.11475409836065574,3.3333333333333335,1,0
C01978,5.0,5146.0599999999995,1029.212,4.6,1.0,1.0,60.0,0.08333333333333333,3.8,2,0
C01979,4.0,3125.4,781.35,4.25,2.0,2.0,40.0,0.1,4.0,2,0
C01980,6.0,5916.83,986.1383333333333,3.0,1.0,0.0,49.0,0.12244897959183673,4.5,2,0
C01981,1.0,895.29,895.29,4.0,0.0,0.0,1.0,1.0,3.5848081591677903,0,1
C01982,6.0,7224.85,1204.1416666666667,4.166666666666667,0.0,3.0,48.0,0.125,3.0,1,0
C01983,8.0,8529.81,1066.22625,3.375,1.0,2.0,85.0,0.09411764705882353,3.8333333333333335,1,0
C01984,5.0,4810.98,962.1959999999999,3.2,4.0,0.0,56.0,0.08928571428571429,3.0,2,0
C01985,3.0,3104.98,1034.9933333333333,4.333333333333333,1.0,1.0,55.0,0.05454545454545454,3.5848081591677903,2,0
C01986,7.0,7572.25,1081.75,4.142857142857143,4.0,2.0,47.0,0.14893617021276595,3.5,1,0
C01987,6.0,5917.15,986.1916666666666,2.1666666666666665,2.0,2.0,61.0,0.09836065573770492,3.3333333333333335,1,0
C01988,12.0,11569.27,964.1058333333334,4.5,1.0,2.0,76.0,0.15789473684210525,4.0,1,0
C01989,2.0,2246.37,1123.185,3.0,0.0,2.0,3.0,0.6666666666666666,3.0,0,0
C01990,2.0,2428.2400000000002,1214.1200000000001,2.5,0.0,1.0,35.0,0.05714285714285714,1.0,2,0
C01991,5.0,3911.4900000000002,782.298,3.6,1.0,1.0,46.0,0.10869565217391304,2.75,2,0
C01992,4.0,3938.55,984.6375,3.5,2.0,0.0,61.0,0.06557377049180328,4.0,2,0
C01993,5.0,3844.7400000000002,768.9480000000001,3.8,0.0,1.0,61.0,0.08196721311475409,2.3333333333333335,2,0
C01994,2.0,3155.76,1577.88,3.0,1.0,0.0,64.0,0.03125,4.0,2,0
C01995,4.0,4120.82,1030.205,3.75,0.0,1.0,48.0,0.08333333333333333,3.0,2,0
C01996,3.0,1257.31,419.1033333333333,2.6666666666666665,0.0,0.0,8.0,0.375,4.0,2,0
C01997,5.0,5516.67,1103.334,3.2,0.0,1.0,34.0,0.14705882352941177,4.5,2,0
C01998,1.0,656.76,656.76,2.0,1.0,1.0,1.0,1.0,5.0,0,-1
C01999,7.0,5647.88,806.84,4.0,4.0,2.0,74.0,0.0945945945945946,3.6666666666666665,1,0
C02000,2.0,1165.94,582.97,5.0,0.0,1.0,2.0,1.0,4.5,0,1
