delivery_id,order_id,driver_id,delivery_distance_km,preparation_time_minutes,traffic_condition,weather,delivery_time_minutes,tip_amount
DL00001,O00001,D0259,14.79,43,Medium,Rainy,128.9,164.01
DL00002,O00002,D0167,5.64,32,High,Clear,81.7,66.3
DL00003,O00003,D0471,9.75,41,High,Clear,98.1,149.36
DL00004,O00004,D0267,8.97,30,Medium,Rainy,90.8,211.23
DL00005,O00005,D0224,8.57,31,Medium,Cloudy,81.1,36.35
DL00006,O00006,D0367,14.06,11,High,Cloudy,90.5,212.34
DL00007,O00007,D0286,2.77,18,High,Cloudy,57.0,85.74
DL00008,O00008,D0306,8.23,35,High,Cloudy,93.2,45.82
DL00009,O00009,D0484,1.36,29,Low,Rainy,57.1,39.0
DL00010,O00010,D0067,5.31,24,High,Rainy,91.3,73.04
DL00011,O00011,D0176,10.45,30,Low,Clear,75.8,68.22
DL00012,O00012,D0104,11.93,24,Medium,Cloudy,82.1,114.54
DL00013,O00013,D0296,12.96,32,Medium,Rainy,108.1,30.77
DL00014,O00014,D0228,2.07,14,High,Rainy,68.9,45.63
DL00015,O00015,D0272,3.58,43,Medium,Clear,65.1,52.42
DL00016,O00016,D0160,6.62,33,Low,Cloudy,64.6,92.23
DL00017,O00017,D0356,6.34,35,Medium,Rainy,103.1,294.88
DL00018,O00018,D0190,4.56,17,Medium,Clear,54.3,55.14
DL00019,O00019,D0230,14.11,17,High,Rainy,112.2,82.41
DL00020,O00020,D0214,8.47,15,High,Clear,72.5,76.35
DL00021,O00021,D0102,10.2,35,High,Clear,96.5,99.52
DL00022,O00022,D0498,11.5,43,High,Clear,104.9,58.19
DL00023,O00023,D0460,8.61,36,Medium,Clear,91.1,78.74
DL00024,O00024,D0040,12.67,24,Medium,Clear,84.7,133.35
DL00025,O00025,D0206,14.79,27,Low,Cloudy,89.3,133.04
DL00026,O00026,D0199,6.49,11,Medium,Clear,58.5,72.02
DL00027,O00027,D0322,10.01,34,Medium,Cloudy,87.0,45.61
DL00028,O00028,D0360,5.44,18,Low,Clear,43.6,52.69
DL00029,O00029,D0395,1.97,25,High,Rainy,80.8,239.57
DL00030,O00030,D0497,1.38,14,Medium,Rainy,50.6,169.54
DL00031,O00031,D0458,4.26,34,High,Cloudy,75.4,48.68
DL00032,O00032,D0487,3.27,32,Medium,Rainy,80.0,107.13
DL00033,O00033,D0390,11.11,13,High,Rainy,94.1,213.87
DL00034,O00034,D0137,7.49,40,Low,Cloudy,74.4,232.58
DL00035,O00035,D0403,8.56,28,Low,Clear,64.3,157.3
DL00036,O00036,D0153,2.15,17,Low,Clear,34.0,4.67
DL00037,O00037,D0133,1.27,26,Medium,Rainy,63.2,41.85
DL00038,O00038,D0005,7.09,14,High,Clear,66.2,146.39
DL00039,O00039,D0310,4.58,28,High,Clear,79.8,28.81
DL00040,O00040,D0451,9.71,25,Medium,Clear,74.1,28.68
DL00041,O00041,D0452,8.16,20,High,Clear,85.7,55.25
DL00042,O00042,D0268,12.6,11,High,Cloudy,84.1,109.85
DL00043,O00043,D0218,12.74,14,Medium,Cloudy,73.9,54.84
DL00044,O00044,D0390,8.52,44,Medium,Clear,99.9,88.91
DL00045,O00045,D0245,13.7,26,Medium,Clear,82.8,50.84
DL00046,O00046,D0202,14.06,24,Medium,Clear,76.4,98.51
DL00047,O00047,D0347,4.42,32,High,Clear,79.5,185.93
DL00048,O00048,D0360,14.68,27,Low,Cloudy,98.6,26.62
DL00049,O00049,D0087,14.8,12,High,Clear,84.3,32.52
DL00050,O00050,D0113,1.91,43,Medium,Clear,69.4,98.23
DL00051,O00051,D0294,1.03,33,High,Rainy,77.3,169.49
DL00052,O00052,D0414,1.82,11,Medium,Rainy,51.1,102.94
DL00053,O00053,D0165,5.9,29,Medium,Clear,62.6,134.48
DL00054,O00054,D0234,12.31,17,High,Cloudy,93.4,135.01
DL00055,O00055,D0153,8.06,37,Medium,Clear,87.6,25.25
DL00056,O00056,D0428,5.15,18,Medium,Clear,47.0,12.95
DL00057,O00057,D0060,1.77,39,Low,Rainy,75.7,105.43
DL00058,O00058,D0398,6.54,20,Medium,Clear,55.3,81.2
DL00059,O00059,D0067,1.51,30,High,Clear,66.3,118.7
DL00060,O00060,D0116,3.42,24,Low,Clear,49.0,267.8
DL00061,O00061,D0068,13.3,36,High,Rainy,120.0,128.03
DL00062,O00062,D0164,11.66,35,Low,Cloudy,79.0,191.52
DL00063,O00063,D0281,14.94,31,Low,Cloudy,86.2,30.35
DL00064,O00064,D0008,13.52,16,Medium,Cloudy,86.2,29.82
DL00065,O00065,D0281,12.98,13,High,Clear,87.5,152.68
DL00066,O00066,D0420,3.45,12,High,Rainy,59.5,53.09
DL00067,O00067,D0030,10.08,34,Medium,Clear,91.7,5.91
DL00068,O00068,D0115,9.41,30,Medium,Clear,74.6,181.7
DL00069,O00069,D0335,13.85,33,Low,Rainy,97.0,166.03
DL00070,O00070,D0188,11.93,10,Medium,Rainy,83.1,25.52
DL00071,O00071,D0301,11.85,16,Low,Clear,50.8,176.53
DL00072,O00072,D0229,5.55,34,High,Cloudy,87.1,23.75
DL00073,O00073,D0047,2.74,14,Medium,Rainy,56.7,31.64
DL00074,O00074,D0178,6.17,21,Medium,Rainy,77.6,30.67
DL00075,O00075,D0453,3.92,29,Low,Rainy,65.3,136.05
DL00076,O00076,D0338,11.19,21,Medium,Clear,79.9,5.1
DL00077,O00077,D0480,7.43,37,High,Rainy,100.2,17.31
DL00078,O00078,D0042,4.25,28,Low,Clear,53.9,37.68
DL00079,O00079,D0178,10.21,16,Low,Clear,55.3,185.41
DL00080,O00080,D0263,1.97,13,Medium,Clear,30.4,162.0
DL00081,O00081,D0490,13.85,32,High,Clear,100.3,58.68
DL00082,O00082,D0004,9.1,38,High,Cloudy,100.9,11.63
DL00083,O00083,D0310,7.45,44,Medium,Clear,86.1,77.51
DL00084,O00084,D0105,4.49,25,High,Clear,65.5,112.26
DL00085,O00085,D0173,8.67,27,Medium,Clear,68.9,177.14
DL00086,O00086,D0287,5.02,40,Medium,Rainy,90.3,66.58
DL00087,O00087,D0080,6.52,20,Low,Clear,57.1,174.4
DL00088,O00088,D0061,13.44,32,Medium,Clear,91.7,49.75
DL00089,O00089,D0173,3.72,32,Medium,Cloudy,62.0,61.65
DL00090,O00090,D0378,5.87,21,Low,Rainy,77.2,83.47
DL00091,O00091,D0387,10.18,12,Medium,Cloudy,56.5,148.17
DL00092,O00092,D0431,11.15,29,Medium,Rainy,106.5,38.28
DL00093,O00093,D0433,2.61,32,High,Clear,70.6,143.47
DL00094,O00094,D0003,14.11,44,High,Clear,114.9,120.63
DL00095,O00095,D0003,1.38,42,Medium,Rainy,79.2,19.52
DL00096,O00096,D0477,1.94,11,Low,Cloudy,30.8,35.59
DL00097,O00097,D0083,11.67,33,Medium,Clear,87.2,122.99
DL00098,O00098,D0260,11.8,28,Low,Clear,82.4,190.2
DL00099,O00099,D0059,10.33,34,Medium,Rainy,94.3,161.28
DL00100,O00100,D0035,8.3,14,Medium,Rainy,73.1,77.68
DL00101,O00101,D0309,5.04,19,Low,Clear,43.5,37.24
DL00102,O00102,D0400,12.76,38,Medium,Clear,96.1,59.2
DL00103,O00103,D0376,10.78,17,Low,Rainy,83.4,245.62
DL00104,O00104,D0179,14.55,27,High,Clear,99.7,54.08
DL00105,O00105,D0154,7.36,38,High,Clear,85.7,79.1
DL00106,O00106,D0166,7.59,22,High,Clear,84.9,29.88
DL00107,O00107,D0369,12.08,42,Medium,Clear,95.3,51.36
DL00108,O00108,D0068,14.9,10,Medium,Rainy,90.0,103.22
DL00109,O00109,D0369,13.55,27,Medium,Cloudy,89.1,187.4
DL00110,O00110,D0418,5.16,25,Medium,Clear,58.9,194.48
DL00111,O00111,D0243,14.35,33,Low,Clear,89.6,81.08
DL00112,O00112,D0277,3.77,39,High,Rainy,96.4,27.3
DL00113,O00113,D0169,6.9,15,Medium,Clear,53.4,78.92
DL00114,O00114,D0443,13.42,44,Low,Cloudy,100.2,188.85
DL00115,O00115,D0089,5.39,34,High,Clear,87.5,11.82
DL00116,O00116,D0259,5.93,27,Medium,Clear,60.8,225.0
DL00117,O00117,D0237,14.93,14,High,Clear,92.3,198.24
DL00118,O00118,D0312,7.31,20,Medium,Cloudy,60.6,72.85
DL00119,O00119,D0190,14.26,44,Low,Rainy,107.5,120.46
DL00120,O00120,D0402,4.84,19,Medium,Clear,54.4,182.22
DL00121,O00121,D0217,8.01,27,Medium,Clear,68.9,30.73
DL00122,O00122,D0224,6.36,32,High,Clear,89.2,7.26
DL00123,O00123,D0084,8.9,33,Medium,Clear,84.0,48.62
DL00124,O00124,D0015,13.58,41,Medium,Rainy,121.5,29.77
DL00125,O00125,D0194,14.87,42,High,Clear,126.8,169.84
DL00126,O00126,D0254,8.01,17,High,Clear,67.3,40.92
DL00127,O00127,D0245,3.45,24,Low,Cloudy,44.7,77.37
DL00128,O00128,D0030,1.71,41,Medium,Clear,67.9,195.06
DL00129,O00129,D0460,3.23,40,Low,Rainy,75.3,60.4
DL00130,O00130,D0167,11.45,13,Low,Cloudy,63.1,208.47
DL00131,O00131,D0320,9.32,23,High,Clear,78.9,20.88
DL00132,O00132,D0235,11.48,23,High,Clear,83.3,74.51
DL00133,O00133,D0246,14.36,22,Medium,Cloudy,89.1,91.26
DL00134,O00134,D0185,10.9,40,High,Rainy,114.9,140.87
DL00135,O00135,D0495,11.89,27,Low,Rainy,93.2,87.34
DL00136,O00136,D0319,6.98,29,Medium,Clear,70.0,7.26
DL00137,O00137,D0007,8.16,33,Low,Clear,73.1,130.29
DL00138,O00138,D0086,12.53,25,High,Cloudy,92.9,183.15
DL00139,O00139,D0328,9.95,20,High,Clear,80.3,16.56
DL00140,O00140,D0215,8.5,31,Medium,Clear,73.2,23.62
DL00141,O00141,D0023,4.1,25,High,Rainy,81.1,15.68
DL00142,O00142,D0332,9.44,12,High,Cloudy,80.2,42.54
DL00143,O00143,D0262,5.08,23,Low,Cloudy,60.7,60.62
DL00144,O00144,D0186,9.26,44,Medium,Clear,98.6,56.0
DL00145,O00145,D0014,7.49,28,Low,Clear,56.1,113.47
DL00146,O00146,D0284,2.42,20,Medium,Cloudy,56.0,18.72
DL00147,O00147,D0261,13.0,43,Medium,Cloudy,102.9,18.65
DL00148,O00148,D0452,9.14,23,Medium,Rainy,89.3,122.84
DL00149,O00149,D0056,13.64,11,High,Cloudy,81.3,98.84
DL00150,O00150,D0121,13.98,23,Medium,Clear,86.6,57.93
DL00151,O00151,D0153,8.25,35,High,Cloudy,90.2,72.01
DL00152,O00152,D0411,10.49,22,Medium,Clear,78.5,37.34
DL00153,O00153,D0444,13.54,28,Low,Cloudy,78.7,7.02
DL00154,O00154,D0132,10.52,23,Medium,Rainy,91.7,24.8
DL00155,O00155,D0029,4.42,34,Medium,Cloudy,75.5,50.88
DL00156,O00156,D0233,4.62,20,Low,Clear,41.1,72.74
DL00157,O00157,D0111,6.86,44,Low,Cloudy,77.4,143.47
DL00158,O00158,D0114,1.53,43,Medium,Cloudy,74.2,58.91
DL00159,O00159,D0475,6.19,13,High,Clear,66.1,111.18
DL00160,O00160,D0263,3.01,42,Medium,Rainy,94.3,79.82
DL00161,O00161,D0416,12.58,19,Low,Clear,71.4,116.58
DL00162,O00162,D0404,11.95,32,Medium,Clear,93.3,130.65
DL00163,O00163,D0320,3.45,17,High,Rainy,74.9,50.98
DL00164,O00164,D0368,4.99,21,Medium,Cloudy,60.2,109.97
DL00165,O00165,D0043,8.98,27,Low,Rainy,81.3,177.74
DL00166,O00166,D0356,4.49,12,Medium,Clear,45.5,33.56
DL00167,O00167,D0414,1.78,13,High,Clear,51.0,32.68
DL00168,O00168,D0316,11.71,30,Medium,Clear,73.6,257.45
DL00169,O00169,D0477,2.28,18,Medium,Rainy,67.3,12.82
DL00170,O00170,D0156,10.49,37,Low,Rainy,103.4,35.12
DL00171,O00171,D0040,3.1,24,Low,Clear,37.0,58.33
DL00172,O00172,D0323,1.11,36,Low,Clear,54.1,189.76
DL00173,O00173,D0475,8.87,13,Low,Clear,55.2,70.13
DL00174,O00174,D0469,4.99,35,Low,Cloudy,65.9,248.13
DL00175,O00175,D0293,2.82,11,Medium,Clear,29.5,136.31
DL00176,O00176,D0355,10.59,30,Medium,Clear,80.4,88.73
DL00177,O00177,D0315,10.02,27,Medium,Clear,73.7,95.87
DL00178,O00178,D0276,6.76,11,Medium,Cloudy,63.8,231.27
DL00179,O00179,D0447,2.24,16,High,Clear,52.7,51.21
DL00180,O00180,D0201,7.52,29,Low,Cloudy,68.2,59.47
DL00181,O00181,D0163,2.46,25,Low,Clear,46.6,36.81
DL00182,O00182,D0314,14.92,23,Low,Clear,77.0,33.6
DL00183,O00183,D0377,4.29,41,High,Clear,80.6,214.03
DL00184,O00184,D0138,1.04,24,Low,Clear,41.4,44.61
DL00185,O00185,D0241,4.08,39,Low,Clear,62.7,102.83
DL00186,O00186,D0059,9.67,16,Low,Clear,53.9,92.48
DL00187,O00187,D0373,14.67,33,Medium,Clear,94.3,162.61
DL00188,O00188,D0149,8.36,26,Medium,Rainy,74.8,13.07
DL00189,O00189,D0299,7.23,26,High,Clear,84.5,23.78
DL00190,O00190,D0233,14.89,14,High,Cloudy,98.8,37.6
DL00191,O00191,D0299,3.31,10,Low,Clear,39.8,151.84
DL00192,O00192,D0216,3.77,30,Medium,Rainy,83.1,19.39
DL00193,O00193,D0359,6.33,39,Medium,Rainy,97.9,68.71
DL00194,O00194,D0129,11.47,13,Low,Rainy,74.4,20.22
DL00195,O00195,D0174,5.24,14,Medium,Cloudy,51.3,24.86
DL00196,O00196,D0127,7.58,30,Medium,Clear,76.2,20.21
DL00197,O00197,D0363,14.15,29,Low,Clear,81.6,242.73
DL00198,O00198,D0415,13.22,29,Low,Clear,85.8,26.71
DL00199,O00199,D0063,14.26,26,Low,Clear,79.4,115.19
DL00200,O00200,D0430,3.34,18,High,Clear,58.1,128.55
DL00201,O00201,D0151,7.75,41,Medium,Rainy,94.9,8.52
DL00202,O00202,D0274,10.98,32,Medium,Clear,91.4,45.86
DL00203,O00203,D0446,11.26,29,Low,Clear,68.5,201.54
DL00204,O00204,D0283,8.7,18,Low,Cloudy,62.4,95.65
DL00205,O00205,D0489,12.49,35,Low,Clear,89.2,169.63
DL00206,O00206,D0044,1.6,26,Low,Clear,41.1,51.29
DL00207,O00207,D0174,3.76,29,High,Clear,71.8,31.31
DL00208,O00208,D0061,5.59,40,High,Rainy,94.7,106.1
DL00209,O00209,D0140,11.2,27,Medium,Rainy,88.9,195.57
DL00210,O00210,D0227,13.62,30,High,Clear,95.1,5.82
DL00211,O00211,D0361,8.4,36,Medium,Rainy,100.5,13.22
DL00212,O00212,D0272,10.91,35,Medium,Rainy,97.9,225.93
DL00213,O00213,D0405,9.32,24,Medium,Clear,76.5,127.93
DL00214,O00214,D0475,13.94,40,High,Clear,105.6,114.07
DL00215,O00215,D0100,13.6,28,High,Rainy,113.3,164.91
DL00216,O00216,D0117,12.31,13,Medium,Clear,66.9,228.13
DL00217,O00217,D0192,4.91,16,High,Cloudy,64.2,73.13
DL00218,O00218,D0123,6.22,26,Medium,Cloudy,76.3,262.23
DL00219,O00219,D0269,6.83,19,High,Clear,58.9,97.75
DL00220,O00220,D0434,1.06,23,Medium,Cloudy,58.9,208.42
DL00221,O00221,D0128,4.24,27,High,Cloudy,77.0,49.8
DL00222,O00222,D0008,10.99,18,Medium,Clear,65.0,227.87
DL00223,O00223,D0440,8.62,25,Medium,Cloudy,79.8,134.13
DL00224,O00224,D0184,14.41,18,Low,Clear,68.4,31.09
DL00225,O00225,D0136,1.41,20,Low,Rainy,48.2,51.18
DL00226,O00226,D0464,6.3,36,Medium,Clear,82.0,80.98
DL00227,O00227,D0215,10.9,39,Medium,Cloudy,90.4,212.64
DL00228,O00228,D0173,2.87,23,High,Cloudy,66.2,59.3
DL00229,O00229,D0354,7.99,23,Low,Clear,60.8,22.43
DL00230,O00230,D0152,1.22,38,High,Clear,67.9,104.32
DL00231,O00231,D0374,3.52,20,Medium,Clear,40.9,248.55
DL00232,O00232,D0021,14.13,24,Low,Cloudy,76.7,59.65
DL00233,O00233,D0141,9.39,23,Medium,Clear,73.5,7.59
DL00234,O00234,D0306,11.63,36,Medium,Cloudy,84.9,77.78
DL00235,O00235,D0435,2.43,12,Low,Clear,19.4,124.7
DL00236,O00236,D0004,4.28,21,High,Clear,65.8,230.92
DL00237,O00237,D0221,3.69,23,High,Clear,58.6,114.31
DL00238,O00238,D0382,4.85,26,Low,Clear,55.5,6.55
DL00239,O00239,D0444,4.62,26,Low,Cloudy,57.5,65.98
DL00240,O00240,D0196,8.89,43,Medium,Clear,87.8,134.07
DL00241,O00241,D0149,10.88,39,High,Cloudy,110.4,128.14
DL00242,O00242,D0418,8.68,32,Medium,Cloudy,83.6,40.46
DL00243,O00243,D0073,5.19,34,Medium,Clear,69.3,32.12
DL00244,O00244,D0409,10.73,41,High,Clear,104.6,85.07
DL00245,O00245,D0105,8.73,32,High,Clear,86.6,46.66
DL00246,O00246,D0341,9.94,25,Medium,Cloudy,81.5,46.33
DL00247,O00247,D0132,3.96,41,Medium,Rainy,81.2,242.24
DL00248,O00248,D0320,14.43,19,Low,Clear,83.5,56.84
DL00249,O00249,D0336,5.59,43,High,Clear,95.2,190.14
DL00250,O00250,D0025,6.18,42,Medium,Cloudy,87.6,48.54
DL00251,O00251,D0424,8.57,37,Medium,Clear,88.4,23.05
DL00252,O00252,D0007,1.7,16,Medium,Clear,46.9,8.09
DL00253,O00253,D0382,3.68,11,Low,Cloudy,36.8,43.3
DL00254,O00254,D0173,12.38,44,Low,Clear,87.0,89.67
DL00255,O00255,D0005,12.11,16,Medium,Cloudy,71.1,34.06
DL00256,O00256,D0296,2.99,22,High,Cloudy,70.0,215.73
DL00257,O00257,D0277,9.26,12,High,Clear,77.1,58.56
DL00258,O00258,D0162,1.93,34,Medium,Clear,57.2,158.45
DL00259,O00259,D0432,2.04,16,Low,Cloudy,38.9,150.63
DL00260,O00260,D0406,12.19,36,High,Clear,108.3,55.98
DL00261,O00261,D0091,7.59,31,Medium,Clear,77.5,81.67
DL00262,O00262,D0498,13.97,37,Low,Cloudy,96.9,206.68
DL00263,O00263,D0252,7.69,14,Low,Cloudy,63.8,77.63
DL00264,O00264,D0061,12.3,11,High,Clear,76.1,193.24
DL00265,O00265,D0202,9.94,33,High,Clear,92.6,155.13
DL00266,O00266,D0489,7.03,41,Low,Clear,67.8,23.31
DL00267,O00267,D0335,8.77,31,Low,Clear,61.8,96.04
DL00268,O00268,D0119,14.08,15,High,Rainy,103.5,78.66
DL00269,O00269,D0387,2.06,32,Low,Cloudy,47.3,155.11
DL00270,O00270,D0111,8.41,23,Medium,Clear,57.0,204.23
DL00271,O00271,D0205,1.73,24,Medium,Clear,46.9,23.72
DL00272,O00272,D0474,8.78,15,Low,Rainy,65.1,12.67
DL00273,O00273,D0056,9.5,31,Medium,Clear,85.4,16.11
DL00274,O00274,D0193,12.3,33,High,Cloudy,96.9,244.09
DL00275,O00275,D0367,12.17,23,Medium,Clear,73.0,9.46
DL00276,O00276,D0073,1.14,34,Medium,Clear,54.2,162.65
DL00277,O00277,D0167,2.0,36,High,Clear,70.0,43.36
DL00278,O00278,D0026,10.58,23,High,Clear,78.3,118.47
DL00279,O00279,D0274,3.56,30,Low,Clear,51.1,36.96
DL00280,O00280,D0328,8.39,26,Medium,Rainy,87.8,43.35
DL00281,O00281,D0015,4.24,23,Medium,Clear,48.4,128.82
DL00282,O00282,D0302,12.68,42,Medium,Clear,102.8,8.03
DL00283,O00283,D0278,10.53,18,Medium,Clear,72.9,18.03
DL00284,O00284,D0422,7.1,27,Medium,Clear,61.9,34.22
DL00285,O00285,D0302,4.14,20,Medium,Clear,58.8,119.28
DL00286,O00286,D0004,10.23,38,Low,Rainy,98.4,126.45
DL00287,O00287,D0021,5.92,14,Low,Cloudy,43.5,76.78
DL00288,O00288,D0464,9.25,33,Medium,Cloudy,81.8,22.66
DL00289,O00289,D0046,10.35,14,High,Clear,67.1,34.14
DL00290,O00290,D0089,2.93,19,Medium,Clear,40.6,55.36
DL00291,O00291,D0279,1.69,11,Low,Clear,23.4,40.71
DL00292,O00292,D0273,7.91,32,Medium,Rainy,89.8,143.76
DL00293,O00293,D0096,3.22,41,Medium,Clear,72.6,17.69
DL00294,O00294,D0240,2.26,10,High,Rainy,66.1,193.44
DL00295,O00295,D0066,2.25,41,High,Clear,72.2,14.7
DL00296,O00296,D0385,10.83,27,Medium,Rainy,94.3,68.43
DL00297,O00297,D0239,13.67,25,Low,Clear,78.6,145.82
DL00298,O00298,D0457,14.05,25,High,Clear,100.7,116.29
DL00299,O00299,D0493,14.1,33,High,Clear,102.3,133.58
DL00300,O00300,D0218,10.39,28,High,Clear,91.5,32.49
DL00301,O00301,D0433,13.96,10,Low,Clear,64.6,36.97
DL00302,O00302,D0291,2.85,20,Medium,Clear,55.9,55.6
DL00303,O00303,D0060,9.42,28,Low,Clear,65.8,82.35
DL00304,O00304,D0262,11.64,14,Low,Clear,58.0,77.24
DL00305,O00305,D0374,14.2,30,Low,Clear,79.0,158.14
DL00306,O00306,D0425,5.6,29,High,Rainy,86.0,13.0
DL00307,O00307,D0201,9.19,27,Low,Clear,62.4,90.91
DL00308,O00308,D0084,6.65,43,Medium,Rainy,91.6,16.15
DL00309,O00309,D0433,8.54,32,High,Rainy,100.2,157.54
DL00310,O00310,D0026,8.05,28,Low,Cloudy,60.5,281.98
DL00311,O00311,D0233,12.9,19,High,Clear,81.2,158.86
DL00312,O00312,D0162,12.54,43,Medium,Clear,95.9,40.04
DL00313,O00313,D0239,6.53,30,Medium,Cloudy,76.7,116.27
DL00314,O00314,D0074,4.93,24,Medium,Clear,61.8,144.06
DL00315,O00315,D0490,12.91,31,Low,Cloudy,84.2,31.02
DL00316,O00316,D0222,14.37,26,Low,Rainy,94.4,226.0
DL00317,O00317,D0260,1.26,16,Medium,Rainy,57.6,123.22
DL00318,O00318,D0359,8.01,34,Medium,Clear,76.0,69.55
DL00319,O00319,D0226,11.8,31,Low,Rainy,92.4,121.82
DL00320,O00320,D0265,14.8,19,Medium,Clear,78.5,223.2
DL00321,O00321,D0069,8.43,25,Medium,Rainy,87.3,75.72
DL00322,O00322,D0490,11.07,22,Medium,Clear,74.4,7.38
DL00323,O00323,D0009,14.07,44,Medium,Clear,107.7,64.29
DL00324,O00324,D0281,6.25,39,Medium,Clear,76.0,22.17
DL00325,O00325,D0040,13.39,14,Medium,Clear,80.9,104.39
DL00326,O00326,D0195,4.73,15,Medium,Clear,55.6,23.81
DL00327,O00327,D0281,11.16,29,Medium,Rainy,103.8,78.56
DL00328,O00328,D0307,14.38,15,High,Clear,79.8,182.88
DL00329,O00329,D0377,10.08,14,Medium,Clear,66.1,15.24
DL00330,O00330,D0146,6.27,16,Medium,Clear,63.1,118.64
DL00331,O00331,D0494,2.09,24,Medium,Clear,50.5,65.68
DL00332,O00332,D0443,3.81,27,Low,Clear,49.9,10.48
DL00333,O00333,D0459,11.21,36,Medium,Rainy,105.8,40.86
DL00334,O00334,D0343,14.86,32,High,Clear,117.4,250.53
DL00335,O00335,D0187,12.9,38,Medium,Cloudy,105.2,205.79
DL00336,O00336,D0162,12.08,33,Low,Clear,84.4,196.79
DL00337,O00337,D0309,1.26,34,Medium,Cloudy,62.5,19.74
DL00338,O00338,D0482,11.27,29,Low,Clear,76.0,42.03
DL00339,O00339,D0303,12.59,30,Medium,Cloudy,91.0,171.61
DL00340,O00340,D0408,5.55,11,Low,Cloudy,51.7,43.38
DL00341,O00341,D0061,15.0,29,Medium,Clear,89.3,57.03
DL00342,O00342,D0242,1.5,20,High,Clear,48.7,25.95
DL00343,O00343,D0240,6.48,11,High,Clear,54.3,137.35
DL00344,O00344,D0057,3.98,24,Medium,Rainy,72.7,133.13
DL00345,O00345,D0194,14.62,35,High,Clear,118.6,24.19
DL00346,O00346,D0333,10.41,12,High,Cloudy,78.5,105.06
DL00347,O00347,D0404,6.83,27,Medium,Clear,79.5,26.17
DL00348,O00348,D0071,14.62,29,High,Cloudy,114.9,158.63
DL00349,O00349,D0457,1.86,33,Low,Clear,51.7,144.83
DL00350,O00350,D0371,4.07,25,High,Cloudy,66.5,36.54
DL00351,O00351,D0162,6.92,32,High,Cloudy,91.8,98.08
DL00352,O00352,D0054,2.74,19,Low,Cloudy,54.1,192.08
DL00353,O00353,D0065,14.96,31,Medium,Cloudy,106.3,172.47
DL00354,O00354,D0245,9.03,29,Medium,Cloudy,86.4,152.01
DL00355,O00355,D0200,3.27,19,Low,Rainy,49.8,21.46
DL00356,O00356,D0435,4.48,35,Medium,Clear,70.6,25.39
DL00357,O00357,D0373,6.55,31,Medium,Clear,79.0,125.91
DL00358,O00358,D0297,11.17,21,Low,Cloudy,73.2,38.01
DL00359,O00359,D0385,5.26,16,Medium,Clear,45.6,26.7
DL00360,O00360,D0153,5.17,42,Medium,Cloudy,84.7,56.4
DL00361,O00361,D0241,9.76,27,Low,Clear,66.6,33.52
DL00362,O00362,D0221,1.64,20,Low,Clear,33.4,17.56
DL00363,O00363,D0052,10.97,21,High,Clear,86.8,42.65
DL00364,O00364,D0337,8.67,41,Medium,Clear,84.5,31.86
DL00365,O00365,D0248,7.08,19,Medium,Clear,62.3,28.07
DL00366,O00366,D0071,6.5,40,Low,Clear,67.4,68.96
DL00367,O00367,D0483,4.1,12,Medium,Cloudy,46.5,68.23
DL00368,O00368,D0144,4.36,21,Medium,Cloudy,54.6,109.27
DL00369,O00369,D0277,8.0,25,Medium,Clear,67.6,39.96
DL00370,O00370,D0386,3.78,38,Medium,Clear,70.6,68.07
DL00371,O00371,D0218,8.95,10,High,Cloudy,73.8,32.87
DL00372,O00372,D0325,10.1,37,Medium,Cloudy,90.5,68.98
DL00373,O00373,D0005,7.41,17,Medium,Cloudy,68.1,71.34
DL00374,O00374,D0073,2.5,43,Medium,Cloudy,86.7,55.95
DL00375,O00375,D0495,14.13,25,Low,Clear,83.3,143.75
DL00376,O00376,D0437,12.67,35,Low,Clear,82.2,33.35
DL00377,O00377,D0240,14.35,31,High,Rainy,119.1,25.73
DL00378,O00378,D0402,6.16,34,High,Clear,87.5,33.27
DL00379,O00379,D0275,1.45,33,Medium,Clear,57.8,275.86
DL00380,O00380,D0191,7.11,16,High,Rainy,85.7,32.61
DL00381,O00381,D0006,7.51,30,High,Clear,80.8,16.9
DL00382,O00382,D0319,10.89,10,High,Clear,80.4,112.02
DL00383,O00383,D0411,11.29,11,High,Clear,75.3,34.6
DL00384,O00384,D0497,6.95,26,High,Rainy,92.6,13.87
DL00385,O00385,D0438,14.68,37,High,Cloudy,121.3,74.59
DL00386,O00386,D0415,2.57,28,Medium,Clear,54.4,23.12
DL00387,O00387,D0448,13.63,39,Medium,Cloudy,104.6,165.72
DL00388,O00388,D0405,11.78,23,Medium,Clear,82.0,57.03
DL00389,O00389,D0014,8.46,38,High,Clear,91.2,193.33
DL00390,O00390,D0208,11.68,11,High,Rainy,88.8,223.92
DL00391,O00391,D0002,11.56,20,Low,Cloudy,68.0,208.5
DL00392,O00392,D0402,3.33,41,Medium,Cloudy,75.4,118.65
DL00393,O00393,D0018,8.45,44,Low,Rainy,91.5,37.89
DL00394,O00394,D0035,7.59,18,Low,Cloudy,54.4,206.17
DL00395,O00395,D0462,7.92,43,Medium,Clear,90.5,9.25
DL00396,O00396,D0250,3.36,18,Medium,Clear,57.0,140.21
DL00397,O00397,D0082,6.39,18,Medium,Clear,57.9,4.05
DL00398,O00398,D0339,8.26,12,Medium,Clear,55.7,47.58
DL00399,O00399,D0281,10.58,36,Low,Cloudy,78.4,174.71
DL00400,O00400,D0483,6.92,30,Medium,Cloudy,78.1,75.36
DL00401,O00401,D0391,10.06,43,Medium,Cloudy,99.5,47.97
DL00402,O00402,D0387,9.65,37,Medium,Cloudy,86.4,20.21
DL00403,O00403,D0486,12.38,42,Medium,Clear,98.5,145.56
DL00404,O00404,D0057,6.81,44,Low,Rainy,87.9,58.61
DL00405,O00405,D0460,13.22,14,Medium,Cloudy,75.2,80.99
DL00406,O00406,D0310,1.37,40,High,Cloudy,77.9,57.74
DL00407,O00407,D0016,13.61,42,Medium,Clear,106.9,50.01
DL00408,O00408,D0404,14.32,34,Medium,Cloudy,92.4,47.99
DL00409,O00409,D0133,6.77,31,Low,Cloudy,68.8,71.23
DL00410,O00410,D0317,14.29,17,High,Cloudy,93.9,55.16
DL00411,O00411,D0415,13.1,18,High,Clear,91.9,136.01
DL00412,O00412,D0280,1.8,20,Low,Cloudy,33.8,243.25
DL00413,O00413,D0235,10.12,40,Low,Clear,69.3,72.36
DL00414,O00414,D0128,13.85,38,Low,Rainy,108.0,59.39
DL00415,O00415,D0063,3.89,32,Low,Clear,52.4,104.36
DL00416,O00416,D0173,13.89,29,Medium,Clear,87.0,46.43
DL00417,O00417,D0428,3.9,32,Medium,Clear,61.1,12.19
DL00418,O00418,D0344,9.84,18,High,Clear,76.7,161.19
DL00419,O00419,D0125,6.33,27,Medium,Clear,61.8,66.43
DL00420,O00420,D0080,8.67,39,High,Rainy,115.7,51.82
DL00421,O00421,D0111,4.94,35,Low,Clear,56.3,89.41
DL00422,O00422,D0167,6.7,25,Medium,Cloudy,71.8,86.11
DL00423,O00423,D0284,8.05,29,Medium,Clear,80.6,271.99
DL00424,O00424,D0380,8.03,25,High,Clear,79.5,56.12
DL00425,O00425,D0123,14.92,33,Medium,Cloudy,102.1,137.11
DL00426,O00426,D0261,12.97,25,Low,Clear,77.9,62.92
DL00427,O00427,D0205,3.06,41,High,Clear,75.4,9.2
DL00428,O00428,D0015,14.45,26,High,Clear,100.2,109.76
DL00429,O00429,D0105,8.95,33,Medium,Cloudy,89.1,98.88
DL00430,O00430,D0049,9.54,34,High,Clear,102.5,31.21
DL00431,O00431,D0260,4.87,24,High,Rainy,97.2,39.75
DL00432,O00432,D0014,5.24,30,High,Clear,68.6,54.99
DL00433,O00433,D0219,2.93,25,Medium,Rainy,64.0,222.12
DL00434,O00434,D0394,12.61,28,Medium,Clear,89.0,51.74
DL00435,O00435,D0087,7.77,29,Low,Clear,61.4,4.45
DL00436,O00436,D0381,2.37,14,Low,Clear,27.5,48.18
DL00437,O00437,D0357,7.22,24,High,Clear,72.8,127.03
DL00438,O00438,D0220,5.77,19,High,Rainy,88.4,61.05
DL00439,O00439,D0300,10.66,20,Low,Cloudy,71.5,108.3
DL00440,O00440,D0333,3.61,43,Medium,Clear,77.5,32.09
DL00441,O00441,D0164,14.09,17,Medium,Cloudy,83.7,16.46
DL00442,O00442,D0384,11.94,33,Medium,Cloudy,91.2,185.77
DL00443,O00443,D0443,6.48,43,Medium,Clear,85.1,133.17
DL00444,O00444,D0160,3.63,30,Medium,Cloudy,66.6,149.4
DL00445,O00445,D0365,11.75,11,Low,Clear,50.2,221.65
DL00446,O00446,D0485,2.66,28,High,Cloudy,73.2,11.4
DL00447,O00447,D0065,2.22,23,Low,Clear,45.0,41.21
DL00448,O00448,D0192,10.52,21,Medium,Cloudy,68.5,63.69
DL00449,O00449,D0004,3.8,29,Medium,Cloudy,67.1,15.9
DL00450,O00450,D0126,10.0,29,Medium,Clear,85.4,187.69
DL00451,O00451,D0257,5.97,40,Medium,Rainy,94.2,164.37
DL00452,O00452,D0124,2.34,38,Low,Rainy,72.8,94.63
DL00453,O00453,D0210,9.74,20,High,Clear,72.2,38.74
DL00454,O00454,D0077,10.05,20,Medium,Clear,71.4,54.99
DL00455,O00455,D0217,8.56,27,Medium,Clear,69.2,140.76
DL00456,O00456,D0021,5.88,19,Medium,Clear,61.6,37.84
DL00457,O00457,D0335,13.79,27,Medium,Clear,84.9,159.27
DL00458,O00458,D0169,10.52,18,Low,Clear,58.0,48.97
DL00459,O00459,D0297,8.76,15,Medium,Cloudy,66.0,49.44
DL00460,O00460,D0010,7.73,21,Medium,Clear,61.0,19.06
DL00461,O00461,D0117,12.8,10,Medium,Clear,66.7,179.73
DL00462,O00462,D0483,14.46,19,Low,Rainy,83.3,126.49
DL00463,O00463,D0388,8.8,11,Low,Clear,45.0,102.99
DL00464,O00464,D0197,1.69,17,High,Clear,56.8,128.96
DL00465,O00465,D0172,7.88,34,Medium,Clear,82.8,61.68
DL00466,O00466,D0187,10.04,39,Medium,Clear,90.9,178.17
DL00467,O00467,D0166,12.45,36,Low,Cloudy,96.6,11.44
DL00468,O00468,D0230,5.35,22,Medium,Clear,60.2,154.66
DL00469,O00469,D0280,10.47,41,Low,Cloudy,89.3,32.52
DL00470,O00470,D0152,1.65,15,Medium,Cloudy,47.4,53.18
DL00471,O00471,D0232,5.92,29,Low,Cloudy,57.8,251.0
DL00472,O00472,D0275,5.19,23,Medium,Clear,54.4,17.07
DL00473,O00473,D0340,2.2,32,Low,Clear,46.2,118.1
DL00474,O00474,D0116,10.83,22,Medium,Clear,72.0,213.81
DL00475,O00475,D0476,6.16,33,Medium,Clear,72.8,31.76
DL00476,O00476,D0427,4.05,19,Low,Clear,47.9,223.45
DL00477,O00477,D0075,3.06,19,Medium,Clear,46.2,36.74
DL00478,O00478,D0379,13.65,17,Low,Clear,64.2,79.7
DL00479,O00479,D0087,2.94,27,High,Clear,60.3,57.83
DL00480,O00480,D0079,13.12,21,High,Cloudy,97.3,135.37
DL00481,O00481,D0085,8.28,30,High,Cloudy,89.7,31.32
DL00482,O00482,D0100,1.44,35,High,Clear,78.7,45.74
DL00483,O00483,D0127,14.42,20,High,Clear,90.4,54.6
DL00484,O00484,D0397,8.74,20,High,Clear,82.9,141.84
DL00485,O00485,D0032,5.45,39,Low,Rainy,69.8,13.04
DL00486,O00486,D0266,4.76,10,Low,Clear,26.4,234.64
DL00487,O00487,D0315,5.44,24,High,Clear,75.4,8.0
DL00488,O00488,D0302,4.01,37,Medium,Rainy,84.0,119.36
DL00489,O00489,D0101,4.44,14,High,Clear,56.1,145.91
DL00490,O00490,D0379,6.31,17,High,Rainy,78.5,145.81
DL00491,O00491,D0288,8.29,31,High,Clear,90.0,52.87
DL00492,O00492,D0433,11.16,39,Medium,Clear,96.9,75.49
DL00493,O00493,D0084,5.24,13,Low,Clear,47.8,75.47
DL00494,O00494,D0295,2.89,11,Medium,Rainy,57.3,46.12
DL00495,O00495,D0495,1.29,30,Medium,Clear,58.4,14.13
DL00496,O00496,D0179,6.21,42,High,Clear,84.0,31.74
DL00497,O00497,D0144,12.07,23,High,Rainy,98.7,13.78
DL00498,O00498,D0295,5.6,25,High,Cloudy,79.2,7.72
DL00499,O00499,D0316,4.04,37,Medium,Clear,73.4,10.46
DL00500,O00500,D0389,13.76,18,Medium,Clear,86.1,147.27
DL00501,O00501,D0337,10.27,43,High,Clear,96.4,61.34
DL00502,O00502,D0228,14.66,20,Medium,Rainy,96.7,62.16
DL00503,O00503,D0192,8.85,28,High,Cloudy,87.6,26.29
DL00504,O00504,D0176,8.57,38,Low,Clear,69.9,69.78
DL00505,O00505,D0026,14.61,18,Medium,Clear,73.0,56.28
DL00506,O00506,D0051,9.55,16,High,Rainy,92.2,28.59
DL00507,O00507,D0324,8.21,40,Low,Clear,65.5,88.86
DL00508,O00508,D0102,4.34,12,Medium,Cloudy,53.0,169.93
DL00509,O00509,D0110,6.36,17,Low,Clear,50.1,79.29
DL00510,O00510,D0154,8.87,18,Medium,Rainy,83.9,108.79
DL00511,O00511,D0020,8.9,24,Medium,Clear,72.7,73.88
DL00512,O00512,D0205,7.38,17,Medium,Rainy,76.1,164.3
DL00513,O00513,D0494,10.65,26,Medium,Clear,70.4,50.39
DL00514,O00514,D0071,3.2,41,Medium,Clear,65.8,82.9
DL00515,O00515,D0152,13.14,32,Medium,Cloudy,94.9,270.99
DL00516,O00516,D0067,11.32,10,Medium,Clear,56.6,32.38
DL00517,O00517,D0195,12.54,16,Medium,Cloudy,72.2,83.83
DL00518,O00518,D0306,1.5,23,Medium,Clear,44.6,31.23
DL00519,O00519,D0374,11.95,19,Medium,Cloudy,79.9,70.3
DL00520,O00520,D0016,11.36,30,High,Cloudy,102.7,230.15
DL00521,O00521,D0223,1.28,43,High,Rainy,83.6,185.24
DL00522,O00522,D0161,7.31,44,Medium,Rainy,102.7,60.4
DL00523,O00523,D0206,5.27,42,Medium,Clear,73.8,87.48
DL00524,O00524,D0178,4.58,21,Medium,Clear,55.5,170.43
DL00525,O00525,D0372,3.2,22,Low,Cloudy,51.9,207.5
DL00526,O00526,D0496,4.55,40,High,Cloudy,86.6,126.53
DL00527,O00527,D0089,11.67,24,Medium,Clear,81.3,26.42
DL00528,O00528,D0375,13.71,44,Medium,Clear,109.5,56.48
DL00529,O00529,D0115,5.92,18,Low,Clear,47.0,74.37
DL00530,O00530,D0386,5.0,15,High,Clear,62.0,82.03
DL00531,O00531,D0059,5.1,12,Low,Clear,27.3,15.54
DL00532,O00532,D0297,8.48,23,High,Cloudy,84.2,24.95
DL00533,O00533,D0461,1.64,23,Low,Clear,30.4,61.38
DL00534,O00534,D0191,9.04,32,Medium,Clear,83.1,247.11
DL00535,O00535,D0466,13.88,10,Medium,Cloudy,76.4,27.8
DL00536,O00536,D0318,7.89,42,Medium,Clear,79.9,162.79
DL00537,O00537,D0084,6.58,33,Medium,Clear,75.1,116.65
DL00538,O00538,D0130,1.56,35,Low,Clear,54.0,66.01
DL00539,O00539,D0263,8.67,19,Low,Cloudy,57.1,42.58
DL00540,O00540,D0126,2.91,27,Medium,Clear,58.3,40.68
DL00541,O00541,D0374,7.46,19,Medium,Clear,49.8,109.76
DL00542,O00542,D0205,5.33,15,Medium,Cloudy,56.9,24.36
DL00543,O00543,D0136,4.65,44,Low,Cloudy,76.1,192.19
DL00544,O00544,D0259,14.41,14,High,Clear,87.9,21.2
DL00545,O00545,D0398,12.03,18,High,Clear,90.0,27.44
DL00546,O00546,D0343,2.67,12,High,Clear,43.1,113.41
DL00547,O00547,D0328,5.43,17,Low,Clear,46.4,42.06
DL00548,O00548,D0033,10.85,19,High,Rainy,99.6,144.96
DL00549,O00549,D0248,12.53,34,High,Clear,97.4,26.67
DL00550,O00550,D0155,8.37,12,Medium,Cloudy,70.7,51.43
DL00551,O00551,D0267,13.6,36,Low,Clear,96.4,119.1
DL00552,O00552,D0353,6.06,32,Medium,Clear,76.3,51.26
DL00553,O00553,D0267,2.07,40,Medium,Rainy,75.7,183.89
DL00554,O00554,D0486,14.18,43,Medium,Rainy,124.3,143.61
DL00555,O00555,D0363,6.79,13,Low,Cloudy,48.9,64.86
DL00556,O00556,D0274,1.32,21,Medium,Clear,45.0,23.53
DL00557,O00557,D0092,11.07,28,Medium,Cloudy,87.2,181.23
DL00558,O00558,D0489,4.52,26,Medium,Clear,56.9,187.77
DL00559,O00559,D0346,2.27,35,Medium,Rainy,74.0,142.6
DL00560,O00560,D0350,12.82,32,Medium,Clear,93.9,201.27
DL00561,O00561,D0365,4.4,34,Medium,Rainy,77.9,133.68
DL00562,O00562,D0074,8.61,15,Medium,Cloudy,70.3,194.4
DL00563,O00563,D0170,9.57,29,Medium,Clear,79.3,52.3
DL00564,O00564,D0259,14.23,14,Medium,Clear,65.5,37.66
DL00565,O00565,D0288,6.55,38,Medium,Cloudy,82.2,100.4
DL00566,O00566,D0036,8.02,44,Medium,Rainy,103.7,59.25
DL00567,O00567,D0394,5.22,44,Medium,Clear,80.8,14.7
DL00568,O00568,D0213,7.53,21,Medium,Clear,58.4,28.12
DL00569,O00569,D0371,1.1,35,High,Clear,63.1,146.33
DL00570,O00570,D0055,13.02,32,Medium,Clear,99.2,7.28
DL00571,O00571,D0498,1.92,13,Medium,Cloudy,39.4,90.69
DL00572,O00572,D0455,4.45,17,Low,Rainy,51.7,76.13
DL00573,O00573,D0117,11.07,36,Medium,Clear,91.2,27.55
DL00574,O00574,D0025,9.98,37,Low,Cloudy,72.3,217.71
DL00575,O00575,D0446,11.52,17,Medium,Clear,69.1,80.07
DL00576,O00576,D0418,8.07,23,Medium,Cloudy,74.5,71.69
DL00577,O00577,D0153,14.0,15,Medium,Clear,75.0,104.98
DL00578,O00578,D0457,14.23,31,High,Rainy,109.5,39.16
DL00579,O00579,D0008,11.61,34,Low,Clear,81.3,93.35
DL00580,O00580,D0053,5.5,17,Low,Clear,40.3,11.07
DL00581,O00581,D0483,1.58,40,Low,Rainy,69.4,6.2
DL00582,O00582,D0236,8.69,13,High,Rainy,81.9,98.07
DL00583,O00583,D0476,1.13,27,Low,Clear,35.2,23.98
DL00584,O00584,D0010,12.33,44,High,Clear,111.6,106.33
DL00585,O00585,D0078,9.23,26,High,Rainy,95.6,68.25
DL00586,O00586,D0349,9.66,43,High,Cloudy,108.4,93.8
DL00587,O00587,D0129,1.85,29,High,Rainy,84.2,68.27
DL00588,O00588,D0186,9.2,39,Low,Cloudy,82.3,53.22
DL00589,O00589,D0403,3.52,19,Medium,Clear,50.8,80.46
DL00590,O00590,D0462,6.64,41,Medium,Clear,74.9,11.05
DL00591,O00591,D0276,5.47,27,Medium,Clear,60.9,139.78
DL00592,O00592,D0486,4.45,42,Medium,Rainy,93.2,120.6
DL00593,O00593,D0304,7.26,24,Medium,Cloudy,74.9,184.97
DL00594,O00594,D0484,11.67,44,High,Clear,104.2,175.56
DL00595,O00595,D0233,4.27,33,Medium,Cloudy,69.5,76.62
DL00596,O00596,D0072,8.15,40,Medium,Cloudy,78.9,126.4
DL00597,O00597,D0254,5.99,41,Medium,Cloudy,90.8,21.98
DL00598,O00598,D0314,10.16,42,Medium,Cloudy,95.4,6.82
DL00599,O00599,D0294,8.94,20,Medium,Clear,58.3,239.76
DL00600,O00600,D0170,10.1,41,Low,Clear,81.4,37.37
DL00601,O00601,D0252,14.75,12,High,Cloudy,90.8,42.93
DL00602,O00602,D0344,8.1,17,Low,Clear,60.5,42.37
DL00603,O00603,D0007,2.44,42,Low,Clear,66.8,57.67
DL00604,O00604,D0491,1.63,28,Low,Clear,46.1,116.92
DL00605,O00605,D0453,1.71,44,High,Rainy,95.5,58.95
DL00606,O00606,D0206,5.93,17,Low,Clear,41.9,51.79
DL00607,O00607,D0457,11.14,35,Low,Clear,82.1,43.21
DL00608,O00608,D0020,12.76,28,Low,Clear,75.7,117.53
DL00609,O00609,D0436,9.32,18,Low,Clear,57.7,56.58
DL00610,O00610,D0026,7.72,44,Medium,Cloudy,94.7,99.82
DL00611,O00611,D0089,12.85,16,High,Cloudy,92.3,217.95
DL00612,O00612,D0500,1.79,13,Medium,Rainy,55.1,36.05
DL00613,O00613,D0340,5.53,15,Low,Clear,39.6,96.58
DL00614,O00614,D0056,1.8,43,High,Cloudy,87.6,178.99
DL00615,O00615,D0198,14.04,25,Medium,Cloudy,95.9,254.81
DL00616,O00616,D0255,2.25,19,Low,Clear,37.8,47.77
DL00617,O00617,D0455,14.43,23,High,Clear,98.6,36.82
DL00618,O00618,D0228,11.23,16,Low,Cloudy,70.6,13.43
DL00619,O00619,D0062,7.92,11,Low,Cloudy,45.5,13.81
DL00620,O00620,D0241,5.38,40,Medium,Clear,76.2,55.89
DL00621,O00621,D0384,8.52,38,Low,Clear,78.3,78.89
DL00622,O00622,D0446,10.0,26,Low,Clear,57.9,91.6
DL00623,O00623,D0292,7.74,25,Medium,Cloudy,80.9,191.21
DL00624,O00624,D0276,13.84,16,Medium,Cloudy,84.9,16.23
DL00625,O00625,D0494,2.95,24,High,Clear,63.7,257.59
DL00626,O00626,D0402,2.8,37,Medium,Clear,70.5,53.61
DL00627,O00627,D0456,11.91,15,Low,Cloudy,60.8,82.68
DL00628,O00628,D0027,8.85,15,Low,Clear,61.0,216.48
DL00629,O00629,D0389,6.69,36,Medium,Clear,75.2,78.26
DL00630,O00630,D0351,12.49,43,Medium,Clear,98.3,199.06
DL00631,O00631,D0430,14.15,23,Medium,Cloudy,87.7,106.64
DL00632,O00632,D0297,8.35,26,High,Clear,96.7,124.63
DL00633,O00633,D0085,8.96,19,High,Cloudy,90.9,140.38
DL00634,O00634,D0052,1.77,11,Medium,Clear,41.4,75.87
DL00635,O00635,D0387,7.98,23,Medium,Rainy,83.0,14.04
DL00636,O00636,D0314,1.28,30,High,Clear,56.2,179.95
DL00637,O00637,D0346,6.68,44,High,Rainy,113.6,42.52
DL00638,O00638,D0465,14.53,37,Low,Clear,81.6,130.36
DL00639,O00639,D0251,11.68,29,Medium,Clear,78.6,29.94
DL00640,O00640,D0478,11.28,16,Medium,Clear,72.1,62.29
DL00641,O00641,D0215,11.99,31,High,Rainy,111.4,43.83
DL00642,O00642,D0409,12.9,37,Low,Rainy,102.4,105.04
DL00643,O00643,D0498,1.6,29,High,Clear,59.7,24.14
DL00644,O00644,D0196,13.31,41,Medium,Cloudy,109.8,45.19
DL00645,O00645,D0120,11.84,28,Low,Cloudy,74.7,21.94
DL00646,O00646,D0425,10.57,37,High,Clear,89.4,10.76
DL00647,O00647,D0203,6.68,34,Low,Clear,71.8,77.55
DL00648,O00648,D0446,5.21,31,Medium,Clear,59.2,38.85
DL00649,O00649,D0297,3.69,11,High,Cloudy,59.7,69.26
DL00650,O00650,D0230,5.78,30,High,Clear,78.8,13.86
DL00651,O00651,D0466,13.3,15,Low,Clear,62.6,48.84
DL00652,O00652,D0289,1.79,42,High,Clear,71.9,69.62
DL00653,O00653,D0228,11.17,12,Low,Rainy,74.7,175.22
DL00654,O00654,D0038,2.19,33,Medium,Clear,64.9,4.08
DL00655,O00655,D0146,2.64,21,Low,Clear,40.4,19.0
DL00656,O00656,D0438,3.8,14,Low,Cloudy,43.3,30.55
DL00657,O00657,D0049,10.43,31,High,Cloudy,99.0,97.06
DL00658,O00658,D0317,12.92,29,High,Cloudy,99.7,48.07
DL00659,O00659,D0016,2.98,42,Medium,Cloudy,76.2,51.72
DL00660,O00660,D0214,4.27,13,High,Clear,53.5,16.88
DL00661,O00661,D0085,9.89,35,Medium,Clear,89.6,35.65
DL00662,O00662,D0242,7.39,25,High,Cloudy,84.7,35.02
DL00663,O00663,D0300,9.87,29,Low,Rainy,92.0,182.51
DL00664,O00664,D0031,3.22,28,Medium,Clear,63.9,76.6
DL00665,O00665,D0095,7.43,40,Medium,Clear,81.2,266.47
DL00666,O00666,D0155,5.77,12,High,Clear,57.7,71.7
DL00667,O00667,D0500,7.11,24,Medium,Rainy,69.6,122.46
DL00668,O00668,D0169,5.15,20,High,Clear,60.1,87.9
DL00669,O00669,D0114,3.01,25,Medium,Cloudy,62.3,107.02
DL00670,O00670,D0485,10.33,10,Medium,Clear,59.3,84.24
DL00671,O00671,D0259,10.37,41,Medium,Clear,86.9,114.93
DL00672,O00672,D0095,4.7,17,Medium,Rainy,65.2,136.31
DL00673,O00673,D0162,9.08,28,Medium,Cloudy,75.4,47.72
DL00674,O00674,D0474,14.46,35,Medium,Cloudy,103.3,165.31
DL00675,O00675,D0216,8.52,30,Medium,Clear,68.1,47.18
DL00676,O00676,D0138,5.4,31,Medium,Clear,63.2,202.96
DL00677,O00677,D0057,5.32,20,High,Clear,71.6,117.6
DL00678,O00678,D0413,12.64,16,Low,Cloudy,74.3,49.65
DL00679,O00679,D0166,7.84,15,Medium,Cloudy,65.8,120.37
DL00680,O00680,D0205,4.69,34,Medium,Clear,67.4,30.44
DL00681,O00681,D0101,9.83,41,High,Clear,92.2,9.82
DL00682,O00682,D0487,13.11,42,Medium,Cloudy,99.4,69.59
DL00683,O00683,D0371,11.18,40,High,Rainy,121.7,28.66
DL00684,O00684,D0262,2.21,25,High,Clear,64.4,38.78
DL00685,O00685,D0142,5.78,26,Low,Clear,58.3,57.88
DL00686,O00686,D0222,12.38,35,Medium,Cloudy,91.5,66.44
DL00687,O00687,D0231,6.86,32,High,Clear,81.0,59.71
DL00688,O00688,D0241,14.98,20,High,Rainy,110.4,53.81
DL00689,O00689,D0388,5.79,39,Low,Rainy,78.7,171.69
DL00690,O00690,D0429,13.7,34,Medium,Cloudy,104.7,17.76
DL00691,O00691,D0476,7.43,43,Low,Clear,71.5,103.11
DL00692,O00692,D0295,14.1,30,High,Rainy,119.2,74.84
DL00693,O00693,D0202,6.9,11,Low,Cloudy,50.4,164.7
DL00694,O00694,D0054,7.56,12,Low,Cloudy,49.8,108.4
DL00695,O00695,D0154,8.57,14,Medium,Rainy,72.2,146.51
DL00696,O00696,D0226,1.56,11,Low,Cloudy,30.2,63.93
DL00697,O00697,D0285,2.18,40,High,Clear,82.5,69.33
DL00698,O00698,D0062,12.96,32,Low,Clear,82.6,73.16
DL00699,O00699,D0392,4.71,23,Medium,Clear,52.2,271.39
DL00700,O00700,D0167,9.78,27,Low,Clear,60.6,31.74
DL00701,O00701,D0402,4.64,20,High,Rainy,84.1,213.74
DL00702,O00702,D0201,5.93,24,Medium,Clear,64.7,27.23
DL00703,O00703,D0278,9.46,30,Low,Cloudy,69.2,52.05
DL00704,O00704,D0146,5.74,14,Low,Clear,40.5,19.91
DL00705,O00705,D0165,11.16,12,Medium,Rainy,78.2,67.27
DL00706,O00706,D0367,8.23,27,High,Clear,89.5,30.76
DL00707,O00707,D0161,11.59,17,High,Cloudy,85.7,152.51
DL00708,O00708,D0432,4.0,35,High,Cloudy,83.8,27.13
DL00709,O00709,D0237,10.03,41,Medium,Clear,100.2,40.08
DL00710,O00710,D0048,5.39,22,High,Rainy,81.6,131.37
DL00711,O00711,D0386,5.94,19,Medium,Clear,52.9,200.65
DL00712,O00712,D0249,3.61,10,Medium,Clear,37.1,211.88
DL00713,O00713,D0026,2.8,20,Medium,Cloudy,49.4,136.28
DL00714,O00714,D0145,13.34,14,Low,Clear,66.9,78.17
DL00715,O00715,D0260,14.25,10,Low,Cloudy,66.0,84.71
DL00716,O00716,D0009,6.51,10,High,Clear,56.8,41.75
DL00717,O00717,D0500,11.69,28,High,Clear,94.4,85.27
DL00718,O00718,D0266,12.25,14,Low,Cloudy,66.9,33.27
DL00719,O00719,D0241,2.99,21,Medium,Clear,55.9,74.28
DL00720,O00720,D0325,14.15,37,High,Clear,109.1,80.57
DL00721,O00721,D0422,12.31,32,Low,Clear,77.5,82.82
DL00722,O00722,D0305,12.05,14,High,Clear,84.3,137.51
DL00723,O00723,D0040,13.94,32,High,Clear,117.7,126.7
DL00724,O00724,D0177,5.94,33,High,Rainy,96.7,85.18
DL00725,O00725,D0470,13.41,26,High,Cloudy,100.1,237.31
DL00726,O00726,D0489,14.97,13,High,Clear,95.5,55.44
DL00727,O00727,D0019,4.24,26,High,Clear,64.7,16.9
DL00728,O00728,D0037,2.7,39,High,Clear,77.2,64.66
DL00729,O00729,D0225,2.52,34,Medium,Cloudy,62.1,37.28
DL00730,O00730,D0305,6.28,26,Low,Rainy,69.6,61.03
DL00731,O00731,D0242,12.32,23,Medium,Rainy,98.8,88.17
DL00732,O00732,D0390,11.51,32,High,Cloudy,95.9,99.08
DL00733,O00733,D0320,3.76,33,High,Clear,81.6,33.07
DL00734,O00734,D0407,8.49,26,Medium,Clear,71.6,37.77
DL00735,O00735,D0462,6.06,26,Medium,Clear,59.6,115.71
DL00736,O00736,D0031,12.65,23,High,Clear,89.7,20.31
DL00737,O00737,D0053,12.26,24,Low,Clear,68.1,146.56
DL00738,O00738,D0033,12.34,28,Low,Clear,73.4,36.76
DL00739,O00739,D0017,8.35,14,Low,Rainy,50.9,263.16
DL00740,O00740,D0065,12.3,26,High,Cloudy,87.9,282.66
DL00741,O00741,D0255,11.27,42,Low,Clear,81.2,88.57
DL00742,O00742,D0460,8.35,15,Low,Clear,48.0,90.17
DL00743,O00743,D0067,11.82,34,Low,Cloudy,93.6,138.0
DL00744,O00744,D0173,6.28,26,Medium,Clear,63.6,33.9
DL00745,O00745,D0228,11.92,42,High,Clear,106.4,133.41
DL00746,O00746,D0088,9.73,20,Medium,Clear,63.4,104.29
DL00747,O00747,D0233,13.07,42,Low,Clear,92.3,214.54
DL00748,O00748,D0240,13.49,37,Medium,Clear,93.8,18.13
DL00749,O00749,D0206,6.44,14,Medium,Clear,60.1,183.22
DL00750,O00750,D0037,5.03,30,Medium,Clear,63.5,79.54
DL00751,O00751,D0348,4.92,39,High,Clear,82.1,235.84
DL00752,O00752,D0283,5.57,35,Medium,Clear,74.1,28.38
DL00753,O00753,D0148,1.71,12,Medium,Cloudy,41.8,19.47
DL00754,O00754,D0463,14.04,30,Low,Cloudy,74.4,181.23
DL00755,O00755,D0426,2.74,21,Medium,Cloudy,54.0,127.38
DL00756,O00756,D0409,13.29,16,Low,Cloudy,73.3,198.04
DL00757,O00757,D0108,7.83,35,Medium,Clear,78.3,70.82
DL00758,O00758,D0070,13.6,22,Medium,Clear,84.8,159.32
DL00759,O00759,D0179,14.06,23,Low,Rainy,94.4,171.1
DL00760,O00760,D0110,12.5,34,High,Rainy,117.3,125.65
DL00761,O00761,D0462,6.7,26,Medium,Clear,74.0,5.46
DL00762,O00762,D0167,6.77,25,High,Rainy,94.7,22.37
DL00763,O00763,D0377,14.53,37,Medium,Rainy,110.9,89.68
DL00764,O00764,D0362,5.71,27,Low,Rainy,72.5,119.4
DL00765,O00765,D0030,6.76,13,Medium,Clear,52.4,183.59
DL00766,O00766,D0047,5.07,26,Low,Rainy,63.0,34.86
DL00767,O00767,D0175,8.19,42,High,Cloudy,105.8,133.91
DL00768,O00768,D0050,9.55,33,High,Clear,91.1,39.85
DL00769,O00769,D0284,10.28,28,Medium,Cloudy,80.8,88.45
DL00770,O00770,D0287,3.22,43,High,Clear,84.4,57.05
DL00771,O00771,D0201,5.85,39,Low,Clear,72.8,56.79
DL00772,O00772,D0252,14.94,40,Medium,Rainy,115.9,84.24
DL00773,O00773,D0304,2.0,11,Medium,Rainy,62.0,98.34
DL00774,O00774,D0194,6.21,24,Low,Rainy,64.3,40.25
DL00775,O00775,D0437,3.97,19,High,Rainy,74.7,106.05
DL00776,O00776,D0316,4.94,15,Medium,Cloudy,58.0,187.07
DL00777,O00777,D0047,7.54,42,Medium,Cloudy,87.1,58.92
DL00778,O00778,D0173,14.81,32,Medium,Rainy,117.4,202.58
DL00779,O00779,D0129,12.37,14,Low,Clear,58.4,14.89
DL00780,O00780,D0194,4.37,40,High,Rainy,99.0,163.08
DL00781,O00781,D0496,2.92,23,Medium,Clear,55.5,121.38
DL00782,O00782,D0119,9.49,15,Low,Rainy,68.8,60.89
DL00783,O00783,D0476,13.27,42,Low,Cloudy,96.1,9.0
DL00784,O00784,D0356,3.8,41,Low,Clear,58.1,55.89
DL00785,O00785,D0023,3.73,21,Low,Rainy,54.0,10.75
DL00786,O00786,D0404,10.58,31,Low,Cloudy,70.2,23.4
DL00787,O00787,D0417,5.16,23,High,Clear,52.8,69.71
DL00788,O00788,D0350,1.58,44,Medium,Clear,76.1,96.46
DL00789,O00789,D0230,5.23,33,Medium,Clear,67.5,17.67
DL00790,O00790,D0089,3.95,44,Low,Clear,64.7,8.27
DL00791,O00791,D0048,5.59,24,Low,Rainy,74.3,18.4
DL00792,O00792,D0400,12.4,22,Medium,Clear,75.4,175.17
DL00793,O00793,D0102,10.43,30,High,Cloudy,92.3,104.64
DL00794,O00794,D0495,4.92,12,Medium,Clear,47.6,36.75
DL00795,O00795,D0423,6.72,17,Low,Clear,44.0,176.15
DL00796,O00796,D0135,3.99,23,High,Clear,56.8,253.35
DL00797,O00797,D0318,8.75,19,Low,Clear,52.2,25.72
DL00798,O00798,D0172,4.17,42,Medium,Cloudy,69.8,159.96
DL00799,O00799,D0353,13.98,17,High,Cloudy,100.1,116.04
DL00800,O00800,D0226,4.78,13,Low,Rainy,51.2,14.74
DL00801,O00801,D0337,10.97,18,High,Cloudy,77.0,23.56
DL00802,O00802,D0433,6.52,10,High,Cloudy,65.5,74.14
DL00803,O00803,D0104,13.51,32,Medium,Clear,97.8,58.67
DL00804,O00804,D0004,5.42,22,High,Clear,72.1,86.11
DL00805,O00805,D0269,1.22,38,Medium,Clear,66.9,155.46
DL00806,O00806,D0282,2.49,39,Medium,Clear,64.0,180.5
DL00807,O00807,D0397,1.95,32,Low,Clear,50.9,39.02
DL00808,O00808,D0352,5.34,30,Medium,Clear,64.9,37.64
DL00809,O00809,D0427,10.41,22,Low,Rainy,82.7,16.95
DL00810,O00810,D0396,8.23,40,Medium,Cloudy,87.8,41.1
DL00811,O00811,D0376,4.49,22,Low,Rainy,63.7,154.33
DL00812,O00812,D0462,14.98,35,Medium,Rainy,113.6,37.01
DL00813,O00813,D0085,1.92,33,Low,Rainy,63.5,35.66
DL00814,O00814,D0289,9.72,34,Low,Clear,71.9,16.25
DL00815,O00815,D0489,12.22,13,High,Clear,79.1,54.85
DL00816,O00816,D0323,14.41,30,Medium,Clear,90.4,4.02
DL00817,O00817,D0263,5.96,16,Medium,Rainy,73.1,123.08
DL00818,O00818,D0207,8.98,15,Medium,Clear,61.1,91.87
DL00819,O00819,D0007,4.52,15,Medium,Clear,45.3,124.99
DL00820,O00820,D0299,1.47,40,Low,Clear,58.5,226.04
DL00821,O00821,D0176,8.25,18,Medium,Clear,60.8,233.61
DL00822,O00822,D0218,9.27,11,Medium,Cloudy,65.8,29.48
DL00823,O00823,D0154,4.85,30,Medium,Cloudy,64.0,43.02
DL00824,O00824,D0076,4.25,16,Low,Cloudy,48.5,56.73
DL00825,O00825,D0443,4.93,10,Medium,Cloudy,44.7,15.79
DL00826,O00826,D0116,8.34,16,High,Clear,73.2,114.3
DL00827,O00827,D0184,10.53,18,Medium,Clear,73.2,83.44
DL00828,O00828,D0168,11.09,34,Medium,Cloudy,92.8,128.19
DL00829,O00829,D0365,4.88,22,Low,Clear,42.3,141.82
DL00830,O00830,D0066,12.99,40,Medium,Clear,92.9,178.16
DL00831,O00831,D0104,7.79,15,Medium,Rainy,72.9,90.95
DL00832,O00832,D0143,8.67,23,High,Cloudy,87.6,90.2
DL00833,O00833,D0044,4.2,39,Low,Clear,59.3,187.89
DL00834,O00834,D0223,6.36,31,Low,Rainy,67.8,94.2
DL00835,O00835,D0443,1.72,13,High,Clear,54.0,62.85
DL00836,O00836,D0357,9.08,38,Medium,Cloudy,87.2,144.27
DL00837,O00837,D0418,11.48,11,Medium,Cloudy,66.7,252.65
DL00838,O00838,D0140,8.61,39,High,Cloudy,99.0,169.54
DL00839,O00839,D0134,5.57,33,Low,Clear,64.2,235.12
DL00840,O00840,D0123,12.69,25,Medium,Rainy,99.3,45.16
DL00841,O00841,D0488,1.81,34,Low,Clear,49.2,42.99
DL00842,O00842,D0224,4.48,10,Medium,Clear,47.8,44.39
DL00843,O00843,D0100,1.7,21,High,Clear,56.3,101.35
DL00844,O00844,D0138,6.5,25,Low,Clear,53.8,29.52
DL00845,O00845,D0080,4.5,36,Low,Clear,63.0,65.85
DL00846,O00846,D0381,10.56,38,High,Clear,99.4,34.31
DL00847,O00847,D0409,2.1,38,Low,Clear,50.8,7.98
DL00848,O00848,D0478,1.47,13,Low,Rainy,46.4,25.09
DL00849,O00849,D0040,8.74,41,Low,Clear,82.9,118.59
DL00850,O00850,D0221,11.45,13,High,Clear,78.6,97.32
DL00851,O00851,D0432,7.56,43,High,Rainy,113.5,86.13
DL00852,O00852,D0343,4.94,43,High,Clear,90.3,82.17
DL00853,O00853,D0487,7.98,11,High,Clear,56.3,46.35
DL00854,O00854,D0440,5.74,37,High,Clear,83.4,41.03
DL00855,O00855,D0316,5.15,10,High,Clear,54.8,57.76
DL00856,O00856,D0108,7.26,32,Medium,Cloudy,77.5,222.55
DL00857,O00857,D0391,9.6,28,Medium,Clear,82.3,65.04
DL00858,O00858,D0113,9.1,36,Medium,Clear,81.4,116.51
DL00859,O00859,D0175,2.52,21,Medium,Clear,49.5,44.27
DL00860,O00860,D0380,4.06,10,High,Clear,46.6,54.53
DL00861,O00861,D0014,1.1,22,High,Clear,59.2,77.03
DL00862,O00862,D0357,7.13,10,Low,Clear,37.6,114.03
DL00863,O00863,D0130,11.78,19,Low,Cloudy,76.7,33.16
DL00864,O00864,D0191,6.8,23,Medium,Cloudy,75.8,179.84
DL00865,O00865,D0293,14.99,31,Medium,Cloudy,102.2,30.26
DL00866,O00866,D0325,11.5,29,Low,Rainy,91.5,30.29
DL00867,O00867,D0102,6.25,37,High,Cloudy,89.4,272.06
DL00868,O00868,D0238,14.62,21,Low,Clear,73.4,15.24
DL00869,O00869,D0278,9.97,25,Medium,Clear,68.3,26.2
DL00870,O00870,D0326,13.87,10,Low,Clear,53.9,21.19
DL00871,O00871,D0301,2.22,27,Medium,Clear,48.7,69.76
DL00872,O00872,D0263,8.81,13,Medium,Rainy,80.5,21.31
DL00873,O00873,D0498,13.72,15,High,Cloudy,89.5,58.32
DL00874,O00874,D0484,10.11,44,Medium,Clear,99.4,85.23
DL00875,O00875,D0261,14.83,21,High,Clear,95.5,75.38
DL00876,O00876,D0154,14.94,36,Medium,Cloudy,105.8,13.2
DL00877,O00877,D0092,12.09,38,High,Clear,103.0,140.01
DL00878,O00878,D0047,4.9,26,Medium,Clear,62.4,10.82
DL00879,O00879,D0343,12.95,36,High,Clear,104.9,102.84
DL00880,O00880,D0066,10.85,15,Medium,Clear,66.7,153.02
DL00881,O00881,D0488,2.49,16,Medium,Rainy,61.5,15.28
DL00882,O00882,D0242,6.43,29,Medium,Clear,68.4,39.71
DL00883,O00883,D0149,13.24,19,Low,Cloudy,71.0,38.35
DL00884,O00884,D0377,10.91,24,Medium,Cloudy,79.0,78.3
DL00885,O00885,D0253,6.98,24,Low,Cloudy,62.8,58.53
DL00886,O00886,D0322,9.58,32,Medium,Clear,67.6,200.92
DL00887,O00887,D0258,14.11,19,Low,Cloudy,69.5,68.4
DL00888,O00888,D0274,9.37,13,High,Cloudy,80.9,71.2
DL00889,O00889,D0231,4.19,42,Low,Clear,68.2,24.77
DL00890,O00890,D0219,10.37,21,Low,Clear,59.6,184.94
DL00891,O00891,D0192,4.73,18,High,Rainy,81.0,28.38
DL00892,O00892,D0302,9.67,36,Medium,Clear,85.0,106.93
DL00893,O00893,D0197,10.02,20,Medium,Cloudy,72.9,12.64
DL00894,O00894,D0265,6.06,41,High,Cloudy,95.1,49.77
DL00895,O00895,D0142,11.37,24,Medium,Clear,75.4,169.59
DL00896,O00896,D0068,5.1,16,Medium,Cloudy,54.0,104.19
DL00897,O00897,D0193,1.21,35,Medium,Clear,54.9,92.2
DL00898,O00898,D0296,5.91,17,Low,Clear,46.2,154.84
DL00899,O00899,D0150,13.07,14,Medium,Cloudy,78.5,158.66
DL00900,O00900,D0015,9.08,11,Medium,Rainy,71.7,127.37
DL00901,O00901,D0409,12.89,11,Low,Cloudy,65.0,99.06
DL00902,O00902,D0320,2.8,19,Low,Rainy,49.0,24.54
DL00903,O00903,D0179,3.7,26,High,Clear,65.0,39.5
DL00904,O00904,D0160,3.3,22,Medium,Cloudy,56.5,114.68
DL00905,O00905,D0223,11.99,18,High,Clear,89.6,43.56
DL00906,O00906,D0426,9.57,25,Medium,Clear,71.0,73.37
DL00907,O00907,D0215,5.71,16,High,Cloudy,67.4,24.93
DL00908,O00908,D0145,11.93,21,Medium,Clear,78.7,163.27
DL00909,O00909,D0382,7.1,13,Medium,Clear,56.0,88.62
DL00910,O00910,D0162,9.62,40,Low,Rainy,92.1,47.69
DL00911,O00911,D0453,12.97,41,Low,Rainy,101.1,241.7
DL00912,O00912,D0047,6.95,12,High,Clear,64.2,45.22
DL00913,O00913,D0170,11.53,16,High,Clear,86.5,226.62
DL00914,O00914,D0350,8.92,11,Medium,Clear,60.0,28.16
DL00915,O00915,D0050,13.71,20,Low,Rainy,76.1,103.04
DL00916,O00916,D0109,7.38,16,High,Clear,71.3,50.57
DL00917,O00917,D0181,5.18,29,High,Clear,78.0,190.23
DL00918,O00918,D0478,4.77,31,Low,Cloudy,56.4,88.7
DL00919,O00919,D0014,3.67,31,Low,Clear,57.8,67.66
DL00920,O00920,D0473,5.99,34,Low,Clear,60.2,50.03
DL00921,O00921,D0067,7.08,27,Medium,Clear,72.1,140.14
DL00922,O00922,D0230,2.9,19,Medium,Rainy,66.7,48.49
DL00923,O00923,D0020,11.3,21,Low,Rainy,81.2,58.86
DL00924,O00924,D0445,14.13,38,Medium,Rainy,122.4,136.8
DL00925,O00925,D0151,6.77,12,High,Clear,64.3,200.6
DL00926,O00926,D0023,13.95,35,Medium,Rainy,113.3,248.82
DL00927,O00927,D0405,6.91,26,High,Cloudy,76.5,164.83
DL00928,O00928,D0428,4.08,29,High,Clear,67.0,12.05
DL00929,O00929,D0389,13.03,44,High,Rainy,139.3,27.66
DL00930,O00930,D0052,13.62,29,Low,Cloudy,76.1,23.35
DL00931,O00931,D0201,9.94,23,Low,Cloudy,68.1,31.76
DL00932,O00932,D0423,13.92,22,Medium,Cloudy,86.8,72.53
DL00933,O00933,D0022,5.88,37,Medium,Rainy,92.8,81.32
DL00934,O00934,D0211,5.46,41,Medium,Rainy,95.0,42.61
DL00935,O00935,D0069,12.97,11,Low,Clear,57.1,134.32
DL00936,O00936,D0196,4.93,23,Low,Rainy,63.1,98.2
DL00937,O00937,D0149,13.13,35,Medium,Rainy,100.9,195.22
DL00938,O00938,D0466,4.34,11,Low,Clear,41.7,49.21
DL00939,O00939,D0133,10.73,20,High,Clear,80.7,26.4
DL00940,O00940,D0445,12.46,18,High,Clear,90.9,49.05
DL00941,O00941,D0231,13.15,16,Low,Cloudy,66.1,80.99
DL00942,O00942,D0077,14.51,44,Medium,Cloudy,115.6,70.87
DL00943,O00943,D0254,5.21,26,Low,Clear,50.6,111.56
DL00944,O00944,D0218,8.62,35,Medium,Clear,83.1,152.09
DL00945,O00945,D0208,14.39,38,High,Rainy,123.2,106.75
DL00946,O00946,D0124,1.14,42,Low,Rainy,68.0,41.95
DL00947,O00947,D0011,9.61,20,Medium,Clear,70.5,64.02
DL00948,O00948,D0067,3.09,43,High,Clear,75.8,38.18
DL00949,O00949,D0324,7.16,15,Low,Rainy,70.6,101.2
DL00950,O00950,D0369,2.18,27,Low,Clear,42.4,80.02
DL00951,O00951,D0393,5.71,40,Medium,Clear,77.6,54.37
DL00952,O00952,D0350,10.68,24,Medium,Cloudy,88.4,35.45
DL00953,O00953,D0051,12.36,39,High,Cloudy,118.1,14.33
DL00954,O00954,D0316,8.86,22,Medium,Clear,70.9,51.05
DL00955,O00955,D0301,7.11,14,Medium,Rainy,69.6,30.33
DL00956,O00956,D0444,5.8,29,Medium,Cloudy,67.1,86.02
DL00957,O00957,D0058,13.7,27,Low,Clear,90.2,38.79
DL00958,O00958,D0076,3.77,11,Low,Clear,35.8,159.79
DL00959,O00959,D0182,10.58,21,Medium,Cloudy,67.3,170.29
DL00960,O00960,D0255,2.97,29,Low,Clear,50.9,76.54
DL00961,O00961,D0049,13.6,33,High,Cloudy,106.4,34.59
DL00962,O00962,D0397,5.0,18,Medium,Clear,44.3,79.78
DL00963,O00963,D0149,6.2,44,High,Cloudy,97.4,32.34
DL00964,O00964,D0235,3.56,40,Low,Rainy,71.9,216.04
DL00965,O00965,D0234,14.08,38,Medium,Rainy,117.2,174.7
DL00966,O00966,D0277,13.43,38,Low,Rainy,98.2,59.78
DL00967,O00967,D0411,7.63,13,Low,Clear,44.8,49.51
DL00968,O00968,D0325,1.42,23,Medium,Clear,56.5,140.74
DL00969,O00969,D0081,13.66,37,Low,Rainy,102.8,78.46
DL00970,O00970,D0311,14.48,42,High,Clear,119.7,12.24
DL00971,O00971,D0085,1.98,17,High,Clear,52.7,71.44
DL00972,O00972,D0449,9.52,10,Low,Clear,43.6,191.2
DL00973,O00973,D0016,14.38,13,High,Rainy,87.5,71.78
DL00974,O00974,D0488,10.75,38,Low,Rainy,98.1,163.64
DL00975,O00975,D0406,8.23,44,Medium,Cloudy,93.5,5.1
DL00976,O00976,D0343,5.79,27,Low,Rainy,73.7,32.1
DL00977,O00977,D0148,11.36,28,High,Cloudy,97.5,145.61
DL00978,O00978,D0384,14.83,30,High,Clear,114.2,15.0
DL00979,O00979,D0433,9.95,25,Medium,Clear,72.1,92.89
DL00980,O00980,D0328,8.07,15,Low,Clear,50.8,36.3
DL00981,O00981,D0302,3.35,35,High,Rainy,90.8,95.18
DL00982,O00982,D0305,13.06,10,Medium,Clear,72.0,81.27
DL00983,O00983,D0361,6.37,27,Medium,Cloudy,65.9,164.85
DL00984,O00984,D0102,11.77,10,Medium,Rainy,76.5,82.08
DL00985,O00985,D0222,5.87,36,Medium,Clear,69.1,230.46
DL00986,O00986,D0066,2.69,28,Low,Clear,50.6,92.6
DL00987,O00987,D0062,10.36,44,Medium,Cloudy,110.8,91.41
DL00988,O00988,D0376,8.64,35,Medium,Clear,76.2,151.43
DL00989,O00989,D0121,3.11,24,Medium,Cloudy,59.5,244.82
DL00990,O00990,D0191,12.61,15,High,Clear,84.1,51.72
DL00991,O00991,D0160,5.24,40,Medium,Cloudy,74.7,62.35
DL00992,O00992,D0467,7.2,43,Medium,Clear,88.9,74.36
DL00993,O00993,D0269,7.95,26,Low,Clear,60.7,57.26
DL00994,O00994,D0170,4.45,12,Medium,Clear,39.2,110.04
DL00995,O00995,D0472,8.03,29,Low,Clear,61.9,151.06
DL00996,O00996,D0266,1.95,11,Low,Clear,31.6,13.57
DL00997,O00997,D0175,3.62,18,Medium,Clear,52.5,129.42
DL00998,O00998,D0197,4.86,32,High,Cloudy,84.2,88.82
DL00999,O00999,D0219,6.03,42,Medium,Clear,82.9,112.34
DL01000,O01000,D0444,4.48,40,Medium,Cloudy,70.9,163.43
DL01001,O01001,D0445,7.59,28,Low,Rainy,78.8,46.13
DL01002,O01002,D0058,10.23,13,High,Clear,83.4,11.08
DL01003,O01003,D0244,5.83,43,Low,Clear,64.2,61.72
DL01004,O01004,D0250,1.52,24,High,Clear,61.2,134.97
DL01005,O01005,D0025,9.87,38,Low,Cloudy,86.1,47.86
DL01006,O01006,D0071,13.32,15,Low,Rainy,80.9,21.53
DL01007,O01007,D0380,2.74,16,Medium,Cloudy,54.8,22.67
DL01008,O01008,D0318,3.59,36,High,Clear,83.4,34.92
DL01009,O01009,D0061,1.41,34,Low,Cloudy,64.7,34.51
DL01010,O01010,D0173,4.06,10,Low,Cloudy,40.3,212.4
DL01011,O01011,D0027,5.14,18,Low,Clear,39.8,17.96
DL01012,O01012,D0308,7.38,31,Medium,Clear,75.5,37.58
DL01013,O01013,D0187,10.79,31,Medium,Cloudy,84.8,82.36
DL01014,O01014,D0469,7.06,11,Low,Rainy,59.6,114.72
DL01015,O01015,D0299,6.11,15,Medium,Cloudy,53.4,122.51
DL01016,O01016,D0028,10.57,38,Medium,Cloudy,88.4,212.97
DL01017,O01017,D0277,10.03,10,Medium,Rainy,76.1,51.36
DL01018,O01018,D0162,6.94,26,Low,Cloudy,52.7,123.4
DL01019,O01019,D0085,5.74,41,Medium,Clear,84.7,76.9
DL01020,O01020,D0047,6.32,13,Medium,Rainy,68.1,47.04
DL01021,O01021,D0283,6.67,14,High,Clear,69.4,59.32
DL01022,O01022,D0271,2.26,32,Medium,Clear,63.4,86.09
DL01023,O01023,D0499,3.55,26,Low,Rainy,65.7,152.08
DL01024,O01024,D0005,10.19,43,High,Rainy,120.1,82.71
DL01025,O01025,D0320,14.04,33,High,Rainy,119.8,24.55
DL01026,O01026,D0273,2.18,43,Low,Clear,62.0,192.1
DL01027,O01027,D0392,2.69,44,High,Cloudy,82.7,219.82
DL01028,O01028,D0057,2.38,15,High,Clear,51.4,157.09
DL01029,O01029,D0313,4.57,12,Medium,Clear,44.3,154.55
DL01030,O01030,D0048,12.1,25,Low,Clear,73.2,83.6
DL01031,O01031,D0239,12.7,38,High,Clear,107.4,21.56
DL01032,O01032,D0344,13.49,19,Low,Clear,68.9,32.46
DL01033,O01033,D0384,11.98,38,Medium,Rainy,116.7,279.54
DL01034,O01034,D0402,7.42,40,Medium,Clear,89.0,100.01
DL01035,O01035,D0498,8.96,12,Medium,Clear,68.0,9.08
DL01036,O01036,D0495,10.59,31,High,Cloudy,91.2,160.23
DL01037,O01037,D0298,4.47,10,High,Rainy,71.2,147.28
DL01038,O01038,D0453,8.63,40,High,Clear,94.1,109.64
DL01039,O01039,D0310,8.21,14,Medium,Clear,53.4,170.94
DL01040,O01040,D0144,11.73,36,Low,Clear,85.3,20.64
DL01041,O01041,D0085,4.28,29,Low,Cloudy,66.7,156.14
DL01042,O01042,D0204,13.88,10,Medium,Clear,66.1,57.55
DL01043,O01043,D0401,6.42,32,High,Cloudy,85.4,12.15
DL01044,O01044,D0428,7.92,13,Medium,Clear,49.3,66.39
DL01045,O01045,D0289,5.69,39,Medium,Cloudy,82.7,31.71
DL01046,O01046,D0395,2.62,13,Low,Cloudy,32.6,61.65
DL01047,O01047,D0168,3.49,16,Medium,Clear,48.8,74.97
DL01048,O01048,D0165,14.86,37,Low,Clear,98.7,68.9
DL01049,O01049,D0488,5.9,40,High,Cloudy,97.0,82.2
DL01050,O01050,D0075,2.62,26,High,Rainy,84.3,133.97
DL01051,O01051,D0028,7.23,23,Low,Clear,54.5,142.24
DL01052,O01052,D0107,2.92,28,Medium,Clear,60.8,5.56
DL01053,O01053,D0158,9.61,16,Low,Clear,43.8,12.03
DL01054,O01054,D0430,1.34,32,Medium,Clear,59.3,17.54
DL01055,O01055,D0334,8.85,11,Low,Rainy,68.0,84.06
DL01056,O01056,D0115,10.61,21,High,Cloudy,85.3,143.24
DL01057,O01057,D0427,2.13,20,Low,Clear,35.4,104.32
DL01058,O01058,D0341,3.07,38,Medium,Rainy,84.5,97.05
DL01059,O01059,D0224,11.84,44,Medium,Clear,90.4,50.16
DL01060,O01060,D0091,6.89,37,Medium,Clear,72.7,171.08
DL01061,O01061,D0253,2.29,41,Low,Clear,46.3,76.78
DL01062,O01062,D0354,13.07,16,Medium,Clear,77.6,280.67
DL01063,O01063,D0264,11.32,26,Medium,Clear,86.0,12.03
DL01064,O01064,D0043,3.62,11,High,Clear,50.1,50.58
DL01065,O01065,D0289,5.86,31,Medium,Cloudy,75.9,128.49
DL01066,O01066,D0485,8.95,37,Low,Clear,76.0,9.36
DL01067,O01067,D0055,1.3,11,Low,Clear,27.9,9.44
DL01068,O01068,D0314,7.86,37,Low,Cloudy,82.6,102.04
DL01069,O01069,D0021,5.77,29,Medium,Cloudy,74.1,24.07
DL01070,O01070,D0431,13.96,20,Low,Clear,64.4,11.58
DL01071,O01071,D0307,4.16,30,Low,Clear,56.0,28.85
DL01072,O01072,D0413,6.58,27,Low,Clear,65.7,92.76
DL01073,O01073,D0016,3.27,40,Medium,Clear,63.5,104.11
DL01074,O01074,D0324,2.8,12,Medium,Clear,36.8,52.39
DL01075,O01075,D0492,4.92,28,Medium,Clear,56.6,93.02
DL01076,O01076,D0345,12.43,16,Low,Clear,59.8,96.94
DL01077,O01077,D0069,6.29,39,Low,Cloudy,87.2,171.66
DL01078,O01078,D0147,3.61,20,High,Clear,59.6,46.23
DL01079,O01079,D0107,1.24,20,Low,Cloudy,31.4,28.4
DL01080,O01080,D0167,8.68,26,Low,Clear,54.7,46.54
DL01081,O01081,D0326,7.93,41,Medium,Clear,77.4,217.83
DL01082,O01082,D0030,3.95,13,Low,Cloudy,42.4,73.67
DL01083,O01083,D0028,6.09,15,Low,Clear,46.5,46.48
DL01084,O01084,D0447,5.04,39,Medium,Clear,68.7,11.34
DL01085,O01085,D0269,10.96,22,Low,Rainy,80.0,268.58
DL01086,O01086,D0239,6.15,10,Medium,Rainy,67.3,224.62
DL01087,O01087,D0067,7.58,20,Medium,Cloudy,74.0,49.17
DL01088,O01088,D0064,14.85,25,Low,Clear,76.2,85.62
DL01089,O01089,D0058,13.53,34,Low,Clear,91.3,70.01
DL01090,O01090,D0483,10.21,11,Medium,Clear,62.5,51.74
DL01091,O01091,D0324,7.76,36,High,Clear,84.5,141.11
DL01092,O01092,D0266,5.93,29,Medium,Clear,73.8,132.98
DL01093,O01093,D0435,14.2,39,Medium,Cloudy,105.7,80.49
DL01094,O01094,D0326,13.78,26,Low,Rainy,90.4,21.42
DL01095,O01095,D0257,3.31,34,Medium,Rainy,78.2,27.85
DL01096,O01096,D0001,4.53,25,Low,Rainy,69.9,78.24
DL01097,O01097,D0391,6.47,30,Medium,Clear,72.2,127.27
DL01098,O01098,D0080,7.4,27,Medium,Cloudy,78.7,138.28
DL01099,O01099,D0216,8.59,19,Low,Rainy,67.0,156.34
DL01100,O01100,D0384,1.54,15,Medium,Cloudy,35.5,282.16
DL01101,O01101,D0004,1.95,26,Medium,Clear,56.0,239.36
DL01102,O01102,D0272,7.57,21,High,Rainy,90.4,45.23
DL01103,O01103,D0199,13.85,42,Medium,Cloudy,103.5,54.81
DL01104,O01104,D0370,11.39,39,Medium,Clear,91.9,130.02
DL01105,O01105,D0025,8.6,32,Low,Clear,73.2,80.62
DL01106,O01106,D0399,1.4,12,High,Clear,43.1,135.07
DL01107,O01107,D0393,1.96,18,Low,Cloudy,34.1,129.76
DL01108,O01108,D0267,9.82,12,Low,Clear,52.4,15.33
DL01109,O01109,D0199,3.68,18,Low,Clear,36.2,37.55
DL01110,O01110,D0053,9.06,28,High,Rainy,99.5,136.8
DL01111,O01111,D0039,7.35,31,Low,Rainy,84.8,61.97
DL01112,O01112,D0471,3.58,23,High,Cloudy,63.6,103.65
DL01113,O01113,D0131,7.52,40,Low,Cloudy,70.7,79.82
DL01114,O01114,D0199,13.41,43,High,Cloudy,113.1,153.91
DL01115,O01115,D0003,4.15,32,Low,Rainy,73.9,62.0
DL01116,O01116,D0396,14.4,42,Medium,Rainy,117.9,212.31
DL01117,O01117,D0003,4.21,37,Low,Cloudy,67.7,177.37
DL01118,O01118,D0327,7.39,30,Medium,Clear,68.0,136.16
DL01119,O01119,D0023,11.12,35,Medium,Clear,85.4,17.85
DL01120,O01120,D0422,11.84,19,Low,Cloudy,64.0,41.75
DL01121,O01121,D0463,5.34,32,Low,Rainy,75.6,22.65
DL01122,O01122,D0215,1.23,12,Low,Cloudy,40.3,99.96
DL01123,O01123,D0378,9.76,19,Medium,Cloudy,76.1,78.07
DL01124,O01124,D0042,5.51,10,Low,Clear,34.8,56.96
DL01125,O01125,D0133,8.3,37,High,Clear,99.3,187.46
DL01126,O01126,D0041,1.91,22,High,Clear,57.0,34.32
DL01127,O01127,D0369,6.48,23,Low,Rainy,66.7,15.71
DL01128,O01128,D0437,9.84,10,Low,Cloudy,60.1,45.29
DL01129,O01129,D0062,2.17,11,High,Clear,50.6,135.4
DL01130,O01130,D0477,7.62,15,Low,Clear,38.1,28.17
DL01131,O01131,D0339,7.12,27,Medium,Clear,69.6,39.35
DL01132,O01132,D0382,5.37,27,Medium,Clear,60.3,99.14
DL01133,O01133,D0408,14.8,31,Medium,Clear,93.3,82.86
DL01134,O01134,D0471,14.64,21,High,Rainy,111.3,66.77
DL01135,O01135,D0028,7.85,20,Medium,Rainy,83.6,174.19
DL01136,O01136,D0337,3.64,18,Medium,Clear,45.1,27.36
DL01137,O01137,D0009,7.53,37,Medium,Clear,84.4,5.12
DL01138,O01138,D0445,12.87,28,Low,Rainy,83.8,266.96
DL01139,O01139,D0437,5.83,29,High,Cloudy,74.1,131.49
DL01140,O01140,D0145,5.78,13,Medium,Cloudy,58.5,60.35
DL01141,O01141,D0065,12.33,36,Low,Cloudy,87.8,99.18
DL01142,O01142,D0360,9.79,10,High,Clear,77.3,160.27
DL01143,O01143,D0499,6.67,36,Medium,Rainy,90.0,102.84
DL01144,O01144,D0393,8.26,37,Low,Cloudy,80.4,32.75
DL01145,O01145,D0232,9.32,44,Low,Cloudy,97.2,133.24
DL01146,O01146,D0454,3.26,10,Medium,Clear,43.7,102.72
DL01147,O01147,D0271,7.68,12,Low,Rainy,56.9,65.96
DL01148,O01148,D0111,8.32,13,High,Clear,75.9,35.64
DL01149,O01149,D0262,14.93,36,High,Rainy,134.6,14.45
DL01150,O01150,D0373,4.54,32,Medium,Rainy,80.2,104.15
DL01151,O01151,D0495,4.47,36,Medium,Rainy,90.2,6.93
DL01152,O01152,D0402,11.65,34,High,Cloudy,111.7,75.71
DL01153,O01153,D0374,5.69,27,Low,Cloudy,61.1,123.8
DL01154,O01154,D0472,1.79,11,Medium,Rainy,50.9,200.65
DL01155,O01155,D0486,14.41,19,Low,Rainy,86.6,67.15
DL01156,O01156,D0247,1.58,43,Medium,Rainy,82.2,58.01
DL01157,O01157,D0114,13.87,35,High,Clear,101.7,26.56
DL01158,O01158,D0114,12.38,36,Low,Clear,78.9,160.11
DL01159,O01159,D0222,9.55,41,High,Rainy,113.5,54.44
DL01160,O01160,D0211,13.34,20,Medium,Cloudy,89.8,79.0
DL01161,O01161,D0058,3.74,38,High,Clear,88.1,66.83
DL01162,O01162,D0348,3.62,22,High,Clear,66.0,55.1
DL01163,O01163,D0023,7.21,17,High,Clear,68.7,57.12
DL01164,O01164,D0472,14.95,33,High,Rainy,119.8,90.36
DL01165,O01165,D0500,1.13,38,Low,Cloudy,49.3,113.83
DL01166,O01166,D0027,2.99,10,Medium,Clear,43.0,59.11
DL01167,O01167,D0333,11.06,22,Low,Cloudy,72.7,257.4
DL01168,O01168,D0075,4.62,34,Medium,Rainy,88.7,144.58
DL01169,O01169,D0382,8.76,16,Medium,Clear,62.7,18.94
DL01170,O01170,D0015,11.0,31,High,Clear,92.4,163.75
DL01171,O01171,D0414,12.77,42,Medium,Clear,98.8,142.63
DL01172,O01172,D0390,8.79,24,Medium,Cloudy,71.9,67.51
DL01173,O01173,D0281,2.41,12,Low,Rainy,37.9,161.79
DL01174,O01174,D0031,10.71,17,High,Clear,83.8,70.95
DL01175,O01175,D0267,8.01,10,Medium,Clear,54.6,50.83
DL01176,O01176,D0324,10.72,21,High,Clear,91.3,98.98
DL01177,O01177,D0463,1.8,40,High,Cloudy,82.2,224.72
DL01178,O01178,D0368,1.05,37,High,Rainy,77.2,55.93
DL01179,O01179,D0280,13.7,28,Medium,Clear,88.8,42.06
DL01180,O01180,D0270,8.96,27,High,Cloudy,86.4,97.93
DL01181,O01181,D0024,3.5,22,Medium,Rainy,63.4,198.62
DL01182,O01182,D0343,10.86,44,Medium,Clear,87.7,260.27
DL01183,O01183,D0069,10.9,31,Medium,Cloudy,82.2,50.33
DL01184,O01184,D0111,13.81,22,Low,Clear,82.9,235.03
DL01185,O01185,D0154,11.74,15,Medium,Clear,65.3,56.0
DL01186,O01186,D0094,12.74,17,Medium,Clear,75.9,7.79
DL01187,O01187,D0298,12.7,33,High,Cloudy,102.5,176.15
DL01188,O01188,D0102,5.11,25,Medium,Clear,51.6,28.67
DL01189,O01189,D0112,8.31,28,Medium,Cloudy,76.6,148.78
DL01190,O01190,D0048,1.49,12,Medium,Clear,39.8,161.47
DL01191,O01191,D0250,1.6,31,Low,Cloudy,48.4,16.15
DL01192,O01192,D0307,13.34,31,Medium,Rainy,117.4,82.54
DL01193,O01193,D0451,1.72,32,Medium,Clear,52.1,70.5
DL01194,O01194,D0116,8.68,10,High,Cloudy,71.9,69.57
DL01195,O01195,D0402,14.0,31,Medium,Cloudy,89.8,8.83
DL01196,O01196,D0086,3.88,25,Medium,Clear,58.1,7.74
DL01197,O01197,D0499,7.2,12,Low,Clear,50.4,172.93
DL01198,O01198,D0028,10.07,11,Low,Clear,54.0,135.06
DL01199,O01199,D0030,8.87,19,Medium,Clear,53.1,18.95
DL01200,O01200,D0002,6.09,25,High,Clear,76.5,23.57
DL01201,O01201,D0457,12.03,22,High,Rainy,99.4,179.0
DL01202,O01202,D0449,6.73,43,Medium,Clear,78.9,124.86
DL01203,O01203,D0292,6.41,31,Medium,Clear,73.0,85.32
DL01204,O01204,D0277,1.3,28,Low,Clear,45.7,73.32
DL01205,O01205,D0062,13.1,27,Low,Rainy,91.9,84.79
DL01206,O01206,D0438,14.99,19,High,Clear,94.9,147.32
DL01207,O01207,D0028,11.41,28,High,Rainy,112.9,17.94
DL01208,O01208,D0484,14.59,36,Low,Clear,96.2,88.8
DL01209,O01209,D0288,7.94,23,Medium,Cloudy,72.2,79.11
DL01210,O01210,D0186,9.14,21,Medium,Clear,73.3,151.19
DL01211,O01211,D0070,13.38,21,Low,Clear,75.0,118.49
DL01212,O01212,D0125,8.34,31,High,Cloudy,104.0,90.34
DL01213,O01213,D0151,2.0,18,Low,Clear,29.3,102.8
DL01214,O01214,D0326,11.34,44,High,Clear,116.1,121.52
DL01215,O01215,D0380,2.95,23,High,Cloudy,65.9,177.97
DL01216,O01216,D0448,5.8,33,Medium,Rainy,97.5,35.13
DL01217,O01217,D0470,12.82,12,High,Clear,79.9,223.41
DL01218,O01218,D0159,4.89,35,Low,Clear,62.8,210.56
DL01219,O01219,D0019,14.08,35,Medium,Cloudy,103.1,12.64
DL01220,O01220,D0200,12.41,44,Medium,Cloudy,105.3,92.83
DL01221,O01221,D0008,14.55,16,High,Cloudy,88.4,116.78
DL01222,O01222,D0468,2.47,38,Medium,Cloudy,70.5,156.99
DL01223,O01223,D0255,5.13,14,Medium,Cloudy,53.7,161.06
DL01224,O01224,D0320,12.08,39,Low,Clear,84.0,188.74
DL01225,O01225,D0216,10.43,21,High,Rainy,93.4,153.49
DL01226,O01226,D0205,11.69,34,High,Clear,100.6,40.55
DL01227,O01227,D0126,13.21,23,High,Clear,92.8,168.27
DL01228,O01228,D0380,4.81,40,High,Clear,87.0,116.58
DL01229,O01229,D0041,14.61,21,Low,Clear,77.8,204.91
DL01230,O01230,D0373,11.63,12,Low,Clear,57.4,25.5
DL01231,O01231,D0179,14.27,34,High,Cloudy,121.3,42.45
DL01232,O01232,D0007,2.52,32,High,Clear,68.0,172.59
DL01233,O01233,D0180,8.81,39,Medium,Rainy,96.7,155.74
DL01234,O01234,D0072,12.43,14,Medium,Cloudy,78.7,91.08
DL01235,O01235,D0219,2.25,42,Medium,Clear,70.4,38.77
DL01236,O01236,D0235,7.8,21,Medium,Clear,70.4,80.55
DL01237,O01237,D0259,12.17,39,Medium,Clear,94.7,116.66
DL01238,O01238,D0145,1.69,26,Low,Clear,37.9,148.44
DL01239,O01239,D0261,11.05,24,Low,Rainy,78.7,74.4
DL01240,O01240,D0486,14.56,12,Medium,Clear,78.9,82.09
DL01241,O01241,D0444,1.79,20,Low,Cloudy,41.8,69.96
DL01242,O01242,D0495,13.85,23,High,Rainy,115.8,41.73
DL01243,O01243,D0073,6.87,26,High,Clear,80.4,20.62
DL01244,O01244,D0371,1.34,41,Medium,Cloudy,67.2,181.61
DL01245,O01245,D0070,5.87,44,Low,Cloudy,76.7,18.71
DL01246,O01246,D0136,5.26,39,Medium,Rainy,84.9,9.63
DL01247,O01247,D0428,4.49,14,Medium,Clear,46.0,86.69
DL01248,O01248,D0410,12.6,22,Low,Rainy,78.9,46.7
DL01249,O01249,D0176,7.33,43,Medium,Clear,78.4,13.84
DL01250,O01250,D0084,5.31,30,Medium,Cloudy,81.2,49.21
DL01251,O01251,D0282,5.34,35,High,Clear,79.0,30.98
DL01252,O01252,D0058,14.89,15,Medium,Rainy,96.7,19.95
DL01253,O01253,D0374,9.66,13,Medium,Clear,67.0,88.03
DL01254,O01254,D0451,1.58,27,High,Cloudy,68.4,123.13
DL01255,O01255,D0496,13.43,40,Medium,Rainy,109.8,250.64
DL01256,O01256,D0442,11.17,33,High,Clear,107.4,129.81
DL01257,O01257,D0281,3.96,18,Low,Clear,37.8,123.93
DL01258,O01258,D0271,2.59,36,Medium,Clear,65.0,160.23
DL01259,O01259,D0267,6.28,17,Low,Clear,45.4,63.26
DL01260,O01260,D0096,3.91,35,Medium,Clear,67.9,38.26
DL01261,O01261,D0224,10.83,22,High,Clear,90.9,29.49
DL01262,O01262,D0006,3.44,14,High,Clear,52.6,61.82
DL01263,O01263,D0002,8.33,28,High,Cloudy,85.9,121.46
DL01264,O01264,D0023,9.92,23,Medium,Clear,76.9,12.54
DL01265,O01265,D0093,10.37,41,Low,Rainy,97.3,210.31
DL01266,O01266,D0007,11.72,24,Low,Rainy,87.4,32.31
DL01267,O01267,D0446,8.04,36,Low,Cloudy,77.9,118.63
DL01268,O01268,D0030,3.96,26,Medium,Rainy,70.2,184.09
DL01269,O01269,D0080,5.75,43,Medium,Rainy,93.7,177.97
DL01270,O01270,D0001,6.32,36,Medium,Cloudy,82.0,118.4
DL01271,O01271,D0205,10.62,36,High,Rainy,116.0,23.53
DL01272,O01272,D0420,9.76,17,Medium,Rainy,82.4,30.62
DL01273,O01273,D0257,7.93,35,Low,Clear,75.5,20.93
DL01274,O01274,D0406,7.63,23,Low,Clear,55.6,68.31
DL01275,O01275,D0357,1.84,18,High,Clear,54.7,41.43
DL01276,O01276,D0477,10.66,21,High,Cloudy,86.3,48.15
DL01277,O01277,D0062,12.26,24,Low,Cloudy,76.2,103.91
DL01278,O01278,D0080,13.44,43,High,Rainy,124.7,15.4
DL01279,O01279,D0243,1.29,31,Medium,Cloudy,53.5,21.45
DL01280,O01280,D0044,13.25,21,High,Clear,89.3,48.89
DL01281,O01281,D0009,13.26,34,High,Clear,112.3,122.2
DL01282,O01282,D0089,10.28,42,High,Clear,100.4,75.79
DL01283,O01283,D0038,4.9,13,Medium,Clear,48.4,187.21
DL01284,O01284,D0022,13.49,14,Low,Rainy,79.9,176.43
DL01285,O01285,D0169,5.87,25,Low,Cloudy,53.7,21.06
DL01286,O01286,D0258,9.13,13,Medium,Rainy,73.0,86.05
DL01287,O01287,D0129,7.17,28,Low,Rainy,75.4,110.8
DL01288,O01288,D0010,13.4,22,Low,Clear,67.9,177.67
DL01289,O01289,D0099,4.61,12,Low,Clear,30.2,91.33
DL01290,O01290,D0088,5.64,14,Medium,Clear,48.0,9.05
DL01291,O01291,D0178,6.71,24,Medium,Clear,61.0,18.13
DL01292,O01292,D0408,12.97,36,High,Clear,99.1,21.89
DL01293,O01293,D0236,5.45,42,High,Clear,92.8,90.22
DL01294,O01294,D0431,5.04,29,High,Clear,82.3,7.26
DL01295,O01295,D0174,12.15,43,High,Cloudy,111.2,77.06
DL01296,O01296,D0202,6.43,26,High,Clear,80.5,22.91
DL01297,O01297,D0102,10.31,16,High,Clear,80.4,79.34
DL01298,O01298,D0404,13.26,24,High,Clear,95.8,77.35
DL01299,O01299,D0116,4.16,43,Low,Clear,67.8,71.49
DL01300,O01300,D0204,7.5,12,High,Cloudy,74.4,36.28
DL01301,O01301,D0188,7.82,11,Low,Rainy,50.5,167.37
DL01302,O01302,D0023,8.96,43,Medium,Clear,88.9,109.99
DL01303,O01303,D0279,13.86,44,Medium,Clear,100.2,272.36
DL01304,O01304,D0073,14.73,29,Medium,Cloudy,98.0,44.23
DL01305,O01305,D0318,12.22,26,Medium,Clear,82.5,181.57
DL01306,O01306,D0132,1.42,40,Medium,Clear,59.8,130.47
DL01307,O01307,D0221,2.64,26,Medium,Rainy,78.7,9.41
DL01308,O01308,D0155,2.65,19,Medium,Clear,51.9,173.64
DL01309,O01309,D0477,8.44,32,Low,Clear,59.8,60.17
DL01310,O01310,D0313,1.6,39,Medium,Clear,69.4,72.83
DL01311,O01311,D0324,8.16,11,Medium,Clear,55.3,134.97
DL01312,O01312,D0322,11.53,15,Medium,Clear,63.3,51.03
DL01313,O01313,D0199,5.23,22,Low,Clear,55.2,82.45
DL01314,O01314,D0313,7.57,33,Medium,Cloudy,80.8,50.77
DL01315,O01315,D0043,2.35,12,High,Clear,58.2,62.2
DL01316,O01316,D0432,1.96,38,Medium,Clear,60.3,178.17
DL01317,O01317,D0426,8.47,25,Medium,Cloudy,72.7,88.66
DL01318,O01318,D0495,1.17,33,Low,Clear,45.6,15.3
DL01319,O01319,D0226,10.85,13,Medium,Clear,73.6,86.46
DL01320,O01320,D0012,2.99,16,Medium,Clear,43.7,69.97
DL01321,O01321,D0091,13.52,29,High,Cloudy,106.5,150.42
DL01322,O01322,D0438,12.9,24,Low,Cloudy,88.5,63.17
DL01323,O01323,D0086,4.17,18,High,Clear,60.3,195.08
DL01324,O01324,D0463,4.29,44,Medium,Clear,81.2,48.3
DL01325,O01325,D0363,1.51,12,Medium,Rainy,45.3,46.72
DL01326,O01326,D0074,14.77,34,High,Clear,100.1,92.07
DL01327,O01327,D0291,1.77,12,Low,Rainy,37.7,49.2
DL01328,O01328,D0424,7.71,24,Low,Clear,63.1,38.88
DL01329,O01329,D0437,12.89,20,High,Cloudy,87.3,105.67
DL01330,O01330,D0340,3.24,33,High,Clear,80.5,73.05
DL01331,O01331,D0288,11.79,15,High,Clear,73.1,159.69
DL01332,O01332,D0212,3.36,30,Low,Cloudy,57.1,13.89
DL01333,O01333,D0389,5.26,23,Medium,Clear,59.7,166.02
DL01334,O01334,D0157,4.58,36,Medium,Clear,62.7,34.3
DL01335,O01335,D0219,1.66,22,High,Clear,54.6,19.29
DL01336,O01336,D0346,2.72,32,Low,Clear,48.8,50.07
DL01337,O01337,D0011,10.45,11,High,Clear,69.0,9.04
DL01338,O01338,D0029,2.21,40,Medium,Clear,59.2,107.51
DL01339,O01339,D0124,14.66,22,Medium,Rainy,105.7,296.03
DL01340,O01340,D0108,4.65,25,Low,Clear,41.0,4.22
DL01341,O01341,D0148,2.53,10,Low,Cloudy,26.9,79.74
DL01342,O01342,D0043,6.21,11,Medium,Cloudy,52.0,65.83
DL01343,O01343,D0070,4.87,41,Low,Rainy,81.4,22.07
DL01344,O01344,D0136,2.1,11,Medium,Cloudy,46.5,61.44
DL01345,O01345,D0173,10.19,13,High,Cloudy,75.0,71.15
DL01346,O01346,D0367,11.89,11,High,Clear,71.0,17.26
DL01347,O01347,D0322,1.03,13,Low,Cloudy,25.9,215.47
DL01348,O01348,D0190,9.01,22,Medium,Cloudy,75.0,73.81
DL01349,O01349,D0183,10.04,10,Low,Clear,44.2,116.5
DL01350,O01350,D0091,14.77,12,Medium,Clear,74.1,93.55
DL01351,O01351,D0422,10.24,24,High,Clear,80.0,88.04
DL01352,O01352,D0468,5.18,12,Medium,Clear,37.6,23.58
DL01353,O01353,D0478,10.37,42,High,Clear,101.1,38.93
DL01354,O01354,D0349,4.88,23,High,Clear,67.9,95.34
DL01355,O01355,D0194,2.95,19,Low,Cloudy,45.6,115.45
DL01356,O01356,D0015,11.38,32,Low,Clear,77.4,45.7
DL01357,O01357,D0289,7.77,17,Medium,Clear,57.2,123.35
DL01358,O01358,D0267,14.33,10,Medium,Cloudy,76.4,64.67
DL01359,O01359,D0424,1.87,37,Medium,Clear,61.8,239.68
DL01360,O01360,D0344,7.71,20,Medium,Rainy,82.5,122.92
DL01361,O01361,D0169,4.51,18,Low,Clear,46.2,49.65
DL01362,O01362,D0079,8.07,20,High,Clear,82.0,119.62
DL01363,O01363,D0389,1.6,10,Low,Clear,24.6,13.61
DL01364,O01364,D0457,1.57,12,Low,Clear,32.5,174.75
DL01365,O01365,D0388,8.51,32,High,Clear,86.7,110.96
DL01366,O01366,D0219,5.94,28,Medium,Cloudy,71.2,27.79
DL01367,O01367,D0234,1.32,18,High,Rainy,64.1,276.11
DL01368,O01368,D0452,9.52,15,High,Clear,75.8,135.32
DL01369,O01369,D0421,7.22,25,Medium,Rainy,73.9,243.28
DL01370,O01370,D0115,14.68,28,Low,Cloudy,92.5,131.63
DL01371,O01371,D0013,12.65,28,Low,Clear,76.9,133.86
DL01372,O01372,D0149,11.22,12,Low,Cloudy,63.0,37.27
DL01373,O01373,D0267,7.71,22,Low,Clear,56.3,126.31
DL01374,O01374,D0460,7.79,35,High,Cloudy,99.6,49.91
DL01375,O01375,D0014,14.16,29,High,Rainy,118.7,53.67
DL01376,O01376,D0493,11.24,32,Medium,Rainy,95.0,132.93
DL01377,O01377,D0250,2.26,28,Medium,Clear,50.2,47.49
DL01378,O01378,D0420,7.1,40,Medium,Clear,80.9,20.95
DL01379,O01379,D0397,6.85,15,Low,Rainy,56.1,129.96
DL01380,O01380,D0187,2.57,44,Low,Cloudy,61.5,42.07
DL01381,O01381,D0069,12.84,15,Medium,Cloudy,75.0,19.89
DL01382,O01382,D0277,4.94,26,Low,Cloudy,56.4,148.8
DL01383,O01383,D0457,6.23,10,High,Cloudy,69.4,135.53
DL01384,O01384,D0353,14.72,37,Medium,Cloudy,112.3,92.44
DL01385,O01385,D0108,10.55,40,Low,Rainy,99.8,87.6
DL01386,O01386,D0192,12.28,25,Medium,Clear,80.2,39.63
DL01387,O01387,D0439,2.47,13,Medium,Cloudy,45.0,235.94
DL01388,O01388,D0081,8.56,12,Medium,Cloudy,63.0,5.77
DL01389,O01389,D0347,11.02,16,High,Rainy,90.8,51.26
DL01390,O01390,D0449,12.39,32,Medium,Rainy,106.1,86.32
DL01391,O01391,D0435,13.39,13,Medium,Clear,76.5,49.64
DL01392,O01392,D0197,2.26,29,Medium,Cloudy,58.0,65.65
DL01393,O01393,D0332,11.35,22,High,Rainy,87.6,251.47
DL01394,O01394,D0025,2.37,17,Low,Clear,27.3,137.22
DL01395,O01395,D0281,6.66,43,Low,Rainy,91.3,107.56
DL01396,O01396,D0140,7.25,13,Low,Cloudy,42.7,32.46
DL01397,O01397,D0011,5.01,35,Low,Clear,61.7,110.36
DL01398,O01398,D0094,13.09,44,High,Rainy,126.2,116.73
DL01399,O01399,D0304,9.21,29,High,Rainy,107.7,52.47
DL01400,O01400,D0475,2.97,19,Medium,Clear,48.5,76.73
DL01401,O01401,D0337,6.22,15,Medium,Cloudy,49.3,8.31
DL01402,O01402,D0478,2.1,39,Medium,Clear,65.0,136.85
DL01403,O01403,D0387,7.92,12,High,Clear,65.6,144.68
DL01404,O01404,D0331,5.97,29,Medium,Clear,66.0,124.68
DL01405,O01405,D0177,5.51,12,Medium,Clear,43.9,19.16
DL01406,O01406,D0417,12.8,25,Medium,Rainy,100.1,58.01
DL01407,O01407,D0047,12.9,13,Medium,Cloudy,75.4,38.54
DL01408,O01408,D0329,10.51,26,High,Cloudy,96.1,108.29
DL01409,O01409,D0146,13.87,38,High,Clear,108.9,55.16
DL01410,O01410,D0001,10.17,13,Medium,Cloudy,69.5,6.59
DL01411,O01411,D0070,9.67,19,Low,Clear,56.3,17.06
DL01412,O01412,D0226,2.31,18,Medium,Cloudy,48.1,174.22
DL01413,O01413,D0133,1.15,20,Medium,Clear,45.8,40.49
DL01414,O01414,D0003,3.94,10,Low,Clear,33.6,30.51
DL01415,O01415,D0090,12.01,40,Medium,Rainy,109.7,44.9
DL01416,O01416,D0357,14.01,26,Medium,Clear,85.4,189.9
DL01417,O01417,D0232,4.21,27,Medium,Cloudy,67.8,38.3
DL01418,O01418,D0454,3.36,16,High,Clear,50.5,24.18
DL01419,O01419,D0267,12.7,35,High,Clear,102.1,215.41
DL01420,O01420,D0331,6.31,33,Low,Clear,57.3,93.26
DL01421,O01421,D0363,14.69,42,Medium,Rainy,123.5,23.39
DL01422,O01422,D0296,14.45,35,Low,Rainy,98.4,193.1
DL01423,O01423,D0102,5.68,38,High,Clear,85.8,15.18
DL01424,O01424,D0064,8.84,33,Low,Cloudy,68.3,119.12
DL01425,O01425,D0080,10.52,21,Low,Clear,62.5,102.49
DL01426,O01426,D0212,9.96,37,Low,Clear,76.0,56.08
DL01427,O01427,D0084,14.66,35,Low,Clear,85.9,53.47
DL01428,O01428,D0474,6.03,34,Low,Clear,61.3,57.09
DL01429,O01429,D0314,11.16,24,High,Cloudy,87.5,184.63
DL01430,O01430,D0227,9.13,40,Low,Clear,75.6,43.7
DL01431,O01431,D0232,8.29,43,Low,Cloudy,81.0,64.75
DL01432,O01432,D0256,3.08,17,High,Rainy,75.9,20.17
DL01433,O01433,D0237,11.55,36,Medium,Clear,89.4,87.08
DL01434,O01434,D0490,6.57,13,Medium,Clear,66.6,77.51
DL01435,O01435,D0153,2.81,21,Low,Rainy,48.4,41.46
DL01436,O01436,D0286,1.16,40,Low,Clear,55.3,103.33
DL01437,O01437,D0168,3.08,30,Medium,Cloudy,56.4,101.95
DL01438,O01438,D0025,10.67,29,Medium,Cloudy,82.0,155.53
DL01439,O01439,D0010,11.48,26,Low,Clear,73.9,27.27
DL01440,O01440,D0365,1.64,40,Medium,Clear,68.3,88.8
DL01441,O01441,D0313,3.17,24,Low,Clear,43.1,85.1
DL01442,O01442,D0163,14.99,41,Medium,Clear,101.4,62.62
DL01443,O01443,D0283,6.79,11,Low,Rainy,60.4,35.01
DL01444,O01444,D0252,13.53,37,Low,Clear,93.4,80.04
DL01445,O01445,D0452,6.7,30,Medium,Clear,65.4,89.33
DL01446,O01446,D0062,8.41,22,Medium,Clear,67.1,27.54
DL01447,O01447,D0208,13.26,42,High,Rainy,129.8,56.65
DL01448,O01448,D0413,14.86,36,Low,Cloudy,95.4,124.01
DL01449,O01449,D0355,1.99,35,Medium,Cloudy,63.8,66.8
DL01450,O01450,D0149,9.85,43,Low,Clear,82.3,160.7
DL01451,O01451,D0169,7.56,27,Medium,Cloudy,70.8,145.9
DL01452,O01452,D0415,8.55,19,Medium,Rainy,67.7,122.03
DL01453,O01453,D0147,3.82,28,Medium,Cloudy,60.2,48.82
DL01454,O01454,D0492,13.52,21,Medium,Clear,85.3,18.19
DL01455,O01455,D0294,5.02,33,Medium,Rainy,77.0,113.52
DL01456,O01456,D0416,2.95,10,Medium,Clear,40.4,67.85
DL01457,O01457,D0004,10.92,18,Low,Cloudy,68.0,109.06
DL01458,O01458,D0078,14.73,38,Low,Rainy,119.0,68.84
DL01459,O01459,D0065,4.37,37,Low,Rainy,74.5,111.54
DL01460,O01460,D0104,7.57,44,Low,Cloudy,87.4,235.73
DL01461,O01461,D0083,1.91,27,High,Rainy,79.0,45.14
DL01462,O01462,D0048,5.67,28,High,Cloudy,71.0,156.5
DL01463,O01463,D0416,12.28,31,Low,Clear,73.5,166.21
DL01464,O01464,D0381,13.34,27,Low,Clear,77.7,26.28
DL01465,O01465,D0264,4.28,21,Low,Clear,52.7,46.22
DL01466,O01466,D0133,8.66,18,High,Clear,77.2,135.91
DL01467,O01467,D0200,11.99,24,High,Clear,88.7,157.67
DL01468,O01468,D0177,1.26,18,Medium,Rainy,58.4,121.46
DL01469,O01469,D0198,3.97,18,Medium,Clear,46.5,166.55
DL01470,O01470,D0099,1.52,40,Medium,Cloudy,69.2,35.17
DL01471,O01471,D0309,2.78,15,Low,Rainy,42.7,232.53
DL01472,O01472,D0383,3.49,24,Low,Cloudy,50.0,82.02
DL01473,O01473,D0116,1.41,19,Medium,Clear,47.7,29.86
DL01474,O01474,D0060,7.13,10,High,Rainy,83.8,40.49
DL01475,O01475,D0445,6.78,17,Medium,Clear,70.5,34.57
DL01476,O01476,D0446,5.08,33,High,Clear,89.3,208.11
DL01477,O01477,D0459,5.46,30,High,Clear,71.1,11.76
DL01478,O01478,D0397,8.52,39,Low,Cloudy,89.9,27.41
DL01479,O01479,D0345,12.27,12,Low,Rainy,78.4,6.58
DL01480,O01480,D0307,14.65,15,Medium,Clear,84.0,13.01
DL01481,O01481,D0413,12.44,34,Medium,Rainy,112.6,152.12
DL01482,O01482,D0020,6.46,42,Medium,Clear,76.8,20.91
DL01483,O01483,D0291,13.26,20,Low,Clear,74.7,145.9
DL01484,O01484,D0090,12.54,21,High,Clear,79.8,90.81
DL01485,O01485,D0371,13.77,10,High,Rainy,93.0,220.45
DL01486,O01486,D0084,1.92,13,Low,Clear,23.6,30.95
DL01487,O01487,D0231,5.95,14,Medium,Clear,59.8,128.87
DL01488,O01488,D0363,1.65,44,High,Clear,84.0,245.76
DL01489,O01489,D0041,5.5,20,Low,Clear,45.2,7.77
DL01490,O01490,D0239,4.93,39,Medium,Clear,74.2,116.31
DL01491,O01491,D0172,13.75,42,Medium,Clear,107.9,116.53
DL01492,O01492,D0300,14.23,30,Low,Clear,86.3,25.2
DL01493,O01493,D0134,10.73,31,Low,Cloudy,83.0,244.29
DL01494,O01494,D0191,4.96,34,Medium,Clear,60.0,121.57
DL01495,O01495,D0145,1.1,43,Medium,Clear,63.2,16.95
DL01496,O01496,D0376,10.39,13,Medium,Clear,60.3,105.59
DL01497,O01497,D0114,7.99,21,Low,Clear,48.5,98.95
DL01498,O01498,D0091,3.9,13,Medium,Clear,42.0,84.72
DL01499,O01499,D0297,3.46,32,Medium,Clear,64.5,140.89
DL01500,O01500,D0491,8.84,15,Medium,Clear,53.6,152.39
DL01501,O01501,D0467,2.82,42,High,Clear,73.5,42.61
DL01502,O01502,D0490,8.69,44,Medium,Cloudy,100.3,31.41
DL01503,O01503,D0224,13.82,42,Medium,Clear,103.2,94.66
DL01504,O01504,D0491,12.08,15,Medium,Clear,67.4,143.22
DL01505,O01505,D0151,14.18,16,High,Clear,91.7,50.56
DL01506,O01506,D0038,4.48,30,Medium,Cloudy,66.2,178.0
DL01507,O01507,D0169,14.33,24,Medium,Clear,89.8,32.5
DL01508,O01508,D0031,7.65,11,Low,Clear,42.1,16.11
DL01509,O01509,D0400,9.83,32,Medium,Rainy,97.3,160.34
DL01510,O01510,D0123,5.12,12,Medium,Clear,51.4,138.0
DL01511,O01511,D0387,14.92,21,Medium,Cloudy,91.4,26.9
DL01512,O01512,D0080,7.13,24,Low,Rainy,71.0,170.06
DL01513,O01513,D0498,3.63,42,Low,Rainy,84.5,20.19
DL01514,O01514,D0371,9.04,22,Low,Cloudy,57.9,22.13
DL01515,O01515,D0144,4.58,22,High,Clear,59.1,55.32
DL01516,O01516,D0068,7.1,37,Low,Cloudy,83.0,26.17
DL01517,O01517,D0069,3.91,22,Low,Clear,42.8,175.76
DL01518,O01518,D0182,6.41,33,Medium,Clear,80.3,65.08
DL01519,O01519,D0220,2.3,39,Low,Clear,51.3,147.64
DL01520,O01520,D0343,4.99,13,Low,Clear,33.2,26.23
DL01521,O01521,D0298,4.48,22,Medium,Clear,57.6,95.39
DL01522,O01522,D0192,14.27,21,Medium,Clear,80.1,93.22
DL01523,O01523,D0126,9.3,10,Low,Cloudy,51.6,35.91
DL01524,O01524,D0019,1.37,26,Low,Rainy,53.3,58.7
DL01525,O01525,D0089,13.79,33,Low,Clear,74.0,56.77
DL01526,O01526,D0083,10.02,43,High,Clear,101.5,92.1
DL01527,O01527,D0318,5.72,16,Medium,Rainy,66.9,197.27
DL01528,O01528,D0259,6.13,32,High,Clear,81.3,74.7
DL01529,O01529,D0264,1.44,30,High,Clear,58.9,75.9
DL01530,O01530,D0218,14.64,33,High,Clear,106.9,78.1
DL01531,O01531,D0415,13.05,12,High,Clear,83.9,40.62
DL01532,O01532,D0275,1.92,38,Low,Cloudy,55.2,53.09
DL01533,O01533,D0119,10.54,37,Low,Rainy,94.2,135.7
DL01534,O01534,D0209,7.29,11,Medium,Clear,57.6,59.28
DL01535,O01535,D0321,12.32,13,Low,Rainy,71.2,53.38
DL01536,O01536,D0309,9.73,26,Medium,Clear,72.0,168.11
DL01537,O01537,D0269,6.78,29,Low,Rainy,82.4,178.26
DL01538,O01538,D0059,7.11,35,High,Clear,92.7,104.73
DL01539,O01539,D0185,10.12,31,High,Clear,94.9,56.83
DL01540,O01540,D0427,10.17,28,Medium,Clear,84.8,271.23
DL01541,O01541,D0012,8.81,40,Medium,Rainy,106.3,62.59
DL01542,O01542,D0224,13.38,34,Medium,Cloudy,104.1,91.22
DL01543,O01543,D0088,11.91,39,Medium,Clear,95.1,30.24
DL01544,O01544,D0098,2.66,18,Medium,Clear,45.1,207.98
DL01545,O01545,D0408,13.21,39,Medium,Rainy,113.6,252.49
DL01546,O01546,D0426,3.83,41,Medium,Rainy,81.3,53.51
DL01547,O01547,D0393,14.31,24,High,Cloudy,106.0,4.51
DL01548,O01548,D0176,12.3,44,Medium,Clear,95.2,139.01
DL01549,O01549,D0068,13.73,10,Medium,Clear,73.9,10.67
DL01550,O01550,D0432,10.47,30,Medium,Clear,80.1,25.0
DL01551,O01551,D0153,10.12,12,Low,Clear,52.2,78.56
DL01552,O01552,D0356,4.49,24,Medium,Clear,54.3,35.07
DL01553,O01553,D0152,9.77,33,High,Clear,85.7,92.41
DL01554,O01554,D0279,6.88,25,Low,Clear,54.1,5.14
DL01555,O01555,D0359,3.15,16,Low,Rainy,49.3,95.4
DL01556,O01556,D0318,6.04,25,High,Rainy,86.8,13.35
DL01557,O01557,D0079,10.27,37,Medium,Clear,90.0,72.83
DL01558,O01558,D0345,13.26,21,Medium,Clear,84.2,13.69
DL01559,O01559,D0189,7.13,34,Medium,Clear,73.8,146.82
DL01560,O01560,D0120,5.06,39,Medium,Rainy,91.6,149.57
DL01561,O01561,D0363,3.25,17,High,Clear,57.3,149.97
DL01562,O01562,D0266,6.64,20,High,Clear,68.7,33.3
DL01563,O01563,D0010,4.98,39,High,Clear,74.8,24.87
DL01564,O01564,D0070,7.26,15,High,Clear,72.8,30.21
DL01565,O01565,D0244,2.41,44,Low,Clear,69.5,218.98
DL01566,O01566,D0325,11.3,39,Medium,Clear,97.8,42.13
DL01567,O01567,D0316,1.06,23,Medium,Cloudy,49.9,87.76
DL01568,O01568,D0349,10.79,37,Medium,Clear,82.3,120.83
DL01569,O01569,D0468,5.29,14,Medium,Clear,48.1,208.97
DL01570,O01570,D0321,6.03,30,High,Clear,80.6,154.19
DL01571,O01571,D0470,3.4,15,High,Clear,53.3,119.57
DL01572,O01572,D0313,14.55,33,High,Clear,110.0,44.88
DL01573,O01573,D0111,1.74,25,Medium,Clear,51.4,205.75
DL01574,O01574,D0215,4.96,16,Low,Clear,46.3,97.12
DL01575,O01575,D0474,3.06,35,Medium,Rainy,75.4,93.75
DL01576,O01576,D0014,7.75,30,Medium,Clear,79.3,84.44
DL01577,O01577,D0292,8.84,27,Medium,Clear,71.3,112.88
DL01578,O01578,D0255,3.75,26,Low,Rainy,59.8,76.42
DL01579,O01579,D0318,10.17,30,High,Cloudy,95.4,32.75
DL01580,O01580,D0256,8.74,15,Low,Rainy,71.4,34.32
DL01581,O01581,D0332,12.79,28,High,Clear,99.3,40.37
DL01582,O01582,D0015,13.69,11,High,Clear,75.7,90.56
DL01583,O01583,D0305,10.72,28,High,Clear,86.1,40.09
DL01584,O01584,D0336,9.82,31,High,Rainy,119.7,77.37
DL01585,O01585,D0399,9.48,25,Low,Clear,68.0,8.25
DL01586,O01586,D0456,3.34,34,Medium,Clear,65.2,126.28
DL01587,O01587,D0172,13.37,20,High,Cloudy,91.6,42.08
DL01588,O01588,D0498,6.04,21,Low,Cloudy,57.2,63.79
DL01589,O01589,D0334,10.68,37,Medium,Rainy,98.9,103.43
DL01590,O01590,D0130,7.17,11,Medium,Rainy,71.3,60.29
DL01591,O01591,D0375,13.64,21,Medium,Cloudy,90.8,35.27
DL01592,O01592,D0460,6.71,34,High,Clear,88.1,123.82
DL01593,O01593,D0063,8.84,11,Medium,Clear,68.9,23.36
DL01594,O01594,D0280,3.62,42,Low,Clear,64.8,77.25
DL01595,O01595,D0256,8.76,22,Medium,Clear,65.4,53.75
DL01596,O01596,D0002,3.84,33,Medium,Clear,56.5,189.51
DL01597,O01597,D0082,12.12,29,Medium,Clear,94.0,44.7
DL01598,O01598,D0388,6.14,29,High,Clear,75.9,115.83
DL01599,O01599,D0092,6.94,21,Medium,Rainy,76.7,123.6
DL01600,O01600,D0217,9.96,17,Medium,Rainy,73.1,208.45
DL01601,O01601,D0361,2.2,42,Medium,Cloudy,71.7,127.25
DL01602,O01602,D0424,5.41,40,High,Clear,83.7,144.37
DL01603,O01603,D0007,14.07,38,Medium,Rainy,124.2,108.3
DL01604,O01604,D0493,13.07,27,Low,Clear,76.0,69.15
DL01605,O01605,D0460,4.24,29,High,Clear,72.0,37.82
DL01606,O01606,D0061,8.18,17,Medium,Rainy,74.5,16.25
DL01607,O01607,D0428,9.17,33,Low,Clear,76.0,84.61
DL01608,O01608,D0109,5.22,10,Low,Rainy,40.5,190.06
DL01609,O01609,D0467,5.87,12,Low,Clear,37.9,57.09
DL01610,O01610,D0452,14.69,20,High,Rainy,109.6,76.13
DL01611,O01611,D0130,2.94,12,Low,Clear,34.2,15.35
DL01612,O01612,D0472,13.76,30,High,Clear,101.6,47.05
DL01613,O01613,D0045,5.96,14,Medium,Cloudy,61.0,69.37
DL01614,O01614,D0395,4.35,10,Low,Clear,32.3,129.62
DL01615,O01615,D0472,4.65,23,Medium,Clear,57.4,89.37
DL01616,O01616,D0251,4.97,13,Low,Clear,39.5,133.55
DL01617,O01617,D0423,5.02,28,High,Clear,80.8,69.44
DL01618,O01618,D0201,4.56,29,Medium,Rainy,78.2,33.65
DL01619,O01619,D0123,12.79,16,Medium,Clear,77.0,79.27
DL01620,O01620,D0007,4.75,18,High,Clear,68.5,201.7
DL01621,O01621,D0029,13.07,43,Medium,Rainy,121.1,193.18
DL01622,O01622,D0483,14.57,22,Medium,Clear,83.5,136.86
DL01623,O01623,D0320,4.9,13,High,Clear,53.3,70.05
DL01624,O01624,D0152,8.91,28,Medium,Clear,76.1,195.32
DL01625,O01625,D0323,7.39,26,Medium,Cloudy,81.6,149.75
DL01626,O01626,D0257,12.85,34,Medium,Cloudy,104.5,158.39
DL01627,O01627,D0097,5.32,23,Low,Clear,40.3,16.73
DL01628,O01628,D0372,11.71,14,Low,Rainy,82.4,24.1
DL01629,O01629,D0430,7.66,16,Medium,Cloudy,67.1,138.66
DL01630,O01630,D0226,9.83,23,Low,Cloudy,61.0,100.75
DL01631,O01631,D0299,9.07,42,Low,Rainy,88.2,87.9
DL01632,O01632,D0394,1.87,21,Low,Clear,34.8,19.02
DL01633,O01633,D0079,9.24,13,Medium,Cloudy,62.1,66.71
DL01634,O01634,D0075,12.58,15,Medium,Rainy,97.9,16.29
DL01635,O01635,D0488,5.04,10,High,Clear,60.9,3.04
DL01636,O01636,D0384,6.64,29,Medium,Cloudy,75.4,64.67
DL01637,O01637,D0417,3.87,35,Medium,Rainy,87.9,124.48
DL01638,O01638,D0445,3.94,32,Low,Cloudy,70.9,211.46
DL01639,O01639,D0480,5.3,21,High,Clear,66.3,120.79
DL01640,O01640,D0038,11.55,22,Medium,Clear,70.9,120.23
DL01641,O01641,D0148,7.74,27,High,Cloudy,92.4,156.72
DL01642,O01642,D0352,10.68,40,High,Cloudy,111.5,122.56
DL01643,O01643,D0456,14.1,37,Medium,Cloudy,105.5,185.05
DL01644,O01644,D0243,11.23,14,Medium,Clear,65.0,23.61
DL01645,O01645,D0309,6.22,29,High,Clear,80.5,30.81
DL01646,O01646,D0055,8.15,29,Medium,Cloudy,73.0,12.19
DL01647,O01647,D0017,4.9,43,Medium,Cloudy,86.0,40.26
DL01648,O01648,D0430,1.92,23,Medium,Cloudy,45.8,173.42
DL01649,O01649,D0100,10.32,24,Medium,Rainy,84.7,69.69
DL01650,O01650,D0386,10.27,39,Low,Clear,84.1,120.41
DL01651,O01651,D0496,12.99,27,High,Clear,85.6,85.77
DL01652,O01652,D0500,3.24,43,High,Clear,85.7,215.78
DL01653,O01653,D0098,13.38,35,High,Rainy,122.4,4.42
DL01654,O01654,D0139,12.12,28,Medium,Rainy,93.4,33.28
DL01655,O01655,D0078,2.5,13,Medium,Clear,42.9,68.49
DL01656,O01656,D0466,14.75,36,Medium,Cloudy,103.7,15.47
DL01657,O01657,D0266,1.55,12,Low,Cloudy,29.0,98.78
DL01658,O01658,D0279,12.13,21,Low,Clear,65.9,7.93
DL01659,O01659,D0344,7.0,11,High,Clear,55.7,107.91
DL01660,O01660,D0044,13.12,43,High,Clear,116.6,6.44
DL01661,O01661,D0203,11.2,40,Low,Clear,81.4,23.93
DL01662,O01662,D0247,1.85,14,Low,Cloudy,26.7,156.27
DL01663,O01663,D0361,4.36,29,High,Clear,73.1,267.57
DL01664,O01664,D0440,14.33,20,Medium,Cloudy,93.8,43.46
DL01665,O01665,D0412,3.06,40,High,Clear,67.4,174.39
DL01666,O01666,D0283,1.96,34,Medium,Clear,62.4,52.35
DL01667,O01667,D0176,3.16,13,High,Clear,56.5,79.92
DL01668,O01668,D0456,11.08,30,Medium,Clear,79.3,191.93
DL01669,O01669,D0374,1.55,10,Medium,Clear,31.0,83.08
DL01670,O01670,D0037,7.06,37,Low,Clear,73.6,67.13
DL01671,O01671,D0064,2.28,10,Low,Rainy,39.5,62.41
DL01672,O01672,D0303,10.62,25,High,Rainy,106.7,66.06
DL01673,O01673,D0495,4.54,11,Low,Rainy,43.8,45.22
DL01674,O01674,D0305,10.59,11,Low,Clear,47.3,26.27
DL01675,O01675,D0322,3.45,26,Low,Cloudy,57.3,198.62
DL01676,O01676,D0045,6.55,31,Low,Clear,58.9,44.79
DL01677,O01677,D0058,13.96,25,Medium,Clear,90.4,101.12
DL01678,O01678,D0363,6.38,22,High,Rainy,79.1,139.9
DL01679,O01679,D0065,2.6,16,Low,Cloudy,41.7,58.47
DL01680,O01680,D0382,6.18,26,High,Clear,72.1,59.46
DL01681,O01681,D0489,7.36,30,Low,Cloudy,65.6,93.1
DL01682,O01682,D0324,7.42,40,High,Clear,84.6,166.38
DL01683,O01683,D0240,10.93,24,Medium,Clear,81.2,119.19
DL01684,O01684,D0112,2.75,32,High,Cloudy,70.8,126.51
DL01685,O01685,D0259,7.46,35,Low,Clear,63.4,128.88
DL01686,O01686,D0090,4.56,39,High,Cloudy,89.4,58.91
DL01687,O01687,D0242,7.22,20,Low,Clear,54.0,55.8
DL01688,O01688,D0327,3.42,35,Low,Clear,62.3,107.94
DL01689,O01689,D0342,4.3,15,Medium,Rainy,65.3,25.53
DL01690,O01690,D0266,8.74,12,Low,Clear,46.4,4.42
DL01691,O01691,D0266,5.22,34,High,Cloudy,74.9,62.15
DL01692,O01692,D0295,3.23,24,Medium,Clear,45.8,36.41
DL01693,O01693,D0065,9.67,30,Medium,Clear,78.0,11.82
DL01694,O01694,D0369,12.71,15,Low,Clear,63.5,12.14
DL01695,O01695,D0314,12.5,32,Low,Clear,81.9,114.67
DL01696,O01696,D0244,12.68,21,Medium,Clear,88.6,187.13
DL01697,O01697,D0293,1.24,36,High,Clear,68.3,26.25
DL01698,O01698,D0384,10.61,24,High,Rainy,90.7,20.02
DL01699,O01699,D0331,14.98,17,Medium,Cloudy,86.5,138.34
DL01700,O01700,D0290,11.17,34,Low,Clear,73.9,89.61
DL01701,O01701,D0379,4.72,28,High,Clear,82.6,18.68
DL01702,O01702,D0394,8.9,44,High,Rainy,119.1,104.13
DL01703,O01703,D0078,7.69,30,Low,Clear,58.2,148.67
DL01704,O01704,D0294,7.43,27,Medium,Clear,62.4,37.78
DL01705,O01705,D0317,11.12,38,Low,Clear,76.6,18.59
DL01706,O01706,D0450,2.78,36,High,Rainy,89.9,45.38
DL01707,O01707,D0103,2.67,19,Low,Clear,35.5,183.84
DL01708,O01708,D0074,8.09,14,Medium,Clear,58.1,28.9
DL01709,O01709,D0480,14.64,31,Medium,Cloudy,94.5,82.85
DL01710,O01710,D0029,1.86,23,Low,Rainy,50.3,114.46
DL01711,O01711,D0178,6.19,10,Low,Cloudy,36.8,259.23
DL01712,O01712,D0321,8.12,22,High,Clear,78.7,17.43
DL01713,O01713,D0364,1.02,36,Low,Rainy,65.8,46.56
DL01714,O01714,D0249,5.13,26,Medium,Clear,60.6,236.86
DL01715,O01715,D0254,2.55,17,Medium,Rainy,65.6,159.73
DL01716,O01716,D0260,10.88,37,Medium,Clear,92.9,82.32
DL01717,O01717,D0097,7.15,35,Low,Rainy,76.6,122.6
DL01718,O01718,D0238,9.72,29,Low,Clear,68.6,120.85
DL01719,O01719,D0152,9.43,28,Medium,Clear,69.1,58.51
DL01720,O01720,D0169,6.01,23,Low,Clear,49.6,33.13
DL01721,O01721,D0022,1.5,34,Medium,Clear,62.0,144.41
DL01722,O01722,D0010,4.75,37,Medium,Cloudy,73.8,187.49
DL01723,O01723,D0044,7.74,17,Medium,Cloudy,64.1,18.44
DL01724,O01724,D0188,3.84,42,Medium,Rainy,90.1,92.17
DL01725,O01725,D0154,14.13,15,Medium,Clear,79.8,59.41
DL01726,O01726,D0398,6.79,34,High,Clear,84.1,248.35
DL01727,O01727,D0140,5.93,10,High,Rainy,78.9,36.59
DL01728,O01728,D0020,2.51,39,Low,Cloudy,63.8,188.06
DL01729,O01729,D0482,4.87,14,Medium,Clear,44.0,27.26
DL01730,O01730,D0291,9.1,18,Medium,Clear,80.4,10.94
DL01731,O01731,D0365,12.47,17,Medium,Clear,69.8,25.59
DL01732,O01732,D0214,11.83,33,Low,Clear,84.3,67.4
DL01733,O01733,D0063,10.59,34,Low,Clear,77.2,10.62
DL01734,O01734,D0486,14.05,17,Medium,Cloudy,95.2,147.02
DL01735,O01735,D0145,4.4,30,Low,Cloudy,54.8,37.87
DL01736,O01736,D0412,4.29,28,High,Clear,73.0,30.63
DL01737,O01737,D0215,1.65,12,High,Rainy,67.5,14.07
DL01738,O01738,D0336,10.85,25,Low,Rainy,89.6,13.71
DL01739,O01739,D0087,12.22,10,Medium,Cloudy,70.4,12.11
DL01740,O01740,D0421,4.64,19,Medium,Clear,56.9,14.09
DL01741,O01741,D0242,12.07,15,High,Clear,78.7,289.36
DL01742,O01742,D0484,10.93,14,High,Cloudy,80.4,78.21
DL01743,O01743,D0279,8.57,26,Low,Clear,57.8,30.89
DL01744,O01744,D0223,8.75,30,Medium,Cloudy,75.2,12.31
DL01745,O01745,D0143,10.87,38,High,Clear,97.5,138.61
DL01746,O01746,D0397,14.97,40,High,Cloudy,120.7,41.99
DL01747,O01747,D0398,5.47,12,Medium,Clear,51.8,28.8
DL01748,O01748,D0470,2.02,37,Low,Clear,48.7,43.64
DL01749,O01749,D0393,10.79,37,Medium,Clear,93.0,160.02
DL01750,O01750,D0136,1.4,10,Medium,Cloudy,48.0,70.47
DL01751,O01751,D0462,13.53,21,Medium,Clear,86.8,140.46
DL01752,O01752,D0117,14.62,25,Medium,Clear,93.7,100.8
DL01753,O01753,D0071,11.17,34,Low,Rainy,93.3,95.38
DL01754,O01754,D0323,5.8,27,Medium,Clear,57.1,196.71
DL01755,O01755,D0356,4.16,17,Medium,Rainy,69.2,6.97
DL01756,O01756,D0023,2.54,15,Medium,Rainy,63.7,37.54
DL01757,O01757,D0081,1.08,18,Medium,Clear,28.7,26.08
DL01758,O01758,D0297,7.03,27,High,Clear,72.6,55.88
DL01759,O01759,D0089,10.06,39,Low,Clear,75.9,53.74
DL01760,O01760,D0343,6.27,29,Medium,Cloudy,65.7,44.35
DL01761,O01761,D0459,7.13,27,Medium,Rainy,78.1,13.28
DL01762,O01762,D0288,10.59,38,High,Cloudy,113.0,53.71
DL01763,O01763,D0373,6.73,20,Medium,Clear,63.4,63.67
DL01764,O01764,D0193,11.83,27,Low,Clear,73.0,33.67
DL01765,O01765,D0027,9.99,42,Low,Clear,82.1,41.81
DL01766,O01766,D0492,10.4,12,Low,Cloudy,67.1,24.25
DL01767,O01767,D0476,9.67,37,Medium,Rainy,99.1,90.69
DL01768,O01768,D0487,2.68,14,Low,Cloudy,32.2,62.49
DL01769,O01769,D0218,10.58,25,Low,Cloudy,77.3,16.39
DL01770,O01770,D0320,9.29,13,Low,Clear,45.9,154.4
DL01771,O01771,D0073,9.04,27,Medium,Cloudy,68.1,5.42
DL01772,O01772,D0478,9.38,36,High,Clear,94.3,233.84
DL01773,O01773,D0323,14.82,27,High,Rainy,109.9,103.22
DL01774,O01774,D0363,7.1,11,Medium,Clear,56.1,56.3
DL01775,O01775,D0479,2.48,15,Medium,Cloudy,48.3,151.55
DL01776,O01776,D0181,8.18,44,Medium,Cloudy,93.8,17.28
DL01777,O01777,D0010,3.1,28,Medium,Cloudy,61.8,190.74
DL01778,O01778,D0051,12.29,38,Medium,Clear,94.5,192.75
DL01779,O01779,D0160,4.49,20,Medium,Clear,52.5,45.22
DL01780,O01780,D0193,14.94,10,High,Cloudy,92.9,114.97
DL01781,O01781,D0046,3.49,30,High,Rainy,79.4,6.04
DL01782,O01782,D0200,6.29,44,High,Clear,99.5,58.42
DL01783,O01783,D0103,3.05,17,High,Clear,55.9,174.23
DL01784,O01784,D0138,6.87,12,Medium,Clear,59.1,41.13
DL01785,O01785,D0344,7.78,24,Low,Clear,62.1,54.84
DL01786,O01786,D0236,11.41,26,High,Rainy,102.4,46.1
DL01787,O01787,D0339,1.02,37,Medium,Cloudy,69.5,46.75
DL01788,O01788,D0190,4.23,23,Medium,Clear,51.0,134.92
DL01789,O01789,D0117,4.78,26,Medium,Rainy,72.4,70.08
DL01790,O01790,D0071,9.41,29,Medium,Clear,67.6,73.4
DL01791,O01791,D0457,4.88,15,Medium,Clear,57.1,65.48
DL01792,O01792,D0310,7.82,15,Medium,Clear,64.5,86.04
DL01793,O01793,D0480,7.83,22,Medium,Cloudy,64.7,28.64
DL01794,O01794,D0211,12.35,44,Low,Rainy,105.5,121.31
DL01795,O01795,D0423,13.26,44,Low,Clear,96.2,38.01
DL01796,O01796,D0285,14.68,36,Low,Clear,91.6,76.78
DL01797,O01797,D0272,12.77,41,High,Cloudy,109.8,138.77
DL01798,O01798,D0231,13.29,43,Low,Clear,96.2,179.77
DL01799,O01799,D0428,14.59,12,Medium,Clear,83.5,48.15
DL01800,O01800,D0451,12.58,41,Low,Clear,96.6,21.07
DL01801,O01801,D0197,3.86,16,Medium,Clear,49.2,228.47
DL01802,O01802,D0454,12.09,43,High,Cloudy,115.7,38.75
DL01803,O01803,D0273,10.93,30,Low,Clear,64.9,36.02
DL01804,O01804,D0209,8.78,38,Medium,Clear,79.2,14.23
DL01805,O01805,D0484,3.44,13,Low,Clear,31.1,84.39
DL01806,O01806,D0042,1.67,13,Low,Cloudy,40.9,20.67
DL01807,O01807,D0096,4.04,10,Low,Clear,32.4,10.64
DL01808,O01808,D0247,13.28,40,Medium,Rainy,107.9,61.09
DL01809,O01809,D0296,4.77,26,Medium,Clear,55.2,94.3
DL01810,O01810,D0270,7.26,16,Medium,Clear,64.0,248.31
DL01811,O01811,D0160,14.97,30,Medium,Clear,93.8,59.29
DL01812,O01812,D0427,8.13,32,High,Clear,80.2,93.05
DL01813,O01813,D0486,11.74,22,Low,Clear,65.6,53.92
DL01814,O01814,D0461,12.13,43,High,Rainy,122.0,41.24
DL01815,O01815,D0431,13.31,14,Medium,Clear,70.5,68.2
DL01816,O01816,D0151,5.66,40,High,Clear,94.9,93.93
DL01817,O01817,D0060,3.14,21,Medium,Clear,60.5,37.38
DL01818,O01818,D0012,13.44,37,Medium,Cloudy,97.5,68.48
DL01819,O01819,D0086,9.53,37,Medium,Clear,80.8,25.87
DL01820,O01820,D0478,9.34,16,Low,Clear,43.5,113.35
DL01821,O01821,D0117,8.98,43,Low,Clear,80.7,107.52
DL01822,O01822,D0058,1.49,31,Medium,Clear,63.6,71.35
DL01823,O01823,D0278,4.48,33,Medium,Clear,68.8,150.75
DL01824,O01824,D0192,10.41,23,Medium,Clear,79.1,26.64
DL01825,O01825,D0330,1.46,25,Low,Clear,43.7,24.27
DL01826,O01826,D0396,9.49,20,Medium,Clear,68.1,123.58
DL01827,O01827,D0356,1.7,39,Low,Clear,56.8,82.38
DL01828,O01828,D0476,1.12,16,Medium,Cloudy,43.9,77.86
DL01829,O01829,D0343,13.48,12,Low,Rainy,75.7,119.75
DL01830,O01830,D0280,13.75,24,High,Rainy,113.8,193.69
DL01831,O01831,D0476,5.06,39,Medium,Clear,78.9,11.08
DL01832,O01832,D0456,13.11,42,High,Cloudy,115.9,25.68
DL01833,O01833,D0020,2.05,26,Low,Cloudy,47.1,90.99
DL01834,O01834,D0131,6.76,29,Low,Clear,61.2,169.96
DL01835,O01835,D0199,7.67,42,Low,Clear,77.2,36.78
DL01836,O01836,D0023,6.72,36,Medium,Clear,73.2,118.63
DL01837,O01837,D0443,5.88,29,High,Rainy,85.0,50.14
DL01838,O01838,D0355,9.56,43,High,Cloudy,100.8,73.47
DL01839,O01839,D0033,10.47,40,Medium,Clear,89.8,84.1
DL01840,O01840,D0371,14.42,14,Low,Cloudy,75.3,96.31
DL01841,O01841,D0046,2.77,27,Low,Cloudy,50.2,57.1
DL01842,O01842,D0035,13.61,28,Medium,Cloudy,90.1,7.58
DL01843,O01843,D0022,12.16,26,Medium,Cloudy,87.3,11.26
DL01844,O01844,D0034,4.96,32,Medium,Cloudy,65.3,25.48
DL01845,O01845,D0036,3.8,11,Medium,Rainy,54.5,161.78
DL01846,O01846,D0101,2.63,33,High,Clear,77.3,86.27
DL01847,O01847,D0486,6.93,10,Low,Cloudy,52.8,34.67
DL01848,O01848,D0154,8.7,31,High,Clear,98.1,67.14
DL01849,O01849,D0041,8.98,23,Low,Cloudy,67.0,143.16
DL01850,O01850,D0010,6.83,22,Medium,Rainy,77.1,16.37
DL01851,O01851,D0357,10.59,21,High,Clear,81.6,105.27
DL01852,O01852,D0114,10.91,16,Low,Clear,58.3,259.06
DL01853,O01853,D0391,8.21,11,Medium,Clear,51.4,73.54
DL01854,O01854,D0042,8.72,12,Medium,Clear,58.0,252.03
DL01855,O01855,D0139,3.73,22,High,Rainy,78.9,33.37
DL01856,O01856,D0465,8.76,39,Low,Clear,71.1,14.39
DL01857,O01857,D0072,2.05,23,High,Clear,58.2,76.45
DL01858,O01858,D0071,8.99,35,High,Rainy,105.7,172.07
DL01859,O01859,D0110,10.0,16,Low,Clear,52.6,24.49
DL01860,O01860,D0107,14.75,37,Medium,Clear,104.7,137.82
DL01861,O01861,D0253,6.95,17,Low,Clear,40.1,43.07
DL01862,O01862,D0072,7.94,24,Medium,Rainy,75.9,180.45
DL01863,O01863,D0225,7.33,14,High,Clear,55.8,68.51
DL01864,O01864,D0134,4.64,42,Low,Clear,58.3,64.85
DL01865,O01865,D0046,2.32,12,Low,Clear,42.0,46.77
DL01866,O01866,D0389,9.97,31,High,Cloudy,105.2,27.69
DL01867,O01867,D0080,2.01,31,Medium,Cloudy,59.4,24.5
DL01868,O01868,D0429,7.02,41,Medium,Clear,80.0,35.26
DL01869,O01869,D0112,1.15,32,Medium,Rainy,67.8,30.83
DL01870,O01870,D0270,14.17,30,Low,Clear,79.7,24.75
DL01871,O01871,D0034,10.76,13,Medium,Clear,72.1,40.5
DL01872,O01872,D0440,4.12,24,High,Clear,68.8,118.99
DL01873,O01873,D0058,4.87,30,Medium,Cloudy,65.5,157.46
DL01874,O01874,D0306,5.51,29,Medium,Clear,65.7,55.9
DL01875,O01875,D0482,8.27,29,Low,Rainy,90.1,49.01
DL01876,O01876,D0217,9.84,34,Medium,Cloudy,89.5,15.85
DL01877,O01877,D0342,2.07,40,Medium,Rainy,89.6,104.86
DL01878,O01878,D0195,10.24,13,Low,Clear,56.3,51.71
DL01879,O01879,D0105,2.04,38,Medium,Rainy,83.7,113.11
DL01880,O01880,D0383,13.79,44,High,Clear,110.0,164.36
DL01881,O01881,D0466,7.96,39,Low,Clear,79.0,132.46
DL01882,O01882,D0440,14.07,18,Medium,Clear,75.4,58.84
DL01883,O01883,D0404,9.99,14,Low,Clear,61.5,78.27
DL01884,O01884,D0269,6.62,27,Medium,Rainy,81.6,17.21
DL01885,O01885,D0126,11.96,42,Medium,Clear,88.6,38.69
DL01886,O01886,D0234,1.95,22,Medium,Clear,48.0,148.87
DL01887,O01887,D0482,9.22,42,High,Clear,106.6,181.57
DL01888,O01888,D0085,4.61,11,Medium,Rainy,57.4,12.51
DL01889,O01889,D0349,12.8,21,Low,Clear,79.4,216.31
DL01890,O01890,D0499,13.47,38,High,Clear,109.4,89.76
DL01891,O01891,D0201,9.2,38,Low,Rainy,102.8,11.1
DL01892,O01892,D0104,4.65,32,Medium,Rainy,79.6,45.42
DL01893,O01893,D0342,6.45,14,Medium,Cloudy,59.6,149.22
DL01894,O01894,D0223,9.69,40,Low,Clear,79.1,125.56
DL01895,O01895,D0045,6.95,32,High,Clear,84.1,32.02
DL01896,O01896,D0159,11.88,25,Medium,Cloudy,84.7,11.16
DL01897,O01897,D0454,6.17,17,Medium,Rainy,68.3,182.96
DL01898,O01898,D0169,8.08,18,Medium,Rainy,77.1,8.5
DL01899,O01899,D0046,3.65,11,Low,Cloudy,36.0,11.78
DL01900,O01900,D0258,10.77,27,High,Cloudy,90.9,53.93
DL01901,O01901,D0124,13.11,28,Low,Cloudy,82.4,65.87
DL01902,O01902,D0391,6.13,17,Low,Rainy,66.0,97.21
DL01903,O01903,D0140,14.37,26,Low,Clear,79.9,91.23
DL01904,O01904,D0320,1.54,14,Low,Cloudy,37.3,102.62
DL01905,O01905,D0043,4.08,17,High,Clear,58.2,142.37
DL01906,O01906,D0051,6.77,19,High,Rainy,91.1,71.45
DL01907,O01907,D0339,6.94,12,Medium,Clear,52.0,51.54
DL01908,O01908,D0367,12.11,12,High,Rainy,92.2,41.31
DL01909,O01909,D0276,13.42,40,Medium,Clear,101.8,22.58
DL01910,O01910,D0397,5.24,36,Medium,Clear,69.9,198.17
DL01911,O01911,D0431,9.94,37,High,Clear,102.6,78.06
DL01912,O01912,D0469,8.72,36,Low,Rainy,82.9,16.2
DL01913,O01913,D0229,3.49,25,Low,Cloudy,57.1,104.29
DL01914,O01914,D0410,5.56,24,Low,Clear,49.3,25.46
DL01915,O01915,D0225,1.28,17,Medium,Clear,42.3,96.28
DL01916,O01916,D0314,5.25,37,High,Clear,72.9,52.23
DL01917,O01917,D0496,2.48,24,High,Clear,59.2,39.43
DL01918,O01918,D0406,13.58,33,High,Clear,108.8,11.61
DL01919,O01919,D0315,13.58,14,Medium,Clear,81.6,32.94
DL01920,O01920,D0203,10.52,15,High,Cloudy,88.2,8.49
DL01921,O01921,D0399,14.9,14,Low,Clear,75.1,32.57
DL01922,O01922,D0173,9.12,34,Medium,Rainy,92.5,86.91
DL01923,O01923,D0303,3.81,16,Medium,Clear,59.6,43.44
DL01924,O01924,D0082,13.39,40,Low,Clear,93.9,196.08
DL01925,O01925,D0031,3.92,12,High,Cloudy,54.8,116.83
DL01926,O01926,D0367,4.74,27,Medium,Clear,60.2,125.43
DL01927,O01927,D0354,10.22,38,Medium,Clear,83.5,148.62
DL01928,O01928,D0413,2.81,10,Low,Clear,34.9,45.77
DL01929,O01929,D0041,9.54,38,Medium,Cloudy,95.6,45.5
DL01930,O01930,D0209,5.24,42,Medium,Clear,78.8,103.68
DL01931,O01931,D0274,9.76,33,Medium,Clear,84.4,133.39
DL01932,O01932,D0096,12.17,44,Low,Cloudy,100.9,45.15
DL01933,O01933,D0010,6.52,16,Medium,Clear,56.0,66.36
DL01934,O01934,D0265,5.63,42,Medium,Clear,71.1,33.35
DL01935,O01935,D0436,5.63,13,Medium,Clear,56.3,8.83
DL01936,O01936,D0372,6.01,44,Medium,Cloudy,78.3,103.09
DL01937,O01937,D0155,11.97,43,Low,Cloudy,98.5,165.48
DL01938,O01938,D0282,7.03,19,High,Cloudy,79.8,145.16
DL01939,O01939,D0249,10.99,19,Medium,Cloudy,76.2,112.06
DL01940,O01940,D0085,11.36,29,Low,Cloudy,75.3,29.56
DL01941,O01941,D0029,8.46,26,Low,Clear,55.3,258.62
DL01942,O01942,D0020,7.37,22,Low,Cloudy,57.0,115.33
DL01943,O01943,D0329,6.3,16,Low,Rainy,50.9,161.77
DL01944,O01944,D0452,10.17,39,Medium,Cloudy,94.0,105.67
DL01945,O01945,D0143,8.2,31,Medium,Cloudy,85.1,222.33
DL01946,O01946,D0180,5.08,20,Low,Clear,35.8,218.88
DL01947,O01947,D0215,8.46,22,High,Cloudy,81.2,210.11
DL01948,O01948,D0106,10.21,32,High,Clear,98.4,3.12
DL01949,O01949,D0362,8.62,19,Medium,Clear,72.0,24.5
DL01950,O01950,D0336,1.21,37,Low,Clear,51.6,45.93
DL01951,O01951,D0129,14.9,26,High,Clear,90.9,69.08
DL01952,O01952,D0403,11.6,39,Medium,Clear,87.8,123.1
DL01953,O01953,D0410,4.41,31,Medium,Cloudy,63.1,26.88
DL01954,O01954,D0315,11.65,29,Medium,Clear,88.4,154.07
DL01955,O01955,D0004,11.75,15,Low,Rainy,79.4,31.5
DL01956,O01956,D0318,9.41,27,Low,Clear,62.2,131.93
DL01957,O01957,D0220,9.74,40,Medium,Rainy,106.8,25.08
DL01958,O01958,D0488,3.26,35,High,Clear,68.5,62.41
DL01959,O01959,D0185,6.21,11,High,Rainy,72.8,189.34
DL01960,O01960,D0497,9.23,40,High,Clear,96.9,133.36
DL01961,O01961,D0382,2.09,22,Medium,Clear,48.5,32.81
DL01962,O01962,D0188,14.69,44,Medium,Cloudy,106.7,141.02
DL01963,O01963,D0291,2.43,34,Low,Clear,53.4,27.36
DL01964,O01964,D0163,6.65,41,Medium,Cloudy,77.1,197.91
DL01965,O01965,D0364,13.79,38,Medium,Clear,93.1,254.88
DL01966,O01966,D0424,1.21,44,Medium,Clear,63.7,65.08
DL01967,O01967,D0405,10.57,37,Medium,Clear,93.4,193.34
DL01968,O01968,D0101,6.44,28,Medium,Clear,69.6,131.06
DL01969,O01969,D0155,11.04,28,Medium,Clear,76.0,173.4
DL01970,O01970,D0175,10.29,16,High,Rainy,93.0,49.63
DL01971,O01971,D0360,9.36,28,High,Cloudy,96.1,195.9
DL01972,O01972,D0269,13.11,17,Medium,Rainy,101.2,130.39
DL01973,O01973,D0310,1.07,23,Medium,Rainy,64.1,14.66
DL01974,O01974,D0262,3.04,44,Low,Clear,66.0,166.95
DL01975,O01975,D0415,12.01,17,Low,Clear,57.6,175.46
DL01976,O01976,D0087,9.89,11,Low,Rainy,67.0,93.89
DL01977,O01977,D0490,13.96,38,Low,Clear,90.4,46.66
DL01978,O01978,D0161,7.15,33,Medium,Rainy,87.1,90.18
DL01979,O01979,D0137,8.7,24,High,Clear,72.7,135.0
DL01980,O01980,D0325,9.74,17,Medium,Clear,61.5,28.36
DL01981,O01981,D0428,3.47,12,Medium,Clear,38.6,53.19
DL01982,O01982,D0186,3.01,20,Medium,Clear,54.1,125.39
DL01983,O01983,D0493,4.55,16,Medium,Clear,47.4,72.91
DL01984,O01984,D0038,6.4,14,Low,Clear,40.2,31.98
DL01985,O01985,D0240,7.83,30,Low,Clear,55.2,227.2
DL01986,O01986,D0300,7.5,31,High,Clear,84.8,103.01
DL01987,O01987,D0324,12.09,41,Medium,Clear,101.9,38.97
DL01988,O01988,D0032,2.87,16,Low,Cloudy,30.3,27.43
DL01989,O01989,D0387,6.16,35,Medium,Rainy,86.2,96.56
DL01990,O01990,D0226,14.24,36,Medium,Rainy,114.7,185.31
DL01991,O01991,D0106,11.81,13,High,Rainy,101.5,36.63
DL01992,O01992,D0059,6.99,27,Low,Cloudy,59.6,40.17
DL01993,O01993,D0396,9.14,11,Medium,Cloudy,69.2,113.64
DL01994,O01994,D0100,7.58,42,High,Rainy,105.9,272.84
DL01995,O01995,D0367,6.37,10,High,Clear,65.2,124.28
DL01996,O01996,D0174,2.86,39,Medium,Clear,63.9,36.58
DL01997,O01997,D0416,3.34,34,Medium,Clear,64.0,30.88
DL01998,O01998,D0415,5.03,35,High,Rainy,98.1,42.03
DL01999,O01999,D0141,6.11,40,Medium,Clear,66.6,16.28
DL02000,O02000,D0305,4.52,25,High,Clear,55.5,83.16
DL02001,O02001,D0470,9.08,13,Medium,Rainy,79.6,61.09
DL02002,O02002,D0347,9.37,22,High,Clear,85.6,24.66
DL02003,O02003,D0247,1.64,36,High,Rainy,92.7,107.05
DL02004,O02004,D0069,10.1,23,Medium,Clear,77.1,33.21
DL02005,O02005,D0490,7.55,25,Low,Cloudy,65.1,67.66
DL02006,O02006,D0490,8.66,18,Low,Cloudy,57.9,174.33
DL02007,O02007,D0064,13.51,39,High,Clear,108.7,40.35
DL02008,O02008,D0154,3.57,18,Low,Clear,40.0,188.86
DL02009,O02009,D0049,6.66,36,High,Clear,76.1,70.74
DL02010,O02010,D0211,7.79,16,Low,Cloudy,55.1,38.89
DL02011,O02011,D0407,9.27,16,High,Clear,74.6,149.42
DL02012,O02012,D0236,10.49,28,High,Cloudy,95.1,33.09
DL02013,O02013,D0220,2.81,25,High,Cloudy,58.6,53.77
DL02014,O02014,D0194,11.49,25,Low,Clear,71.4,165.26
DL02015,O02015,D0259,4.09,43,High,Cloudy,85.6,19.09
DL02016,O02016,D0495,14.32,38,Medium,Clear,102.9,111.1
DL02017,O02017,D0461,2.48,41,Low,Rainy,81.6,53.11
DL02018,O02018,D0484,14.81,24,High,Clear,98.7,204.52
DL02019,O02019,D0149,13.99,42,Low,Clear,90.6,141.44
DL02020,O02020,D0430,13.45,30,Low,Rainy,88.0,289.83
DL02021,O02021,D0365,1.42,40,Medium,Rainy,80.9,84.01
DL02022,O02022,D0167,3.82,38,Medium,Cloudy,75.0,239.22
DL02023,O02023,D0334,8.95,25,High,Clear,80.2,31.49
DL02024,O02024,D0038,11.1,32,Medium,Cloudy,88.2,108.59
DL02025,O02025,D0028,11.29,16,Low,Clear,59.0,39.62
DL02026,O02026,D0453,1.65,41,High,Clear,73.2,154.17
DL02027,O02027,D0301,10.64,39,Medium,Cloudy,91.5,131.25
DL02028,O02028,D0102,7.95,19,Low,Rainy,64.7,196.74
DL02029,O02029,D0062,5.39,24,High,Clear,74.0,32.51
DL02030,O02030,D0273,10.65,22,Medium,Cloudy,72.4,92.86
DL02031,O02031,D0168,4.51,31,Low,Clear,56.9,16.88
DL02032,O02032,D0231,10.03,32,High,Clear,93.1,14.08
DL02033,O02033,D0110,9.57,43,High,Cloudy,105.8,55.49
DL02034,O02034,D0035,9.28,15,High,Clear,72.1,86.89
DL02035,O02035,D0210,8.46,41,Low,Rainy,91.3,161.2
DL02036,O02036,D0185,4.82,21,Low,Rainy,56.9,60.68
DL02037,O02037,D0213,3.81,40,Medium,Cloudy,70.2,24.46
DL02038,O02038,D0281,6.36,24,Medium,Rainy,81.6,113.26
DL02039,O02039,D0479,14.59,21,Medium,Clear,79.6,201.92
DL02040,O02040,D0271,12.03,44,High,Rainy,127.8,124.31
DL02041,O02041,D0367,6.38,10,Low,Clear,42.5,117.41
DL02042,O02042,D0249,10.57,34,Medium,Cloudy,85.0,61.75
DL02043,O02043,D0147,4.93,19,High,Clear,67.9,172.29
DL02044,O02044,D0179,4.01,42,Medium,Clear,63.7,137.66
DL02045,O02045,D0141,9.17,24,Medium,Cloudy,81.7,90.23
DL02046,O02046,D0096,4.59,17,Medium,Clear,48.3,78.73
DL02047,O02047,D0351,8.65,37,Low,Clear,76.9,140.21
DL02048,O02048,D0206,2.12,17,Medium,Clear,45.2,205.98
DL02049,O02049,D0025,12.69,33,Low,Cloudy,89.0,30.0
DL02050,O02050,D0256,6.35,11,Low,Cloudy,39.1,70.54
DL02051,O02051,D0211,1.22,12,High,Clear,57.8,232.0
DL02052,O02052,D0151,14.42,34,Low,Clear,91.6,165.08
DL02053,O02053,D0211,8.63,43,Medium,Clear,94.1,25.86
DL02054,O02054,D0081,13.82,26,High,Cloudy,107.5,144.89
DL02055,O02055,D0315,3.63,28,Low,Cloudy,55.7,82.95
DL02056,O02056,D0492,5.2,38,Medium,Rainy,90.0,109.67
DL02057,O02057,D0400,6.36,28,Medium,Cloudy,76.3,249.38
DL02058,O02058,D0352,3.74,39,Medium,Clear,69.3,178.09
DL02059,O02059,D0479,7.36,20,Low,Rainy,63.3,116.65
DL02060,O02060,D0307,4.94,18,Low,Rainy,62.7,209.28
DL02061,O02061,D0373,2.76,43,Low,Clear,59.3,133.21
DL02062,O02062,D0109,2.14,29,Low,Rainy,58.2,127.86
DL02063,O02063,D0138,4.61,13,Medium,Cloudy,39.8,80.76
DL02064,O02064,D0456,14.74,14,High,Clear,91.3,63.8
DL02065,O02065,D0439,4.59,22,Medium,Clear,55.3,175.03
DL02066,O02066,D0378,12.98,13,Low,Clear,64.5,102.7
DL02067,O02067,D0497,7.43,19,High,Cloudy,76.5,54.8
DL02068,O02068,D0446,4.53,11,Medium,Clear,49.1,32.55
DL02069,O02069,D0301,12.52,19,Medium,Clear,77.9,87.78
DL02070,O02070,D0450,11.57,11,Medium,Clear,70.1,112.97
DL02071,O02071,D0281,9.64,25,High,Clear,87.3,108.05
DL02072,O02072,D0186,5.01,16,Medium,Cloudy,57.6,187.8
DL02073,O02073,D0091,11.67,18,Medium,Rainy,85.7,15.75
DL02074,O02074,D0064,1.27,33,High,Cloudy,77.8,45.37
DL02075,O02075,D0172,4.92,18,Medium,Rainy,64.1,14.97
DL02076,O02076,D0152,13.06,38,Low,Cloudy,89.8,75.86
DL02077,O02077,D0242,4.28,17,High,Clear,57.0,168.3
DL02078,O02078,D0307,9.81,21,Low,Rainy,82.2,47.14
DL02079,O02079,D0319,7.71,11,Medium,Clear,48.9,65.72
DL02080,O02080,D0152,7.01,18,Medium,Rainy,73.6,19.44
DL02081,O02081,D0304,10.61,16,Low,Cloudy,61.2,73.95
DL02082,O02082,D0020,1.53,38,High,Rainy,83.4,69.81
DL02083,O02083,D0032,7.97,41,Medium,Clear,79.9,240.2
DL02084,O02084,D0162,7.16,29,Medium,Rainy,90.1,57.99
DL02085,O02085,D0477,11.51,32,Medium,Cloudy,95.0,192.59
DL02086,O02086,D0052,6.97,34,Medium,Clear,74.3,115.68
DL02087,O02087,D0255,13.67,24,Low,Rainy,88.8,75.86
DL02088,O02088,D0038,14.9,42,Low,Rainy,109.1,14.24
DL02089,O02089,D0270,13.26,39,High,Cloudy,107.1,7.9
DL02090,O02090,D0152,12.15,25,Medium,Clear,83.8,167.43
DL02091,O02091,D0483,11.04,18,Medium,Clear,67.0,98.14
DL02092,O02092,D0373,8.85,19,Medium,Cloudy,59.9,215.49
DL02093,O02093,D0467,12.02,41,Low,Rainy,96.6,29.06
DL02094,O02094,D0200,9.44,23,High,Cloudy,89.7,105.8
DL02095,O02095,D0264,14.47,44,High,Clear,119.4,7.38
DL02096,O02096,D0134,13.45,23,High,Clear,92.7,32.21
DL02097,O02097,D0234,9.07,10,High,Cloudy,76.8,106.37
DL02098,O02098,D0459,6.95,33,Medium,Cloudy,74.3,55.8
DL02099,O02099,D0369,3.76,21,Medium,Clear,54.2,52.08
DL02100,O02100,D0171,4.43,18,Medium,Clear,55.4,51.9
DL02101,O02101,D0499,4.06,22,High,Clear,58.2,52.48
DL02102,O02102,D0311,13.48,35,High,Clear,101.3,36.63
DL02103,O02103,D0461,13.84,24,Medium,Clear,95.9,79.66
DL02104,O02104,D0411,5.48,25,Medium,Clear,57.7,24.09
DL02105,O02105,D0280,10.83,19,High,Rainy,95.6,77.22
DL02106,O02106,D0348,2.75,26,Medium,Clear,53.3,191.81
DL02107,O02107,D0067,8.86,19,High,Clear,76.1,35.02
DL02108,O02108,D0006,5.19,19,Medium,Clear,52.1,252.12
DL02109,O02109,D0066,14.31,44,Medium,Cloudy,108.6,42.53
DL02110,O02110,D0481,2.9,17,Medium,Clear,58.7,66.48
DL02111,O02111,D0144,2.89,19,Low,Rainy,49.7,94.11
DL02112,O02112,D0441,11.8,16,Low,Clear,62.9,57.93
DL02113,O02113,D0062,5.37,43,Low,Cloudy,71.5,26.35
DL02114,O02114,D0475,4.57,10,Low,Cloudy,39.1,4.04
DL02115,O02115,D0233,3.93,14,Medium,Clear,52.1,72.04
DL02116,O02116,D0213,4.54,26,Medium,Rainy,72.7,23.19
DL02117,O02117,D0449,14.85,29,Low,Clear,79.0,275.4
DL02118,O02118,D0146,7.35,13,Low,Clear,45.4,12.95
DL02119,O02119,D0251,4.5,43,Medium,Clear,89.8,192.83
DL02120,O02120,D0113,1.88,10,Medium,Rainy,38.3,37.59
DL02121,O02121,D0080,2.7,38,Low,Clear,64.5,69.83
DL02122,O02122,D0422,10.2,29,Medium,Cloudy,78.6,9.63
DL02123,O02123,D0146,4.65,38,Low,Clear,57.8,60.5
DL02124,O02124,D0270,8.78,25,Medium,Cloudy,76.5,228.17
DL02125,O02125,D0497,8.74,25,Low,Cloudy,66.8,112.27
DL02126,O02126,D0154,6.07,33,Low,Clear,68.4,66.33
DL02127,O02127,D0070,10.99,26,Low,Clear,60.8,59.26
DL02128,O02128,D0267,1.47,36,Medium,Clear,65.8,7.2
DL02129,O02129,D0002,6.84,18,Medium,Rainy,74.8,165.96
DL02130,O02130,D0281,7.08,29,Low,Rainy,78.0,87.38
DL02131,O02131,D0250,2.74,33,Medium,Clear,61.0,6.48
DL02132,O02132,D0451,1.21,30,High,Rainy,67.4,91.14
DL02133,O02133,D0250,8.48,26,Low,Clear,66.4,136.37
DL02134,O02134,D0445,5.13,40,Medium,Clear,68.4,4.91
DL02135,O02135,D0168,14.05,23,Medium,Clear,82.4,33.99
DL02136,O02136,D0414,10.88,22,Low,Cloudy,75.0,64.64
DL02137,O02137,D0009,2.23,38,Medium,Clear,57.8,25.35
DL02138,O02138,D0414,10.18,42,Medium,Clear,89.8,183.32
DL02139,O02139,D0490,13.25,30,Medium,Rainy,112.4,99.55
DL02140,O02140,D0405,14.4,15,High,Rainy,102.7,24.77
DL02141,O02141,D0342,5.38,24,Medium,Clear,60.8,122.41
DL02142,O02142,D0301,7.13,23,Medium,Cloudy,67.2,95.66
DL02143,O02143,D0140,10.03,41,Medium,Clear,88.6,66.88
DL02144,O02144,D0042,13.73,18,High,Clear,93.4,126.66
DL02145,O02145,D0124,10.46,19,Medium,Clear,66.9,3.89
DL02146,O02146,D0181,6.38,28,Medium,Clear,67.5,130.58
DL02147,O02147,D0158,2.26,12,Medium,Clear,46.7,68.43
DL02148,O02148,D0302,3.02,41,Medium,Clear,68.0,212.51
DL02149,O02149,D0070,8.67,10,Medium,Clear,50.0,157.79
DL02150,O02150,D0347,4.34,25,High,Clear,73.6,178.65
DL02151,O02151,D0226,7.29,41,High,Clear,98.6,47.99
DL02152,O02152,D0463,6.7,11,Medium,Clear,44.6,170.52
DL02153,O02153,D0060,8.99,28,High,Rainy,105.1,105.84
DL02154,O02154,D0121,5.67,24,High,Clear,75.8,71.53
DL02155,O02155,D0055,7.45,14,High,Cloudy,58.7,20.1
DL02156,O02156,D0310,9.15,23,Low,Clear,61.0,104.27
DL02157,O02157,D0414,9.32,14,Low,Clear,53.6,161.75
DL02158,O02158,D0335,7.55,20,Medium,Clear,64.5,18.53
DL02159,O02159,D0255,11.0,36,Medium,Rainy,113.0,89.71
DL02160,O02160,D0059,6.46,16,Medium,Clear,60.3,129.3
DL02161,O02161,D0036,12.03,11,Medium,Rainy,85.1,59.06
DL02162,O02162,D0058,14.78,32,Medium,Cloudy,100.7,16.35
DL02163,O02163,D0313,11.63,30,Medium,Rainy,111.6,95.71
DL02164,O02164,D0107,11.92,32,Medium,Rainy,105.1,112.59
DL02165,O02165,D0093,13.21,10,Low,Rainy,76.0,33.17
DL02166,O02166,D0391,2.45,38,High,Clear,68.3,39.77
DL02167,O02167,D0463,8.86,44,Medium,Clear,88.8,250.13
DL02168,O02168,D0308,10.41,44,Low,Clear,83.9,67.7
DL02169,O02169,D0307,13.81,27,Medium,Cloudy,99.5,124.64
DL02170,O02170,D0093,12.67,42,Medium,Cloudy,105.3,122.83
DL02171,O02171,D0014,6.45,15,Medium,Clear,51.5,18.18
DL02172,O02172,D0202,5.37,19,Medium,Cloudy,61.8,174.23
DL02173,O02173,D0408,5.15,37,Low,Clear,69.7,250.88
DL02174,O02174,D0422,4.5,21,Medium,Clear,62.3,149.15
DL02175,O02175,D0258,5.33,13,Medium,Cloudy,55.6,18.99
DL02176,O02176,D0199,11.28,34,Low,Rainy,89.7,60.43
DL02177,O02177,D0120,2.62,16,High,Cloudy,55.3,21.52
DL02178,O02178,D0373,11.29,29,Medium,Rainy,97.2,70.42
DL02179,O02179,D0291,3.72,32,High,Rainy,86.9,60.04
DL02180,O02180,D0220,9.74,17,Medium,Clear,64.6,207.62
DL02181,O02181,D0168,9.34,26,Medium,Clear,77.8,157.19
DL02182,O02182,D0178,9.3,38,High,Clear,99.6,7.99
DL02183,O02183,D0154,5.35,44,Medium,Rainy,95.2,197.16
DL02184,O02184,D0352,3.1,35,Medium,Clear,60.0,41.65
DL02185,O02185,D0143,12.09,19,Low,Clear,70.8,128.74
DL02186,O02186,D0363,4.39,20,Low,Clear,48.9,67.06
DL02187,O02187,D0470,2.11,24,Medium,Clear,46.3,82.73
DL02188,O02188,D0215,3.22,27,Medium,Clear,65.7,9.95
DL02189,O02189,D0138,2.6,13,Medium,Clear,44.6,55.72
DL02190,O02190,D0473,11.01,36,High,Cloudy,103.2,32.66
DL02191,O02191,D0245,11.43,14,High,Clear,77.1,74.04
DL02192,O02192,D0283,5.73,15,Low,Rainy,58.1,21.98
DL02193,O02193,D0241,11.71,19,Medium,Cloudy,83.7,177.93
DL02194,O02194,D0410,12.74,28,Medium,Rainy,111.7,31.2
DL02195,O02195,D0146,7.68,21,Low,Clear,54.1,189.73
DL02196,O02196,D0449,12.58,33,Medium,Clear,91.2,192.6
DL02197,O02197,D0450,8.06,25,High,Clear,86.1,64.66
DL02198,O02198,D0288,12.33,18,Low,Rainy,84.2,84.45
DL02199,O02199,D0229,7.18,22,Medium,Clear,67.7,34.51
DL02200,O02200,D0351,1.83,27,Medium,Rainy,74.3,31.35
DL02201,O02201,D0106,4.08,41,Medium,Rainy,91.8,30.16
DL02202,O02202,D0460,5.25,28,High,Clear,78.1,12.43
DL02203,O02203,D0077,7.17,30,Medium,Clear,67.1,211.5
DL02204,O02204,D0240,7.64,30,Medium,Cloudy,76.4,22.69
DL02205,O02205,D0059,14.66,15,Low,Cloudy,75.2,249.37
DL02206,O02206,D0319,7.65,11,Low,Cloudy,41.9,126.31
DL02207,O02207,D0349,6.2,15,Medium,Clear,50.4,39.03
DL02208,O02208,D0187,6.05,26,Medium,Cloudy,72.4,10.22
DL02209,O02209,D0387,13.4,39,Medium,Clear,92.5,9.81
DL02210,O02210,D0253,6.39,20,Medium,Clear,66.6,22.14
DL02211,O02211,D0324,11.99,34,Low,Clear,77.3,124.47
DL02212,O02212,D0400,4.49,44,Medium,Rainy,93.2,31.56
DL02213,O02213,D0319,7.0,18,Low,Clear,48.4,28.34
DL02214,O02214,D0266,9.03,34,Medium,Clear,81.8,65.24
DL02215,O02215,D0014,8.9,17,High,Clear,71.7,19.98
DL02216,O02216,D0245,9.11,12,Medium,Rainy,80.7,14.15
DL02217,O02217,D0179,11.38,35,Low,Clear,81.3,49.18
DL02218,O02218,D0101,8.14,31,Medium,Clear,68.5,80.42
DL02219,O02219,D0083,3.57,33,Medium,Rainy,83.3,73.79
DL02220,O02220,D0427,9.14,30,High,Clear,86.9,97.01
DL02221,O02221,D0113,5.17,25,High,Cloudy,80.9,85.81
DL02222,O02222,D0094,5.21,19,Medium,Clear,57.1,220.3
DL02223,O02223,D0231,2.8,11,Low,Clear,29.2,14.66
DL02224,O02224,D0452,13.74,42,Low,Clear,90.3,74.7
DL02225,O02225,D0495,1.91,36,Low,Rainy,62.1,26.02
DL02226,O02226,D0318,1.53,26,Low,Clear,38.2,176.64
DL02227,O02227,D0376,11.15,20,High,Clear,80.2,38.54
DL02228,O02228,D0100,10.87,18,Medium,Rainy,76.7,43.69
DL02229,O02229,D0240,5.91,19,Medium,Rainy,70.0,190.8
DL02230,O02230,D0318,11.37,20,Medium,Clear,74.2,100.43
DL02231,O02231,D0160,7.83,24,High,Clear,80.8,100.99
DL02232,O02232,D0091,11.2,11,Low,Clear,57.5,36.07
DL02233,O02233,D0279,8.64,26,Medium,Cloudy,73.0,37.3
DL02234,O02234,D0467,11.25,20,Medium,Clear,80.9,106.9
DL02235,O02235,D0034,11.82,41,Medium,Cloudy,104.5,28.66
DL02236,O02236,D0203,4.97,14,Medium,Clear,48.5,16.65
DL02237,O02237,D0403,6.39,27,Medium,Clear,70.9,31.22
DL02238,O02238,D0279,8.06,11,High,Cloudy,69.8,95.42
DL02239,O02239,D0494,3.67,36,Medium,Cloudy,80.6,134.54
DL02240,O02240,D0300,14.58,17,Low,Cloudy,82.4,105.68
DL02241,O02241,D0435,13.94,37,Medium,Cloudy,100.6,49.79
DL02242,O02242,D0106,11.88,37,High,Clear,107.2,158.67
DL02243,O02243,D0168,3.78,14,High,Cloudy,55.9,200.68
DL02244,O02244,D0184,7.34,39,Low,Rainy,86.3,81.54
DL02245,O02245,D0497,13.98,36,Medium,Clear,101.8,183.45
DL02246,O02246,D0375,9.57,36,Medium,Clear,85.4,25.55
DL02247,O02247,D0200,6.4,34,Medium,Cloudy,78.7,30.41
DL02248,O02248,D0393,2.28,36,High,Clear,79.1,116.91
DL02249,O02249,D0376,2.4,21,Low,Clear,45.4,97.54
DL02250,O02250,D0014,10.5,13,Medium,Rainy,83.3,29.23
DL02251,O02251,D0239,5.36,43,High,Clear,82.9,15.25
DL02252,O02252,D0240,7.95,33,Medium,Rainy,86.4,69.89
DL02253,O02253,D0314,11.52,26,Low,Clear,68.4,69.48
DL02254,O02254,D0246,3.56,41,High,Clear,84.0,89.33
DL02255,O02255,D0063,2.09,21,Medium,Rainy,64.8,91.64
DL02256,O02256,D0232,6.27,15,Medium,Clear,46.6,51.59
DL02257,O02257,D0483,3.27,41,Medium,Rainy,80.8,249.8
DL02258,O02258,D0290,8.14,11,Medium,Clear,54.0,119.63
DL02259,O02259,D0449,8.74,25,Medium,Rainy,86.1,9.09
DL02260,O02260,D0160,2.55,36,Medium,Rainy,80.4,37.66
DL02261,O02261,D0136,12.1,13,Medium,Clear,72.8,60.62
DL02262,O02262,D0023,1.33,37,Low,Cloudy,60.8,36.96
DL02263,O02263,D0416,5.82,25,Low,Cloudy,54.5,132.1
DL02264,O02264,D0294,1.66,32,Low,Rainy,60.8,91.58
DL02265,O02265,D0380,10.9,19,Low,Clear,59.1,96.87
DL02266,O02266,D0235,13.3,27,Low,Rainy,92.9,39.97
DL02267,O02267,D0227,5.87,44,Low,Clear,68.3,32.8
DL02268,O02268,D0366,5.59,13,Medium,Cloudy,53.0,11.05
DL02269,O02269,D0022,10.72,30,Medium,Clear,90.6,173.72
DL02270,O02270,D0357,13.2,35,High,Clear,108.1,91.09
DL02271,O02271,D0411,13.42,25,Medium,Clear,88.1,47.4
DL02272,O02272,D0213,9.18,28,Low,Clear,65.2,184.24
DL02273,O02273,D0445,9.32,30,Medium,Clear,83.3,258.97
DL02274,O02274,D0180,9.67,44,Medium,Clear,94.3,71.08
DL02275,O02275,D0157,8.11,30,Medium,Rainy,92.0,14.32
DL02276,O02276,D0141,8.43,30,Medium,Clear,82.6,37.71
DL02277,O02277,D0373,2.33,22,High,Clear,57.3,100.55
DL02278,O02278,D0229,14.76,10,Low,Rainy,73.4,94.28
DL02279,O02279,D0421,1.87,44,Medium,Clear,73.6,187.86
DL02280,O02280,D0170,7.73,42,High,Clear,92.9,23.68
DL02281,O02281,D0429,12.0,18,High,Cloudy,91.2,27.89
DL02282,O02282,D0126,9.16,40,Low,Clear,78.9,118.11
DL02283,O02283,D0042,2.35,31,High,Clear,74.3,60.34
DL02284,O02284,D0104,8.78,15,Low,Clear,48.6,32.31
DL02285,O02285,D0418,13.67,36,High,Clear,109.5,58.5
DL02286,O02286,D0162,9.71,32,Low,Cloudy,78.0,26.01
DL02287,O02287,D0374,11.91,39,Low,Clear,90.0,48.55
DL02288,O02288,D0243,7.47,12,Low,Cloudy,43.3,13.16
DL02289,O02289,D0074,5.37,29,Medium,Cloudy,74.7,100.11
DL02290,O02290,D0463,3.8,31,Medium,Clear,71.3,120.29
DL02291,O02291,D0155,12.89,30,Medium,Clear,88.2,111.37
DL02292,O02292,D0080,10.89,24,Medium,Clear,79.1,32.08
DL02293,O02293,D0362,3.49,24,Medium,Cloudy,55.9,28.77
DL02294,O02294,D0170,8.72,24,High,Rainy,94.4,164.77
DL02295,O02295,D0282,10.94,14,Low,Clear,64.9,63.17
DL02296,O02296,D0308,8.95,29,Low,Rainy,89.1,29.81
DL02297,O02297,D0155,14.29,31,Medium,Clear,97.4,101.65
DL02298,O02298,D0435,3.59,37,Medium,Rainy,81.4,84.87
DL02299,O02299,D0196,11.0,36,Low,Rainy,93.3,133.06
DL02300,O02300,D0317,9.63,22,High,Clear,74.7,111.43
DL02301,O02301,D0418,13.86,23,Low,Clear,68.1,176.43
DL02302,O02302,D0105,13.08,19,Medium,Clear,80.2,67.43
DL02303,O02303,D0459,10.08,19,Low,Clear,58.3,86.57
DL02304,O02304,D0003,7.1,28,High,Cloudy,90.9,40.64
DL02305,O02305,D0487,3.3,36,Low,Cloudy,48.4,38.95
DL02306,O02306,D0153,12.24,33,Medium,Cloudy,97.8,65.22
DL02307,O02307,D0153,12.54,10,High,Clear,83.7,71.29
DL02308,O02308,D0358,6.07,36,Low,Clear,66.3,23.92
DL02309,O02309,D0193,4.17,17,Low,Rainy,48.2,133.95
DL02310,O02310,D0256,14.04,26,Medium,Clear,82.8,20.54
DL02311,O02311,D0460,7.56,37,Medium,Rainy,91.1,113.38
DL02312,O02312,D0378,11.31,36,Medium,Clear,86.5,58.66
DL02313,O02313,D0466,9.7,42,Medium,Clear,88.8,38.6
DL02314,O02314,D0233,10.79,33,High,Clear,91.5,59.82
DL02315,O02315,D0293,1.26,10,Medium,Clear,32.8,101.99
DL02316,O02316,D0378,9.77,17,Low,Clear,56.3,64.05
DL02317,O02317,D0269,8.7,11,High,Clear,69.9,68.85
DL02318,O02318,D0082,11.55,27,Low,Clear,69.6,71.2
DL02319,O02319,D0143,14.13,24,Medium,Clear,78.1,134.06
DL02320,O02320,D0495,12.62,13,Low,Clear,63.0,22.82
DL02321,O02321,D0134,7.19,24,High,Cloudy,74.2,52.46
DL02322,O02322,D0295,9.34,35,Medium,Cloudy,87.2,122.92
DL02323,O02323,D0141,4.34,22,Medium,Rainy,66.2,152.79
DL02324,O02324,D0076,1.03,19,Medium,Clear,43.0,69.01
DL02325,O02325,D0378,3.03,43,High,Rainy,94.4,188.24
DL02326,O02326,D0074,2.01,36,High,Clear,83.9,252.77
DL02327,O02327,D0123,11.5,36,Medium,Clear,93.7,85.17
DL02328,O02328,D0154,3.63,33,Medium,Cloudy,66.6,190.98
DL02329,O02329,D0411,2.56,40,Low,Clear,50.7,51.84
DL02330,O02330,D0022,4.99,19,Medium,Clear,57.9,23.29
DL02331,O02331,D0097,14.07,22,Low,Clear,70.0,134.72
DL02332,O02332,D0107,4.85,28,Medium,Cloudy,57.1,108.11
DL02333,O02333,D0080,10.2,12,Medium,Clear,59.8,77.81
DL02334,O02334,D0193,12.67,24,Low,Clear,70.3,199.99
DL02335,O02335,D0498,12.6,18,Low,Rainy,80.5,110.53
DL02336,O02336,D0043,14.21,12,High,Clear,94.0,188.18
DL02337,O02337,D0233,6.07,13,Medium,Clear,52.5,103.82
DL02338,O02338,D0238,7.83,38,Medium,Clear,82.4,37.98
DL02339,O02339,D0171,4.33,38,Medium,Clear,72.6,132.72
DL02340,O02340,D0065,1.91,40,Medium,Clear,64.6,121.49
DL02341,O02341,D0267,14.69,31,High,Rainy,119.9,77.16
DL02342,O02342,D0126,13.13,27,Low,Clear,76.7,20.53
DL02343,O02343,D0233,5.41,11,High,Cloudy,60.0,74.68
DL02344,O02344,D0342,12.06,44,Medium,Clear,103.7,261.05
DL02345,O02345,D0093,12.62,21,High,Clear,89.2,31.78
DL02346,O02346,D0034,4.43,31,High,Clear,76.6,78.02
DL02347,O02347,D0490,14.07,35,Medium,Clear,92.6,23.1
DL02348,O02348,D0067,5.49,34,High,Clear,81.0,134.83
DL02349,O02349,D0223,8.95,41,Medium,Clear,94.0,130.16
DL02350,O02350,D0249,12.17,18,Low,Cloudy,70.2,22.89
DL02351,O02351,D0461,9.26,19,High,Cloudy,91.2,159.93
DL02352,O02352,D0314,4.63,44,Low,Cloudy,77.9,25.48
DL02353,O02353,D0267,14.06,41,Medium,Clear,104.7,166.21
DL02354,O02354,D0050,1.05,12,Medium,Clear,35.9,102.8
DL02355,O02355,D0110,8.35,39,Medium,Rainy,96.2,47.36
DL02356,O02356,D0357,1.63,44,High,Clear,88.0,11.46
DL02357,O02357,D0200,10.17,14,Low,Clear,61.2,87.24
DL02358,O02358,D0266,1.59,39,Medium,Clear,66.8,134.23
DL02359,O02359,D0358,1.79,10,Medium,Clear,30.5,89.32
DL02360,O02360,D0463,7.9,18,High,Clear,72.4,102.22
DL02361,O02361,D0008,10.63,13,Low,Clear,61.1,84.8
DL02362,O02362,D0448,6.89,29,Low,Cloudy,74.5,17.26
DL02363,O02363,D0158,13.8,33,Low,Clear,98.7,20.06
DL02364,O02364,D0164,13.98,22,High,Clear,94.0,44.7
DL02365,O02365,D0030,7.28,22,Low,Rainy,74.3,52.36
DL02366,O02366,D0440,9.43,28,Medium,Clear,73.4,83.0
DL02367,O02367,D0095,14.71,26,High,Cloudy,103.1,206.33
DL02368,O02368,D0361,12.5,29,Low,Clear,68.8,44.36
DL02369,O02369,D0453,2.88,24,High,Rainy,80.2,43.48
DL02370,O02370,D0403,2.0,42,Low,Cloudy,71.6,62.26
DL02371,O02371,D0049,8.97,38,High,Clear,94.8,80.76
DL02372,O02372,D0226,12.8,17,High,Rainy,94.9,41.52
DL02373,O02373,D0077,11.6,30,Medium,Cloudy,89.0,44.98
DL02374,O02374,D0113,9.77,19,Medium,Clear,68.8,24.49
DL02375,O02375,D0250,12.69,10,Medium,Rainy,83.3,49.99
DL02376,O02376,D0446,2.82,41,Medium,Clear,75.4,205.52
DL02377,O02377,D0445,7.59,33,Medium,Clear,88.6,119.83
DL02378,O02378,D0409,12.05,23,High,Rainy,109.8,71.9
DL02379,O02379,D0462,3.24,37,Low,Cloudy,58.5,173.34
DL02380,O02380,D0395,6.23,36,High,Clear,77.8,49.26
DL02381,O02381,D0030,7.43,24,Low,Clear,51.2,89.89
DL02382,O02382,D0071,2.05,34,Medium,Clear,68.3,87.36
DL02383,O02383,D0250,1.32,10,Low,Clear,21.6,200.43
DL02384,O02384,D0194,8.11,13,High,Clear,64.8,100.5
DL02385,O02385,D0291,13.7,36,Medium,Clear,105.2,157.95
DL02386,O02386,D0427,2.44,40,Medium,Cloudy,63.6,250.63
DL02387,O02387,D0451,2.81,29,Low,Clear,45.8,109.19
DL02388,O02388,D0481,1.81,33,Medium,Clear,59.7,161.82
DL02389,O02389,D0435,6.07,26,Low,Clear,64.7,24.77
DL02390,O02390,D0046,6.52,39,Low,Rainy,90.9,161.84
DL02391,O02391,D0190,14.77,16,Low,Clear,74.2,188.63
DL02392,O02392,D0252,12.52,42,High,Clear,115.2,89.81
DL02393,O02393,D0446,6.12,13,Medium,Clear,49.7,35.99
DL02394,O02394,D0032,6.33,17,Medium,Cloudy,61.7,10.18
DL02395,O02395,D0401,6.83,11,High,Clear,56.9,58.95
DL02396,O02396,D0499,9.26,38,Medium,Rainy,99.5,25.58
DL02397,O02397,D0435,13.27,43,Medium,Cloudy,106.6,172.9
DL02398,O02398,D0156,4.21,26,Medium,Clear,62.2,45.59
DL02399,O02399,D0085,4.44,29,Low,Cloudy,55.5,16.94
DL02400,O02400,D0256,14.87,38,Medium,Clear,106.4,139.99
DL02401,O02401,D0307,7.85,15,High,Clear,73.9,202.49
DL02402,O02402,D0019,10.58,29,High,Clear,96.1,86.9
DL02403,O02403,D0353,12.32,36,Medium,Rainy,107.2,164.46
DL02404,O02404,D0185,7.85,15,Low,Clear,43.0,116.49
DL02405,O02405,D0331,1.23,15,Medium,Cloudy,45.3,47.59
DL02406,O02406,D0225,11.5,16,Low,Rainy,85.3,22.84
DL02407,O02407,D0471,9.16,15,Low,Cloudy,57.4,103.28
DL02408,O02408,D0135,13.29,43,Low,Clear,95.6,164.45
DL02409,O02409,D0392,12.21,10,Low,Cloudy,61.9,166.22
DL02410,O02410,D0158,6.53,39,Low,Clear,68.9,267.15
DL02411,O02411,D0263,1.6,31,Medium,Cloudy,68.7,121.75
DL02412,O02412,D0239,8.7,26,Low,Clear,63.3,31.42
DL02413,O02413,D0058,14.74,29,Low,Clear,80.2,189.17
DL02414,O02414,D0240,3.4,41,Low,Cloudy,68.2,116.02
DL02415,O02415,D0086,8.1,41,Medium,Clear,89.8,104.49
DL02416,O02416,D0027,2.68,15,Medium,Clear,47.7,79.19
DL02417,O02417,D0040,14.15,15,Medium,Rainy,86.7,96.01
DL02418,O02418,D0234,12.58,17,High,Rainy,98.6,57.02
DL02419,O02419,D0356,8.52,20,High,Cloudy,88.7,65.51
DL02420,O02420,D0109,9.94,38,Medium,Rainy,101.2,93.5
DL02421,O02421,D0420,10.04,42,High,Rainy,115.6,76.37
DL02422,O02422,D0019,14.35,10,Low,Rainy,82.5,119.49
DL02423,O02423,D0125,14.59,36,Low,Clear,84.4,168.7
DL02424,O02424,D0091,10.31,17,Medium,Clear,65.0,8.41
DL02425,O02425,D0440,5.12,22,Low,Clear,40.9,16.96
DL02426,O02426,D0070,9.95,38,Medium,Rainy,99.5,21.58
DL02427,O02427,D0336,8.78,35,Medium,Rainy,98.9,79.88
DL02428,O02428,D0024,12.05,35,Low,Cloudy,76.0,146.42
DL02429,O02429,D0254,13.08,41,Low,Clear,98.2,201.27
DL02430,O02430,D0152,9.93,33,Medium,Clear,85.0,135.9
DL02431,O02431,D0158,8.24,12,Low,Clear,44.3,33.47
DL02432,O02432,D0167,13.0,22,Medium,Cloudy,78.8,108.71
DL02433,O02433,D0173,7.25,20,High,Rainy,85.5,46.15
DL02434,O02434,D0099,7.68,14,Medium,Clear,61.9,104.28
DL02435,O02435,D0245,1.24,10,Medium,Cloudy,42.5,146.54
DL02436,O02436,D0242,2.01,43,Medium,Rainy,90.3,95.27
DL02437,O02437,D0177,7.01,41,Medium,Clear,85.3,29.32
DL02438,O02438,D0163,1.11,22,Medium,Rainy,64.0,30.34
DL02439,O02439,D0148,3.85,26,Medium,Cloudy,66.5,50.51
DL02440,O02440,D0292,10.51,11,High,Cloudy,78.2,17.0
DL02441,O02441,D0459,9.8,30,High,Cloudy,96.7,221.87
DL02442,O02442,D0370,8.94,30,Medium,Clear,70.4,37.69
DL02443,O02443,D0147,12.55,15,Medium,Cloudy,75.3,91.35
DL02444,O02444,D0168,6.06,39,Medium,Clear,77.7,20.47
DL02445,O02445,D0109,10.24,24,Low,Clear,68.0,72.59
DL02446,O02446,D0345,10.02,24,High,Cloudy,92.3,105.22
DL02447,O02447,D0370,10.23,18,Low,Clear,55.3,223.31
DL02448,O02448,D0022,10.43,21,Low,Cloudy,69.4,78.0
DL02449,O02449,D0193,12.23,16,Medium,Clear,68.5,58.92
DL02450,O02450,D0468,9.52,33,Medium,Cloudy,88.8,36.51
DL02451,O02451,D0255,13.27,30,Medium,Rainy,106.4,38.14
DL02452,O02452,D0497,6.99,18,Medium,Clear,64.0,138.39
DL02453,O02453,D0227,14.63,41,High,Clear,120.3,57.12
DL02454,O02454,D0151,1.47,11,Medium,Clear,47.6,9.77
DL02455,O02455,D0152,2.88,16,Medium,Cloudy,39.0,28.59
DL02456,O02456,D0295,2.17,11,Medium,Rainy,48.7,47.93
DL02457,O02457,D0087,7.14,21,Medium,Clear,62.4,56.81
DL02458,O02458,D0038,9.23,24,Medium,Cloudy,88.3,91.38
DL02459,O02459,D0127,7.2,44,Medium,Clear,81.8,54.33
DL02460,O02460,D0175,3.94,15,Low,Cloudy,39.5,83.72
DL02461,O02461,D0391,4.25,16,Medium,Clear,47.6,48.33
DL02462,O02462,D0103,12.3,20,Medium,Clear,75.1,65.5
DL02463,O02463,D0428,1.75,12,Medium,Clear,38.6,151.05
DL02464,O02464,D0201,14.88,43,Medium,Clear,108.8,109.0
DL02465,O02465,D0221,11.09,40,High,Rainy,119.4,85.43
DL02466,O02466,D0169,13.9,30,Medium,Clear,92.8,48.36
DL02467,O02467,D0107,3.56,38,Low,Clear,65.4,107.95
DL02468,O02468,D0426,8.83,28,Low,Rainy,80.4,15.28
DL02469,O02469,D0074,8.41,16,Low,Clear,44.3,53.91
DL02470,O02470,D0463,9.69,20,Low,Clear,58.7,62.11
DL02471,O02471,D0048,11.89,12,Medium,Cloudy,72.5,149.46
DL02472,O02472,D0378,10.99,42,Medium,Clear,101.0,5.25
DL02473,O02473,D0072,6.5,37,High,Rainy,105.7,121.96
DL02474,O02474,D0493,13.17,41,High,Clear,115.3,23.63
DL02475,O02475,D0489,1.2,13,Medium,Rainy,55.8,4.8
DL02476,O02476,D0494,4.55,44,Medium,Clear,78.8,197.44
DL02477,O02477,D0406,8.27,26,Medium,Clear,66.6,125.36
DL02478,O02478,D0191,13.03,44,Low,Cloudy,98.3,96.87
DL02479,O02479,D0468,6.58,35,High,Clear,80.0,106.15
DL02480,O02480,D0441,11.86,26,Low,Clear,60.8,155.86
DL02481,O02481,D0338,4.71,43,High,Rainy,102.9,32.56
DL02482,O02482,D0184,14.57,17,Medium,Clear,85.6,102.72
DL02483,O02483,D0418,1.22,18,Low,Clear,27.4,17.91
DL02484,O02484,D0023,3.48,16,Medium,Cloudy,44.5,48.36
DL02485,O02485,D0028,1.31,10,Medium,Clear,38.5,39.54
DL02486,O02486,D0169,1.24,25,Low,Clear,44.5,27.42
DL02487,O02487,D0010,13.68,11,Medium,Clear,69.9,42.3
DL02488,O02488,D0308,4.86,17,Low,Clear,35.0,124.63
DL02489,O02489,D0107,4.28,31,Medium,Clear,70.1,172.2
DL02490,O02490,D0312,4.74,36,Medium,Rainy,81.7,296.9
DL02491,O02491,D0407,12.24,27,Medium,Cloudy,95.3,81.61
DL02492,O02492,D0138,5.37,25,Low,Rainy,62.7,59.34
DL02493,O02493,D0243,9.3,35,High,Rainy,111.3,118.89
DL02494,O02494,D0449,13.02,31,Medium,Clear,90.4,238.27
DL02495,O02495,D0029,5.46,10,Medium,Clear,46.6,82.07
DL02496,O02496,D0430,3.04,41,Medium,Clear,71.1,45.53
DL02497,O02497,D0041,1.94,31,High,Rainy,82.9,18.03
DL02498,O02498,D0197,8.89,36,Medium,Cloudy,89.7,59.9
DL02499,O02499,D0300,9.48,42,Low,Clear,78.5,37.31
DL02500,O02500,D0029,13.19,39,Medium,Rainy,123.5,94.46
DL02501,O02501,D0116,7.63,28,Medium,Cloudy,65.6,121.53
DL02502,O02502,D0050,13.14,42,Low,Cloudy,102.0,14.78
DL02503,O02503,D0497,8.2,34,Medium,Clear,79.7,165.62
DL02504,O02504,D0020,9.26,15,High,Clear,65.5,6.64
DL02505,O02505,D0191,8.53,38,Medium,Cloudy,92.4,68.8
DL02506,O02506,D0008,5.21,24,High,Cloudy,77.4,131.85
DL02507,O02507,D0217,12.81,21,Medium,Cloudy,91.2,138.94
DL02508,O02508,D0193,13.38,24,Low,Rainy,82.9,20.42
DL02509,O02509,D0100,12.88,40,Medium,Clear,105.1,37.66
DL02510,O02510,D0300,2.5,10,High,Clear,46.4,159.7
DL02511,O02511,D0272,10.33,29,Low,Cloudy,73.1,38.93
DL02512,O02512,D0069,7.22,38,Low,Clear,70.3,17.2
DL02513,O02513,D0434,2.37,20,Low,Clear,44.8,48.03
DL02514,O02514,D0498,1.87,18,High,Rainy,72.8,54.73
DL02515,O02515,D0115,10.77,25,Medium,Cloudy,82.4,26.59
DL02516,O02516,D0381,6.57,25,Low,Cloudy,72.5,182.81
DL02517,O02517,D0141,6.35,42,High,Clear,97.3,46.08
DL02518,O02518,D0193,3.98,28,Medium,Clear,63.3,135.9
DL02519,O02519,D0328,9.43,34,High,Rainy,107.9,166.2
DL02520,O02520,D0385,3.08,43,Medium,Cloudy,71.7,50.49
DL02521,O02521,D0020,1.06,33,Medium,Rainy,81.4,8.64
DL02522,O02522,D0103,1.2,41,Low,Clear,68.5,134.88
DL02523,O02523,D0371,6.15,12,Low,Clear,46.0,83.75
DL02524,O02524,D0153,11.06,22,Medium,Clear,73.8,49.14
DL02525,O02525,D0285,9.44,39,Medium,Clear,86.5,68.0
DL02526,O02526,D0195,4.51,32,Medium,Cloudy,67.4,169.7
DL02527,O02527,D0477,2.43,39,High,Clear,80.4,174.75
DL02528,O02528,D0253,6.07,21,High,Clear,70.1,33.78
DL02529,O02529,D0274,13.55,33,Medium,Clear,89.0,106.15
DL02530,O02530,D0373,5.86,33,Low,Clear,62.2,64.2
DL02531,O02531,D0466,2.68,39,Low,Rainy,66.4,79.55
DL02532,O02532,D0344,13.48,26,Low,Clear,82.8,257.2
DL02533,O02533,D0441,5.54,24,High,Clear,78.3,51.06
DL02534,O02534,D0437,11.81,33,Medium,Cloudy,102.9,36.06
DL02535,O02535,D0070,4.82,41,Medium,Cloudy,82.5,180.45
DL02536,O02536,D0092,13.17,33,Low,Clear,80.4,106.01
DL02537,O02537,D0062,2.15,12,Medium,Clear,27.2,70.53
DL02538,O02538,D0052,4.54,10,Medium,Rainy,62.6,70.32
DL02539,O02539,D0078,11.18,29,Low,Rainy,88.6,76.72
DL02540,O02540,D0154,6.52,30,Medium,Cloudy,90.3,102.27
DL02541,O02541,D0199,8.71,21,Low,Clear,62.3,21.18
DL02542,O02542,D0250,4.88,30,Low,Clear,54.3,116.84
DL02543,O02543,D0267,6.06,28,Low,Clear,59.0,88.68
DL02544,O02544,D0021,9.49,28,High,Clear,91.5,33.49
DL02545,O02545,D0197,12.09,11,Low,Clear,67.9,169.03
DL02546,O02546,D0159,13.49,42,Medium,Rainy,119.1,89.18
DL02547,O02547,D0045,6.02,19,Low,Rainy,62.0,7.8
DL02548,O02548,D0109,9.83,41,Medium,Rainy,97.3,23.02
DL02549,O02549,D0192,7.97,39,Low,Cloudy,79.2,82.72
DL02550,O02550,D0283,10.19,26,High,Cloudy,92.2,25.0
DL02551,O02551,D0225,9.71,39,Medium,Clear,84.5,203.4
DL02552,O02552,D0162,9.68,23,High,Rainy,92.8,73.83
DL02553,O02553,D0050,7.11,14,Medium,Clear,45.9,35.47
DL02554,O02554,D0100,5.11,22,Medium,Clear,51.2,142.9
DL02555,O02555,D0238,6.9,25,Medium,Cloudy,65.4,116.42
DL02556,O02556,D0383,12.72,22,Low,Clear,65.0,43.95
DL02557,O02557,D0197,5.8,38,High,Clear,85.5,69.82
DL02558,O02558,D0410,13.06,33,Low,Clear,87.6,33.57
DL02559,O02559,D0048,3.33,27,Low,Clear,47.0,42.64
DL02560,O02560,D0436,8.75,17,Medium,Clear,55.6,137.96
DL02561,O02561,D0383,2.53,14,Low,Clear,29.7,37.24
DL02562,O02562,D0483,7.19,23,Low,Clear,52.3,29.15
DL02563,O02563,D0340,14.59,12,Medium,Clear,83.6,223.02
DL02564,O02564,D0078,9.77,15,Low,Clear,53.6,29.64
DL02565,O02565,D0133,1.25,26,Low,Rainy,57.4,86.48
DL02566,O02566,D0396,12.52,38,Medium,Rainy,117.0,151.82
DL02567,O02567,D0013,8.01,31,Low,Clear,66.2,42.83
DL02568,O02568,D0240,10.4,43,Medium,Clear,97.9,76.06
DL02569,O02569,D0347,9.99,15,Medium,Cloudy,70.1,210.98
DL02570,O02570,D0475,3.64,36,High,Rainy,89.7,41.68
DL02571,O02571,D0016,6.68,23,High,Clear,73.4,141.27
DL02572,O02572,D0435,4.01,29,Low,Clear,52.2,66.41
DL02573,O02573,D0438,3.5,36,High,Clear,73.0,152.42
DL02574,O02574,D0324,8.8,12,High,Cloudy,75.1,62.6
DL02575,O02575,D0397,3.85,26,Medium,Clear,62.6,97.12
DL02576,O02576,D0402,3.82,13,Medium,Clear,42.4,118.71
DL02577,O02577,D0237,9.77,22,High,Clear,71.7,162.91
DL02578,O02578,D0076,6.63,10,Medium,Clear,56.5,9.51
DL02579,O02579,D0147,3.84,30,Medium,Rainy,76.3,123.09
DL02580,O02580,D0081,6.37,12,Medium,Cloudy,57.2,222.3
DL02581,O02581,D0298,9.11,34,Low,Cloudy,85.5,39.35
DL02582,O02582,D0199,9.38,10,Medium,Clear,56.4,31.92
DL02583,O02583,D0405,13.57,23,Low,Clear,72.3,26.74
DL02584,O02584,D0238,14.02,43,Low,Rainy,107.9,75.93
DL02585,O02585,D0487,3.84,12,High,Clear,62.1,104.57
DL02586,O02586,D0181,7.86,18,Medium,Cloudy,64.3,90.13
DL02587,O02587,D0001,7.24,14,Medium,Cloudy,52.9,58.09
DL02588,O02588,D0142,11.74,34,Low,Rainy,94.1,121.74
DL02589,O02589,D0131,3.7,42,Low,Clear,68.1,88.06
DL02590,O02590,D0352,4.17,14,Medium,Cloudy,47.3,78.94
DL02591,O02591,D0009,3.21,21,High,Clear,59.2,163.65
DL02592,O02592,D0267,11.25,20,High,Clear,90.5,15.73
DL02593,O02593,D0407,4.18,42,High,Rainy,101.1,176.02
DL02594,O02594,D0158,6.88,25,High,Rainy,84.1,124.35
DL02595,O02595,D0431,4.64,12,High,Clear,64.3,88.87
DL02596,O02596,D0119,14.75,14,Medium,Cloudy,77.2,131.74
DL02597,O02597,D0261,10.07,28,Low,Clear,68.8,89.29
DL02598,O02598,D0030,5.0,20,High,Cloudy,76.5,226.52
DL02599,O02599,D0243,2.62,30,High,Cloudy,71.6,124.72
DL02600,O02600,D0218,7.14,18,Medium,Cloudy,68.3,132.38
DL02601,O02601,D0324,3.54,27,Low,Clear,61.0,164.45
DL02602,O02602,D0500,3.34,21,Low,Cloudy,42.4,74.82
DL02603,O02603,D0091,5.13,32,Medium,Clear,68.6,49.27
DL02604,O02604,D0413,14.53,22,Medium,Cloudy,99.6,108.8
DL02605,O02605,D0173,6.6,44,Low,Clear,76.8,88.4
DL02606,O02606,D0358,3.95,37,High,Cloudy,88.5,50.35
DL02607,O02607,D0246,5.6,44,Medium,Rainy,102.2,54.27
DL02608,O02608,D0135,7.69,32,Medium,Clear,68.2,119.29
DL02609,O02609,D0144,2.01,24,Medium,Cloudy,60.8,60.01
DL02610,O02610,D0328,5.27,17,Medium,Clear,47.9,51.31
DL02611,O02611,D0089,3.0,24,High,Cloudy,62.8,89.89
DL02612,O02612,D0472,2.26,10,Low,Cloudy,34.3,119.63
DL02613,O02613,D0169,13.73,44,Medium,Clear,101.5,101.51
DL02614,O02614,D0489,4.98,21,Medium,Clear,57.9,103.0
DL02615,O02615,D0445,3.93,18,Low,Rainy,56.0,27.05
DL02616,O02616,D0179,10.8,42,Medium,Rainy,105.8,110.93
DL02617,O02617,D0055,1.8,30,Low,Cloudy,45.7,95.56
DL02618,O02618,D0192,14.63,40,High,Clear,111.6,39.57
DL02619,O02619,D0179,14.79,39,High,Clear,115.7,128.71
DL02620,O02620,D0021,11.71,28,High,Cloudy,110.3,72.41
DL02621,O02621,D0107,14.82,43,High,Clear,110.6,128.75
DL02622,O02622,D0442,4.59,26,High,Rainy,79.2,9.34
DL02623,O02623,D0080,4.56,43,Medium,Clear,81.3,81.02
DL02624,O02624,D0233,13.17,10,High,Cloudy,80.0,140.58
DL02625,O02625,D0431,9.51,34,Low,Clear,72.3,132.54
DL02626,O02626,D0139,11.12,44,Low,Cloudy,95.2,129.67
DL02627,O02627,D0445,1.19,19,Low,Clear,37.5,36.15
DL02628,O02628,D0200,7.49,42,Low,Clear,72.7,36.76
DL02629,O02629,D0099,4.9,23,Low,Clear,42.1,27.3
DL02630,O02630,D0366,3.16,15,Medium,Clear,48.4,65.96
DL02631,O02631,D0134,8.26,29,Medium,Rainy,93.9,9.35
DL02632,O02632,D0229,4.88,21,Medium,Rainy,71.1,61.9
DL02633,O02633,D0203,8.61,36,Medium,Clear,75.9,38.08
DL02634,O02634,D0156,2.09,20,High,Clear,63.7,115.96
DL02635,O02635,D0170,12.17,24,High,Cloudy,100.0,41.13
DL02636,O02636,D0436,14.29,37,Medium,Cloudy,104.1,93.8
DL02637,O02637,D0267,9.81,11,Low,Rainy,65.9,69.7
DL02638,O02638,D0198,3.0,23,Medium,Clear,61.3,24.33
DL02639,O02639,D0424,11.49,14,Medium,Cloudy,79.4,249.81
DL02640,O02640,D0414,13.3,19,Low,Clear,74.5,16.53
DL02641,O02641,D0184,6.13,23,Low,Cloudy,66.3,28.15
DL02642,O02642,D0206,8.19,27,Low,Clear,66.8,99.45
DL02643,O02643,D0333,1.89,43,High,Cloudy,77.0,19.94
DL02644,O02644,D0099,8.67,26,Medium,Clear,65.5,53.54
DL02645,O02645,D0390,1.66,37,Medium,Clear,60.5,81.09
DL02646,O02646,D0256,5.93,40,High,Clear,87.3,99.91
DL02647,O02647,D0049,4.9,42,High,Rainy,100.0,164.36
DL02648,O02648,D0161,3.56,13,Medium,Cloudy,50.3,98.65
DL02649,O02649,D0139,12.94,32,Medium,Cloudy,95.0,43.84
DL02650,O02650,D0321,9.45,30,Low,Cloudy,69.1,76.92
DL02651,O02651,D0411,10.49,34,Medium,Cloudy,81.9,27.21
DL02652,O02652,D0414,7.89,24,Medium,Clear,66.9,36.64
DL02653,O02653,D0174,11.46,23,Low,Clear,77.0,87.09
DL02654,O02654,D0282,6.18,22,Low,Clear,56.9,154.03
DL02655,O02655,D0156,7.18,42,High,Clear,99.2,82.02
DL02656,O02656,D0361,2.17,30,Low,Clear,49.5,55.88
DL02657,O02657,D0160,5.48,33,High,Cloudy,82.4,12.76
DL02658,O02658,D0202,2.48,34,Low,Clear,55.1,54.35
DL02659,O02659,D0012,7.74,44,Medium,Clear,87.0,178.87
DL02660,O02660,D0245,14.14,32,Medium,Rainy,110.5,174.3
DL02661,O02661,D0252,12.35,13,Low,Rainy,78.6,47.59
DL02662,O02662,D0375,7.12,30,Medium,Clear,74.0,55.32
DL02663,O02663,D0484,5.21,33,Medium,Cloudy,72.0,87.87
DL02664,O02664,D0498,5.61,35,High,Clear,78.5,15.03
DL02665,O02665,D0491,7.62,34,High,Clear,94.6,196.9
DL02666,O02666,D0086,4.4,17,High,Cloudy,63.7,56.18
DL02667,O02667,D0144,5.73,15,Low,Rainy,68.4,156.08
DL02668,O02668,D0255,7.89,43,Low,Clear,79.2,123.32
DL02669,O02669,D0466,12.77,12,Low,Clear,64.9,79.55
DL02670,O02670,D0071,2.34,25,High,Cloudy,65.4,95.07
DL02671,O02671,D0180,6.67,15,Medium,Cloudy,57.9,104.05
DL02672,O02672,D0100,3.67,30,Low,Rainy,54.8,41.66
DL02673,O02673,D0386,9.92,12,Medium,Cloudy,74.0,11.66
DL02674,O02674,D0201,8.99,10,High,Clear,65.5,205.03
DL02675,O02675,D0236,9.08,16,Medium,Clear,64.3,30.12
DL02676,O02676,D0350,8.46,33,High,Clear,87.7,110.07
DL02677,O02677,D0156,11.27,29,High,Clear,96.1,206.47
DL02678,O02678,D0190,3.16,43,Medium,Clear,70.6,126.41
DL02679,O02679,D0157,3.6,17,High,Clear,57.1,39.04
DL02680,O02680,D0255,10.92,34,Medium,Clear,92.4,218.34
DL02681,O02681,D0211,2.84,37,Medium,Rainy,83.7,95.14
DL02682,O02682,D0378,11.18,34,Medium,Clear,91.5,182.74
DL02683,O02683,D0476,3.3,21,Low,Rainy,52.6,102.34
DL02684,O02684,D0361,14.88,29,Medium,Clear,101.8,189.01
DL02685,O02685,D0312,1.63,27,High,Rainy,78.3,29.66
DL02686,O02686,D0025,11.87,42,High,Clear,99.6,48.1
DL02687,O02687,D0349,4.25,42,High,Clear,88.8,62.65
DL02688,O02688,D0471,5.53,21,High,Clear,63.0,171.66
DL02689,O02689,D0202,13.77,23,Medium,Clear,86.0,89.24
DL02690,O02690,D0041,5.29,29,Low,Clear,48.9,32.25
DL02691,O02691,D0133,6.28,27,Medium,Cloudy,72.4,31.76
DL02692,O02692,D0446,3.55,19,Low,Clear,40.1,52.83
DL02693,O02693,D0247,2.08,26,Low,Rainy,55.4,26.83
DL02694,O02694,D0117,2.51,14,Low,Rainy,58.9,85.33
DL02695,O02695,D0481,9.31,37,Low,Cloudy,75.6,76.51
DL02696,O02696,D0240,1.66,42,Medium,Rainy,80.8,125.72
DL02697,O02697,D0446,4.16,30,High,Clear,67.8,121.36
DL02698,O02698,D0119,6.51,37,High,Clear,90.7,123.82
DL02699,O02699,D0124,2.52,10,Low,Clear,33.6,66.18
DL02700,O02700,D0361,11.48,12,High,Clear,80.1,179.86
DL02701,O02701,D0133,14.6,22,High,Cloudy,103.6,177.96
DL02702,O02702,D0068,13.53,35,Low,Rainy,104.4,90.21
DL02703,O02703,D0421,14.35,15,Medium,Clear,77.0,113.94
DL02704,O02704,D0126,8.63,34,Medium,Clear,74.9,73.31
DL02705,O02705,D0324,3.07,44,Medium,Clear,68.8,47.86
DL02706,O02706,D0217,10.34,28,High,Clear,86.5,29.15
DL02707,O02707,D0032,1.84,44,Medium,Clear,75.2,36.94
DL02708,O02708,D0270,7.67,31,Low,Clear,63.0,65.25
DL02709,O02709,D0475,12.05,20,Medium,Clear,77.9,22.22
DL02710,O02710,D0346,12.97,34,Medium,Rainy,114.2,21.55
DL02711,O02711,D0191,5.14,35,High,Clear,90.2,17.82
DL02712,O02712,D0124,4.11,19,Medium,Clear,55.1,32.59
DL02713,O02713,D0456,10.65,37,High,Rainy,113.1,60.98
DL02714,O02714,D0286,2.94,28,Medium,Cloudy,54.5,48.05
DL02715,O02715,D0205,14.92,28,Medium,Cloudy,101.0,73.61
DL02716,O02716,D0480,5.65,27,Medium,Rainy,81.3,21.27
DL02717,O02717,D0245,11.49,35,High,Clear,100.7,28.77
DL02718,O02718,D0171,11.16,17,High,Clear,77.8,10.45
DL02719,O02719,D0181,5.34,14,Low,Clear,42.2,160.02
DL02720,O02720,D0309,6.41,17,Low,Cloudy,53.8,160.78
DL02721,O02721,D0285,12.78,39,Low,Clear,85.1,70.32
DL02722,O02722,D0471,4.19,17,Medium,Clear,41.6,67.26
DL02723,O02723,D0156,1.84,19,Medium,Rainy,59.8,190.85
DL02724,O02724,D0380,3.06,36,High,Clear,80.4,79.08
DL02725,O02725,D0078,10.58,24,High,Clear,84.8,39.41
DL02726,O02726,D0202,4.32,29,High,Clear,72.0,21.35
DL02727,O02727,D0455,8.94,27,Low,Clear,65.4,83.73
DL02728,O02728,D0499,6.51,21,High,Clear,76.5,8.36
DL02729,O02729,D0177,13.15,27,Low,Clear,71.2,97.72
DL02730,O02730,D0254,7.82,44,Medium,Rainy,100.5,50.93
DL02731,O02731,D0123,2.95,36,Low,Clear,47.4,154.84
DL02732,O02732,D0090,12.66,17,Low,Clear,62.7,26.55
DL02733,O02733,D0420,2.16,44,Low,Clear,51.2,81.17
DL02734,O02734,D0244,12.6,41,Medium,Clear,96.4,41.28
DL02735,O02735,D0127,1.58,18,Low,Clear,39.4,21.08
DL02736,O02736,D0283,1.05,17,Low,Clear,29.0,125.19
DL02737,O02737,D0441,11.58,17,Medium,Rainy,88.0,173.1
DL02738,O02738,D0156,8.84,10,Medium,Clear,51.9,118.14
DL02739,O02739,D0110,4.01,34,Low,Rainy,74.1,93.74
DL02740,O02740,D0414,14.52,16,Medium,Rainy,94.7,20.66
DL02741,O02741,D0300,9.92,41,Medium,Cloudy,93.9,218.77
DL02742,O02742,D0427,4.34,19,Low,Rainy,63.5,17.15
DL02743,O02743,D0055,6.82,31,High,Rainy,94.4,58.55
DL02744,O02744,D0088,13.78,26,High,Cloudy,109.0,95.74
DL02745,O02745,D0449,3.85,20,Low,Clear,37.6,13.59
DL02746,O02746,D0105,13.98,25,Medium,Rainy,106.9,21.98
DL02747,O02747,D0411,4.03,34,Medium,Rainy,87.8,151.27
DL02748,O02748,D0129,1.33,39,Medium,Clear,54.9,99.29
DL02749,O02749,D0010,4.76,21,High,Clear,53.9,25.81
DL02750,O02750,D0382,1.76,35,Medium,Clear,64.7,40.36
DL02751,O02751,D0043,4.26,35,High,Clear,77.8,26.3
DL02752,O02752,D0069,4.81,21,Low,Clear,49.1,8.61
DL02753,O02753,D0393,6.83,40,Medium,Clear,77.4,200.62
DL02754,O02754,D0323,4.96,35,High,Clear,88.0,128.3
DL02755,O02755,D0285,10.96,37,High,Cloudy,109.3,272.94
DL02756,O02756,D0002,14.59,15,Medium,Clear,82.1,8.55
DL02757,O02757,D0338,1.67,10,Low,Cloudy,27.5,73.76
DL02758,O02758,D0380,8.18,11,Medium,Cloudy,60.8,27.25
DL02759,O02759,D0014,4.66,36,Medium,Clear,74.7,129.57
DL02760,O02760,D0062,7.48,17,Medium,Clear,59.5,141.49
DL02761,O02761,D0055,10.86,19,Low,Cloudy,67.4,145.37
DL02762,O02762,D0029,13.28,18,Medium,Clear,73.9,186.55
DL02763,O02763,D0261,13.41,20,High,Cloudy,95.2,230.27
DL02764,O02764,D0376,3.28,13,Medium,Rainy,55.2,76.01
DL02765,O02765,D0238,8.88,39,Medium,Clear,80.9,188.82
DL02766,O02766,D0197,4.96,36,Medium,Clear,78.4,13.21
DL02767,O02767,D0450,7.97,26,Low,Clear,63.1,43.6
DL02768,O02768,D0039,13.88,18,Medium,Cloudy,81.2,48.25
DL02769,O02769,D0151,1.85,15,Medium,Clear,45.9,122.43
DL02770,O02770,D0223,9.32,38,Low,Clear,67.9,69.91
DL02771,O02771,D0252,6.04,14,High,Clear,54.1,111.63
DL02772,O02772,D0498,13.15,10,Low,Cloudy,62.8,214.11
DL02773,O02773,D0272,4.06,27,Low,Cloudy,60.7,182.47
DL02774,O02774,D0406,5.66,23,Medium,Rainy,79.5,178.57
DL02775,O02775,D0219,1.28,21,Low,Cloudy,33.6,89.25
DL02776,O02776,D0413,7.02,13,Low,Clear,44.6,29.66
DL02777,O02777,D0453,9.87,17,Medium,Clear,74.5,132.73
DL02778,O02778,D0244,3.75,15,High,Rainy,71.1,144.21
DL02779,O02779,D0140,9.9,29,Medium,Clear,82.3,8.47
DL02780,O02780,D0013,11.43,32,Low,Cloudy,85.9,35.14
DL02781,O02781,D0122,3.69,26,Medium,Clear,62.2,49.76
DL02782,O02782,D0126,11.57,10,Low,Clear,56.0,95.02
DL02783,O02783,D0392,14.06,23,Medium,Clear,88.6,78.38
DL02784,O02784,D0110,4.11,11,Medium,Rainy,68.0,16.0
DL02785,O02785,D0152,2.89,25,Low,Clear,50.2,38.82
DL02786,O02786,D0220,5.67,35,Medium,Cloudy,75.2,60.36
DL02787,O02787,D0293,3.67,20,High,Clear,57.1,160.87
DL02788,O02788,D0347,11.85,42,Medium,Rainy,107.8,153.73
DL02789,O02789,D0164,2.86,22,High,Rainy,77.3,90.11
DL02790,O02790,D0073,1.32,36,Medium,Clear,51.5,93.78
DL02791,O02791,D0015,5.93,21,High,Clear,65.3,55.94
DL02792,O02792,D0315,11.99,12,High,Clear,79.3,58.02
DL02793,O02793,D0238,10.12,13,High,Clear,79.5,180.27
DL02794,O02794,D0261,8.43,24,Medium,Cloudy,81.7,73.56
DL02795,O02795,D0476,7.41,37,High,Cloudy,91.6,154.08
DL02796,O02796,D0015,10.09,23,High,Clear,87.4,76.22
DL02797,O02797,D0100,7.89,33,Medium,Clear,72.1,210.51
DL02798,O02798,D0402,11.85,15,Medium,Clear,75.5,53.05
DL02799,O02799,D0214,13.13,20,Medium,Rainy,97.4,76.55
DL02800,O02800,D0133,3.43,38,Low,Clear,65.4,7.3
DL02801,O02801,D0342,4.25,25,Low,Cloudy,61.7,216.21
DL02802,O02802,D0145,8.19,22,Medium,Clear,60.8,130.97
DL02803,O02803,D0406,13.12,20,Medium,Clear,77.2,3.03
DL02804,O02804,D0085,13.86,43,High,Clear,117.3,226.33
DL02805,O02805,D0110,2.76,27,High,Clear,62.1,130.14
DL02806,O02806,D0215,5.24,19,High,Clear,69.5,124.22
DL02807,O02807,D0192,11.77,39,High,Clear,104.2,12.27
DL02808,O02808,D0156,14.07,24,Medium,Clear,93.7,220.52
DL02809,O02809,D0220,2.14,27,High,Clear,62.3,60.11
DL02810,O02810,D0081,7.57,38,Medium,Clear,81.5,86.75
DL02811,O02811,D0339,7.94,38,Medium,Clear,84.9,8.36
DL02812,O02812,D0013,1.12,31,Low,Clear,30.1,58.95
DL02813,O02813,D0493,12.96,32,Medium,Cloudy,98.7,3.77
DL02814,O02814,D0045,2.5,38,Low,Rainy,65.6,66.54
DL02815,O02815,D0290,12.72,15,Low,Clear,63.8,38.36
DL02816,O02816,D0239,1.29,33,Low,Rainy,58.0,36.05
DL02817,O02817,D0182,14.76,14,High,Clear,81.6,113.27
DL02818,O02818,D0033,8.35,32,Medium,Clear,75.2,72.31
DL02819,O02819,D0111,5.18,43,High,Rainy,106.3,263.47
DL02820,O02820,D0400,9.49,21,High,Clear,83.0,150.96
DL02821,O02821,D0043,4.97,20,Medium,Clear,50.6,129.37
DL02822,O02822,D0445,2.51,12,Medium,Rainy,46.9,24.22
DL02823,O02823,D0094,4.53,33,High,Cloudy,77.6,112.55
DL02824,O02824,D0387,12.77,38,Medium,Rainy,107.9,11.5
DL02825,O02825,D0347,4.46,40,High,Clear,81.1,77.68
DL02826,O02826,D0315,6.75,17,Low,Rainy,60.5,46.25
DL02827,O02827,D0128,8.69,11,Medium,Cloudy,68.4,142.89
DL02828,O02828,D0404,13.18,38,Low,Cloudy,87.2,115.06
DL02829,O02829,D0118,1.15,25,Medium,Clear,52.9,187.27
DL02830,O02830,D0255,13.35,17,Medium,Clear,71.8,44.64
DL02831,O02831,D0160,11.38,23,Medium,Clear,73.5,9.91
DL02832,O02832,D0405,6.41,21,Medium,Cloudy,71.1,38.2
DL02833,O02833,D0046,14.89,36,Medium,Cloudy,106.2,113.02
DL02834,O02834,D0255,1.82,28,Low,Clear,42.4,186.51
DL02835,O02835,D0453,11.33,22,High,Cloudy,88.9,13.36
DL02836,O02836,D0497,11.08,38,Medium,Cloudy,92.8,83.09
DL02837,O02837,D0376,14.26,12,High,Cloudy,93.6,174.85
DL02838,O02838,D0122,12.54,17,Medium,Clear,75.5,13.26
DL02839,O02839,D0386,9.06,23,Medium,Clear,66.1,38.98
DL02840,O02840,D0470,4.25,16,Medium,Cloudy,58.3,128.11
DL02841,O02841,D0199,8.14,13,Medium,Rainy,70.6,199.35
DL02842,O02842,D0362,2.44,30,Low,Clear,53.6,143.37
DL02843,O02843,D0202,7.84,21,Low,Rainy,67.3,171.02
DL02844,O02844,D0436,3.72,40,Low,Clear,57.1,26.22
DL02845,O02845,D0488,14.08,18,Low,Clear,68.0,82.85
DL02846,O02846,D0001,6.69,16,Low,Clear,51.7,121.39
DL02847,O02847,D0080,3.09,44,Medium,Clear,74.6,112.45
DL02848,O02848,D0105,1.33,20,Medium,Clear,43.7,240.73
DL02849,O02849,D0156,5.63,11,High,Clear,54.3,50.21
DL02850,O02850,D0368,1.81,43,Medium,Clear,86.5,83.12
DL02851,O02851,D0189,7.43,44,High,Clear,98.4,9.35
DL02852,O02852,D0340,1.66,25,Low,Clear,48.0,53.99
DL02853,O02853,D0410,12.67,41,High,Rainy,128.2,61.45
DL02854,O02854,D0079,7.52,24,High,Cloudy,77.0,59.54
DL02855,O02855,D0489,12.1,19,Medium,Rainy,94.6,93.98
DL02856,O02856,D0127,6.1,21,Medium,Clear,59.3,54.37
DL02857,O02857,D0094,11.75,22,High,Clear,88.4,11.19
DL02858,O02858,D0268,6.67,39,Medium,Rainy,98.9,80.66
DL02859,O02859,D0127,10.4,31,Low,Rainy,92.3,95.21
DL02860,O02860,D0130,10.99,16,Medium,Rainy,78.0,84.79
DL02861,O02861,D0202,9.43,25,Low,Cloudy,66.5,136.85
DL02862,O02862,D0091,1.77,42,Medium,Clear,74.0,24.37
DL02863,O02863,D0376,6.14,32,Medium,Cloudy,69.3,49.48
DL02864,O02864,D0021,11.87,42,Medium,Cloudy,105.1,32.21
DL02865,O02865,D0055,13.95,15,Low,Rainy,82.1,107.91
DL02866,O02866,D0400,10.25,41,Low,Clear,75.7,18.78
DL02867,O02867,D0037,14.54,28,High,Clear,98.3,82.21
DL02868,O02868,D0429,4.84,39,Medium,Clear,76.5,106.6
DL02869,O02869,D0086,2.91,12,Medium,Clear,38.1,90.16
DL02870,O02870,D0295,5.59,27,High,Cloudy,84.1,23.71
DL02871,O02871,D0169,10.49,43,High,Rainy,117.0,37.59
DL02872,O02872,D0278,6.47,25,Medium,Clear,67.8,104.6
DL02873,O02873,D0049,10.23,13,Low,Clear,45.2,60.9
DL02874,O02874,D0465,10.83,13,Medium,Clear,64.5,134.76
DL02875,O02875,D0145,9.6,16,High,Clear,72.8,13.63
DL02876,O02876,D0410,11.9,27,High,Cloudy,98.5,68.96
DL02877,O02877,D0101,4.26,44,High,Clear,94.7,10.35
DL02878,O02878,D0294,2.54,11,Low,Clear,31.2,15.2
DL02879,O02879,D0422,1.68,14,Medium,Rainy,51.0,21.43
DL02880,O02880,D0297,14.67,12,Low,Clear,62.5,217.2
DL02881,O02881,D0125,11.05,44,Medium,Clear,94.2,69.33
DL02882,O02882,D0106,4.34,24,Low,Rainy,70.0,141.18
DL02883,O02883,D0241,7.68,25,Medium,Rainy,77.3,18.65
DL02884,O02884,D0323,1.87,36,Medium,Rainy,86.2,9.66
DL02885,O02885,D0116,10.31,21,Medium,Clear,63.4,76.57
DL02886,O02886,D0073,14.54,14,Low,Rainy,79.2,65.76
DL02887,O02887,D0321,10.88,12,Low,Clear,63.4,41.5
DL02888,O02888,D0440,9.72,20,Medium,Clear,76.7,68.31
DL02889,O02889,D0403,13.91,15,Medium,Rainy,91.8,68.94
DL02890,O02890,D0014,8.17,23,Medium,Clear,75.8,239.91
DL02891,O02891,D0488,11.43,32,High,Rainy,117.1,80.4
DL02892,O02892,D0114,14.06,13,Medium,Clear,76.2,205.91
DL02893,O02893,D0252,10.06,25,Low,Clear,65.3,125.98
DL02894,O02894,D0230,8.36,16,Medium,Clear,58.2,33.34
DL02895,O02895,D0066,9.13,36,High,Rainy,110.3,203.68
DL02896,O02896,D0455,11.77,12,Medium,Clear,63.5,46.59
DL02897,O02897,D0166,1.73,12,Medium,Cloudy,41.3,109.81
DL02898,O02898,D0043,5.59,41,High,Cloudy,97.4,56.73
DL02899,O02899,D0247,1.72,13,High,Cloudy,46.3,31.47
DL02900,O02900,D0377,12.01,19,Medium,Cloudy,87.2,79.21
DL02901,O02901,D0254,13.81,10,Low,Clear,64.0,69.84
DL02902,O02902,D0220,6.59,27,Medium,Clear,74.2,15.55
DL02903,O02903,D0394,4.53,39,High,Clear,76.8,8.2
DL02904,O02904,D0345,1.57,37,High,Rainy,88.6,71.26
DL02905,O02905,D0125,1.1,25,Low,Cloudy,41.6,17.15
DL02906,O02906,D0022,8.63,31,Low,Cloudy,66.2,39.77
DL02907,O02907,D0075,5.67,39,Medium,Clear,70.9,161.45
DL02908,O02908,D0064,14.5,19,Low,Rainy,90.5,70.99
DL02909,O02909,D0104,12.44,34,High,Clear,98.2,121.26
DL02910,O02910,D0045,7.31,20,Low,Clear,56.3,182.43
DL02911,O02911,D0486,3.78,32,Low,Cloudy,57.6,41.26
DL02912,O02912,D0202,6.36,31,Low,Clear,67.2,173.4
DL02913,O02913,D0274,2.0,29,Low,Clear,33.2,65.0
DL02914,O02914,D0495,9.72,14,Low,Clear,51.1,39.47
DL02915,O02915,D0069,13.11,31,Medium,Clear,94.4,276.98
DL02916,O02916,D0011,7.1,26,Medium,Clear,61.8,176.09
DL02917,O02917,D0411,7.72,27,Low,Clear,58.8,158.79
DL02918,O02918,D0373,14.13,24,Low,Clear,76.4,5.72
DL02919,O02919,D0283,5.33,39,Low,Rainy,85.5,200.31
DL02920,O02920,D0444,2.42,21,High,Clear,54.5,148.51
DL02921,O02921,D0420,1.97,11,Low,Rainy,47.1,45.24
DL02922,O02922,D0441,11.75,12,Low,Clear,51.5,5.48
DL02923,O02923,D0269,4.06,23,Medium,Clear,58.4,49.67
DL02924,O02924,D0111,14.99,23,High,Clear,94.2,193.12
DL02925,O02925,D0412,14.48,32,Low,Clear,84.7,110.32
DL02926,O02926,D0322,12.95,24,Low,Clear,72.7,178.65
DL02927,O02927,D0007,8.05,16,Medium,Cloudy,69.9,88.48
DL02928,O02928,D0096,8.11,42,Medium,Clear,95.6,141.9
DL02929,O02929,D0454,14.05,21,Medium,Clear,86.1,38.83
DL02930,O02930,D0403,5.16,33,Medium,Clear,68.9,61.32
DL02931,O02931,D0015,7.81,23,Low,Clear,60.4,40.09
DL02932,O02932,D0343,6.64,16,Medium,Cloudy,59.7,205.5
DL02933,O02933,D0088,6.02,29,High,Clear,79.8,19.79
DL02934,O02934,D0302,13.49,38,Low,Clear,103.2,47.7
DL02935,O02935,D0112,11.14,16,Medium,Rainy,85.8,5.58
DL02936,O02936,D0308,14.22,14,High,Cloudy,95.8,70.04
DL02937,O02937,D0476,2.01,42,Medium,Clear,56.2,194.51
DL02938,O02938,D0024,12.58,22,Medium,Clear,81.9,35.44
DL02939,O02939,D0054,5.59,41,Low,Clear,65.6,116.14
DL02940,O02940,D0181,9.27,36,High,Rainy,109.6,208.22
DL02941,O02941,D0056,10.85,11,Low,Cloudy,56.5,130.31
DL02942,O02942,D0278,2.98,22,Medium,Cloudy,54.7,124.64
DL02943,O02943,D0234,11.48,39,Low,Clear,78.8,16.62
DL02944,O02944,D0248,5.77,15,Medium,Rainy,67.4,217.66
DL02945,O02945,D0198,4.9,12,High,Clear,53.7,15.16
DL02946,O02946,D0431,7.6,39,Medium,Clear,86.3,75.23
DL02947,O02947,D0260,11.96,28,Low,Cloudy,71.3,167.43
DL02948,O02948,D0162,6.73,25,High,Clear,80.8,32.06
DL02949,O02949,D0179,8.63,13,High,Rainy,78.9,70.39
DL02950,O02950,D0231,4.34,18,High,Rainy,82.8,48.62
DL02951,O02951,D0283,5.45,17,High,Clear,61.4,38.58
DL02952,O02952,D0491,14.18,35,High,Cloudy,100.8,91.06
DL02953,O02953,D0406,13.87,18,Medium,Clear,74.9,135.91
DL02954,O02954,D0239,13.43,21,Medium,Cloudy,83.7,55.65
DL02955,O02955,D0182,6.44,37,Medium,Cloudy,90.9,88.18
DL02956,O02956,D0400,1.41,14,Medium,Clear,34.5,14.93
DL02957,O02957,D0096,13.87,25,Low,Cloudy,86.7,38.73
DL02958,O02958,D0057,6.61,28,Medium,Cloudy,70.0,123.52
DL02959,O02959,D0453,12.25,32,High,Clear,96.2,99.81
DL02960,O02960,D0059,8.22,17,Medium,Clear,64.5,251.95
DL02961,O02961,D0297,13.51,27,High,Clear,100.9,76.24
DL02962,O02962,D0161,2.64,35,Low,Clear,51.7,37.69
DL02963,O02963,D0173,12.62,35,High,Clear,104.6,137.34
DL02964,O02964,D0355,13.14,24,High,Cloudy,91.4,155.82
DL02965,O02965,D0069,5.06,23,High,Cloudy,79.8,154.8
DL02966,O02966,D0407,9.75,16,Medium,Clear,57.5,194.84
DL02967,O02967,D0174,1.77,34,High,Clear,67.3,15.21
DL02968,O02968,D0357,5.39,11,High,Clear,58.4,42.02
DL02969,O02969,D0383,6.22,15,High,Clear,68.5,24.64
DL02970,O02970,D0288,2.33,18,Medium,Cloudy,45.7,124.7
DL02971,O02971,D0052,7.07,30,High,Clear,74.2,168.43
DL02972,O02972,D0206,10.07,20,Medium,Clear,75.1,45.01
DL02973,O02973,D0373,10.09,16,Medium,Clear,68.5,23.74
DL02974,O02974,D0033,7.58,41,Medium,Clear,87.2,13.99
DL02975,O02975,D0491,2.73,36,Low,Cloudy,63.3,95.7
DL02976,O02976,D0453,2.1,22,Medium,Cloudy,56.1,21.95
DL02977,O02977,D0441,12.51,11,Medium,Clear,67.6,133.65
DL02978,O02978,D0163,8.83,22,High,Cloudy,85.3,31.55
DL02979,O02979,D0234,11.5,13,Medium,Cloudy,67.2,148.64
DL02980,O02980,D0438,1.46,13,High,Clear,56.3,34.08
DL02981,O02981,D0233,7.18,35,Medium,Clear,73.2,30.61
DL02982,O02982,D0111,13.65,32,Medium,Clear,90.0,119.92
DL02983,O02983,D0486,10.91,29,Medium,Clear,81.9,134.67
DL02984,O02984,D0314,11.73,39,High,Cloudy,111.8,49.66
DL02985,O02985,D0214,7.6,34,Medium,Clear,75.4,130.23
DL02986,O02986,D0070,11.43,36,Medium,Cloudy,103.6,48.28
DL02987,O02987,D0118,10.41,29,High,Cloudy,98.8,33.74
DL02988,O02988,D0488,2.87,25,Medium,Clear,49.4,129.0
DL02989,O02989,D0098,2.28,13,Low,Clear,35.3,163.9
DL02990,O02990,D0056,3.47,18,Low,Clear,37.6,11.7
DL02991,O02991,D0260,2.11,16,High,Cloudy,57.0,42.97
DL02992,O02992,D0322,9.09,29,Medium,Clear,85.9,150.41
DL02993,O02993,D0393,14.51,41,Low,Cloudy,89.6,11.91
DL02994,O02994,D0350,11.83,10,Low,Clear,59.8,53.07
DL02995,O02995,D0485,11.43,18,Medium,Clear,68.9,78.79
DL02996,O02996,D0382,12.62,28,High,Rainy,112.2,84.22
DL02997,O02997,D0147,13.62,43,Low,Rainy,101.0,38.18
DL02998,O02998,D0063,5.26,43,Medium,Clear,82.6,202.92
DL02999,O02999,D0188,2.26,32,High,Clear,71.0,15.75
DL03000,O03000,D0435,11.52,10,Medium,Clear,70.2,14.23
DL03001,O03001,D0329,6.98,32,Medium,Rainy,95.1,194.8
DL03002,O03002,D0133,14.24,38,High,Clear,113.8,37.19
DL03003,O03003,D0400,14.07,32,High,Rainy,117.4,16.68
DL03004,O03004,D0474,14.64,32,High,Clear,102.3,78.4
DL03005,O03005,D0391,11.85,36,High,Clear,91.5,225.27
DL03006,O03006,D0002,9.58,36,Low,Rainy,90.1,81.24
DL03007,O03007,D0334,11.74,36,Medium,Rainy,104.6,42.24
DL03008,O03008,D0159,4.85,32,High,Cloudy,78.2,59.16
DL03009,O03009,D0342,1.03,32,Medium,Clear,49.3,233.74
DL03010,O03010,D0417,7.45,30,Medium,Cloudy,76.7,189.77
DL03011,O03011,D0040,9.96,16,High,Cloudy,78.1,76.62
DL03012,O03012,D0497,12.74,30,Medium,Cloudy,94.3,194.13
DL03013,O03013,D0127,1.71,29,Medium,Cloudy,57.7,39.24
DL03014,O03014,D0187,1.64,41,Low,Clear,60.0,40.77
DL03015,O03015,D0223,14.11,15,Medium,Clear,71.4,56.83
DL03016,O03016,D0339,3.82,27,Medium,Clear,55.6,30.06
DL03017,O03017,D0390,10.64,15,High,Clear,83.3,141.55
DL03018,O03018,D0430,3.06,17,Medium,Cloudy,50.8,156.33
DL03019,O03019,D0296,13.62,11,Low,Clear,68.2,25.38
DL03020,O03020,D0255,11.47,29,Medium,Clear,85.2,230.89
DL03021,O03021,D0171,1.76,22,Medium,Clear,47.7,68.31
DL03022,O03022,D0366,4.81,17,High,Clear,63.1,15.22
DL03023,O03023,D0458,14.58,35,Low,Rainy,101.1,72.03
DL03024,O03024,D0497,12.85,19,Medium,Rainy,88.2,41.68
DL03025,O03025,D0012,1.67,18,Medium,Rainy,63.7,85.87
DL03026,O03026,D0346,5.3,37,Medium,Cloudy,81.2,82.54
DL03027,O03027,D0260,5.6,16,High,Clear,67.5,40.79
DL03028,O03028,D0115,7.72,10,Medium,Rainy,77.3,68.3
DL03029,O03029,D0315,4.86,42,Low,Clear,66.5,155.66
DL03030,O03030,D0049,12.61,22,Medium,Rainy,98.8,184.07
DL03031,O03031,D0261,7.59,43,Medium,Clear,79.6,15.9
DL03032,O03032,D0381,1.18,20,High,Cloudy,64.1,15.93
DL03033,O03033,D0350,6.45,38,Low,Cloudy,65.5,248.49
DL03034,O03034,D0408,9.3,36,Low,Cloudy,76.0,83.42
DL03035,O03035,D0366,10.23,44,Low,Rainy,96.8,40.75
DL03036,O03036,D0359,2.35,34,Medium,Clear,63.9,45.73
DL03037,O03037,D0419,7.96,24,Low,Clear,56.0,106.4
DL03038,O03038,D0133,7.03,11,Low,Clear,40.8,28.24
DL03039,O03039,D0261,3.46,23,Medium,Cloudy,56.8,80.51
DL03040,O03040,D0200,3.52,23,High,Clear,64.4,11.19
DL03041,O03041,D0246,14.62,33,Low,Rainy,102.7,89.55
DL03042,O03042,D0483,6.79,14,Medium,Clear,51.5,38.45
DL03043,O03043,D0055,9.96,43,Medium,Clear,96.2,253.91
DL03044,O03044,D0193,3.89,41,High,Clear,81.7,108.41
DL03045,O03045,D0194,14.39,37,Medium,Cloudy,105.1,95.25
DL03046,O03046,D0007,14.25,22,Medium,Clear,90.1,12.13
DL03047,O03047,D0015,12.11,25,Low,Rainy,86.8,6.28
DL03048,O03048,D0078,7.11,30,Medium,Clear,67.2,14.12
DL03049,O03049,D0461,6.81,31,Low,Clear,59.3,30.25
DL03050,O03050,D0428,13.46,32,High,Clear,109.0,136.54
DL03051,O03051,D0157,13.16,41,Medium,Cloudy,101.0,285.57
DL03052,O03052,D0114,13.94,21,Low,Cloudy,75.6,131.3
DL03053,O03053,D0002,4.82,31,Medium,Rainy,85.9,52.4
DL03054,O03054,D0186,10.27,32,Medium,Clear,81.7,51.81
DL03055,O03055,D0327,10.4,44,Low,Cloudy,92.4,46.91
DL03056,O03056,D0266,6.04,34,Low,Rainy,74.1,105.43
DL03057,O03057,D0468,2.32,39,Low,Rainy,71.2,30.21
DL03058,O03058,D0473,2.46,39,Low,Clear,51.2,58.19
DL03059,O03059,D0311,12.8,12,Medium,Clear,72.1,102.53
DL03060,O03060,D0090,5.78,40,High,Rainy,105.0,79.17
DL03061,O03061,D0426,13.47,44,High,Cloudy,120.1,99.17
DL03062,O03062,D0454,5.01,23,High,Clear,63.1,133.03
DL03063,O03063,D0452,3.84,31,Medium,Cloudy,71.7,52.2
DL03064,O03064,D0456,6.5,24,Medium,Clear,65.7,10.46
DL03065,O03065,D0013,11.14,32,Medium,Cloudy,97.6,221.77
DL03066,O03066,D0165,9.68,17,High,Clear,71.5,105.49
DL03067,O03067,D0136,3.1,33,Medium,Clear,56.4,104.0
DL03068,O03068,D0252,14.74,42,Low,Rainy,108.7,170.43
DL03069,O03069,D0040,14.7,16,High,Clear,96.6,47.07
DL03070,O03070,D0349,4.81,18,Medium,Clear,70.7,97.89
DL03071,O03071,D0091,8.42,43,Medium,Clear,86.0,183.91
DL03072,O03072,D0137,4.19,29,Low,Clear,60.2,46.97
DL03073,O03073,D0462,14.89,28,Low,Clear,80.2,97.73
DL03074,O03074,D0125,5.88,41,Low,Cloudy,71.0,40.9
DL03075,O03075,D0444,13.63,30,High,Clear,104.3,65.97
DL03076,O03076,D0203,7.01,35,High,Clear,83.1,27.99
DL03077,O03077,D0217,11.03,18,Low,Rainy,72.7,173.53
DL03078,O03078,D0087,13.68,43,Medium,Clear,104.9,63.44
DL03079,O03079,D0394,9.7,15,High,Rainy,90.1,70.04
DL03080,O03080,D0455,4.23,42,Medium,Clear,84.4,45.83
DL03081,O03081,D0333,12.17,24,Medium,Cloudy,76.9,82.1
DL03082,O03082,D0406,13.72,27,High,Clear,101.6,72.28
DL03083,O03083,D0233,2.25,32,Low,Clear,48.8,192.38
DL03084,O03084,D0488,6.23,16,High,Cloudy,67.8,126.86
DL03085,O03085,D0497,14.9,23,Medium,Clear,96.3,175.21
DL03086,O03086,D0184,10.13,23,Low,Clear,69.0,69.38
DL03087,O03087,D0174,3.44,29,High,Cloudy,84.0,38.27
DL03088,O03088,D0402,12.8,43,Low,Clear,82.2,27.92
DL03089,O03089,D0073,7.6,39,Medium,Clear,71.0,31.27
DL03090,O03090,D0342,13.07,38,Low,Clear,90.8,42.35
DL03091,O03091,D0117,11.69,16,High,Rainy,94.6,258.74
DL03092,O03092,D0119,11.11,39,Medium,Clear,99.0,32.06
DL03093,O03093,D0315,4.78,39,Medium,Clear,70.5,26.47
DL03094,O03094,D0317,8.82,35,Medium,Clear,79.9,43.8
DL03095,O03095,D0495,12.97,14,Low,Clear,50.9,126.24
DL03096,O03096,D0496,12.96,34,Medium,Clear,93.0,172.37
DL03097,O03097,D0436,3.39,39,High,Clear,76.4,117.85
DL03098,O03098,D0265,6.62,43,High,Rainy,106.0,128.36
DL03099,O03099,D0234,7.44,28,Medium,Clear,72.1,15.58
DL03100,O03100,D0319,7.73,39,High,Clear,94.4,78.1
DL03101,O03101,D0448,7.41,17,Medium,Cloudy,70.5,20.5
DL03102,O03102,D0014,2.34,31,Low,Clear,48.6,104.61
DL03103,O03103,D0332,13.65,39,Medium,Clear,90.1,33.23
DL03104,O03104,D0232,11.94,27,Medium,Clear,84.7,38.84
DL03105,O03105,D0273,7.04,32,Medium,Rainy,84.6,194.81
DL03106,O03106,D0017,14.32,33,Low,Cloudy,87.6,288.74
DL03107,O03107,D0307,8.58,25,Medium,Clear,81.3,23.72
DL03108,O03108,D0440,1.81,17,Medium,Rainy,54.1,6.91
DL03109,O03109,D0408,7.2,22,Medium,Rainy,69.3,213.27
DL03110,O03110,D0242,3.89,23,Medium,Clear,53.2,59.8
DL03111,O03111,D0333,14.97,29,Low,Clear,85.4,69.99
DL03112,O03112,D0113,2.74,41,Medium,Clear,68.9,46.4
DL03113,O03113,D0036,5.29,44,High,Clear,90.2,110.7
DL03114,O03114,D0318,10.5,17,Low,Cloudy,65.6,112.94
DL03115,O03115,D0018,4.13,11,Medium,Cloudy,44.1,26.16
DL03116,O03116,D0222,2.57,32,Low,Clear,48.5,4.41
DL03117,O03117,D0380,6.4,11,High,Clear,66.4,32.25
DL03118,O03118,D0055,13.54,37,Low,Cloudy,93.6,92.94
DL03119,O03119,D0362,9.08,14,Low,Clear,51.9,148.02
DL03120,O03120,D0379,11.44,34,Medium,Clear,75.8,44.98
DL03121,O03121,D0124,4.99,10,Low,Clear,42.9,67.45
DL03122,O03122,D0426,13.5,31,Medium,Cloudy,92.5,80.37
DL03123,O03123,D0485,8.85,16,Medium,Clear,66.5,62.12
DL03124,O03124,D0321,5.95,32,High,Clear,94.3,3.0
DL03125,O03125,D0270,10.17,33,Medium,Clear,85.8,117.36
DL03126,O03126,D0266,6.7,35,Medium,Rainy,83.3,28.12
DL03127,O03127,D0380,4.88,23,Medium,Clear,67.2,53.93
DL03128,O03128,D0261,11.73,40,Low,Clear,84.9,50.31
DL03129,O03129,D0406,2.51,36,Low,Cloudy,51.4,61.53
DL03130,O03130,D0233,10.29,31,Low,Clear,76.4,51.81
DL03131,O03131,D0349,8.36,26,High,Cloudy,92.6,10.37
DL03132,O03132,D0369,8.19,39,Medium,Clear,86.8,61.74
DL03133,O03133,D0243,5.8,30,Medium,Clear,67.4,17.27
DL03134,O03134,D0480,4.85,17,Medium,Clear,62.5,154.81
DL03135,O03135,D0351,10.66,11,Medium,Clear,61.2,160.38
DL03136,O03136,D0165,12.35,15,High,Cloudy,97.5,199.26
DL03137,O03137,D0161,6.41,22,High,Cloudy,82.0,35.62
DL03138,O03138,D0222,3.02,38,Medium,Cloudy,64.5,161.56
DL03139,O03139,D0103,1.3,44,Medium,Cloudy,72.9,88.88
DL03140,O03140,D0097,9.12,39,Low,Clear,67.1,79.88
DL03141,O03141,D0010,4.5,43,Medium,Rainy,90.2,112.08
DL03142,O03142,D0448,6.78,29,High,Cloudy,84.5,33.72
DL03143,O03143,D0186,8.8,24,Medium,Cloudy,71.2,12.7
DL03144,O03144,D0191,11.13,19,Medium,Clear,74.0,17.97
DL03145,O03145,D0163,6.93,33,Low,Clear,63.8,28.98
DL03146,O03146,D0379,10.84,27,High,Rainy,109.4,30.53
DL03147,O03147,D0049,13.79,12,Low,Clear,60.5,85.41
DL03148,O03148,D0156,4.88,37,Medium,Cloudy,73.3,45.28
DL03149,O03149,D0055,10.76,21,Low,Clear,59.2,54.27
DL03150,O03150,D0490,5.26,42,Medium,Clear,79.3,146.36
DL03151,O03151,D0137,1.95,25,Medium,Rainy,71.8,85.17
DL03152,O03152,D0489,2.16,12,Medium,Rainy,53.3,27.24
DL03153,O03153,D0459,10.83,42,Medium,Cloudy,99.2,41.04
DL03154,O03154,D0173,3.09,33,Medium,Clear,65.4,171.36
DL03155,O03155,D0411,14.95,10,Medium,Rainy,85.1,34.45
DL03156,O03156,D0416,8.61,23,Low,Rainy,66.6,129.03
DL03157,O03157,D0425,5.37,18,Low,Rainy,61.1,136.48
DL03158,O03158,D0122,9.47,44,Low,Rainy,96.9,71.71
DL03159,O03159,D0149,2.26,25,Medium,Clear,49.0,47.01
DL03160,O03160,D0332,1.74,18,High,Clear,53.3,38.69
DL03161,O03161,D0007,8.52,21,Medium,Clear,64.2,166.36
DL03162,O03162,D0278,3.51,40,Low,Cloudy,59.2,46.36
DL03163,O03163,D0096,2.02,15,High,Cloudy,61.6,185.31
DL03164,O03164,D0438,9.79,39,Medium,Clear,85.8,71.76
DL03165,O03165,D0067,7.29,34,High,Clear,83.9,122.2
DL03166,O03166,D0076,7.96,38,Low,Clear,73.4,44.52
DL03167,O03167,D0186,11.7,38,Medium,Cloudy,98.7,69.04
DL03168,O03168,D0461,10.63,31,High,Clear,91.6,76.99
DL03169,O03169,D0342,12.28,13,Medium,Clear,63.7,187.09
DL03170,O03170,D0448,2.24,18,Medium,Rainy,58.3,22.25
DL03171,O03171,D0170,2.15,30,Medium,Rainy,69.3,10.56
DL03172,O03172,D0230,9.08,20,High,Clear,77.5,81.88
DL03173,O03173,D0309,13.92,22,High,Clear,93.9,29.14
DL03174,O03174,D0028,11.45,29,Low,Rainy,93.0,112.61
DL03175,O03175,D0500,10.82,19,Low,Rainy,75.6,21.18
DL03176,O03176,D0058,5.96,32,Medium,Clear,72.1,18.26
DL03177,O03177,D0261,8.97,41,Low,Clear,85.3,20.0
DL03178,O03178,D0094,10.75,33,Low,Clear,72.4,86.52
DL03179,O03179,D0183,8.08,20,High,Clear,76.1,124.58
DL03180,O03180,D0480,4.23,42,Medium,Rainy,89.3,166.87
DL03181,O03181,D0316,10.5,36,Medium,Clear,89.8,160.58
DL03182,O03182,D0045,8.21,32,Low,Clear,65.7,37.38
DL03183,O03183,D0468,4.5,13,Medium,Clear,44.6,194.08
DL03184,O03184,D0377,8.39,24,Low,Clear,70.9,35.83
DL03185,O03185,D0404,5.8,12,Medium,Cloudy,55.0,69.64
DL03186,O03186,D0361,1.93,12,Medium,Cloudy,32.4,116.09
DL03187,O03187,D0137,7.61,34,High,Clear,93.3,79.91
DL03188,O03188,D0263,14.56,31,Medium,Clear,99.4,55.87
DL03189,O03189,D0135,4.49,20,Medium,Rainy,69.5,86.43
DL03190,O03190,D0218,7.17,20,High,Clear,68.3,131.79
DL03191,O03191,D0353,12.5,17,Medium,Clear,73.6,99.37
DL03192,O03192,D0050,14.3,37,Medium,Clear,104.6,250.03
DL03193,O03193,D0223,1.78,29,Medium,Clear,58.5,95.22
DL03194,O03194,D0108,11.5,31,Medium,Clear,80.3,140.47
DL03195,O03195,D0014,5.51,20,Low,Cloudy,62.1,61.55
DL03196,O03196,D0239,2.5,32,Low,Rainy,65.4,89.7
DL03197,O03197,D0355,11.58,43,Low,Clear,83.2,61.22
DL03198,O03198,D0222,7.59,43,Medium,Rainy,91.2,90.14
DL03199,O03199,D0291,3.9,33,Medium,Clear,65.9,145.18
DL03200,O03200,D0191,11.04,12,Low,Clear,55.3,163.15
DL03201,O03201,D0019,4.1,39,High,Clear,83.1,6.05
DL03202,O03202,D0329,9.81,32,Low,Rainy,87.3,104.8
DL03203,O03203,D0315,5.68,10,High,Clear,65.0,158.71
DL03204,O03204,D0338,4.18,27,Low,Rainy,64.1,117.83
DL03205,O03205,D0320,1.56,12,High,Clear,46.2,2.51
DL03206,O03206,D0193,3.19,33,Low,Rainy,71.3,211.61
DL03207,O03207,D0017,14.08,34,High,Clear,105.4,12.57
DL03208,O03208,D0214,7.31,11,Medium,Rainy,74.3,52.72
DL03209,O03209,D0268,12.83,31,Low,Cloudy,83.8,89.31
DL03210,O03210,D0311,11.65,18,Low,Clear,57.3,130.99
DL03211,O03211,D0402,10.69,25,High,Clear,92.7,86.58
DL03212,O03212,D0450,11.32,25,Low,Clear,55.7,19.29
DL03213,O03213,D0408,3.35,24,Medium,Clear,54.9,36.06
DL03214,O03214,D0231,4.45,16,Low,Cloudy,47.6,22.44
DL03215,O03215,D0132,11.9,36,Low,Clear,81.0,134.7
DL03216,O03216,D0087,10.35,27,Low,Clear,63.8,205.86
DL03217,O03217,D0004,12.36,16,Medium,Cloudy,84.5,23.67
DL03218,O03218,D0277,10.6,31,Medium,Clear,81.9,112.26
DL03219,O03219,D0027,12.0,22,Low,Clear,54.4,186.58
DL03220,O03220,D0011,9.16,28,High,Clear,88.9,14.57
DL03221,O03221,D0190,12.44,35,Medium,Rainy,109.1,76.94
DL03222,O03222,D0320,5.53,26,Low,Clear,50.3,88.31
DL03223,O03223,D0088,1.95,26,Low,Rainy,53.4,14.05
DL03224,O03224,D0155,3.82,25,High,Clear,69.6,16.47
DL03225,O03225,D0123,3.12,22,Medium,Clear,48.2,79.5
DL03226,O03226,D0448,7.61,14,High,Rainy,83.0,90.88
DL03227,O03227,D0036,13.66,43,Low,Clear,100.3,17.32
DL03228,O03228,D0091,5.35,28,Medium,Rainy,90.6,15.55
DL03229,O03229,D0247,8.24,38,Low,Clear,74.5,31.46
DL03230,O03230,D0476,12.41,38,Medium,Clear,91.1,96.69
DL03231,O03231,D0062,13.2,36,Low,Rainy,99.4,12.13
DL03232,O03232,D0431,4.89,21,Medium,Clear,50.0,105.4
DL03233,O03233,D0226,8.33,14,High,Rainy,87.2,141.28
DL03234,O03234,D0384,4.59,39,Medium,Cloudy,81.6,135.83
DL03235,O03235,D0322,6.87,38,Medium,Cloudy,86.6,224.6
DL03236,O03236,D0297,6.49,32,Low,Cloudy,64.9,142.29
DL03237,O03237,D0218,1.9,10,Medium,Cloudy,41.8,27.54
DL03238,O03238,D0429,1.38,14,Medium,Clear,40.1,49.92
DL03239,O03239,D0079,9.65,13,Medium,Clear,60.6,82.91
DL03240,O03240,D0253,3.41,20,High,Clear,61.5,187.53
DL03241,O03241,D0024,3.08,23,High,Clear,64.6,144.79
DL03242,O03242,D0403,6.01,41,Medium,Cloudy,83.7,68.82
DL03243,O03243,D0199,4.24,22,Low,Cloudy,48.8,20.41
DL03244,O03244,D0337,11.44,41,High,Cloudy,106.0,70.05
DL03245,O03245,D0496,10.09,18,Medium,Clear,68.7,22.57
DL03246,O03246,D0068,14.47,40,Low,Cloudy,100.9,87.87
DL03247,O03247,D0484,6.63,26,Low,Cloudy,60.1,43.01
DL03248,O03248,D0296,1.37,22,High,Rainy,70.8,234.18
DL03249,O03249,D0094,12.86,39,Low,Rainy,105.2,34.76
DL03250,O03250,D0192,2.72,35,Medium,Clear,66.7,142.31
DL03251,O03251,D0180,4.76,20,Low,Clear,33.3,15.14
DL03252,O03252,D0171,9.83,12,Low,Clear,54.0,139.8
DL03253,O03253,D0361,7.46,28,Medium,Rainy,88.1,53.64
DL03254,O03254,D0190,10.69,31,Medium,Clear,90.3,15.44
DL03255,O03255,D0439,3.71,31,High,Clear,74.4,14.99
DL03256,O03256,D0462,9.2,41,Medium,Cloudy,92.0,13.02
DL03257,O03257,D0426,7.36,16,Low,Clear,53.8,72.45
DL03258,O03258,D0443,9.22,33,Medium,Cloudy,86.2,119.46
DL03259,O03259,D0048,13.35,18,High,Cloudy,92.7,268.19
DL03260,O03260,D0302,8.47,34,Low,Cloudy,73.8,22.04
DL03261,O03261,D0053,11.37,31,Low,Cloudy,84.4,21.69
DL03262,O03262,D0120,11.42,33,Medium,Rainy,99.9,201.65
DL03263,O03263,D0320,10.27,16,Medium,Clear,68.5,15.62
DL03264,O03264,D0276,7.77,32,Medium,Cloudy,82.6,4.16
DL03265,O03265,D0126,1.05,10,Medium,Cloudy,32.0,31.93
DL03266,O03266,D0413,2.7,14,Low,Clear,43.5,237.94
DL03267,O03267,D0490,8.6,32,High,Cloudy,94.1,39.51
DL03268,O03268,D0123,1.61,30,High,Cloudy,66.3,94.53
DL03269,O03269,D0054,1.63,24,Low,Clear,39.9,100.69
DL03270,O03270,D0437,2.77,11,Medium,Cloudy,45.2,25.75
DL03271,O03271,D0218,4.26,30,Medium,Rainy,80.3,78.55
DL03272,O03272,D0339,14.99,27,Medium,Clear,84.6,30.57
DL03273,O03273,D0136,2.68,27,Medium,Rainy,68.3,207.23
DL03274,O03274,D0486,4.8,27,High,Clear,65.9,54.14
DL03275,O03275,D0020,10.56,24,Medium,Clear,83.5,77.12
DL03276,O03276,D0449,10.47,20,Low,Clear,65.6,11.68
DL03277,O03277,D0464,13.25,21,Medium,Clear,83.3,181.3
DL03278,O03278,D0314,9.55,10,Medium,Clear,54.8,113.26
DL03279,O03279,D0065,4.72,44,Low,Cloudy,67.3,128.84
DL03280,O03280,D0419,4.35,41,Low,Clear,70.3,166.83
DL03281,O03281,D0136,12.62,19,Low,Clear,62.1,33.19
DL03282,O03282,D0136,2.37,21,High,Clear,60.8,77.64
DL03283,O03283,D0450,7.73,32,Medium,Clear,81.7,71.18
DL03284,O03284,D0028,7.76,36,High,Clear,81.0,76.74
DL03285,O03285,D0095,11.35,10,High,Clear,72.5,9.37
DL03286,O03286,D0428,14.94,42,Low,Clear,98.9,132.58
DL03287,O03287,D0016,7.95,28,Low,Cloudy,67.9,143.82
DL03288,O03288,D0459,11.86,32,Medium,Clear,89.0,101.68
DL03289,O03289,D0497,12.92,20,Medium,Clear,83.4,198.5
DL03290,O03290,D0320,1.48,13,Medium,Clear,39.3,25.52
DL03291,O03291,D0462,9.9,12,Medium,Cloudy,68.8,199.24
DL03292,O03292,D0421,13.38,20,High,Clear,89.3,42.92
DL03293,O03293,D0124,11.09,18,High,Clear,82.8,175.96
DL03294,O03294,D0033,11.83,33,Low,Cloudy,77.2,95.06
DL03295,O03295,D0008,12.35,18,High,Cloudy,98.2,67.92
DL03296,O03296,D0233,1.27,24,High,Clear,56.7,88.22
DL03297,O03297,D0290,14.0,10,Medium,Cloudy,80.2,176.45
DL03298,O03298,D0141,13.69,20,Medium,Clear,79.9,27.58
DL03299,O03299,D0491,9.42,32,Low,Clear,71.4,93.04
DL03300,O03300,D0272,5.88,18,Low,Cloudy,46.6,55.12
DL03301,O03301,D0292,6.17,15,Medium,Cloudy,61.6,103.2
DL03302,O03302,D0182,8.49,21,Medium,Rainy,78.1,77.21
DL03303,O03303,D0359,5.08,24,Medium,Clear,60.9,266.52
DL03304,O03304,D0213,8.92,12,Medium,Clear,69.8,11.79
DL03305,O03305,D0337,9.65,10,Medium,Rainy,76.6,84.03
DL03306,O03306,D0039,11.2,22,Low,Clear,59.6,188.56
DL03307,O03307,D0119,1.92,42,Low,Rainy,73.8,15.67
DL03308,O03308,D0437,1.93,20,High,Clear,56.3,121.55
DL03309,O03309,D0034,13.92,25,Low,Clear,72.3,259.99
DL03310,O03310,D0274,11.42,12,Low,Clear,49.5,258.03
DL03311,O03311,D0041,5.79,25,Low,Clear,61.7,158.55
DL03312,O03312,D0489,1.35,41,Medium,Clear,62.6,4.0
DL03313,O03313,D0107,9.53,35,Medium,Clear,81.2,29.66
DL03314,O03314,D0228,4.49,37,Medium,Clear,73.9,159.94
DL03315,O03315,D0036,1.81,36,Medium,Clear,53.2,44.8
DL03316,O03316,D0261,11.57,26,Low,Clear,72.0,31.99
DL03317,O03317,D0028,14.67,36,Medium,Clear,103.7,33.69
DL03318,O03318,D0433,11.46,21,Medium,Clear,75.1,182.99
DL03319,O03319,D0197,2.57,44,Medium,Cloudy,76.2,241.64
DL03320,O03320,D0324,6.15,28,Low,Clear,61.5,6.19
DL03321,O03321,D0131,4.48,42,Medium,Cloudy,84.0,12.24
DL03322,O03322,D0417,6.24,26,Medium,Clear,54.0,202.9
DL03323,O03323,D0057,8.81,18,Medium,Clear,61.6,178.25
DL03324,O03324,D0180,9.89,21,Medium,Rainy,87.4,77.27
DL03325,O03325,D0323,5.31,42,Medium,Clear,75.8,224.32
DL03326,O03326,D0456,10.44,24,Medium,Clear,73.8,234.89
DL03327,O03327,D0023,10.58,38,Medium,Clear,96.4,58.24
DL03328,O03328,D0070,14.9,22,High,Cloudy,98.6,53.92
DL03329,O03329,D0283,7.74,12,Medium,Rainy,80.2,98.38
DL03330,O03330,D0342,5.6,44,High,Rainy,105.6,97.0
DL03331,O03331,D0418,13.01,30,Medium,Rainy,85.2,46.02
DL03332,O03332,D0249,3.35,44,Medium,Clear,71.0,232.55
DL03333,O03333,D0193,7.26,44,Low,Rainy,92.3,26.01
DL03334,O03334,D0500,9.77,40,High,Clear,103.5,178.58
DL03335,O03335,D0292,2.99,22,High,Clear,61.8,5.44
DL03336,O03336,D0347,1.76,41,High,Clear,71.5,90.21
DL03337,O03337,D0009,6.56,27,Medium,Clear,67.9,237.05
DL03338,O03338,D0364,5.9,27,Low,Cloudy,54.3,29.8
DL03339,O03339,D0243,11.43,19,Low,Clear,57.9,61.11
DL03340,O03340,D0025,8.46,25,High,Clear,83.2,52.2
DL03341,O03341,D0078,1.32,32,Low,Rainy,59.1,48.26
DL03342,O03342,D0402,13.87,40,Medium,Cloudy,104.6,249.05
DL03343,O03343,D0497,13.05,43,Medium,Cloudy,105.4,222.14
DL03344,O03344,D0466,2.05,38,Low,Clear,55.8,253.12
DL03345,O03345,D0241,4.57,25,Low,Clear,46.0,196.72
DL03346,O03346,D0283,9.73,39,High,Clear,101.6,54.27
DL03347,O03347,D0009,3.53,34,High,Clear,77.0,52.3
DL03348,O03348,D0204,14.63,28,Low,Cloudy,81.1,130.48
DL03349,O03349,D0184,6.89,41,Low,Clear,73.6,36.42
DL03350,O03350,D0115,10.86,21,High,Clear,86.9,78.78
DL03351,O03351,D0047,8.16,24,Low,Clear,50.8,71.91
DL03352,O03352,D0338,5.32,24,Low,Clear,51.8,38.11
DL03353,O03353,D0177,10.76,29,High,Cloudy,101.6,44.97
DL03354,O03354,D0142,7.66,15,High,Rainy,81.6,29.6
DL03355,O03355,D0074,9.9,28,Low,Clear,64.6,159.88
DL03356,O03356,D0084,6.5,38,Low,Cloudy,75.8,147.44
DL03357,O03357,D0278,14.96,36,Low,Clear,89.2,194.93
DL03358,O03358,D0187,3.89,44,Medium,Rainy,93.1,8.65
DL03359,O03359,D0162,3.56,42,Medium,Clear,76.0,40.37
DL03360,O03360,D0304,1.13,28,Low,Clear,49.7,3.75
DL03361,O03361,D0358,13.19,14,High,Clear,87.6,60.34
DL03362,O03362,D0453,3.2,29,Medium,Clear,55.3,194.54
DL03363,O03363,D0030,4.45,43,High,Clear,84.6,8.4
DL03364,O03364,D0001,3.89,16,Low,Rainy,47.0,31.07
DL03365,O03365,D0026,14.71,43,High,Cloudy,120.9,26.6
DL03366,O03366,D0199,12.94,37,High,Rainy,123.5,175.06
DL03367,O03367,D0263,11.49,31,Low,Clear,66.0,104.18
DL03368,O03368,D0365,6.43,39,Low,Clear,60.1,126.13
DL03369,O03369,D0005,1.09,30,Low,Cloudy,54.3,29.73
DL03370,O03370,D0084,14.55,18,Medium,Clear,82.9,38.79
DL03371,O03371,D0370,3.85,22,Low,Clear,47.0,13.74
DL03372,O03372,D0448,1.92,42,Low,Clear,58.1,20.62
DL03373,O03373,D0348,6.32,35,Low,Cloudy,70.4,128.51
DL03374,O03374,D0023,4.9,10,High,Cloudy,64.4,31.37
DL03375,O03375,D0136,14.22,11,Medium,Rainy,79.4,59.12
DL03376,O03376,D0431,1.38,39,Low,Cloudy,54.6,8.86
DL03377,O03377,D0208,14.7,25,Low,Cloudy,90.2,54.6
DL03378,O03378,D0169,9.21,18,Medium,Rainy,82.8,181.9
DL03379,O03379,D0432,5.2,24,Medium,Cloudy,69.8,98.74
DL03380,O03380,D0326,13.15,31,Medium,Cloudy,95.5,100.47
DL03381,O03381,D0459,6.84,24,High,Clear,78.2,85.13
DL03382,O03382,D0333,8.46,13,Medium,Clear,56.2,55.67
DL03383,O03383,D0194,3.0,25,Medium,Rainy,62.7,61.09
DL03384,O03384,D0433,13.32,20,Low,Rainy,89.9,55.65
DL03385,O03385,D0386,13.3,41,High,Clear,108.4,56.5
DL03386,O03386,D0319,11.52,31,Medium,Clear,85.1,90.02
DL03387,O03387,D0397,11.16,10,High,Rainy,89.1,62.97
DL03388,O03388,D0211,3.8,35,Low,Clear,57.3,39.13
DL03389,O03389,D0417,7.2,12,High,Rainy,80.4,50.14
DL03390,O03390,D0229,2.29,41,Medium,Cloudy,73.3,207.76
DL03391,O03391,D0375,9.28,42,Low,Clear,74.7,97.45
DL03392,O03392,D0281,3.96,42,Medium,Cloudy,75.2,82.09
DL03393,O03393,D0368,5.18,11,Medium,Rainy,57.4,130.78
DL03394,O03394,D0486,12.42,31,Low,Clear,84.1,36.41
DL03395,O03395,D0238,14.79,21,High,Clear,90.7,76.6
DL03396,O03396,D0104,6.32,11,High,Rainy,70.7,39.39
DL03397,O03397,D0338,12.12,17,Low,Clear,64.1,171.74
DL03398,O03398,D0029,2.85,26,High,Clear,63.0,7.36
DL03399,O03399,D0037,8.4,13,Medium,Cloudy,63.3,60.76
DL03400,O03400,D0331,8.72,10,Medium,Clear,55.3,44.85
DL03401,O03401,D0237,13.44,15,High,Clear,89.7,32.41
DL03402,O03402,D0169,4.38,31,Medium,Clear,58.1,80.3
DL03403,O03403,D0367,1.9,44,Medium,Clear,70.4,82.87
DL03404,O03404,D0237,5.9,20,Medium,Clear,59.3,62.83
DL03405,O03405,D0343,11.45,11,Low,Clear,49.6,52.15
DL03406,O03406,D0087,1.64,27,Medium,Rainy,64.8,32.41
DL03407,O03407,D0035,3.05,18,High,Rainy,69.5,63.37
DL03408,O03408,D0003,1.64,15,Medium,Clear,29.8,39.03
DL03409,O03409,D0175,7.95,43,High,Clear,96.9,15.61
DL03410,O03410,D0190,12.55,21,Medium,Clear,82.6,181.46
DL03411,O03411,D0274,4.73,30,Low,Clear,45.4,58.36
DL03412,O03412,D0313,1.44,35,High,Cloudy,73.2,14.81
DL03413,O03413,D0436,3.47,19,Medium,Cloudy,58.0,54.53
DL03414,O03414,D0073,2.17,25,Medium,Clear,50.5,194.24
DL03415,O03415,D0048,8.75,24,Low,Clear,65.3,29.57
DL03416,O03416,D0020,8.0,32,Medium,Cloudy,71.8,120.59
DL03417,O03417,D0472,4.43,30,High,Clear,71.8,206.55
DL03418,O03418,D0209,12.79,25,Medium,Clear,79.4,21.59
DL03419,O03419,D0109,6.75,20,Medium,Cloudy,58.9,236.77
DL03420,O03420,D0396,14.57,29,Low,Clear,93.8,179.3
DL03421,O03421,D0417,4.26,30,Low,Clear,54.1,40.04
DL03422,O03422,D0127,9.72,25,Low,Clear,69.3,149.39
DL03423,O03423,D0454,12.14,20,Medium,Clear,78.0,24.98
DL03424,O03424,D0094,3.65,42,Low,Clear,73.1,46.57
DL03425,O03425,D0070,12.11,31,Medium,Rainy,106.4,140.2
DL03426,O03426,D0432,13.38,34,Low,Clear,75.8,18.46
DL03427,O03427,D0279,10.35,42,High,Clear,107.8,42.97
DL03428,O03428,D0046,13.54,43,Medium,Clear,108.7,19.39
DL03429,O03429,D0135,6.49,24,Medium,Clear,61.9,203.6
DL03430,O03430,D0026,6.62,10,Low,Rainy,62.1,55.65
DL03431,O03431,D0195,1.26,13,Medium,Clear,33.7,40.95
DL03432,O03432,D0313,12.19,26,Medium,Cloudy,80.1,15.21
DL03433,O03433,D0281,1.46,37,Medium,Cloudy,66.9,38.37
DL03434,O03434,D0195,4.69,41,Low,Clear,65.5,56.65
DL03435,O03435,D0207,9.68,17,Medium,Rainy,78.1,143.42
DL03436,O03436,D0124,9.51,28,Medium,Clear,85.7,39.59
DL03437,O03437,D0167,7.73,33,Medium,Clear,71.6,174.08
DL03438,O03438,D0068,9.65,12,Medium,Clear,70.6,40.66
DL03439,O03439,D0166,5.51,23,Medium,Clear,56.5,108.7
DL03440,O03440,D0429,3.85,41,Low,Clear,57.0,162.38
DL03441,O03441,D0118,5.1,21,Low,Cloudy,47.5,50.61
DL03442,O03442,D0320,4.47,40,Medium,Cloudy,79.4,151.62
DL03443,O03443,D0213,7.01,43,High,Clear,89.5,37.24
DL03444,O03444,D0310,11.62,40,High,Cloudy,118.3,152.89
DL03445,O03445,D0222,5.55,41,High,Clear,99.5,194.23
DL03446,O03446,D0199,5.98,44,Low,Rainy,88.1,66.27
DL03447,O03447,D0397,10.76,41,Medium,Rainy,108.3,75.68
DL03448,O03448,D0178,13.79,25,Low,Clear,78.1,223.94
DL03449,O03449,D0043,4.64,10,Medium,Cloudy,50.5,48.08
DL03450,O03450,D0135,11.3,22,Medium,Rainy,86.7,31.76
DL03451,O03451,D0471,9.73,20,Medium,Clear,61.0,134.09
DL03452,O03452,D0172,8.3,20,Medium,Clear,70.4,32.76
DL03453,O03453,D0448,1.27,34,High,Clear,70.6,153.82
DL03454,O03454,D0007,6.33,14,Medium,Clear,54.0,69.25
DL03455,O03455,D0010,3.88,30,Medium,Rainy,78.4,70.57
DL03456,O03456,D0078,2.96,44,Medium,Rainy,84.5,163.39
DL03457,O03457,D0197,4.86,21,Low,Rainy,57.2,139.3
DL03458,O03458,D0190,10.14,22,Medium,Clear,73.8,39.29
DL03459,O03459,D0403,8.54,12,Low,Clear,49.1,33.08
DL03460,O03460,D0229,7.12,21,Medium,Clear,75.2,148.56
DL03461,O03461,D0033,3.03,43,Medium,Rainy,80.8,80.3
DL03462,O03462,D0318,11.9,29,Medium,Cloudy,90.2,135.47
DL03463,O03463,D0117,7.74,13,Medium,Rainy,78.5,34.36
DL03464,O03464,D0078,10.03,16,High,Rainy,82.1,64.27
DL03465,O03465,D0451,1.52,12,High,Clear,32.8,118.2
DL03466,O03466,D0391,13.49,22,Medium,Clear,80.7,95.55
DL03467,O03467,D0030,8.25,38,Medium,Clear,78.4,89.71
DL03468,O03468,D0124,5.89,30,Medium,Cloudy,65.6,111.9
DL03469,O03469,D0347,12.58,34,Medium,Rainy,107.3,3.61
DL03470,O03470,D0036,12.36,12,High,Clear,79.8,8.68
DL03471,O03471,D0358,4.08,39,Medium,Rainy,83.9,21.53
DL03472,O03472,D0374,6.2,31,Medium,Cloudy,83.3,92.63
DL03473,O03473,D0203,9.48,11,Low,Clear,57.6,250.59
DL03474,O03474,D0107,14.98,18,High,Cloudy,92.5,35.14
DL03475,O03475,D0100,12.01,13,Low,Clear,62.7,24.03
DL03476,O03476,D0144,1.7,17,Medium,Clear,32.8,35.13
DL03477,O03477,D0081,11.31,28,Low,Rainy,83.0,237.27
DL03478,O03478,D0019,7.87,30,Medium,Cloudy,79.0,37.3
DL03479,O03479,D0163,1.26,23,High,Clear,51.4,61.01
DL03480,O03480,D0294,7.34,10,High,Clear,67.2,59.73
DL03481,O03481,D0186,5.58,29,High,Clear,66.8,45.23
DL03482,O03482,D0184,2.46,28,Medium,Clear,49.5,99.32
DL03483,O03483,D0063,8.47,25,Low,Clear,57.8,87.49
DL03484,O03484,D0176,14.18,19,Low,Clear,71.5,110.21
DL03485,O03485,D0237,13.25,11,Medium,Clear,68.7,252.84
DL03486,O03486,D0322,8.85,10,High,Clear,64.7,103.22
DL03487,O03487,D0359,3.89,17,Low,Rainy,54.9,49.97
DL03488,O03488,D0191,2.6,18,Medium,Cloudy,57.6,23.98
DL03489,O03489,D0347,10.57,27,High,Clear,92.7,26.11
DL03490,O03490,D0187,6.49,24,Medium,Clear,68.5,207.47
DL03491,O03491,D0051,8.31,25,Medium,Clear,70.3,80.72
DL03492,O03492,D0449,11.88,30,Medium,Clear,76.9,18.71
DL03493,O03493,D0322,9.44,34,High,Rainy,109.3,96.09
DL03494,O03494,D0117,2.07,33,Medium,Clear,56.7,101.15
DL03495,O03495,D0369,14.8,25,Medium,Clear,96.3,101.88
DL03496,O03496,D0308,3.02,18,Medium,Clear,44.8,21.82
DL03497,O03497,D0335,14.72,24,Medium,Clear,87.9,155.42
DL03498,O03498,D0374,8.11,22,Medium,Clear,72.4,74.95
DL03499,O03499,D0321,12.74,33,High,Cloudy,98.0,131.58
DL03500,O03500,D0454,2.74,42,High,Clear,85.7,9.17
DL03501,O03501,D0158,13.06,21,Low,Clear,74.3,178.28
DL03502,O03502,D0428,2.81,19,Medium,Cloudy,58.3,78.79
DL03503,O03503,D0120,13.46,40,High,Cloudy,123.1,40.78
DL03504,O03504,D0064,7.2,13,Medium,Clear,53.7,11.48
DL03505,O03505,D0475,13.06,19,Medium,Clear,80.7,64.44
DL03506,O03506,D0081,4.86,12,High,Cloudy,66.9,82.71
DL03507,O03507,D0296,10.92,31,High,Clear,93.6,127.48
DL03508,O03508,D0088,11.84,30,Low,Clear,73.8,90.18
DL03509,O03509,D0059,8.0,12,Low,Clear,50.7,43.33
DL03510,O03510,D0434,13.11,38,High,Clear,106.6,235.68
DL03511,O03511,D0115,10.56,14,Medium,Clear,54.0,9.18
DL03512,O03512,D0342,5.4,12,Medium,Cloudy,54.2,45.95
DL03513,O03513,D0271,14.01,39,High,Cloudy,120.3,60.63
DL03514,O03514,D0248,5.76,17,High,Cloudy,61.0,45.99
DL03515,O03515,D0365,11.23,22,High,Clear,78.9,6.24
DL03516,O03516,D0277,10.7,29,Low,Cloudy,79.3,58.27
DL03517,O03517,D0091,2.85,22,High,Cloudy,68.2,26.08
DL03518,O03518,D0272,6.99,15,Low,Cloudy,49.6,171.21
DL03519,O03519,D0249,9.04,19,Low,Clear,61.2,44.42
DL03520,O03520,D0047,3.61,35,Medium,Rainy,76.5,15.97
DL03521,O03521,D0206,2.39,15,High,Clear,59.7,98.97
DL03522,O03522,D0324,8.65,35,High,Rainy,102.1,67.86
DL03523,O03523,D0372,3.15,37,High,Clear,83.6,150.63
DL03524,O03524,D0344,12.03,21,Low,Clear,71.6,56.55
DL03525,O03525,D0077,12.98,13,Medium,Clear,64.4,104.92
DL03526,O03526,D0261,2.31,33,Low,Clear,43.4,44.58
DL03527,O03527,D0104,10.84,24,High,Rainy,104.3,229.46
DL03528,O03528,D0417,11.25,33,Medium,Clear,84.7,51.12
DL03529,O03529,D0122,1.93,22,High,Cloudy,72.9,55.15
DL03530,O03530,D0365,9.35,12,Low,Cloudy,60.6,112.12
DL03531,O03531,D0485,9.7,36,High,Clear,96.8,102.81
DL03532,O03532,D0200,8.17,24,Low,Cloudy,54.0,81.92
DL03533,O03533,D0312,10.66,35,Low,Rainy,86.5,32.92
DL03534,O03534,D0295,4.46,32,Low,Clear,53.6,5.64
DL03535,O03535,D0339,4.66,42,Medium,Cloudy,74.0,176.69
DL03536,O03536,D0266,13.93,30,Medium,Clear,85.5,134.61
DL03537,O03537,D0490,10.51,23,Medium,Rainy,83.1,42.15
DL03538,O03538,D0167,6.56,22,Medium,Clear,57.9,158.73
DL03539,O03539,D0467,10.4,41,Low,Rainy,99.6,77.65
DL03540,O03540,D0159,11.48,21,Medium,Clear,75.7,33.04
DL03541,O03541,D0246,5.23,19,Medium,Cloudy,60.2,94.58
DL03542,O03542,D0078,8.28,31,High,Clear,82.7,213.59
DL03543,O03543,D0473,2.61,34,Low,Clear,51.4,165.39
DL03544,O03544,D0008,9.42,38,Low,Cloudy,84.0,240.37
DL03545,O03545,D0388,10.63,16,Low,Cloudy,58.0,70.44
DL03546,O03546,D0239,11.4,44,Medium,Rainy,113.8,10.24
DL03547,O03547,D0133,14.45,38,Low,Clear,82.8,166.65
DL03548,O03548,D0420,3.33,25,Low,Rainy,67.0,36.82
DL03549,O03549,D0364,1.97,17,High,Cloudy,57.9,55.97
DL03550,O03550,D0262,14.19,18,Medium,Clear,89.5,186.56
DL03551,O03551,D0316,10.08,29,Medium,Clear,80.4,83.79
DL03552,O03552,D0222,8.88,28,Medium,Cloudy,84.3,153.28
DL03553,O03553,D0488,6.93,25,Medium,Rainy,79.8,52.33
DL03554,O03554,D0358,7.17,38,Medium,Rainy,92.3,165.82
DL03555,O03555,D0101,5.16,43,Medium,Cloudy,85.8,20.91
DL03556,O03556,D0105,9.75,37,Low,Rainy,98.8,41.43
DL03557,O03557,D0439,1.22,43,Medium,Rainy,79.8,95.23
DL03558,O03558,D0122,8.62,26,High,Rainy,100.1,145.16
DL03559,O03559,D0467,1.81,13,High,Cloudy,52.4,39.35
DL03560,O03560,D0490,11.14,43,Medium,Rainy,116.5,105.49
DL03561,O03561,D0427,14.47,39,High,Clear,116.4,196.28
DL03562,O03562,D0210,3.59,39,High,Cloudy,88.0,38.86
DL03563,O03563,D0255,4.84,40,Low,Clear,54.1,135.57
DL03564,O03564,D0277,8.54,41,Low,Clear,82.2,120.82
DL03565,O03565,D0357,7.86,43,High,Cloudy,94.3,41.65
DL03566,O03566,D0188,12.43,27,Medium,Cloudy,79.7,46.76
DL03567,O03567,D0299,2.76,15,Medium,Clear,53.4,5.31
DL03568,O03568,D0438,8.74,12,Medium,Clear,58.5,45.65
DL03569,O03569,D0465,13.91,23,Medium,Clear,91.9,70.35
DL03570,O03570,D0159,10.34,26,High,Cloudy,86.7,23.98
DL03571,O03571,D0213,4.76,36,Low,Clear,64.4,248.18
DL03572,O03572,D0075,1.88,35,Medium,Clear,51.4,105.1
DL03573,O03573,D0445,6.87,23,High,Clear,68.1,105.14
DL03574,O03574,D0080,7.54,33,Medium,Clear,83.7,40.95
DL03575,O03575,D0073,2.86,30,Low,Cloudy,51.9,130.73
DL03576,O03576,D0115,7.72,10,High,Clear,63.3,61.88
DL03577,O03577,D0279,10.47,41,Low,Cloudy,94.0,99.28
DL03578,O03578,D0103,7.66,20,High,Clear,72.5,91.32
DL03579,O03579,D0023,4.17,26,Medium,Clear,53.2,104.85
DL03580,O03580,D0308,14.42,12,High,Cloudy,85.7,52.84
DL03581,O03581,D0259,2.61,38,Medium,Clear,62.2,83.73
DL03582,O03582,D0177,9.52,28,Medium,Rainy,97.0,14.86
DL03583,O03583,D0070,11.21,42,High,Rainy,126.5,84.14
DL03584,O03584,D0148,4.78,14,High,Cloudy,61.3,154.09
DL03585,O03585,D0207,6.31,11,Low,Cloudy,42.0,55.77
DL03586,O03586,D0110,7.11,18,High,Clear,66.2,45.21
DL03587,O03587,D0030,10.06,34,Medium,Clear,82.1,207.26
DL03588,O03588,D0416,8.17,29,Low,Clear,65.0,48.61
DL03589,O03589,D0248,3.68,20,High,Cloudy,71.6,93.86
DL03590,O03590,D0070,13.5,21,Medium,Cloudy,88.2,55.4
DL03591,O03591,D0415,6.1,10,Medium,Clear,46.3,108.32
DL03592,O03592,D0400,6.36,33,Medium,Clear,66.1,140.49
DL03593,O03593,D0029,12.2,26,Low,Cloudy,71.8,17.5
DL03594,O03594,D0278,8.5,25,High,Clear,85.9,34.86
DL03595,O03595,D0168,4.24,17,Low,Cloudy,46.9,93.21
DL03596,O03596,D0412,13.8,33,Medium,Cloudy,100.4,155.13
DL03597,O03597,D0463,12.27,15,Low,Clear,58.6,80.71
DL03598,O03598,D0085,9.4,18,High,Clear,82.1,115.34
DL03599,O03599,D0392,8.17,12,Low,Clear,46.4,196.77
DL03600,O03600,D0065,10.46,32,Medium,Clear,81.2,39.54
DL03601,O03601,D0158,6.05,40,Low,Cloudy,73.6,17.54
DL03602,O03602,D0442,10.72,43,Medium,Cloudy,88.7,123.39
DL03603,O03603,D0258,1.54,44,Low,Clear,58.7,148.86
DL03604,O03604,D0024,6.6,26,Medium,Clear,64.3,65.66
DL03605,O03605,D0433,9.64,30,Medium,Clear,87.5,18.58
DL03606,O03606,D0453,9.7,12,Low,Rainy,61.9,47.19
DL03607,O03607,D0268,2.0,44,Medium,Cloudy,79.0,8.9
DL03608,O03608,D0261,11.07,43,Medium,Clear,93.3,252.4
DL03609,O03609,D0226,2.19,23,Medium,Rainy,71.1,91.25
DL03610,O03610,D0014,11.37,25,Medium,Clear,86.2,10.9
DL03611,O03611,D0204,13.77,13,High,Rainy,95.4,35.74
DL03612,O03612,D0255,14.65,18,High,Rainy,105.3,37.13
DL03613,O03613,D0283,9.45,24,High,Rainy,94.7,203.37
DL03614,O03614,D0066,11.0,10,Low,Cloudy,67.9,187.96
DL03615,O03615,D0177,4.27,19,Low,Cloudy,46.2,66.43
DL03616,O03616,D0484,6.24,20,High,Clear,71.7,59.3
DL03617,O03617,D0045,1.17,40,Low,Cloudy,55.6,48.38
DL03618,O03618,D0038,12.17,43,Medium,Cloudy,106.5,89.24
DL03619,O03619,D0451,10.65,26,Medium,Clear,76.6,96.89
DL03620,O03620,D0314,4.61,13,High,Clear,57.2,126.83
DL03621,O03621,D0356,7.86,27,Low,Rainy,68.0,79.47
DL03622,O03622,D0328,11.2,16,High,Clear,77.3,22.74
DL03623,O03623,D0066,10.33,21,Medium,Clear,77.7,54.77
DL03624,O03624,D0105,5.49,28,Medium,Clear,57.0,18.85
DL03625,O03625,D0106,6.18,17,Medium,Clear,49.2,41.05
DL03626,O03626,D0310,3.16,19,Low,Cloudy,39.8,59.22
DL03627,O03627,D0157,2.93,16,Medium,Clear,46.5,226.96
DL03628,O03628,D0493,6.67,37,Medium,Cloudy,90.9,59.68
DL03629,O03629,D0345,7.72,27,Medium,Cloudy,68.2,169.07
DL03630,O03630,D0241,14.31,10,Medium,Cloudy,85.5,130.32
DL03631,O03631,D0004,8.08,38,High,Rainy,103.0,47.52
DL03632,O03632,D0439,3.66,31,Medium,Clear,57.8,43.1
DL03633,O03633,D0138,3.37,31,Medium,Clear,62.5,118.02
DL03634,O03634,D0377,5.83,33,High,Rainy,91.7,104.59
DL03635,O03635,D0044,13.86,34,Medium,Clear,94.0,39.53
DL03636,O03636,D0209,12.11,29,Medium,Rainy,97.3,213.39
DL03637,O03637,D0449,7.91,39,Low,Rainy,88.6,56.85
DL03638,O03638,D0387,14.38,16,Medium,Rainy,99.7,94.79
DL03639,O03639,D0062,4.02,12,Low,Rainy,41.1,197.71
DL03640,O03640,D0486,7.08,15,Medium,Clear,54.8,222.36
DL03641,O03641,D0350,1.01,25,Low,Clear,40.6,18.42
DL03642,O03642,D0005,13.13,22,Medium,Clear,87.5,116.72
DL03643,O03643,D0044,3.21,16,High,Cloudy,52.2,27.67
DL03644,O03644,D0395,14.41,38,Medium,Clear,102.3,30.21
DL03645,O03645,D0073,8.1,20,High,Cloudy,73.9,52.82
DL03646,O03646,D0175,14.92,11,Medium,Clear,71.7,57.89
DL03647,O03647,D0014,8.58,33,Low,Cloudy,80.1,8.11
DL03648,O03648,D0019,7.38,35,High,Clear,95.1,248.8
DL03649,O03649,D0013,7.61,18,High,Clear,68.3,56.46
DL03650,O03650,D0384,12.7,15,Medium,Rainy,83.2,99.39
DL03651,O03651,D0021,6.07,39,Medium,Cloudy,70.8,193.83
DL03652,O03652,D0447,12.95,23,Low,Clear,74.5,106.71
DL03653,O03653,D0295,13.41,23,Low,Rainy,80.2,138.44
DL03654,O03654,D0235,5.04,23,High,Clear,77.0,200.14
DL03655,O03655,D0066,13.98,33,Low,Cloudy,91.3,27.6
DL03656,O03656,D0286,3.67,27,High,Cloudy,69.7,45.31
DL03657,O03657,D0151,12.57,11,Medium,Cloudy,73.5,27.49
DL03658,O03658,D0192,3.36,41,High,Clear,81.4,177.48
DL03659,O03659,D0155,11.05,35,Low,Cloudy,85.7,58.43
DL03660,O03660,D0129,14.66,40,Medium,Clear,101.8,12.54
DL03661,O03661,D0327,2.07,30,Low,Clear,42.4,129.06
DL03662,O03662,D0450,3.75,38,High,Clear,72.1,93.13
DL03663,O03663,D0151,5.94,23,Medium,Clear,63.8,116.59
DL03664,O03664,D0095,6.04,10,Medium,Clear,41.8,32.15
DL03665,O03665,D0371,3.55,43,High,Rainy,88.1,90.64
DL03666,O03666,D0157,7.96,41,Low,Clear,70.8,53.5
DL03667,O03667,D0398,12.07,21,Low,Rainy,81.1,14.09
DL03668,O03668,D0316,12.24,12,Medium,Clear,66.6,18.08
DL03669,O03669,D0427,7.53,23,Medium,Clear,70.9,101.91
DL03670,O03670,D0005,5.39,31,Medium,Clear,64.6,37.09
DL03671,O03671,D0459,4.38,35,Medium,Cloudy,70.0,114.89
DL03672,O03672,D0366,11.02,44,Low,Cloudy,96.8,50.99
DL03673,O03673,D0489,2.19,32,Medium,Cloudy,63.3,15.36
DL03674,O03674,D0033,8.63,13,Low,Cloudy,61.0,140.02
DL03675,O03675,D0093,8.58,35,Low,Clear,68.7,183.5
DL03676,O03676,D0326,2.58,35,Medium,Clear,62.9,205.47
DL03677,O03677,D0007,7.6,35,High,Clear,79.1,66.62
DL03678,O03678,D0429,4.5,39,High,Clear,81.6,148.05
DL03679,O03679,D0266,3.33,38,Medium,Rainy,81.4,219.46
DL03680,O03680,D0249,2.15,41,High,Clear,67.0,86.86
DL03681,O03681,D0468,3.71,23,Medium,Clear,51.6,96.98
DL03682,O03682,D0073,10.03,38,Low,Cloudy,84.2,15.69
DL03683,O03683,D0145,11.21,14,Medium,Clear,59.7,187.57
DL03684,O03684,D0228,4.2,39,High,Rainy,100.7,56.72
DL03685,O03685,D0494,9.03,31,Low,Rainy,76.9,138.35
DL03686,O03686,D0134,6.2,41,High,Clear,90.4,111.7
DL03687,O03687,D0055,8.58,26,Medium,Rainy,95.8,194.19
DL03688,O03688,D0385,4.45,39,Medium,Clear,73.7,101.13
DL03689,O03689,D0267,1.64,15,Medium,Clear,37.8,266.82
DL03690,O03690,D0363,5.58,14,Low,Rainy,55.8,99.92
DL03691,O03691,D0401,3.25,31,High,Clear,76.7,15.85
DL03692,O03692,D0313,11.28,32,High,Clear,94.7,227.37
DL03693,O03693,D0252,11.23,22,High,Cloudy,83.5,124.16
DL03694,O03694,D0167,2.02,25,Low,Clear,37.5,38.62
DL03695,O03695,D0201,6.55,23,Medium,Clear,59.7,67.95
DL03696,O03696,D0144,2.3,31,Medium,Cloudy,61.3,37.27
DL03697,O03697,D0053,11.01,13,High,Cloudy,87.6,16.11
DL03698,O03698,D0091,1.26,26,Medium,Rainy,62.0,141.59
DL03699,O03699,D0489,7.13,12,High,Cloudy,78.5,136.28
DL03700,O03700,D0261,3.13,12,Medium,Clear,38.2,148.24
DL03701,O03701,D0358,10.31,18,Medium,Clear,61.9,156.6
DL03702,O03702,D0264,4.0,16,Medium,Rainy,59.2,3.26
DL03703,O03703,D0457,6.69,22,Medium,Cloudy,66.8,93.46
DL03704,O03704,D0442,1.07,41,Low,Clear,49.7,69.48
DL03705,O03705,D0397,14.84,11,Medium,Cloudy,88.7,122.65
DL03706,O03706,D0003,11.56,22,Medium,Clear,67.5,80.11
DL03707,O03707,D0027,3.3,38,Medium,Clear,62.1,66.04
DL03708,O03708,D0050,7.21,22,Low,Clear,42.8,86.73
DL03709,O03709,D0357,7.98,29,High,Rainy,96.0,59.85
DL03710,O03710,D0310,4.16,20,High,Clear,64.0,30.57
DL03711,O03711,D0381,2.19,18,High,Rainy,64.3,9.64
DL03712,O03712,D0056,8.97,13,Medium,Clear,58.6,70.57
DL03713,O03713,D0148,12.69,24,High,Clear,87.4,105.12
DL03714,O03714,D0097,9.01,40,Medium,Clear,86.6,264.18
DL03715,O03715,D0397,9.83,11,High,Clear,73.5,122.4
DL03716,O03716,D0116,9.27,21,Medium,Clear,68.3,44.91
DL03717,O03717,D0122,7.39,30,Low,Clear,68.7,217.95
DL03718,O03718,D0472,3.06,39,Medium,Clear,62.2,100.54
DL03719,O03719,D0050,3.83,32,Low,Clear,59.4,177.25
DL03720,O03720,D0106,5.59,20,Medium,Clear,48.3,113.63
DL03721,O03721,D0344,5.12,34,Medium,Clear,72.4,34.22
DL03722,O03722,D0340,8.3,16,Medium,Cloudy,59.4,57.31
DL03723,O03723,D0283,6.89,17,Medium,Rainy,61.3,94.11
DL03724,O03724,D0018,9.92,31,High,Rainy,106.5,41.16
DL03725,O03725,D0412,12.76,12,Medium,Clear,70.1,37.62
DL03726,O03726,D0484,1.69,23,Medium,Rainy,48.6,181.35
DL03727,O03727,D0353,7.47,36,Low,Cloudy,69.8,76.75
DL03728,O03728,D0442,4.02,35,Low,Clear,56.4,43.53
DL03729,O03729,D0127,13.74,16,Low,Cloudy,75.4,44.6
DL03730,O03730,D0032,8.62,17,Low,Rainy,73.4,137.15
DL03731,O03731,D0007,13.38,13,Medium,Clear,71.5,131.25
DL03732,O03732,D0399,10.38,11,Low,Clear,52.8,192.86
DL03733,O03733,D0334,2.89,26,Medium,Clear,58.3,19.62
DL03734,O03734,D0419,12.85,30,Low,Clear,82.1,29.19
DL03735,O03735,D0180,5.44,29,Medium,Clear,67.8,24.71
DL03736,O03736,D0243,11.41,39,Low,Cloudy,94.5,120.38
DL03737,O03737,D0040,8.12,11,Low,Clear,50.8,96.73
DL03738,O03738,D0223,11.22,24,Medium,Clear,77.9,18.18
DL03739,O03739,D0371,8.39,11,Medium,Clear,52.0,172.75
DL03740,O03740,D0050,13.99,36,Low,Cloudy,93.8,39.66
DL03741,O03741,D0351,8.14,30,Low,Rainy,86.0,49.79
DL03742,O03742,D0090,1.85,34,Low,Cloudy,49.9,16.65
DL03743,O03743,D0473,7.33,38,High,Cloudy,101.5,166.74
DL03744,O03744,D0238,14.54,14,Medium,Clear,75.7,110.64
DL03745,O03745,D0198,12.05,10,Medium,Rainy,69.6,49.71
DL03746,O03746,D0243,9.84,34,Medium,Clear,80.2,204.7
DL03747,O03747,D0411,3.12,34,Medium,Rainy,71.7,10.84
DL03748,O03748,D0416,3.56,20,Medium,Cloudy,50.2,53.26
DL03749,O03749,D0268,11.11,42,High,Cloudy,122.7,73.66
DL03750,O03750,D0188,11.23,28,High,Clear,89.1,119.85
DL03751,O03751,D0111,6.23,27,Medium,Cloudy,71.6,96.53
DL03752,O03752,D0286,14.92,16,Medium,Clear,82.3,67.79
DL03753,O03753,D0408,10.68,32,Low,Clear,72.9,48.02
DL03754,O03754,D0088,13.52,13,Medium,Cloudy,71.3,27.15
DL03755,O03755,D0214,1.65,30,Low,Rainy,54.6,171.15
DL03756,O03756,D0260,9.73,22,Medium,Cloudy,72.2,68.21
DL03757,O03757,D0467,11.49,36,Medium,Clear,86.6,141.84
DL03758,O03758,D0473,12.16,15,Medium,Rainy,88.1,92.68
DL03759,O03759,D0005,10.41,22,Medium,Cloudy,77.9,63.01
DL03760,O03760,D0388,9.48,27,Medium,Clear,73.5,233.77
DL03761,O03761,D0477,11.45,36,Low,Rainy,95.5,20.31
DL03762,O03762,D0137,1.54,32,High,Rainy,76.0,23.2
DL03763,O03763,D0119,11.52,40,High,Clear,98.4,124.58
DL03764,O03764,D0051,5.61,30,High,Clear,77.8,185.75
DL03765,O03765,D0486,11.65,34,High,Rainy,110.6,86.94
DL03766,O03766,D0424,11.88,25,High,Clear,92.4,32.93
DL03767,O03767,D0053,4.87,25,Low,Cloudy,62.3,208.34
DL03768,O03768,D0098,11.01,30,High,Clear,99.3,79.95
DL03769,O03769,D0200,5.61,42,Medium,Rainy,94.6,73.63
DL03770,O03770,D0459,11.15,37,Low,Rainy,96.1,85.61
DL03771,O03771,D0482,3.66,39,Medium,Cloudy,80.4,17.77
DL03772,O03772,D0238,2.09,10,Medium,Clear,43.9,17.85
DL03773,O03773,D0352,9.24,14,Medium,Cloudy,68.3,8.51
DL03774,O03774,D0416,3.7,42,Medium,Cloudy,88.1,12.51
DL03775,O03775,D0177,13.53,20,Medium,Clear,84.5,40.94
DL03776,O03776,D0261,3.22,17,Low,Cloudy,42.8,38.71
DL03777,O03777,D0032,9.5,40,Medium,Clear,83.0,85.41
DL03778,O03778,D0133,10.76,30,Low,Clear,77.6,166.8
DL03779,O03779,D0480,1.04,34,Medium,Clear,54.6,3.14
DL03780,O03780,D0321,13.17,27,Low,Rainy,92.8,237.04
DL03781,O03781,D0198,11.17,21,Medium,Clear,63.5,226.72
DL03782,O03782,D0487,11.77,21,Low,Cloudy,66.5,118.62
DL03783,O03783,D0153,1.79,44,Medium,Clear,75.0,62.08
DL03784,O03784,D0411,5.93,38,High,Cloudy,83.2,100.3
DL03785,O03785,D0366,9.99,23,Low,Clear,67.3,16.26
DL03786,O03786,D0078,4.2,22,Medium,Clear,49.2,53.24
DL03787,O03787,D0112,12.65,28,Low,Cloudy,74.0,31.93
DL03788,O03788,D0073,6.72,29,Medium,Clear,67.7,67.41
DL03789,O03789,D0028,12.22,11,Medium,Clear,58.2,86.22
DL03790,O03790,D0498,13.27,21,Medium,Rainy,90.6,133.34
DL03791,O03791,D0088,7.66,19,Low,Clear,55.2,95.25
DL03792,O03792,D0191,4.18,26,Medium,Clear,64.3,38.88
DL03793,O03793,D0457,6.34,16,Medium,Cloudy,58.5,88.92
DL03794,O03794,D0036,7.99,27,Medium,Clear,76.9,91.6
DL03795,O03795,D0231,7.37,22,Medium,Cloudy,65.1,235.32
DL03796,O03796,D0357,1.07,22,High,Clear,51.9,161.22
DL03797,O03797,D0241,2.18,21,Medium,Cloudy,46.1,80.88
DL03798,O03798,D0490,7.39,24,Medium,Clear,59.7,13.92
DL03799,O03799,D0312,7.12,12,Low,Cloudy,49.8,58.23
DL03800,O03800,D0418,13.46,19,Medium,Clear,74.1,16.11
DL03801,O03801,D0067,4.87,32,Medium,Rainy,81.6,77.72
DL03802,O03802,D0021,14.68,13,High,Clear,82.8,118.8
DL03803,O03803,D0295,14.62,34,Medium,Clear,103.9,99.28
DL03804,O03804,D0421,3.64,10,Medium,Rainy,53.8,18.77
DL03805,O03805,D0042,1.34,14,Medium,Cloudy,44.6,61.82
DL03806,O03806,D0164,3.77,14,High,Rainy,63.0,58.87
DL03807,O03807,D0322,6.87,36,Medium,Clear,78.4,203.85
DL03808,O03808,D0017,6.14,16,Low,Clear,41.3,28.99
DL03809,O03809,D0499,7.63,33,Low,Clear,67.1,148.15
DL03810,O03810,D0054,10.69,32,High,Rainy,108.6,39.82
DL03811,O03811,D0105,8.25,17,Medium,Clear,61.5,31.78
DL03812,O03812,D0413,5.83,39,Low,Rainy,86.0,27.47
DL03813,O03813,D0153,10.46,40,Medium,Cloudy,95.0,114.73
DL03814,O03814,D0405,5.68,25,Medium,Rainy,84.4,17.92
DL03815,O03815,D0019,5.94,37,High,Clear,83.5,146.16
DL03816,O03816,D0413,5.81,10,High,Clear,55.0,225.24
DL03817,O03817,D0387,5.26,20,Low,Clear,51.1,80.28
DL03818,O03818,D0487,10.81,32,High,Clear,89.5,78.38
DL03819,O03819,D0332,3.45,41,High,Rainy,97.2,202.86
DL03820,O03820,D0055,11.84,41,Low,Cloudy,98.9,88.27
DL03821,O03821,D0236,13.92,38,Low,Clear,85.1,203.83
DL03822,O03822,D0179,4.87,40,Medium,Clear,66.0,42.79
DL03823,O03823,D0346,10.86,28,Low,Cloudy,82.9,215.83
DL03824,O03824,D0295,9.46,18,Medium,Cloudy,78.3,113.28
DL03825,O03825,D0159,5.19,41,Medium,Clear,76.6,209.74
DL03826,O03826,D0200,4.31,40,High,Clear,76.2,39.56
DL03827,O03827,D0163,14.21,14,High,Cloudy,99.5,30.74
DL03828,O03828,D0325,10.76,32,High,Clear,96.4,24.51
DL03829,O03829,D0124,10.03,30,Low,Rainy,88.7,172.87
DL03830,O03830,D0283,14.96,29,Medium,Clear,93.6,64.93
DL03831,O03831,D0410,5.95,22,High,Clear,76.0,210.25
DL03832,O03832,D0155,4.2,29,Medium,Rainy,81.2,27.41
DL03833,O03833,D0253,5.62,22,Medium,Clear,64.5,48.65
DL03834,O03834,D0269,3.38,16,High,Clear,57.6,45.77
DL03835,O03835,D0376,13.95,43,Medium,Rainy,118.4,171.53
DL03836,O03836,D0279,10.76,26,Medium,Cloudy,82.8,246.52
DL03837,O03837,D0065,9.47,39,High,Clear,96.5,37.9
DL03838,O03838,D0114,12.29,13,Medium,Clear,65.0,171.6
DL03839,O03839,D0220,8.22,13,Low,Clear,42.4,67.13
DL03840,O03840,D0246,3.67,24,Low,Cloudy,39.3,34.65
DL03841,O03841,D0079,3.16,31,Low,Clear,38.8,108.27
DL03842,O03842,D0333,8.32,20,Medium,Clear,69.9,45.84
DL03843,O03843,D0488,12.28,41,Medium,Cloudy,103.5,16.11
DL03844,O03844,D0069,4.1,28,Low,Clear,53.8,69.72
DL03845,O03845,D0231,10.87,25,Low,Cloudy,67.6,21.4
DL03846,O03846,D0346,4.5,19,Low,Clear,42.1,121.09
DL03847,O03847,D0495,7.06,26,Medium,Clear,66.1,139.48
DL03848,O03848,D0199,1.86,15,Low,Rainy,48.8,109.17
DL03849,O03849,D0227,8.05,42,Medium,Cloudy,87.9,92.75
DL03850,O03850,D0369,3.37,29,High,Clear,72.0,16.83
DL03851,O03851,D0150,12.82,23,Low,Cloudy,77.8,19.12
DL03852,O03852,D0245,14.4,37,Low,Rainy,107.7,214.85
DL03853,O03853,D0457,2.17,15,Low,Rainy,51.9,87.54
DL03854,O03854,D0380,8.47,28,Low,Cloudy,64.5,53.92
DL03855,O03855,D0001,10.86,15,Medium,Cloudy,67.6,94.77
DL03856,O03856,D0143,1.91,14,Low,Cloudy,31.3,104.1
DL03857,O03857,D0437,8.75,11,Medium,Clear,54.3,19.89
DL03858,O03858,D0094,14.11,15,Medium,Cloudy,91.0,44.58
DL03859,O03859,D0067,8.37,23,Medium,Rainy,71.6,26.05
DL03860,O03860,D0454,9.69,23,High,Clear,83.6,165.28
DL03861,O03861,D0479,5.59,39,Medium,Cloudy,81.5,127.37
DL03862,O03862,D0005,9.61,33,High,Rainy,108.7,27.57
DL03863,O03863,D0196,13.43,39,Medium,Clear,93.9,63.07
DL03864,O03864,D0184,5.61,20,Medium,Clear,60.6,73.6
DL03865,O03865,D0281,11.81,23,Medium,Clear,88.1,77.49
DL03866,O03866,D0331,8.99,31,Medium,Clear,75.1,70.18
DL03867,O03867,D0062,4.6,12,Medium,Rainy,48.2,35.17
DL03868,O03868,D0427,6.48,38,Medium,Clear,70.7,66.5
DL03869,O03869,D0142,6.01,17,Medium,Clear,48.8,54.48
DL03870,O03870,D0089,7.56,16,High,Clear,67.2,17.66
DL03871,O03871,D0369,2.58,33,Medium,Rainy,71.5,54.31
DL03872,O03872,D0377,3.11,14,Low,Cloudy,32.8,88.6
DL03873,O03873,D0436,6.3,29,Low,Rainy,73.0,61.78
DL03874,O03874,D0027,8.87,14,High,Rainy,88.4,57.21
DL03875,O03875,D0221,9.65,15,High,Clear,70.2,47.51
DL03876,O03876,D0052,13.75,37,Low,Cloudy,97.2,115.35
DL03877,O03877,D0256,8.96,24,Low,Cloudy,74.3,82.56
DL03878,O03878,D0233,11.22,35,High,Cloudy,96.9,100.56
DL03879,O03879,D0001,7.74,30,Medium,Clear,70.0,6.76
DL03880,O03880,D0302,8.33,30,Low,Clear,58.0,31.86
DL03881,O03881,D0389,9.26,18,Low,Cloudy,66.9,52.15
DL03882,O03882,D0318,8.31,19,Medium,Rainy,78.5,157.74
DL03883,O03883,D0312,5.33,34,Low,Clear,62.7,79.15
DL03884,O03884,D0192,14.68,30,Medium,Clear,95.3,35.66
DL03885,O03885,D0277,9.66,43,Medium,Rainy,106.8,115.05
DL03886,O03886,D0104,5.85,40,Medium,Cloudy,85.1,17.97
DL03887,O03887,D0101,12.18,11,Low,Clear,65.2,40.22
DL03888,O03888,D0226,3.29,25,High,Clear,54.8,100.39
DL03889,O03889,D0380,14.9,44,Low,Rainy,116.7,55.31
DL03890,O03890,D0322,12.04,40,Medium,Cloudy,98.7,113.74
DL03891,O03891,D0429,2.36,21,Medium,Clear,54.4,50.56
DL03892,O03892,D0371,12.88,32,Low,Clear,81.1,45.9
DL03893,O03893,D0444,4.62,26,Medium,Clear,65.3,91.96
DL03894,O03894,D0018,9.93,23,Low,Rainy,80.4,26.71
DL03895,O03895,D0015,3.31,42,Medium,Cloudy,76.1,6.87
DL03896,O03896,D0174,10.95,15,Low,Rainy,72.7,112.97
DL03897,O03897,D0033,11.6,32,Medium,Clear,86.6,126.03
DL03898,O03898,D0244,12.92,40,Low,Clear,99.0,14.89
DL03899,O03899,D0267,7.83,14,High,Cloudy,65.0,34.31
DL03900,O03900,D0435,8.75,12,Medium,Clear,62.8,43.57
DL03901,O03901,D0221,4.01,37,High,Cloudy,80.0,64.62
DL03902,O03902,D0029,8.22,40,Medium,Cloudy,89.7,55.75
DL03903,O03903,D0008,8.45,26,Medium,Clear,67.1,18.55
DL03904,O03904,D0449,12.33,31,Low,Rainy,92.9,10.27
DL03905,O03905,D0030,10.96,22,High,Cloudy,81.6,33.55
DL03906,O03906,D0363,10.78,30,Medium,Clear,85.5,269.41
DL03907,O03907,D0309,1.42,30,High,Clear,59.8,109.59
DL03908,O03908,D0074,8.65,15,Medium,Cloudy,68.0,44.11
DL03909,O03909,D0262,14.9,19,Low,Clear,72.4,5.02
DL03910,O03910,D0301,11.53,23,Medium,Clear,88.5,42.94
DL03911,O03911,D0063,12.69,32,Medium,Cloudy,100.9,56.58
DL03912,O03912,D0129,7.91,16,Low,Clear,47.6,179.1
DL03913,O03913,D0009,12.65,33,Medium,Rainy,101.4,125.34
DL03914,O03914,D0306,12.44,24,Medium,Clear,83.0,40.1
DL03915,O03915,D0180,8.42,32,Low,Clear,79.3,12.45
DL03916,O03916,D0311,8.96,14,Low,Clear,56.8,127.87
DL03917,O03917,D0491,1.73,29,Medium,Cloudy,61.7,71.74
DL03918,O03918,D0377,12.94,19,Medium,Clear,82.7,143.52
DL03919,O03919,D0272,2.87,32,High,Rainy,86.9,12.74
DL03920,O03920,D0003,5.21,36,Low,Clear,67.3,180.58
DL03921,O03921,D0426,11.42,40,High,Rainy,121.2,31.41
DL03922,O03922,D0002,5.21,15,High,Clear,57.7,54.77
DL03923,O03923,D0444,8.08,22,High,Clear,69.2,111.04
DL03924,O03924,D0456,3.16,37,Low,Cloudy,67.8,199.31
DL03925,O03925,D0094,5.08,25,Low,Cloudy,55.6,64.64
DL03926,O03926,D0249,11.28,26,Low,Clear,70.1,167.18
DL03927,O03927,D0146,6.86,40,High,Cloudy,95.0,171.56
DL03928,O03928,D0317,8.88,19,High,Clear,84.3,100.04
DL03929,O03929,D0059,6.0,40,Low,Clear,62.8,162.02
DL03930,O03930,D0003,14.03,15,Low,Cloudy,68.4,102.43
DL03931,O03931,D0006,12.99,29,Medium,Rainy,105.3,145.16
DL03932,O03932,D0493,2.58,30,Low,Cloudy,57.9,84.79
DL03933,O03933,D0115,14.69,25,Medium,Clear,83.3,131.94
DL03934,O03934,D0110,12.33,34,High,Cloudy,108.7,155.16
DL03935,O03935,D0269,3.22,43,Medium,Cloudy,79.0,92.49
DL03936,O03936,D0015,1.58,17,Medium,Clear,41.9,21.11
DL03937,O03937,D0086,13.5,23,Low,Clear,83.1,119.11
DL03938,O03938,D0083,11.61,32,Low,Clear,66.9,177.27
DL03939,O03939,D0242,4.86,21,Medium,Clear,49.2,90.16
DL03940,O03940,D0428,14.33,29,High,Rainy,123.3,36.55
DL03941,O03941,D0392,13.69,33,Medium,Clear,93.7,154.73
DL03942,O03942,D0206,3.99,22,Low,Clear,51.9,12.81
DL03943,O03943,D0087,6.59,42,Low,Clear,82.2,52.12
DL03944,O03944,D0025,1.66,43,Medium,Clear,71.6,27.28
DL03945,O03945,D0161,5.32,41,Low,Rainy,81.3,102.3
DL03946,O03946,D0193,7.94,38,Low,Clear,78.8,10.59
DL03947,O03947,D0321,1.89,36,Low,Clear,55.0,37.14
DL03948,O03948,D0401,5.71,22,Medium,Rainy,66.9,203.99
DL03949,O03949,D0117,3.11,31,Medium,Cloudy,69.1,50.9
DL03950,O03950,D0466,13.93,16,Low,Cloudy,87.8,43.65
DL03951,O03951,D0052,12.61,16,Low,Clear,66.1,35.99
DL03952,O03952,D0473,11.73,38,Medium,Clear,92.2,59.82
DL03953,O03953,D0015,11.84,23,Medium,Rainy,91.0,93.75
DL03954,O03954,D0051,1.2,11,Medium,Cloudy,37.9,117.6
DL03955,O03955,D0127,9.43,16,Medium,Clear,63.0,10.52
DL03956,O03956,D0318,9.27,26,High,Clear,82.9,107.56
DL03957,O03957,D0347,14.9,42,Medium,Rainy,120.1,96.4
DL03958,O03958,D0060,9.86,31,Medium,Rainy,101.1,139.87
DL03959,O03959,D0440,10.11,23,High,Cloudy,90.6,51.58
DL03960,O03960,D0286,6.33,10,High,Cloudy,69.3,132.67
DL03961,O03961,D0201,8.01,17,High,Clear,66.3,65.33
DL03962,O03962,D0089,6.53,17,Medium,Rainy,71.3,251.02
DL03963,O03963,D0034,13.76,38,Medium,Cloudy,104.6,97.26
DL03964,O03964,D0104,3.84,26,Medium,Clear,54.9,209.92
DL03965,O03965,D0296,3.11,36,High,Clear,74.0,35.37
DL03966,O03966,D0367,14.96,17,Low,Rainy,80.0,19.76
DL03967,O03967,D0011,14.03,15,High,Rainy,97.3,21.98
DL03968,O03968,D0207,9.3,39,Medium,Cloudy,95.3,137.86
DL03969,O03969,D0499,11.82,32,Low,Clear,80.9,57.9
DL03970,O03970,D0285,2.55,24,Medium,Cloudy,50.2,57.3
DL03971,O03971,D0222,11.76,23,Medium,Cloudy,81.8,215.3
DL03972,O03972,D0011,7.51,36,High,Clear,83.7,100.57
DL03973,O03973,D0385,12.58,12,Low,Rainy,70.7,46.52
DL03974,O03974,D0465,8.22,21,High,Clear,64.7,4.91
DL03975,O03975,D0459,11.17,12,High,Clear,69.8,37.15
DL03976,O03976,D0413,5.75,10,Medium,Clear,42.6,107.1
DL03977,O03977,D0191,11.24,26,Low,Cloudy,75.9,90.55
DL03978,O03978,D0494,4.81,27,High,Clear,72.6,224.32
DL03979,O03979,D0204,14.36,19,Medium,Cloudy,86.6,47.72
DL03980,O03980,D0222,10.39,21,Medium,Clear,76.3,16.97
DL03981,O03981,D0059,7.7,26,High,Rainy,98.4,47.47
DL03982,O03982,D0492,9.48,31,Medium,Rainy,96.7,96.09
DL03983,O03983,D0091,9.63,23,Low,Clear,63.3,52.17
DL03984,O03984,D0292,12.96,17,Low,Clear,59.0,40.94
DL03985,O03985,D0143,8.82,26,High,Cloudy,90.9,38.86
DL03986,O03986,D0201,8.89,24,Low,Clear,64.2,196.47
DL03987,O03987,D0095,9.21,15,Low,Rainy,68.3,13.64
DL03988,O03988,D0217,11.82,16,Medium,Clear,76.2,25.89
DL03989,O03989,D0060,7.88,41,Medium,Rainy,95.7,146.4
DL03990,O03990,D0271,3.98,18,High,Clear,60.5,134.24
DL03991,O03991,D0034,6.85,29,Low,Cloudy,64.0,185.9
DL03992,O03992,D0190,6.26,11,High,Cloudy,72.7,23.55
DL03993,O03993,D0016,1.82,27,Medium,Clear,50.7,57.71
DL03994,O03994,D0407,12.2,11,High,Rainy,91.2,24.0
DL03995,O03995,D0289,12.71,24,High,Rainy,108.1,27.13
DL03996,O03996,D0126,4.74,20,Medium,Rainy,73.9,32.41
DL03997,O03997,D0093,5.54,12,Medium,Cloudy,46.8,35.0
DL03998,O03998,D0480,5.49,18,High,Clear,67.6,52.56
DL03999,O03999,D0032,8.24,32,Medium,Clear,70.7,83.87
DL04000,O04000,D0400,7.57,19,Medium,Clear,62.6,12.2
DL04001,O04001,D0079,13.42,33,Medium,Cloudy,90.7,48.37
DL04002,O04002,D0213,7.91,41,Low,Clear,72.3,41.0
DL04003,O04003,D0028,3.49,13,High,Clear,55.7,180.25
DL04004,O04004,D0142,11.47,16,Medium,Clear,67.9,40.6
DL04005,O04005,D0378,13.16,38,Low,Clear,92.9,44.37
DL04006,O04006,D0277,9.53,38,Low,Clear,79.5,78.2
DL04007,O04007,D0216,11.7,18,High,Cloudy,86.3,48.01
DL04008,O04008,D0377,4.14,11,High,Cloudy,64.0,15.05
DL04009,O04009,D0099,13.6,12,Medium,Clear,76.9,146.25
DL04010,O04010,D0486,2.05,37,High,Clear,77.6,35.32
DL04011,O04011,D0491,13.59,29,Medium,Clear,93.8,6.52
DL04012,O04012,D0327,6.1,13,High,Clear,55.9,18.13
DL04013,O04013,D0159,2.26,39,Low,Cloudy,61.8,88.64
DL04014,O04014,D0022,3.54,40,Medium,Cloudy,78.0,167.59
DL04015,O04015,D0025,14.85,31,Medium,Clear,101.6,10.61
DL04016,O04016,D0046,6.22,18,Low,Cloudy,46.5,170.14
DL04017,O04017,D0042,11.84,18,Low,Rainy,85.1,76.44
DL04018,O04018,D0388,7.68,40,Low,Cloudy,79.8,24.13
DL04019,O04019,D0033,9.07,25,Medium,Clear,68.5,51.29
DL04020,O04020,D0100,9.91,44,High,Clear,101.2,46.93
DL04021,O04021,D0346,9.44,31,High,Clear,99.2,11.64
DL04022,O04022,D0438,14.98,40,Low,Clear,89.7,67.91
DL04023,O04023,D0413,8.72,22,Low,Clear,56.8,102.19
DL04024,O04024,D0303,9.7,37,Low,Cloudy,78.9,64.77
DL04025,O04025,D0070,5.89,16,High,Clear,66.1,138.23
DL04026,O04026,D0467,4.37,34,Low,Cloudy,59.1,29.38
DL04027,O04027,D0498,7.29,10,High,Clear,66.4,73.6
DL04028,O04028,D0312,9.6,44,Low,Clear,90.1,74.1
DL04029,O04029,D0153,5.41,20,Medium,Clear,44.5,201.45
DL04030,O04030,D0314,8.0,43,Medium,Clear,78.8,132.16
DL04031,O04031,D0202,12.41,27,Medium,Clear,90.9,78.3
DL04032,O04032,D0356,6.93,40,Medium,Clear,81.2,22.89
DL04033,O04033,D0048,9.09,25,Medium,Clear,79.7,52.03
DL04034,O04034,D0307,13.95,39,Medium,Clear,103.8,9.32
DL04035,O04035,D0107,9.73,34,Low,Cloudy,77.4,25.49
DL04036,O04036,D0202,5.35,37,Medium,Cloudy,69.5,21.11
DL04037,O04037,D0464,8.98,33,Medium,Cloudy,77.7,83.53
DL04038,O04038,D0399,13.05,43,Medium,Rainy,122.3,14.37
DL04039,O04039,D0369,3.14,30,High,Rainy,90.6,23.35
DL04040,O04040,D0226,12.53,20,Low,Clear,67.9,71.51
DL04041,O04041,D0430,2.41,36,High,Clear,65.8,164.04
DL04042,O04042,D0104,14.4,18,Medium,Clear,89.8,30.34
DL04043,O04043,D0310,3.23,25,Medium,Clear,65.0,32.62
DL04044,O04044,D0438,7.53,20,Low,Cloudy,63.5,81.23
DL04045,O04045,D0463,14.31,23,Low,Cloudy,84.1,94.1
DL04046,O04046,D0065,3.92,24,Medium,Clear,58.7,50.4
DL04047,O04047,D0446,9.99,31,High,Cloudy,85.9,204.58
DL04048,O04048,D0454,11.32,31,High,Cloudy,108.4,36.14
DL04049,O04049,D0308,1.53,34,High,Clear,78.0,90.44
DL04050,O04050,D0147,9.32,31,Low,Cloudy,80.8,97.92
DL04051,O04051,D0427,11.64,12,Low,Rainy,64.1,26.65
DL04052,O04052,D0006,14.58,39,Medium,Clear,108.8,153.31
DL04053,O04053,D0371,2.94,10,High,Clear,47.2,23.32
DL04054,O04054,D0452,13.09,12,Low,Cloudy,66.1,12.22
DL04055,O04055,D0138,9.81,26,Medium,Clear,68.1,226.77
DL04056,O04056,D0120,11.18,42,High,Rainy,111.5,71.5
DL04057,O04057,D0171,11.37,22,Medium,Cloudy,72.0,63.79
DL04058,O04058,D0055,11.14,17,High,Clear,78.6,86.74
DL04059,O04059,D0381,13.92,41,Low,Clear,82.9,124.49
DL04060,O04060,D0119,2.72,35,High,Clear,68.7,23.54
DL04061,O04061,D0246,4.97,15,Medium,Cloudy,54.4,97.18
DL04062,O04062,D0232,13.65,21,Medium,Cloudy,86.2,190.31
DL04063,O04063,D0137,7.39,17,Low,Clear,48.1,16.94
DL04064,O04064,D0321,6.68,38,Medium,Rainy,91.5,21.18
DL04065,O04065,D0179,8.55,29,Medium,Cloudy,78.1,130.89
DL04066,O04066,D0447,5.35,22,Medium,Clear,54.8,132.4
DL04067,O04067,D0184,9.37,17,High,Rainy,89.3,80.9
DL04068,O04068,D0209,13.31,27,Low,Cloudy,83.8,145.41
DL04069,O04069,D0233,6.54,35,Medium,Rainy,83.1,144.44
DL04070,O04070,D0476,3.91,29,High,Clear,76.3,31.37
DL04071,O04071,D0383,3.19,42,High,Clear,78.9,90.78
DL04072,O04072,D0369,10.77,17,Medium,Clear,61.8,103.5
DL04073,O04073,D0140,2.03,21,High,Clear,58.5,139.11
DL04074,O04074,D0046,2.05,11,Low,Rainy,48.4,16.52
DL04075,O04075,D0361,14.46,25,Medium,Clear,79.9,174.56
DL04076,O04076,D0359,10.34,20,High,Clear,71.9,144.34
DL04077,O04077,D0272,3.65,26,High,Clear,73.9,47.82
DL04078,O04078,D0078,9.85,39,Medium,Clear,81.7,204.9
DL04079,O04079,D0454,9.1,17,Low,Clear,47.3,91.72
DL04080,O04080,D0047,11.91,32,Low,Clear,80.5,185.07
DL04081,O04081,D0444,6.93,19,High,Clear,61.9,88.15
DL04082,O04082,D0057,1.24,15,High,Clear,51.1,9.33
DL04083,O04083,D0063,7.16,10,Medium,Rainy,68.6,192.37
DL04084,O04084,D0286,10.68,20,High,Cloudy,78.2,133.74
DL04085,O04085,D0237,14.4,32,Low,Clear,73.7,30.4
DL04086,O04086,D0474,12.76,12,Low,Clear,53.8,81.02
DL04087,O04087,D0084,1.33,23,Medium,Clear,54.1,21.84
DL04088,O04088,D0005,4.43,22,Low,Rainy,57.3,16.11
DL04089,O04089,D0143,8.7,29,High,Cloudy,85.3,89.52
DL04090,O04090,D0378,1.77,44,Low,Clear,53.7,105.95
DL04091,O04091,D0287,9.34,24,Low,Rainy,79.4,101.49
DL04092,O04092,D0402,7.01,14,Medium,Cloudy,60.4,131.83
DL04093,O04093,D0077,10.36,30,High,Clear,87.7,15.26
DL04094,O04094,D0427,4.09,20,Low,Clear,34.0,36.96
DL04095,O04095,D0011,3.62,16,Medium,Cloudy,53.6,216.57
DL04096,O04096,D0382,13.81,21,Low,Clear,67.9,127.85
DL04097,O04097,D0492,5.81,13,Low,Clear,41.3,14.01
DL04098,O04098,D0256,14.59,32,Low,Cloudy,82.5,131.18
DL04099,O04099,D0051,3.24,35,Medium,Rainy,86.9,225.02
DL04100,O04100,D0396,11.55,11,Medium,Rainy,78.6,29.43
DL04101,O04101,D0373,3.82,25,Medium,Clear,59.1,81.77
DL04102,O04102,D0440,11.02,43,Medium,Cloudy,104.7,56.51
DL04103,O04103,D0467,4.67,20,Medium,Rainy,58.0,44.92
DL04104,O04104,D0403,5.64,32,Medium,Cloudy,67.5,213.18
DL04105,O04105,D0385,9.98,32,Low,Cloudy,77.2,116.8
DL04106,O04106,D0142,1.47,39,High,Clear,60.2,60.37
DL04107,O04107,D0337,4.45,29,Medium,Rainy,69.7,26.2
DL04108,O04108,D0066,13.0,25,Low,Cloudy,84.2,53.01
DL04109,O04109,D0103,5.36,20,Low,Clear,48.3,44.31
DL04110,O04110,D0422,14.38,40,High,Rainy,129.4,170.87
DL04111,O04111,D0469,3.01,33,High,Rainy,92.7,5.21
DL04112,O04112,D0404,11.1,35,Medium,Clear,95.1,15.22
DL04113,O04113,D0180,3.28,11,High,Cloudy,62.2,143.88
DL04114,O04114,D0407,11.69,24,Medium,Cloudy,83.3,30.43
DL04115,O04115,D0094,3.98,31,Low,Clear,43.9,30.57
DL04116,O04116,D0065,13.13,35,Medium,Clear,89.1,69.23
DL04117,O04117,D0006,9.74,13,Medium,Rainy,74.8,80.43
DL04118,O04118,D0207,13.34,15,Low,Clear,68.1,56.92
DL04119,O04119,D0401,9.79,31,High,Clear,81.3,13.47
DL04120,O04120,D0420,12.29,32,Medium,Clear,91.8,73.43
DL04121,O04121,D0218,13.18,34,High,Clear,103.4,156.21
DL04122,O04122,D0318,7.56,12,Medium,Clear,53.2,45.24
DL04123,O04123,D0187,10.43,29,High,Rainy,120.1,101.8
DL04124,O04124,D0450,1.37,42,High,Clear,70.6,51.7
DL04125,O04125,D0496,7.95,29,High,Cloudy,91.6,89.02
DL04126,O04126,D0181,3.98,15,Medium,Clear,43.5,16.71
DL04127,O04127,D0493,2.6,21,Medium,Cloudy,58.1,11.99
DL04128,O04128,D0267,14.95,28,Low,Rainy,88.7,62.33
DL04129,O04129,D0107,14.96,34,Low,Rainy,101.7,60.51
DL04130,O04130,D0112,3.98,27,Medium,Clear,57.8,73.03
DL04131,O04131,D0138,13.56,24,High,Rainy,113.3,181.78
DL04132,O04132,D0004,13.56,36,Medium,Clear,93.9,108.91
DL04133,O04133,D0403,14.67,33,Medium,Rainy,115.1,31.25
DL04134,O04134,D0218,6.49,30,Medium,Rainy,74.5,62.14
DL04135,O04135,D0310,14.05,24,High,Clear,96.2,41.61
DL04136,O04136,D0423,11.95,35,Medium,Cloudy,94.3,172.08
DL04137,O04137,D0466,11.29,19,Medium,Rainy,90.8,139.0
DL04138,O04138,D0364,4.47,12,High,Clear,63.5,211.27
DL04139,O04139,D0086,7.87,38,High,Clear,90.4,137.59
DL04140,O04140,D0062,12.03,14,Medium,Clear,71.7,77.19
DL04141,O04141,D0426,12.85,33,High,Clear,96.2,136.12
DL04142,O04142,D0029,3.77,14,High,Rainy,64.3,79.71
DL04143,O04143,D0207,5.36,41,Medium,Clear,78.8,32.67
DL04144,O04144,D0428,3.28,35,Medium,Rainy,81.9,16.85
DL04145,O04145,D0289,3.12,36,High,Clear,69.1,65.02
DL04146,O04146,D0426,3.99,21,Medium,Cloudy,55.1,151.82
DL04147,O04147,D0395,13.73,41,High,Rainy,125.4,100.7
DL04148,O04148,D0315,6.08,15,Medium,Clear,54.3,242.29
DL04149,O04149,D0212,7.97,22,Low,Clear,60.5,162.46
DL04150,O04150,D0475,1.16,40,Medium,Clear,60.1,124.42
DL04151,O04151,D0246,11.54,27,Low,Clear,67.1,138.15
DL04152,O04152,D0371,5.04,38,Low,Cloudy,70.2,182.66
DL04153,O04153,D0143,10.86,19,High,Clear,75.2,16.42
DL04154,O04154,D0249,3.78,12,Low,Rainy,49.7,41.93
DL04155,O04155,D0131,6.28,27,Low,Rainy,68.3,88.29
DL04156,O04156,D0464,8.25,38,Medium,Clear,102.2,179.61
DL04157,O04157,D0028,9.84,35,High,Clear,93.2,121.09
DL04158,O04158,D0116,3.31,41,Medium,Clear,70.3,51.18
DL04159,O04159,D0437,7.05,36,Medium,Rainy,91.5,105.94
DL04160,O04160,D0240,1.17,20,Low,Cloudy,45.9,77.35
DL04161,O04161,D0170,2.86,15,Medium,Clear,47.5,172.03
DL04162,O04162,D0015,5.59,40,High,Clear,88.6,11.95
DL04163,O04163,D0040,14.12,17,High,Clear,91.9,89.85
DL04164,O04164,D0474,13.37,33,Medium,Clear,85.3,112.84
DL04165,O04165,D0034,8.33,27,High,Clear,83.1,54.03
DL04166,O04166,D0036,9.46,18,Medium,Rainy,84.6,13.52
DL04167,O04167,D0283,5.04,31,Low,Clear,55.2,126.62
DL04168,O04168,D0398,10.38,19,Low,Clear,65.2,18.07
DL04169,O04169,D0242,4.32,10,Medium,Rainy,59.4,244.48
DL04170,O04170,D0131,1.04,12,Medium,Rainy,54.2,25.26
DL04171,O04171,D0131,14.49,35,High,Cloudy,115.2,175.53
DL04172,O04172,D0087,6.34,16,Medium,Cloudy,66.8,65.16
DL04173,O04173,D0197,8.32,36,High,Clear,93.8,216.77
DL04174,O04174,D0322,2.4,24,High,Rainy,67.4,105.17
DL04175,O04175,D0188,8.38,32,High,Rainy,106.6,64.11
DL04176,O04176,D0422,13.63,30,Medium,Rainy,112.0,233.77
DL04177,O04177,D0484,13.29,22,High,Clear,89.9,15.04
DL04178,O04178,D0125,9.09,41,Medium,Clear,88.1,139.4
DL04179,O04179,D0130,12.99,29,Low,Clear,81.7,153.89
DL04180,O04180,D0115,6.1,14,Low,Cloudy,48.0,62.56
DL04181,O04181,D0463,3.7,41,Low,Clear,63.0,221.1
DL04182,O04182,D0322,6.9,37,Medium,Cloudy,94.6,8.94
DL04183,O04183,D0100,12.33,37,Medium,Clear,93.9,9.39
DL04184,O04184,D0476,10.9,21,High,Cloudy,88.6,14.93
DL04185,O04185,D0206,6.38,15,Medium,Cloudy,58.2,246.38
DL04186,O04186,D0268,5.78,35,Medium,Clear,73.3,155.61
DL04187,O04187,D0030,14.5,26,Medium,Cloudy,91.4,37.74
DL04188,O04188,D0483,4.69,19,Low,Clear,47.2,71.22
DL04189,O04189,D0392,5.31,35,High,Clear,71.9,45.7
DL04190,O04190,D0096,5.86,25,Medium,Clear,64.6,90.52
DL04191,O04191,D0254,11.96,41,High,Cloudy,115.0,72.14
DL04192,O04192,D0276,12.9,25,High,Clear,91.8,166.54
DL04193,O04193,D0362,4.04,23,Low,Clear,40.0,113.16
DL04194,O04194,D0243,6.7,34,Medium,Clear,77.5,59.03
DL04195,O04195,D0079,13.12,10,Medium,Rainy,92.9,52.83
DL04196,O04196,D0191,5.39,25,Low,Clear,36.2,39.79
DL04197,O04197,D0334,6.65,42,Low,Clear,76.5,75.81
DL04198,O04198,D0154,8.75,31,High,Cloudy,98.0,106.15
DL04199,O04199,D0409,9.98,37,Low,Cloudy,76.7,101.96
DL04200,O04200,D0313,5.25,32,Medium,Clear,75.4,78.44
DL04201,O04201,D0211,9.06,11,Medium,Clear,58.3,166.39
DL04202,O04202,D0316,11.14,24,Low,Clear,59.5,265.76
DL04203,O04203,D0020,2.26,14,High,Cloudy,57.8,59.75
DL04204,O04204,D0115,14.99,41,High,Clear,117.2,50.73
DL04205,O04205,D0282,14.06,32,Low,Clear,80.8,9.48
DL04206,O04206,D0480,3.14,32,High,Clear,78.9,110.99
DL04207,O04207,D0279,5.65,42,Low,Cloudy,72.6,168.16
DL04208,O04208,D0448,4.94,15,Low,Clear,42.4,107.5
DL04209,O04209,D0014,1.31,42,Low,Cloudy,58.7,219.87
DL04210,O04210,D0086,8.03,29,Medium,Cloudy,75.4,150.81
DL04211,O04211,D0222,3.22,11,Medium,Cloudy,40.0,52.93
DL04212,O04212,D0092,2.91,29,Low,Cloudy,61.2,23.97
DL04213,O04213,D0382,3.95,32,Low,Cloudy,61.3,155.15
DL04214,O04214,D0038,11.63,35,Medium,Clear,86.5,99.06
DL04215,O04215,D0296,2.81,35,Medium,Rainy,79.1,28.38
DL04216,O04216,D0185,9.8,11,Medium,Rainy,81.1,107.41
DL04217,O04217,D0030,5.07,11,Medium,Clear,45.7,144.34
DL04218,O04218,D0243,1.96,42,Medium,Clear,70.6,13.07
DL04219,O04219,D0387,14.69,19,Low,Cloudy,74.5,30.31
DL04220,O04220,D0248,10.07,37,High,Clear,97.2,102.25
DL04221,O04221,D0227,3.85,24,Medium,Clear,46.5,47.66
DL04222,O04222,D0452,8.09,27,High,Rainy,95.8,29.59
DL04223,O04223,D0055,6.44,36,Medium,Cloudy,76.9,26.25
DL04224,O04224,D0487,3.46,21,Medium,Rainy,72.9,28.34
DL04225,O04225,D0354,14.46,23,Low,Cloudy,78.1,65.61
DL04226,O04226,D0109,13.03,40,Medium,Clear,94.7,108.41
DL04227,O04227,D0203,6.17,18,High,Clear,70.5,121.51
DL04228,O04228,D0333,12.35,35,High,Clear,98.2,46.9
DL04229,O04229,D0066,3.65,36,High,Cloudy,82.2,250.7
DL04230,O04230,D0164,2.05,25,Medium,Clear,50.4,201.56
DL04231,O04231,D0437,8.37,11,Medium,Cloudy,60.1,242.38
DL04232,O04232,D0158,6.49,26,Medium,Clear,60.5,110.88
DL04233,O04233,D0464,1.98,38,Low,Cloudy,64.1,152.45
DL04234,O04234,D0438,9.83,41,Low,Cloudy,82.0,209.06
DL04235,O04235,D0416,12.47,34,Medium,Cloudy,98.7,72.65
DL04236,O04236,D0207,8.38,12,Medium,Clear,59.0,43.81
DL04237,O04237,D0343,1.75,44,Low,Cloudy,67.5,105.95
DL04238,O04238,D0431,6.28,12,High,Rainy,73.3,43.52
DL04239,O04239,D0355,4.51,36,Medium,Clear,67.2,43.13
DL04240,O04240,D0365,3.08,23,Medium,Rainy,70.1,38.46
DL04241,O04241,D0337,7.99,42,Medium,Clear,82.7,184.01
DL04242,O04242,D0210,1.92,30,Medium,Rainy,68.3,206.15
DL04243,O04243,D0160,1.88,19,High,Rainy,67.4,117.49
DL04244,O04244,D0016,11.87,26,Low,Cloudy,76.1,197.55
DL04245,O04245,D0321,6.99,16,High,Clear,65.2,84.42
DL04246,O04246,D0142,11.43,36,Medium,Clear,89.6,41.32
DL04247,O04247,D0066,5.57,40,Medium,Clear,71.7,23.84
DL04248,O04248,D0198,5.9,43,High,Rainy,105.9,164.22
DL04249,O04249,D0474,7.0,33,Low,Clear,68.4,67.06
DL04250,O04250,D0439,5.26,19,Medium,Cloudy,56.0,26.38
DL04251,O04251,D0044,8.83,37,High,Cloudy,101.0,30.18
DL04252,O04252,D0136,2.02,42,High,Clear,88.0,105.72
DL04253,O04253,D0088,8.8,22,Medium,Rainy,77.3,144.51
DL04254,O04254,D0186,10.99,38,High,Cloudy,105.3,82.18
DL04255,O04255,D0039,14.89,36,High,Cloudy,116.6,120.1
DL04256,O04256,D0306,9.92,20,High,Cloudy,83.7,128.75
DL04257,O04257,D0427,10.93,19,High,Rainy,90.8,70.32
DL04258,O04258,D0031,9.33,38,Medium,Clear,86.3,68.73
DL04259,O04259,D0064,14.31,23,Medium,Clear,82.6,38.36
DL04260,O04260,D0085,12.34,30,Low,Rainy,94.8,111.04
DL04261,O04261,D0148,9.61,34,Medium,Clear,93.1,68.25
DL04262,O04262,D0258,5.66,16,High,Clear,63.7,24.35
DL04263,O04263,D0299,5.54,24,High,Cloudy,83.6,25.43
DL04264,O04264,D0256,11.55,17,Low,Rainy,71.5,21.58
DL04265,O04265,D0040,14.0,31,Medium,Clear,94.2,100.88
DL04266,O04266,D0058,14.8,22,Medium,Clear,88.6,74.11
DL04267,O04267,D0340,4.67,34,Medium,Cloudy,67.4,201.85
DL04268,O04268,D0113,9.29,37,Low,Cloudy,73.1,179.16
DL04269,O04269,D0086,10.83,25,Low,Clear,66.2,173.71
DL04270,O04270,D0269,6.78,16,High,Rainy,70.9,71.17
DL04271,O04271,D0123,2.53,15,Low,Cloudy,42.3,166.67
DL04272,O04272,D0468,5.0,24,Low,Cloudy,51.2,11.98
DL04273,O04273,D0108,8.22,44,Medium,Clear,90.6,158.67
DL04274,O04274,D0247,2.61,11,Medium,Rainy,56.7,245.53
DL04275,O04275,D0223,5.38,21,Medium,Clear,57.0,37.51
DL04276,O04276,D0407,4.61,23,Low,Cloudy,45.0,140.24
DL04277,O04277,D0410,5.96,11,High,Clear,51.9,178.7
DL04278,O04278,D0235,10.62,43,Low,Clear,85.0,174.2
DL04279,O04279,D0245,7.67,37,Low,Cloudy,67.9,10.46
DL04280,O04280,D0222,6.27,14,Medium,Clear,48.2,51.26
DL04281,O04281,D0124,4.85,44,High,Clear,85.7,40.48
DL04282,O04282,D0237,10.64,25,Low,Clear,59.5,77.09
DL04283,O04283,D0329,10.44,44,Low,Rainy,102.8,12.38
DL04284,O04284,D0423,7.25,14,Low,Cloudy,49.7,26.02
DL04285,O04285,D0170,4.9,22,High,Clear,72.5,30.89
DL04286,O04286,D0245,12.32,10,Low,Cloudy,71.2,15.1
DL04287,O04287,D0032,12.93,38,Low,Clear,80.6,30.12
DL04288,O04288,D0428,12.85,11,High,Clear,68.2,123.62
DL04289,O04289,D0296,6.5,26,Medium,Cloudy,68.8,135.91
DL04290,O04290,D0076,4.56,33,Medium,Clear,66.5,89.97
DL04291,O04291,D0380,12.84,27,High,Clear,87.7,41.06
DL04292,O04292,D0204,14.72,17,Medium,Rainy,97.6,179.26
DL04293,O04293,D0091,3.71,37,Low,Clear,56.1,124.85
DL04294,O04294,D0302,9.91,13,Medium,Clear,70.3,144.61
DL04295,O04295,D0026,5.61,27,High,Cloudy,74.9,13.11
DL04296,O04296,D0107,7.8,17,Low,Cloudy,47.0,55.38
DL04297,O04297,D0270,9.01,29,Medium,Cloudy,71.2,79.79
DL04298,O04298,D0206,8.54,44,Low,Clear,73.8,15.59
DL04299,O04299,D0395,11.66,26,High,Clear,95.4,50.07
DL04300,O04300,D0098,14.6,20,High,Cloudy,100.5,30.63
DL04301,O04301,D0182,2.2,44,Medium,Clear,70.3,54.38
DL04302,O04302,D0008,10.57,27,High,Clear,86.5,88.99
DL04303,O04303,D0167,8.33,29,Medium,Cloudy,80.4,255.95
DL04304,O04304,D0015,6.55,13,Low,Cloudy,43.6,51.99
DL04305,O04305,D0260,10.27,35,High,Clear,102.1,22.67
DL04306,O04306,D0193,13.41,22,Medium,Rainy,90.0,94.63
DL04307,O04307,D0163,9.55,30,Medium,Rainy,96.4,9.71
DL04308,O04308,D0006,12.49,33,Low,Clear,78.5,166.04
DL04309,O04309,D0115,5.13,40,Medium,Clear,83.1,90.13
DL04310,O04310,D0066,7.13,28,Medium,Clear,65.0,91.19
DL04311,O04311,D0239,3.44,42,Medium,Clear,70.7,98.37
DL04312,O04312,D0467,9.02,44,High,Cloudy,99.6,104.98
DL04313,O04313,D0095,11.35,32,Medium,Cloudy,90.5,80.74
DL04314,O04314,D0181,9.11,15,Low,Clear,57.1,12.42
DL04315,O04315,D0211,13.77,35,Medium,Cloudy,100.3,11.02
DL04316,O04316,D0407,13.03,10,High,Rainy,97.1,72.75
DL04317,O04317,D0457,6.94,21,Low,Cloudy,50.4,34.91
DL04318,O04318,D0019,9.01,19,Medium,Clear,76.5,121.75
DL04319,O04319,D0013,10.06,35,Low,Clear,74.9,74.5
DL04320,O04320,D0446,12.3,36,Medium,Cloudy,92.4,13.78
DL04321,O04321,D0124,2.05,36,Low,Cloudy,51.4,27.19
DL04322,O04322,D0264,12.3,10,Medium,Cloudy,69.2,109.28
DL04323,O04323,D0377,1.93,23,High,Clear,50.5,5.81
DL04324,O04324,D0318,11.07,23,High,Clear,83.3,18.82
DL04325,O04325,D0092,7.51,41,High,Clear,96.7,83.14
DL04326,O04326,D0347,4.32,41,High,Cloudy,86.8,60.92
DL04327,O04327,D0056,10.9,28,Low,Cloudy,79.4,58.0
DL04328,O04328,D0117,13.19,17,Low,Rainy,87.1,176.88
DL04329,O04329,D0294,12.6,44,High,Rainy,120.4,22.77
DL04330,O04330,D0362,3.72,23,High,Cloudy,66.0,15.04
DL04331,O04331,D0329,9.46,14,Low,Rainy,60.4,74.2
DL04332,O04332,D0271,10.28,40,Low,Clear,85.0,112.28
DL04333,O04333,D0062,1.73,41,Medium,Clear,65.6,265.33
DL04334,O04334,D0189,5.6,33,Medium,Clear,78.1,9.72
DL04335,O04335,D0302,2.46,31,High,Clear,71.3,37.39
DL04336,O04336,D0418,6.84,30,Low,Cloudy,65.2,218.14
DL04337,O04337,D0025,11.18,42,High,Clear,110.9,116.86
DL04338,O04338,D0001,12.27,24,Medium,Cloudy,94.0,31.04
DL04339,O04339,D0459,11.69,24,Low,Cloudy,72.8,94.66
DL04340,O04340,D0271,4.8,12,High,Cloudy,59.2,20.27
DL04341,O04341,D0474,3.08,39,High,Clear,77.2,24.83
DL04342,O04342,D0047,13.21,27,Low,Clear,70.5,146.07
DL04343,O04343,D0166,11.4,17,Low,Cloudy,67.5,44.52
DL04344,O04344,D0161,11.57,28,High,Clear,92.8,37.97
DL04345,O04345,D0305,4.79,36,Low,Rainy,70.8,80.37
DL04346,O04346,D0355,9.01,14,High,Cloudy,83.2,160.36
DL04347,O04347,D0494,13.57,35,Low,Clear,85.3,16.95
DL04348,O04348,D0411,12.68,23,Medium,Clear,88.3,11.24
DL04349,O04349,D0436,4.74,10,Medium,Clear,44.8,73.69
DL04350,O04350,D0332,14.31,41,Low,Rainy,107.0,146.76
DL04351,O04351,D0212,6.3,36,Medium,Clear,73.5,126.96
DL04352,O04352,D0268,9.02,27,Medium,Cloudy,75.8,89.48
DL04353,O04353,D0378,11.24,27,Low,Clear,75.1,44.74
DL04354,O04354,D0250,4.51,20,High,Cloudy,75.2,38.67
DL04355,O04355,D0445,6.51,15,High,Clear,57.7,42.83
DL04356,O04356,D0421,14.01,38,High,Cloudy,115.4,52.4
DL04357,O04357,D0006,2.06,14,Medium,Clear,41.7,111.45
DL04358,O04358,D0468,1.29,43,Medium,Cloudy,69.3,180.01
DL04359,O04359,D0215,14.51,24,High,Clear,95.3,96.52
DL04360,O04360,D0463,13.25,18,High,Rainy,106.9,33.32
DL04361,O04361,D0383,12.21,42,Low,Cloudy,88.4,70.24
DL04362,O04362,D0348,5.67,26,Medium,Rainy,68.4,144.16
DL04363,O04363,D0290,6.27,20,Low,Clear,52.3,28.06
DL04364,O04364,D0392,13.56,39,Low,Clear,86.9,180.47
DL04365,O04365,D0468,14.65,22,Low,Cloudy,87.2,46.14
DL04366,O04366,D0006,1.86,20,High,Rainy,69.4,71.93
DL04367,O04367,D0188,7.56,16,Low,Clear,51.5,189.18
DL04368,O04368,D0154,6.61,30,Medium,Clear,73.1,97.89
DL04369,O04369,D0177,11.32,16,Medium,Cloudy,74.2,25.13
DL04370,O04370,D0274,7.91,31,Medium,Clear,72.3,9.45
DL04371,O04371,D0127,2.1,41,Low,Cloudy,57.6,23.93
DL04372,O04372,D0142,3.34,13,Medium,Cloudy,51.1,32.92
DL04373,O04373,D0404,5.3,24,Low,Clear,61.2,35.36
DL04374,O04374,D0426,12.02,30,High,Cloudy,103.9,74.59
DL04375,O04375,D0237,11.83,37,Low,Rainy,100.0,234.08
DL04376,O04376,D0369,11.8,15,Low,Rainy,70.8,59.93
DL04377,O04377,D0449,11.88,11,Medium,Clear,70.6,29.47
DL04378,O04378,D0087,6.83,40,Low,Cloudy,81.8,152.84
DL04379,O04379,D0318,9.61,36,Medium,Clear,83.7,117.26
DL04380,O04380,D0058,3.03,18,Medium,Rainy,59.6,140.06
DL04381,O04381,D0232,4.14,10,Low,Clear,30.9,110.11
DL04382,O04382,D0400,5.53,24,High,Rainy,82.0,237.52
DL04383,O04383,D0429,8.19,32,Medium,Clear,85.4,132.34
DL04384,O04384,D0423,3.57,26,Medium,Clear,66.9,132.38
DL04385,O04385,D0403,13.24,16,Medium,Rainy,94.0,187.58
DL04386,O04386,D0392,9.7,12,Low,Rainy,68.8,18.56
DL04387,O04387,D0253,8.52,43,Low,Cloudy,79.7,222.33
DL04388,O04388,D0152,1.22,28,Medium,Clear,52.9,51.12
DL04389,O04389,D0373,8.87,39,High,Clear,92.2,47.69
DL04390,O04390,D0236,13.82,19,Low,Cloudy,76.1,127.46
DL04391,O04391,D0248,4.13,27,Medium,Cloudy,73.9,94.2
DL04392,O04392,D0016,4.09,32,Low,Rainy,66.8,88.85
DL04393,O04393,D0397,13.81,32,Low,Clear,83.5,207.01
DL04394,O04394,D0114,12.66,13,High,Clear,77.4,28.51
DL04395,O04395,D0414,10.53,44,High,Cloudy,109.2,39.37
DL04396,O04396,D0141,11.27,18,Low,Clear,62.4,29.23
DL04397,O04397,D0213,1.83,20,High,Clear,53.7,14.59
DL04398,O04398,D0339,11.66,10,Low,Clear,59.4,26.9
DL04399,O04399,D0155,11.42,19,High,Cloudy,84.6,77.64
DL04400,O04400,D0422,1.7,40,High,Clear,73.3,4.37
DL04401,O04401,D0492,12.06,23,Low,Rainy,84.4,141.46
DL04402,O04402,D0038,9.97,37,Low,Clear,78.2,60.45
DL04403,O04403,D0179,9.0,33,High,Clear,99.0,85.97
DL04404,O04404,D0151,8.2,37,Medium,Clear,88.5,14.47
DL04405,O04405,D0144,8.19,13,Medium,Rainy,63.4,22.65
DL04406,O04406,D0046,4.28,23,Medium,Cloudy,54.4,20.26
DL04407,O04407,D0216,1.04,14,Medium,Clear,30.9,37.68
DL04408,O04408,D0428,14.44,41,Low,Rainy,110.2,30.01
DL04409,O04409,D0114,7.46,26,Medium,Cloudy,73.1,153.74
DL04410,O04410,D0208,1.61,43,High,Clear,91.0,92.55
DL04411,O04411,D0433,5.64,35,High,Clear,84.0,201.55
DL04412,O04412,D0400,6.22,40,Medium,Rainy,91.1,26.91
DL04413,O04413,D0267,13.2,37,Low,Cloudy,91.2,131.83
DL04414,O04414,D0410,5.79,37,High,Clear,83.8,121.98
DL04415,O04415,D0464,13.31,38,Low,Rainy,102.1,130.27
DL04416,O04416,D0233,7.2,35,High,Clear,80.3,110.6
DL04417,O04417,D0015,3.34,31,Medium,Cloudy,61.0,5.8
DL04418,O04418,D0186,5.0,44,Medium,Cloudy,88.0,106.24
DL04419,O04419,D0338,12.87,37,High,Cloudy,111.7,130.26
DL04420,O04420,D0360,3.24,31,Medium,Cloudy,60.0,12.01
DL04421,O04421,D0018,9.61,44,Low,Clear,84.7,80.45
DL04422,O04422,D0250,11.16,27,High,Rainy,106.2,173.58
DL04423,O04423,D0227,5.37,14,Medium,Rainy,71.3,4.89
DL04424,O04424,D0197,12.25,38,Medium,Clear,104.6,30.17
DL04425,O04425,D0322,5.38,20,Low,Cloudy,42.2,65.99
DL04426,O04426,D0286,4.81,33,Medium,Clear,66.3,205.14
DL04427,O04427,D0159,2.05,34,Medium,Cloudy,65.4,22.03
DL04428,O04428,D0153,9.2,25,Low,Cloudy,68.2,141.9
DL04429,O04429,D0363,8.45,29,Low,Cloudy,81.6,5.59
DL04430,O04430,D0351,10.27,22,Low,Cloudy,57.8,78.73
DL04431,O04431,D0467,7.55,44,High,Clear,96.6,95.02
DL04432,O04432,D0482,3.88,21,Low,Clear,45.6,272.25
DL04433,O04433,D0210,2.45,13,High,Clear,50.4,18.87
DL04434,O04434,D0487,7.99,39,Medium,Cloudy,88.5,56.76
DL04435,O04435,D0448,8.52,38,Medium,Clear,84.7,38.25
DL04436,O04436,D0496,14.05,27,Low,Clear,81.2,102.92
DL04437,O04437,D0417,7.92,38,Low,Clear,73.0,121.3
DL04438,O04438,D0493,14.06,18,Low,Clear,65.9,161.54
DL04439,O04439,D0131,9.89,19,Low,Clear,58.0,96.5
DL04440,O04440,D0018,3.1,19,Low,Rainy,55.1,32.4
DL04441,O04441,D0356,2.2,17,Low,Cloudy,34.4,70.51
DL04442,O04442,D0436,14.46,28,Medium,Clear,89.8,75.25
DL04443,O04443,D0346,3.85,43,Low,Clear,55.0,14.07
DL04444,O04444,D0348,5.87,12,Medium,Cloudy,55.2,142.32
DL04445,O04445,D0288,1.5,32,Low,Rainy,58.0,106.11
DL04446,O04446,D0049,4.85,11,Low,Clear,38.8,16.75
DL04447,O04447,D0165,14.39,24,High,Clear,94.2,122.18
DL04448,O04448,D0071,2.28,44,Medium,Cloudy,83.5,61.96
DL04449,O04449,D0284,13.58,16,Low,Rainy,82.3,36.55
DL04450,O04450,D0032,1.92,44,High,Clear,83.1,68.99
DL04451,O04451,D0169,10.11,44,High,Clear,102.7,96.41
DL04452,O04452,D0420,7.94,14,Medium,Clear,60.4,75.22
DL04453,O04453,D0086,11.23,28,Medium,Clear,84.6,90.62
DL04454,O04454,D0393,11.89,40,Low,Clear,80.1,23.49
DL04455,O04455,D0273,10.49,11,Medium,Rainy,71.1,75.82
DL04456,O04456,D0010,3.75,43,Medium,Rainy,80.8,137.94
DL04457,O04457,D0347,9.88,22,Low,Clear,65.9,94.52
DL04458,O04458,D0017,9.65,44,High,Rainy,114.1,53.96
DL04459,O04459,D0352,12.91,43,Medium,Clear,103.8,174.05
DL04460,O04460,D0056,2.6,23,High,Cloudy,66.2,270.27
DL04461,O04461,D0492,9.45,44,Low,Rainy,94.3,180.27
DL04462,O04462,D0234,3.88,35,Medium,Clear,61.5,147.98
DL04463,O04463,D0139,10.29,16,Low,Clear,58.6,153.01
DL04464,O04464,D0301,8.26,30,High,Clear,83.0,158.78
DL04465,O04465,D0345,3.66,24,Medium,Clear,49.7,92.87
DL04466,O04466,D0127,2.72,22,Low,Rainy,52.2,243.38
DL04467,O04467,D0017,10.78,29,Medium,Cloudy,77.6,40.04
DL04468,O04468,D0192,12.45,43,High,Clear,116.9,48.95
DL04469,O04469,D0475,6.18,35,Medium,Clear,76.4,117.92
DL04470,O04470,D0122,9.71,13,Low,Rainy,70.6,141.09
DL04471,O04471,D0055,12.28,43,Low,Cloudy,96.9,203.07
DL04472,O04472,D0207,11.13,29,Low,Clear,79.3,31.04
DL04473,O04473,D0261,11.21,28,Medium,Rainy,96.5,217.37
DL04474,O04474,D0107,8.81,40,Low,Rainy,87.6,182.58
DL04475,O04475,D0120,2.92,28,High,Clear,63.2,27.83
DL04476,O04476,D0333,14.25,11,Medium,Clear,77.8,83.47
DL04477,O04477,D0251,5.3,35,Medium,Clear,64.3,21.86
DL04478,O04478,D0326,2.6,31,Medium,Rainy,79.3,122.15
DL04479,O04479,D0042,13.09,26,Medium,Rainy,98.5,106.19
DL04480,O04480,D0212,13.36,33,Medium,Rainy,112.8,180.61
DL04481,O04481,D0323,13.27,21,Medium,Clear,81.3,113.05
DL04482,O04482,D0348,8.23,31,Low,Rainy,77.9,39.72
DL04483,O04483,D0131,5.33,29,Low,Cloudy,67.3,95.99
DL04484,O04484,D0097,12.36,12,Low,Rainy,74.1,62.41
DL04485,O04485,D0322,13.99,24,Medium,Cloudy,85.1,53.57
DL04486,O04486,D0485,1.14,23,Low,Rainy,46.4,101.32
DL04487,O04487,D0444,13.68,19,Low,Clear,71.1,34.99
DL04488,O04488,D0285,4.31,29,Medium,Cloudy,62.2,53.48
DL04489,O04489,D0462,12.13,32,Low,Clear,77.1,65.18
DL04490,O04490,D0391,12.35,18,Low,Clear,65.1,49.53
DL04491,O04491,D0108,8.87,19,Low,Cloudy,58.8,92.26
DL04492,O04492,D0132,7.13,12,Low,Cloudy,57.6,34.64
DL04493,O04493,D0178,4.14,21,Medium,Clear,58.5,116.44
DL04494,O04494,D0277,4.36,29,Low,Clear,47.0,158.86
DL04495,O04495,D0217,7.97,34,Medium,Clear,79.9,67.86
DL04496,O04496,D0393,3.0,34,Medium,Clear,69.2,77.89
DL04497,O04497,D0188,10.47,37,Medium,Clear,84.6,44.36
DL04498,O04498,D0460,1.44,25,High,Cloudy,57.4,164.47
DL04499,O04499,D0012,1.38,30,High,Clear,67.9,29.63
DL04500,O04500,D0312,8.14,16,Medium,Rainy,74.0,49.13
DL04501,O04501,D0005,4.72,21,Low,Clear,42.2,20.52
DL04502,O04502,D0447,7.68,44,Medium,Clear,90.0,58.16
DL04503,O04503,D0477,8.81,27,Low,Cloudy,67.8,106.97
DL04504,O04504,D0283,5.36,27,Low,Rainy,70.3,97.46
DL04505,O04505,D0103,13.31,20,Medium,Clear,89.4,44.37
DL04506,O04506,D0177,7.95,41,Low,Rainy,97.4,180.25
DL04507,O04507,D0276,12.51,42,Medium,Clear,105.5,203.34
DL04508,O04508,D0128,13.5,42,Medium,Cloudy,115.0,115.14
DL04509,O04509,D0285,13.45,24,Medium,Rainy,104.9,122.79
DL04510,O04510,D0247,1.92,27,Medium,Clear,57.0,29.51
DL04511,O04511,D0211,1.63,31,Medium,Cloudy,61.3,34.29
DL04512,O04512,D0292,9.29,15,Low,Rainy,66.4,22.21
DL04513,O04513,D0097,6.74,31,Low,Rainy,80.0,65.15
DL04514,O04514,D0136,11.8,15,Medium,Clear,63.5,109.29
DL04515,O04515,D0158,14.35,24,High,Rainy,109.8,74.03
DL04516,O04516,D0189,1.94,39,Low,Cloudy,58.5,177.25
DL04517,O04517,D0252,9.83,39,Medium,Clear,92.6,179.26
DL04518,O04518,D0354,9.46,41,High,Clear,98.8,160.49
DL04519,O04519,D0351,13.16,29,High,Clear,103.2,55.59
DL04520,O04520,D0385,5.39,26,Medium,Clear,62.0,88.82
DL04521,O04521,D0419,8.22,38,High,Clear,83.0,170.51
DL04522,O04522,D0467,14.17,20,Medium,Rainy,101.9,19.22
DL04523,O04523,D0174,14.94,29,Medium,Rainy,105.9,39.88
DL04524,O04524,D0274,8.95,29,Low,Clear,59.5,53.46
DL04525,O04525,D0311,3.91,17,Medium,Clear,52.5,27.58
DL04526,O04526,D0110,12.11,26,Low,Cloudy,67.4,93.74
DL04527,O04527,D0081,6.25,21,Low,Rainy,64.8,62.69
DL04528,O04528,D0106,13.77,41,Medium,Clear,103.1,62.94
DL04529,O04529,D0031,12.14,31,Medium,Clear,92.1,3.62
DL04530,O04530,D0064,14.16,36,Medium,Rainy,105.7,30.68
DL04531,O04531,D0276,4.01,35,Medium,Cloudy,74.2,56.2
DL04532,O04532,D0376,6.82,40,Medium,Clear,86.3,89.95
DL04533,O04533,D0285,4.5,38,Low,Cloudy,63.3,100.39
DL04534,O04534,D0231,14.17,40,Medium,Cloudy,104.6,250.33
DL04535,O04535,D0427,11.28,33,High,Rainy,115.6,54.31
DL04536,O04536,D0469,1.34,13,Medium,Rainy,54.4,166.58
DL04537,O04537,D0183,4.91,23,High,Clear,64.9,101.2
DL04538,O04538,D0073,11.33,22,Medium,Clear,77.4,168.71
DL04539,O04539,D0414,10.54,32,Medium,Clear,89.5,14.83
DL04540,O04540,D0033,1.53,17,Low,Clear,25.9,117.71
DL04541,O04541,D0146,6.39,22,Low,Clear,49.6,10.98
DL04542,O04542,D0433,12.11,10,High,Rainy,100.4,20.22
DL04543,O04543,D0181,5.75,36,Low,Cloudy,65.5,41.0
DL04544,O04544,D0307,4.36,26,Low,Clear,47.7,159.03
DL04545,O04545,D0266,10.94,18,Medium,Rainy,91.2,47.2
DL04546,O04546,D0321,10.14,36,Low,Rainy,83.4,73.67
DL04547,O04547,D0028,1.35,35,Medium,Rainy,71.8,50.92
DL04548,O04548,D0353,13.68,30,Medium,Rainy,109.2,50.55
DL04549,O04549,D0487,7.81,13,Medium,Clear,51.4,63.03
DL04550,O04550,D0379,13.0,23,Medium,Cloudy,88.7,160.44
DL04551,O04551,D0402,6.47,20,High,Clear,66.9,107.11
DL04552,O04552,D0363,6.26,13,Low,Cloudy,39.1,25.56
DL04553,O04553,D0493,2.71,43,Medium,Clear,62.7,215.57
DL04554,O04554,D0061,12.17,14,Medium,Rainy,75.8,14.91
DL04555,O04555,D0393,1.06,41,Low,Rainy,70.7,164.13
DL04556,O04556,D0220,5.05,25,Medium,Cloudy,65.0,178.74
DL04557,O04557,D0188,2.02,37,Medium,Cloudy,63.1,47.38
DL04558,O04558,D0087,10.97,11,Low,Rainy,71.2,95.46
DL04559,O04559,D0154,11.03,44,Medium,Clear,97.4,99.64
DL04560,O04560,D0497,5.39,17,High,Cloudy,71.8,25.0
DL04561,O04561,D0043,10.83,34,Low,Clear,79.0,87.09
DL04562,O04562,D0033,4.48,32,Low,Rainy,73.0,160.21
DL04563,O04563,D0276,5.4,34,Medium,Rainy,91.8,121.52
DL04564,O04564,D0016,12.3,26,High,Clear,94.0,87.58
DL04565,O04565,D0339,11.35,35,Low,Cloudy,84.6,94.19
DL04566,O04566,D0160,11.83,30,High,Clear,96.2,70.29
DL04567,O04567,D0118,2.58,14,Medium,Clear,47.7,103.67
DL04568,O04568,D0011,2.86,33,Medium,Clear,70.5,151.14
DL04569,O04569,D0494,5.25,19,High,Clear,60.6,14.52
DL04570,O04570,D0108,2.45,11,High,Clear,48.0,198.24
DL04571,O04571,D0104,8.3,35,Low,Clear,81.3,142.59
DL04572,O04572,D0318,8.43,18,Low,Cloudy,56.3,80.72
DL04573,O04573,D0111,5.87,39,Low,Clear,55.5,79.25
DL04574,O04574,D0154,6.81,41,Medium,Rainy,89.9,178.6
DL04575,O04575,D0119,2.39,17,Medium,Cloudy,45.9,132.74
DL04576,O04576,D0001,10.5,12,Medium,Cloudy,62.0,137.54
DL04577,O04577,D0230,4.71,13,Medium,Rainy,66.9,95.26
DL04578,O04578,D0268,11.88,34,High,Rainy,120.0,177.22
DL04579,O04579,D0313,11.79,36,Low,Clear,77.2,26.3
DL04580,O04580,D0073,9.28,25,Medium,Cloudy,78.0,100.84
DL04581,O04581,D0306,7.15,32,Low,Clear,56.1,87.31
DL04582,O04582,D0328,3.89,35,Medium,Cloudy,75.6,113.65
DL04583,O04583,D0095,14.13,24,Low,Rainy,95.0,57.35
DL04584,O04584,D0212,13.55,35,High,Clear,100.0,5.72
DL04585,O04585,D0147,11.53,34,High,Clear,103.8,61.61
DL04586,O04586,D0096,13.86,20,High,Clear,89.1,27.5
DL04587,O04587,D0119,13.59,22,Low,Rainy,85.6,50.77
DL04588,O04588,D0389,8.31,10,High,Clear,60.9,149.12
DL04589,O04589,D0287,3.94,40,Medium,Clear,69.4,52.93
DL04590,O04590,D0022,3.85,31,Medium,Clear,56.1,35.31
DL04591,O04591,D0468,7.96,14,Low,Clear,39.5,25.77
DL04592,O04592,D0121,11.15,28,Medium,Clear,83.9,17.03
DL04593,O04593,D0076,6.66,40,Medium,Rainy,100.7,139.57
DL04594,O04594,D0083,6.65,32,Medium,Clear,68.8,22.54
DL04595,O04595,D0357,2.02,31,Low,Rainy,62.8,74.26
DL04596,O04596,D0066,11.9,40,Medium,Rainy,104.4,47.0
DL04597,O04597,D0260,3.4,30,Medium,Cloudy,59.8,112.22
DL04598,O04598,D0158,13.58,12,Low,Clear,64.0,55.36
DL04599,O04599,D0151,3.44,20,High,Cloudy,60.6,239.58
DL04600,O04600,D0442,11.39,21,Low,Clear,68.3,30.12
DL04601,O04601,D0277,11.44,34,Medium,Rainy,99.2,219.76
DL04602,O04602,D0438,13.06,30,Low,Clear,87.2,85.45
DL04603,O04603,D0443,8.3,16,Medium,Clear,67.6,52.4
DL04604,O04604,D0325,6.64,40,High,Clear,99.0,250.33
DL04605,O04605,D0007,2.36,20,Medium,Rainy,65.3,101.21
DL04606,O04606,D0076,12.69,10,Low,Rainy,65.1,116.65
DL04607,O04607,D0105,6.84,23,High,Cloudy,80.6,88.72
DL04608,O04608,D0203,14.85,32,Low,Rainy,102.9,72.42
DL04609,O04609,D0046,5.18,14,Low,Rainy,53.1,51.62
DL04610,O04610,D0206,7.13,14,Medium,Clear,52.8,159.82
DL04611,O04611,D0447,6.83,11,High,Cloudy,64.7,100.7
DL04612,O04612,D0295,7.69,15,Low,Cloudy,47.7,61.72
DL04613,O04613,D0195,4.12,26,Medium,Cloudy,62.7,124.42
DL04614,O04614,D0471,4.83,14,Medium,Clear,43.7,70.46
DL04615,O04615,D0323,7.45,23,Medium,Rainy,73.8,53.85
DL04616,O04616,D0100,11.79,37,Low,Clear,78.6,57.92
DL04617,O04617,D0246,11.42,21,High,Cloudy,87.5,61.47
DL04618,O04618,D0103,3.58,42,Low,Clear,62.5,36.26
DL04619,O04619,D0216,8.44,33,Low,Clear,71.4,89.14
DL04620,O04620,D0169,8.31,27,Low,Cloudy,56.1,10.7
DL04621,O04621,D0481,8.99,20,High,Clear,81.9,175.67
DL04622,O04622,D0032,5.4,34,Low,Clear,71.2,68.91
DL04623,O04623,D0222,11.05,28,Low,Clear,82.4,35.22
DL04624,O04624,D0164,4.93,13,Low,Clear,31.7,16.08
DL04625,O04625,D0387,5.6,16,Medium,Cloudy,56.5,115.88
DL04626,O04626,D0454,3.68,27,High,Rainy,80.2,52.38
DL04627,O04627,D0352,3.25,24,High,Clear,63.7,71.75
DL04628,O04628,D0070,13.34,24,High,Cloudy,110.6,38.48
DL04629,O04629,D0184,6.52,11,High,Rainy,72.3,79.76
DL04630,O04630,D0107,11.58,16,Medium,Cloudy,69.5,96.66
DL04631,O04631,D0068,11.62,38,High,Clear,108.4,146.11
DL04632,O04632,D0068,8.99,34,High,Rainy,108.6,280.39
DL04633,O04633,D0141,12.56,30,Low,Rainy,91.5,245.21
DL04634,O04634,D0433,1.01,21,Low,Clear,35.1,38.53
DL04635,O04635,D0251,3.26,17,Medium,Clear,56.0,10.29
DL04636,O04636,D0235,12.96,30,High,Rainy,114.1,46.57
DL04637,O04637,D0451,14.12,33,Low,Cloudy,89.8,26.15
DL04638,O04638,D0355,8.15,11,High,Clear,60.1,164.04
DL04639,O04639,D0492,10.71,38,Low,Cloudy,85.8,94.54
DL04640,O04640,D0303,3.19,22,Medium,Cloudy,52.7,133.94
DL04641,O04641,D0080,10.4,34,Medium,Clear,82.7,187.21
DL04642,O04642,D0024,10.09,16,Medium,Cloudy,72.4,50.35
DL04643,O04643,D0040,2.53,20,High,Clear,59.9,104.88
DL04644,O04644,D0152,11.96,38,Medium,Clear,94.0,49.02
DL04645,O04645,D0313,1.47,26,Low,Clear,49.3,15.78
DL04646,O04646,D0366,14.72,22,Medium,Clear,88.1,127.65
DL04647,O04647,D0152,14.53,18,Medium,Clear,78.8,112.43
DL04648,O04648,D0230,12.02,39,High,Clear,109.5,22.59
DL04649,O04649,D0325,7.82,18,Medium,Clear,67.0,71.0
DL04650,O04650,D0319,5.17,30,Medium,Cloudy,67.3,71.13
DL04651,O04651,D0500,5.75,23,High,Rainy,90.3,35.03
DL04652,O04652,D0147,2.44,36,High,Rainy,87.3,53.1
DL04653,O04653,D0318,11.15,44,High,Clear,107.9,60.95
DL04654,O04654,D0455,14.45,36,High,Cloudy,110.1,41.76
DL04655,O04655,D0286,4.34,34,Medium,Clear,54.0,48.64
DL04656,O04656,D0089,14.69,21,High,Clear,100.1,39.73
DL04657,O04657,D0449,7.34,17,Low,Clear,45.5,124.95
DL04658,O04658,D0386,2.96,38,Medium,Rainy,82.9,112.06
DL04659,O04659,D0200,11.81,14,Low,Cloudy,66.2,114.36
DL04660,O04660,D0324,12.62,28,Low,Clear,80.0,18.37
DL04661,O04661,D0248,5.73,44,Medium,Cloudy,81.1,59.89
DL04662,O04662,D0495,14.54,34,Low,Clear,84.9,62.88
DL04663,O04663,D0224,8.51,27,Low,Clear,64.2,173.56
DL04664,O04664,D0238,1.45,32,Low,Rainy,66.1,79.28
DL04665,O04665,D0486,5.83,39,Medium,Cloudy,84.9,12.62
DL04666,O04666,D0497,11.72,10,Medium,Cloudy,65.2,147.85
DL04667,O04667,D0390,3.78,35,High,Clear,79.1,50.58
DL04668,O04668,D0108,2.84,29,Medium,Clear,55.8,198.03
DL04669,O04669,D0192,9.59,30,Medium,Cloudy,87.7,5.77
DL04670,O04670,D0241,5.18,29,Medium,Clear,66.2,42.89
DL04671,O04671,D0488,9.59,12,High,Clear,67.3,107.09
DL04672,O04672,D0097,5.42,26,Low,Cloudy,64.8,48.9
DL04673,O04673,D0229,11.8,36,Low,Clear,83.8,169.07
DL04674,O04674,D0266,6.9,27,Medium,Clear,70.1,89.27
DL04675,O04675,D0246,14.81,19,High,Cloudy,98.8,149.49
DL04676,O04676,D0152,6.25,29,Medium,Rainy,84.4,40.71
DL04677,O04677,D0228,3.05,32,Medium,Clear,60.2,72.08
DL04678,O04678,D0131,9.89,17,Medium,Rainy,91.5,16.39
DL04679,O04679,D0047,11.2,10,High,Cloudy,76.7,27.92
DL04680,O04680,D0229,5.82,16,Medium,Cloudy,57.4,41.16
DL04681,O04681,D0475,11.44,13,Medium,Cloudy,71.3,13.66
DL04682,O04682,D0088,5.78,37,Low,Cloudy,77.5,31.73
DL04683,O04683,D0208,2.36,28,High,Clear,63.9,104.39
DL04684,O04684,D0303,2.16,15,High,Rainy,72.3,123.09
DL04685,O04685,D0352,7.67,35,Low,Clear,67.2,209.15
DL04686,O04686,D0440,14.77,28,Low,Clear,85.1,118.45
DL04687,O04687,D0053,8.45,26,High,Clear,91.0,26.03
DL04688,O04688,D0208,8.45,38,High,Clear,89.4,65.47
DL04689,O04689,D0457,13.08,30,Medium,Rainy,109.4,75.06
DL04690,O04690,D0336,14.26,14,Low,Clear,59.4,55.47
DL04691,O04691,D0306,3.46,26,Low,Rainy,59.4,8.52
DL04692,O04692,D0272,2.85,16,High,Cloudy,58.2,128.85
DL04693,O04693,D0260,10.55,36,Medium,Rainy,102.3,138.86
DL04694,O04694,D0497,9.56,40,Medium,Rainy,100.9,58.24
DL04695,O04695,D0395,5.84,43,Low,Rainy,87.3,205.87
DL04696,O04696,D0024,13.54,35,Low,Clear,83.8,46.61
DL04697,O04697,D0239,8.6,15,Low,Rainy,64.2,139.8
DL04698,O04698,D0159,3.42,40,High,Clear,78.5,34.06
DL04699,O04699,D0306,6.45,21,Medium,Clear,58.3,37.75
DL04700,O04700,D0344,13.29,24,High,Cloudy,100.0,42.01
DL04701,O04701,D0376,1.26,10,High,Cloudy,48.6,19.2
DL04702,O04702,D0088,12.73,35,Medium,Clear,95.2,92.34
DL04703,O04703,D0251,14.32,15,Medium,Rainy,96.2,32.87
DL04704,O04704,D0374,6.13,33,Low,Clear,61.4,33.07
DL04705,O04705,D0088,4.99,28,Medium,Clear,59.4,127.15
DL04706,O04706,D0356,3.32,27,Medium,Clear,53.2,49.01
DL04707,O04707,D0160,1.56,25,Medium,Clear,48.0,147.53
DL04708,O04708,D0079,10.47,26,High,Clear,98.3,122.27
DL04709,O04709,D0470,3.39,20,Medium,Clear,43.5,31.34
DL04710,O04710,D0315,13.53,13,High,Clear,81.7,20.26
DL04711,O04711,D0482,7.38,25,Low,Rainy,69.1,99.48
DL04712,O04712,D0231,14.62,18,Medium,Clear,75.6,81.64
DL04713,O04713,D0012,14.72,32,Low,Clear,84.0,67.01
DL04714,O04714,D0273,12.21,19,High,Clear,86.2,184.38
DL04715,O04715,D0233,7.16,35,Medium,Cloudy,88.7,53.48
DL04716,O04716,D0106,7.47,12,Medium,Rainy,66.3,165.09
DL04717,O04717,D0386,14.31,29,Medium,Rainy,116.1,43.21
DL04718,O04718,D0423,11.19,26,Low,Clear,62.1,10.41
DL04719,O04719,D0306,6.61,37,Medium,Clear,78.7,74.45
DL04720,O04720,D0454,13.08,10,High,Clear,74.6,179.5
DL04721,O04721,D0307,4.81,34,Low,Cloudy,65.2,62.95
DL04722,O04722,D0415,14.12,42,High,Clear,125.7,57.37
DL04723,O04723,D0241,4.39,30,Medium,Clear,61.7,48.14
DL04724,O04724,D0153,11.26,39,Low,Clear,84.3,108.52
DL04725,O04725,D0247,10.06,22,Medium,Rainy,89.0,7.54
DL04726,O04726,D0313,9.21,32,Low,Rainy,84.3,123.17
DL04727,O04727,D0412,7.55,15,Medium,Clear,69.3,138.64
DL04728,O04728,D0301,8.81,28,Medium,Clear,75.0,172.15
DL04729,O04729,D0282,10.69,19,Low,Rainy,76.0,191.68
DL04730,O04730,D0196,9.87,25,Low,Clear,61.0,81.3
DL04731,O04731,D0029,4.87,22,Medium,Rainy,66.9,64.73
DL04732,O04732,D0079,4.8,31,High,Clear,81.3,42.73
DL04733,O04733,D0183,10.09,11,Medium,Cloudy,75.1,9.16
DL04734,O04734,D0226,3.13,35,Medium,Clear,73.0,219.91
DL04735,O04735,D0381,14.65,14,High,Rainy,105.4,45.52
DL04736,O04736,D0353,12.85,39,Medium,Rainy,109.3,29.72
DL04737,O04737,D0080,7.34,31,Low,Clear,57.9,95.07
DL04738,O04738,D0040,8.35,27,Medium,Cloudy,77.7,116.13
DL04739,O04739,D0359,5.96,38,High,Clear,89.0,61.81
DL04740,O04740,D0005,3.13,28,Medium,Clear,56.8,196.63
DL04741,O04741,D0314,9.28,13,High,Rainy,80.7,188.43
DL04742,O04742,D0500,14.84,17,Medium,Clear,78.8,122.89
DL04743,O04743,D0354,3.28,36,Medium,Rainy,84.2,29.4
DL04744,O04744,D0445,8.51,38,Low,Rainy,90.1,74.2
DL04745,O04745,D0406,14.44,42,Medium,Clear,111.7,43.57
DL04746,O04746,D0037,14.75,16,Medium,Rainy,102.7,54.84
DL04747,O04747,D0074,7.8,44,Medium,Clear,100.9,163.73
DL04748,O04748,D0121,2.02,13,High,Clear,46.7,43.34
DL04749,O04749,D0031,4.5,35,Low,Clear,63.2,38.14
DL04750,O04750,D0250,10.85,22,Medium,Cloudy,74.5,95.3
DL04751,O04751,D0014,1.98,20,Low,Clear,37.8,12.17
DL04752,O04752,D0290,9.93,43,Low,Rainy,97.6,65.01
DL04753,O04753,D0053,7.31,34,Medium,Rainy,91.1,22.85
DL04754,O04754,D0339,3.53,30,High,Clear,72.6,168.15
DL04755,O04755,D0101,2.39,11,High,Cloudy,47.9,150.2
DL04756,O04756,D0021,10.56,34,Medium,Cloudy,82.2,66.52
DL04757,O04757,D0293,3.47,41,High,Cloudy,83.8,65.24
DL04758,O04758,D0408,8.32,10,Medium,Clear,54.1,29.05
DL04759,O04759,D0096,7.9,42,Medium,Clear,86.1,68.42
DL04760,O04760,D0320,10.43,15,Medium,Rainy,78.2,162.75
DL04761,O04761,D0350,7.04,22,Medium,Clear,59.4,51.18
DL04762,O04762,D0229,13.82,26,High,Clear,98.1,31.3
DL04763,O04763,D0358,12.93,25,Medium,Cloudy,92.4,27.54
DL04764,O04764,D0273,12.45,31,Low,Rainy,92.4,42.22
DL04765,O04765,D0302,4.88,16,High,Clear,50.8,140.3
DL04766,O04766,D0228,14.79,11,Medium,Cloudy,76.0,152.29
DL04767,O04767,D0159,8.34,10,High,Clear,59.1,47.49
DL04768,O04768,D0050,14.67,28,Low,Cloudy,88.6,45.03
DL04769,O04769,D0178,12.77,25,High,Clear,101.2,41.39
DL04770,O04770,D0299,13.11,43,Medium,Cloudy,104.4,194.81
DL04771,O04771,D0017,10.88,38,Medium,Clear,90.1,91.8
DL04772,O04772,D0334,3.43,17,High,Cloudy,53.6,9.79
DL04773,O04773,D0198,14.41,35,Medium,Cloudy,112.2,103.44
DL04774,O04774,D0222,6.6,20,High,Rainy,86.6,14.38
DL04775,O04775,D0147,14.21,19,High,Clear,84.8,178.56
DL04776,O04776,D0434,13.29,13,Low,Cloudy,79.3,16.25
DL04777,O04777,D0190,12.51,43,Low,Clear,87.9,136.4
DL04778,O04778,D0411,1.11,32,Medium,Clear,50.8,48.31
DL04779,O04779,D0040,9.07,11,High,Clear,72.0,67.39
DL04780,O04780,D0037,4.42,42,Low,Clear,64.2,37.64
DL04781,O04781,D0095,13.33,41,Low,Clear,93.7,83.33
DL04782,O04782,D0144,10.82,29,Medium,Cloudy,96.7,96.33
DL04783,O04783,D0077,10.08,22,Medium,Cloudy,88.0,29.35
DL04784,O04784,D0463,13.66,12,Low,Clear,63.7,75.71
DL04785,O04785,D0026,5.14,38,High,Cloudy,86.5,157.15
DL04786,O04786,D0443,2.51,27,Low,Clear,37.2,157.53
DL04787,O04787,D0477,5.28,15,Low,Rainy,45.9,33.48
DL04788,O04788,D0193,3.57,23,Medium,Clear,58.6,68.06
DL04789,O04789,D0417,4.54,13,Medium,Clear,46.1,161.51
DL04790,O04790,D0290,8.93,35,Low,Clear,68.7,39.94
DL04791,O04791,D0316,7.38,21,High,Clear,74.9,97.53
DL04792,O04792,D0124,14.73,37,Low,Clear,88.9,44.27
DL04793,O04793,D0435,6.86,15,Low,Clear,48.2,45.28
DL04794,O04794,D0354,3.13,13,High,Rainy,67.4,155.57
DL04795,O04795,D0320,13.25,17,Low,Rainy,74.9,168.89
DL04796,O04796,D0496,4.87,40,High,Cloudy,85.7,98.74
DL04797,O04797,D0482,2.51,41,Low,Clear,61.8,146.99
DL04798,O04798,D0405,10.22,13,Low,Clear,50.2,96.19
DL04799,O04799,D0381,4.59,37,Low,Clear,56.9,116.43
DL04800,O04800,D0135,1.22,16,Medium,Clear,47.6,51.38
DL04801,O04801,D0193,10.29,18,Medium,Clear,69.3,115.1
DL04802,O04802,D0321,2.01,12,Medium,Cloudy,47.2,38.87
DL04803,O04803,D0192,1.03,42,Medium,Rainy,86.0,239.53
DL04804,O04804,D0146,10.55,29,Medium,Clear,83.2,11.05
DL04805,O04805,D0480,7.34,28,Medium,Clear,66.1,44.23
DL04806,O04806,D0479,12.26,25,High,Clear,94.1,69.86
DL04807,O04807,D0189,3.3,12,High,Clear,64.1,66.68
DL04808,O04808,D0128,8.15,15,High,Rainy,81.9,49.59
DL04809,O04809,D0253,2.62,38,Medium,Clear,71.1,155.84
DL04810,O04810,D0210,6.74,43,Medium,Cloudy,93.4,259.28
DL04811,O04811,D0016,5.99,23,Low,Clear,47.4,154.03
DL04812,O04812,D0321,9.93,35,Low,Clear,66.5,77.66
DL04813,O04813,D0445,9.73,43,Medium,Clear,91.6,210.8
DL04814,O04814,D0492,4.61,18,High,Clear,55.2,159.65
DL04815,O04815,D0331,1.71,42,Medium,Cloudy,58.1,25.17
DL04816,O04816,D0382,2.47,28,Medium,Rainy,66.9,110.72
DL04817,O04817,D0192,13.78,18,High,Clear,89.8,55.78
DL04818,O04818,D0286,11.17,15,Low,Cloudy,71.9,133.97
DL04819,O04819,D0233,14.19,32,Medium,Clear,89.0,25.91
DL04820,O04820,D0126,9.65,18,Low,Rainy,71.1,25.29
DL04821,O04821,D0092,13.31,35,Medium,Rainy,113.3,177.63
DL04822,O04822,D0346,11.82,19,Medium,Clear,66.3,16.81
DL04823,O04823,D0471,4.43,15,Low,Rainy,52.8,45.98
DL04824,O04824,D0138,11.5,23,Medium,Cloudy,81.1,118.92
DL04825,O04825,D0075,9.53,26,Medium,Rainy,80.8,16.64
DL04826,O04826,D0119,3.38,13,Low,Cloudy,34.8,30.09
DL04827,O04827,D0365,2.32,23,High,Clear,53.1,41.48
DL04828,O04828,D0492,6.13,33,Low,Cloudy,68.1,34.46
DL04829,O04829,D0070,9.2,22,Medium,Cloudy,73.8,28.58
DL04830,O04830,D0285,8.79,10,High,Clear,66.3,152.71
DL04831,O04831,D0022,7.74,42,Low,Cloudy,79.4,48.65
DL04832,O04832,D0398,7.7,26,High,Cloudy,81.8,156.31
DL04833,O04833,D0390,1.23,23,Medium,Rainy,62.3,28.09
DL04834,O04834,D0300,1.3,26,High,Cloudy,66.1,83.69
DL04835,O04835,D0063,6.71,25,Medium,Clear,61.5,133.49
DL04836,O04836,D0178,8.21,16,Medium,Rainy,78.3,25.76
DL04837,O04837,D0375,10.46,21,Medium,Cloudy,70.0,156.17
DL04838,O04838,D0125,10.31,32,High,Clear,94.9,35.02
DL04839,O04839,D0317,14.79,15,Medium,Clear,86.2,18.96
DL04840,O04840,D0020,6.49,39,Low,Cloudy,73.9,49.09
DL04841,O04841,D0459,2.77,31,Medium,Clear,51.9,128.29
DL04842,O04842,D0450,5.21,10,High,Rainy,68.8,229.97
DL04843,O04843,D0108,11.73,12,Low,Rainy,71.7,89.3
DL04844,O04844,D0345,4.41,10,Medium,Clear,33.5,50.71
DL04845,O04845,D0143,12.44,42,Medium,Clear,101.8,40.29
DL04846,O04846,D0422,12.28,20,High,Cloudy,97.6,31.06
DL04847,O04847,D0133,7.57,41,Medium,Clear,89.2,39.22
DL04848,O04848,D0271,11.22,28,Medium,Clear,75.3,44.78
DL04849,O04849,D0474,12.22,30,Low,Clear,79.2,190.88
DL04850,O04850,D0011,11.17,20,High,Cloudy,97.3,45.76
DL04851,O04851,D0495,5.38,31,Low,Rainy,69.0,86.02
DL04852,O04852,D0435,3.38,28,Medium,Clear,62.4,133.62
DL04853,O04853,D0033,2.67,37,Medium,Cloudy,66.1,155.68
DL04854,O04854,D0101,14.49,41,Medium,Clear,108.6,157.81
DL04855,O04855,D0381,2.32,35,Medium,Rainy,72.0,94.4
DL04856,O04856,D0164,7.17,28,High,Clear,80.1,47.85
DL04857,O04857,D0425,2.42,24,High,Clear,65.4,209.24
DL04858,O04858,D0358,12.13,14,Medium,Clear,72.5,66.89
DL04859,O04859,D0331,8.74,21,Low,Clear,57.1,110.49
DL04860,O04860,D0163,3.46,32,High,Clear,73.8,243.05
DL04861,O04861,D0313,14.44,26,Medium,Clear,91.7,135.79
DL04862,O04862,D0320,12.88,20,Medium,Clear,74.7,27.65
DL04863,O04863,D0201,2.78,40,High,Clear,69.0,116.98
DL04864,O04864,D0075,12.39,17,High,Clear,77.8,63.17
DL04865,O04865,D0489,12.82,31,Medium,Clear,88.9,16.98
DL04866,O04866,D0417,11.81,41,High,Rainy,129.4,63.24
DL04867,O04867,D0237,5.92,19,Low,Cloudy,43.5,78.66
DL04868,O04868,D0033,4.59,15,Low,Clear,32.4,15.63
DL04869,O04869,D0091,8.35,44,Medium,Clear,97.6,48.43
DL04870,O04870,D0402,7.64,20,High,Clear,73.1,141.68
DL04871,O04871,D0395,9.17,27,Medium,Clear,70.1,35.29
DL04872,O04872,D0318,6.85,42,Medium,Clear,81.8,16.27
DL04873,O04873,D0303,3.95,22,Low,Clear,40.8,222.92
DL04874,O04874,D0094,8.98,14,Medium,Cloudy,64.0,125.59
DL04875,O04875,D0317,8.53,34,Medium,Rainy,95.9,52.39
DL04876,O04876,D0336,13.72,13,Medium,Clear,73.1,204.45
DL04877,O04877,D0440,9.89,38,Medium,Clear,90.4,53.02
DL04878,O04878,D0024,11.77,33,Low,Clear,74.4,21.72
DL04879,O04879,D0193,6.98,30,Low,Clear,63.9,25.3
DL04880,O04880,D0331,12.51,20,Medium,Clear,76.1,31.35
DL04881,O04881,D0262,5.34,36,Medium,Cloudy,84.6,118.42
DL04882,O04882,D0076,14.69,19,High,Clear,98.4,153.1
DL04883,O04883,D0282,12.42,20,Low,Clear,71.2,87.63
DL04884,O04884,D0339,1.06,18,Low,Rainy,46.4,69.44
DL04885,O04885,D0449,12.45,12,Low,Rainy,71.9,5.38
DL04886,O04886,D0245,8.53,15,High,Cloudy,71.7,14.55
DL04887,O04887,D0482,9.12,34,Low,Clear,67.8,53.12
DL04888,O04888,D0182,14.98,16,Medium,Cloudy,89.3,17.23
DL04889,O04889,D0190,11.05,36,Medium,Cloudy,92.7,162.14
DL04890,O04890,D0340,2.82,31,Low,Clear,54.2,79.42
DL04891,O04891,D0268,11.56,28,High,Cloudy,98.3,42.71
DL04892,O04892,D0152,3.79,39,Medium,Rainy,82.8,52.51
DL04893,O04893,D0480,14.09,31,Low,Cloudy,87.7,40.64
DL04894,O04894,D0481,4.69,32,Medium,Clear,65.9,212.77
DL04895,O04895,D0295,7.46,21,Medium,Clear,62.6,54.9
DL04896,O04896,D0330,12.38,11,High,Clear,72.3,125.43
DL04897,O04897,D0150,14.5,38,Medium,Clear,100.2,72.8
DL04898,O04898,D0432,3.2,38,Low,Rainy,73.0,110.34
DL04899,O04899,D0252,1.97,23,Medium,Rainy,60.8,28.8
DL04900,O04900,D0495,12.06,18,Medium,Clear,74.3,222.94
DL04901,O04901,D0233,13.08,35,Medium,Clear,95.7,191.59
DL04902,O04902,D0206,9.43,38,Medium,Clear,89.1,151.38
DL04903,O04903,D0004,3.39,14,Medium,Cloudy,49.2,132.69
DL04904,O04904,D0029,3.2,31,High,Cloudy,71.3,78.64
DL04905,O04905,D0134,7.45,38,Medium,Clear,75.8,21.2
DL04906,O04906,D0047,3.71,22,Medium,Cloudy,63.1,32.52
DL04907,O04907,D0055,5.86,27,Low,Cloudy,62.4,126.98
DL04908,O04908,D0488,12.12,16,Medium,Cloudy,72.3,34.55
DL04909,O04909,D0234,2.48,22,Medium,Clear,47.0,11.3
DL04910,O04910,D0103,5.25,30,High,Cloudy,87.6,46.42
DL04911,O04911,D0439,6.55,37,High,Cloudy,87.5,153.87
DL04912,O04912,D0246,4.18,12,Medium,Clear,60.1,228.65
DL04913,O04913,D0433,10.92,37,Medium,Clear,92.3,3.4
DL04914,O04914,D0409,7.56,31,Low,Rainy,80.2,39.99
DL04915,O04915,D0173,14.25,42,Medium,Clear,109.4,51.9
DL04916,O04916,D0136,5.76,22,Low,Clear,46.4,155.42
DL04917,O04917,D0267,13.96,14,High,Clear,91.2,185.15
DL04918,O04918,D0385,8.96,17,Medium,Clear,67.6,111.66
DL04919,O04919,D0454,8.54,11,Medium,Clear,58.7,121.73
DL04920,O04920,D0358,4.29,26,Low,Clear,51.3,34.17
DL04921,O04921,D0156,14.27,13,High,Rainy,110.4,33.29
DL04922,O04922,D0224,5.46,28,Medium,Rainy,85.0,4.4
DL04923,O04923,D0393,8.65,43,Low,Cloudy,80.7,167.81
DL04924,O04924,D0098,14.15,26,Low,Cloudy,80.6,5.07
DL04925,O04925,D0049,12.91,34,Medium,Cloudy,102.6,136.53
DL04926,O04926,D0450,5.32,14,Medium,Cloudy,55.4,217.7
DL04927,O04927,D0150,12.27,26,Medium,Rainy,99.0,11.8
DL04928,O04928,D0423,10.53,20,Low,Rainy,75.6,137.56
DL04929,O04929,D0407,1.47,25,Low,Cloudy,42.4,85.76
DL04930,O04930,D0061,7.9,25,Medium,Clear,71.6,195.61
DL04931,O04931,D0243,6.91,15,Medium,Clear,56.5,109.95
DL04932,O04932,D0372,10.22,27,High,Clear,81.6,60.34
DL04933,O04933,D0323,10.84,12,High,Clear,71.6,38.99
DL04934,O04934,D0427,10.86,27,Medium,Clear,84.8,53.17
DL04935,O04935,D0173,7.44,16,Medium,Rainy,71.8,203.33
DL04936,O04936,D0336,14.26,20,Medium,Rainy,97.2,25.81
DL04937,O04937,D0041,1.99,24,Medium,Clear,56.2,207.12
DL04938,O04938,D0094,10.08,23,Medium,Clear,75.0,19.63
DL04939,O04939,D0147,7.15,32,Low,Clear,63.6,177.03
DL04940,O04940,D0300,4.26,26,High,Rainy,76.2,137.03
DL04941,O04941,D0026,2.91,31,Low,Rainy,67.1,72.59
DL04942,O04942,D0144,7.47,33,High,Clear,80.4,7.41
DL04943,O04943,D0406,5.27,36,Medium,Clear,74.7,67.42
DL04944,O04944,D0134,4.07,26,Medium,Cloudy,53.8,12.12
DL04945,O04945,D0037,1.51,32,High,Clear,60.8,23.49
DL04946,O04946,D0453,5.38,16,Medium,Clear,53.6,39.93
DL04947,O04947,D0491,14.05,10,Medium,Clear,78.5,35.83
DL04948,O04948,D0206,8.54,36,Medium,Clear,70.9,105.39
DL04949,O04949,D0152,4.38,43,High,Cloudy,92.6,60.92
DL04950,O04950,D0462,14.66,24,High,Clear,99.8,94.43
DL04951,O04951,D0457,10.12,27,Low,Rainy,87.9,12.53
DL04952,O04952,D0168,8.1,13,High,Clear,70.8,12.73
DL04953,O04953,D0376,14.07,38,Low,Clear,87.2,4.03
DL04954,O04954,D0203,11.93,32,Low,Clear,72.3,48.14
DL04955,O04955,D0394,8.45,31,High,Rainy,96.6,108.06
DL04956,O04956,D0159,1.1,29,High,Rainy,67.3,50.65
DL04957,O04957,D0179,6.8,31,Medium,Rainy,80.9,124.21
DL04958,O04958,D0438,12.2,21,Medium,Clear,86.9,76.51
DL04959,O04959,D0217,4.99,44,Low,Cloudy,85.9,20.83
DL04960,O04960,D0309,1.76,35,Medium,Clear,55.8,13.93
DL04961,O04961,D0148,9.51,23,Medium,Clear,70.4,136.17
DL04962,O04962,D0381,13.59,29,Low,Clear,86.5,35.59
DL04963,O04963,D0159,14.84,21,Medium,Clear,82.6,225.28
DL04964,O04964,D0144,2.6,18,Medium,Clear,56.8,36.28
DL04965,O04965,D0357,14.47,42,Medium,Clear,112.1,11.76
DL04966,O04966,D0070,6.37,33,Low,Clear,63.0,32.85
DL04967,O04967,D0299,11.44,18,Low,Rainy,78.7,56.75
DL04968,O04968,D0123,3.86,33,Low,Cloudy,66.0,13.63
DL04969,O04969,D0267,10.42,39,Medium,Clear,90.3,63.44
DL04970,O04970,D0432,10.4,14,Medium,Rainy,72.4,158.3
DL04971,O04971,D0119,4.95,17,Low,Clear,40.7,108.09
DL04972,O04972,D0424,7.24,24,Medium,Clear,72.7,29.37
DL04973,O04973,D0403,6.8,29,Medium,Clear,68.1,37.3
DL04974,O04974,D0065,10.17,24,High,Clear,87.6,4.01
DL04975,O04975,D0186,14.68,31,High,Clear,103.9,270.8
DL04976,O04976,D0155,8.98,41,Low,Rainy,98.9,12.44
DL04977,O04977,D0469,8.62,15,Low,Clear,52.4,6.22
DL04978,O04978,D0169,5.73,42,Medium,Rainy,100.1,65.14
DL04979,O04979,D0398,10.49,20,Low,Clear,61.2,47.85
DL04980,O04980,D0249,12.85,37,Medium,Rainy,115.1,42.79
DL04981,O04981,D0340,2.38,12,High,Clear,46.3,137.94
DL04982,O04982,D0419,4.38,12,Medium,Cloudy,53.3,18.84
DL04983,O04983,D0357,9.3,38,High,Clear,100.0,35.93
DL04984,O04984,D0223,2.18,20,Low,Clear,43.2,48.39
DL04985,O04985,D0002,5.87,41,Medium,Clear,77.6,20.57
DL04986,O04986,D0466,7.71,24,Medium,Clear,66.6,185.37
DL04987,O04987,D0213,12.28,13,Medium,Clear,62.7,53.07
DL04988,O04988,D0089,8.37,41,Medium,Clear,91.8,37.08
DL04989,O04989,D0013,6.32,43,Low,Clear,64.8,39.28
DL04990,O04990,D0036,3.06,19,Medium,Rainy,50.2,74.99
DL04991,O04991,D0081,3.83,39,Medium,Rainy,85.7,236.41
DL04992,O04992,D0238,8.25,27,High,Clear,78.9,62.93
DL04993,O04993,D0204,12.27,26,Medium,Cloudy,92.8,24.75
DL04994,O04994,D0426,6.59,14,Medium,Clear,58.6,133.09
DL04995,O04995,D0214,4.19,17,High,Rainy,64.5,99.35
DL04996,O04996,D0408,6.31,14,High,Clear,67.6,76.06
DL04997,O04997,D0015,1.77,26,Medium,Clear,46.0,170.61
DL04998,O04998,D0135,8.43,36,Low,Rainy,87.9,118.39
DL04999,O04999,D0131,2.04,41,Medium,Rainy,91.9,26.63
DL05000,O05000,D0148,12.9,16,High,Rainy,98.5,43.42
DL05001,O05001,D0381,11.69,31,High,Clear,99.5,22.24
DL05002,O05002,D0427,10.85,21,High,Clear,84.9,60.46
DL05003,O05003,D0026,14.23,33,Low,Clear,83.9,248.2
DL05004,O05004,D0045,13.45,26,High,Rainy,110.5,148.73
DL05005,O05005,D0028,1.04,16,Low,Clear,24.4,205.48
DL05006,O05006,D0373,11.91,26,High,Rainy,105.1,35.72
DL05007,O05007,D0355,9.19,29,Low,Rainy,87.6,30.79
DL05008,O05008,D0045,7.1,36,Medium,Clear,80.1,37.16
DL05009,O05009,D0188,5.02,19,Low,Cloudy,51.3,77.39
DL05010,O05010,D0296,3.75,15,Low,Clear,45.5,68.85
DL05011,O05011,D0009,13.35,41,Low,Clear,97.9,136.77
DL05012,O05012,D0071,6.08,17,Medium,Cloudy,60.5,71.63
DL05013,O05013,D0296,7.27,28,High,Clear,73.0,85.13
DL05014,O05014,D0398,10.98,28,Medium,Clear,78.1,85.72
DL05015,O05015,D0466,12.0,31,Low,Cloudy,73.9,145.92
DL05016,O05016,D0266,9.76,44,Low,Cloudy,87.1,38.75
DL05017,O05017,D0483,6.87,37,Low,Clear,75.7,37.09
DL05018,O05018,D0253,1.9,42,Low,Clear,51.5,175.96
DL05019,O05019,D0304,9.56,15,Medium,Clear,66.4,115.29
DL05020,O05020,D0399,12.85,21,Medium,Rainy,90.6,7.69
DL05021,O05021,D0173,1.64,42,High,Cloudy,80.7,111.12
DL05022,O05022,D0196,5.94,43,Medium,Clear,85.0,176.42
DL05023,O05023,D0240,4.47,21,Medium,Clear,45.7,61.92
DL05024,O05024,D0186,8.56,12,High,Clear,71.0,175.6
DL05025,O05025,D0498,1.15,37,Medium,Clear,60.2,187.87
DL05026,O05026,D0147,13.36,20,Medium,Clear,78.8,189.07
DL05027,O05027,D0120,12.08,25,High,Clear,89.2,14.76
DL05028,O05028,D0176,2.46,12,Medium,Clear,40.5,179.07
DL05029,O05029,D0028,13.49,31,Low,Cloudy,90.9,14.62
DL05030,O05030,D0428,11.74,24,Medium,Rainy,93.1,48.45
DL05031,O05031,D0471,14.39,44,Medium,Clear,109.5,219.12
DL05032,O05032,D0022,4.62,29,Medium,Cloudy,75.0,124.01
DL05033,O05033,D0086,12.97,13,Medium,Cloudy,76.2,79.34
DL05034,O05034,D0482,3.04,38,High,Rainy,85.3,17.74
DL05035,O05035,D0168,10.75,29,Medium,Clear,85.0,91.67
DL05036,O05036,D0459,2.01,38,Low,Rainy,78.3,41.03
DL05037,O05037,D0300,11.0,23,Medium,Rainy,92.6,13.21
DL05038,O05038,D0102,3.12,10,Low,Clear,27.6,36.36
DL05039,O05039,D0496,11.29,27,Low,Clear,68.9,91.49
DL05040,O05040,D0031,7.16,26,Low,Cloudy,59.6,93.41
DL05041,O05041,D0091,2.88,24,High,Clear,60.2,257.4
DL05042,O05042,D0261,9.0,34,Medium,Clear,78.0,31.93
DL05043,O05043,D0490,1.35,22,Low,Clear,41.2,72.46
DL05044,O05044,D0413,4.32,42,High,Clear,87.1,48.36
DL05045,O05045,D0197,5.09,33,High,Clear,69.7,114.78
DL05046,O05046,D0127,14.89,43,High,Cloudy,124.9,115.14
DL05047,O05047,D0338,12.12,20,Low,Rainy,75.0,108.67
DL05048,O05048,D0093,5.37,34,Low,Clear,61.1,34.69
DL05049,O05049,D0194,6.11,41,Low,Cloudy,76.2,111.01
DL05050,O05050,D0270,7.14,10,High,Clear,65.7,25.24
DL05051,O05051,D0471,12.04,38,Medium,Clear,97.9,23.98
DL05052,O05052,D0443,10.53,20,Low,Clear,64.5,40.8
DL05053,O05053,D0053,8.58,31,High,Cloudy,96.7,44.61
DL05054,O05054,D0157,7.26,21,Medium,Clear,65.4,249.51
DL05055,O05055,D0487,4.56,10,High,Clear,53.9,87.51
DL05056,O05056,D0456,7.35,25,Medium,Clear,63.7,164.32
DL05057,O05057,D0388,11.87,25,Medium,Cloudy,83.2,72.85
DL05058,O05058,D0229,7.27,12,Medium,Clear,51.0,66.14
DL05059,O05059,D0416,8.33,39,Medium,Clear,83.3,183.64
DL05060,O05060,D0305,5.74,12,Low,Clear,45.3,87.07
DL05061,O05061,D0166,7.8,44,Low,Cloudy,85.3,20.61
DL05062,O05062,D0093,11.64,40,High,Clear,101.2,18.02
DL05063,O05063,D0157,13.91,44,High,Cloudy,122.3,20.42
DL05064,O05064,D0380,7.94,21,Medium,Rainy,83.3,211.87
DL05065,O05065,D0385,3.07,39,Medium,Clear,67.1,70.17
DL05066,O05066,D0387,11.84,34,Low,Rainy,96.7,106.28
DL05067,O05067,D0298,11.62,32,Medium,Cloudy,87.2,39.16
DL05068,O05068,D0109,10.46,26,Medium,Clear,76.6,125.05
DL05069,O05069,D0467,9.17,10,Medium,Rainy,71.7,142.4
DL05070,O05070,D0206,5.49,26,Medium,Cloudy,63.9,39.76
DL05071,O05071,D0416,11.47,44,Medium,Clear,104.0,138.24
DL05072,O05072,D0279,14.78,27,Medium,Rainy,110.3,181.58
DL05073,O05073,D0491,7.57,19,Medium,Clear,63.4,52.88
DL05074,O05074,D0154,3.28,42,Medium,Cloudy,71.6,213.96
DL05075,O05075,D0338,4.15,15,High,Clear,64.4,185.46
DL05076,O05076,D0491,4.6,30,Medium,Cloudy,69.4,48.88
DL05077,O05077,D0463,9.91,39,Low,Clear,78.7,11.09
DL05078,O05078,D0345,11.74,35,Low,Cloudy,94.1,210.8
DL05079,O05079,D0228,5.89,16,Medium,Clear,56.2,89.72
DL05080,O05080,D0491,11.24,30,Medium,Clear,82.0,82.29
DL05081,O05081,D0166,2.23,42,Medium,Clear,66.1,44.32
DL05082,O05082,D0278,13.56,12,High,Cloudy,84.1,37.09
DL05083,O05083,D0210,1.95,21,Medium,Clear,48.5,175.87
DL05084,O05084,D0268,12.23,42,Low,Cloudy,103.8,48.82
DL05085,O05085,D0063,10.94,33,Medium,Clear,85.6,131.34
DL05086,O05086,D0475,10.04,16,Medium,Clear,61.3,160.75
DL05087,O05087,D0112,1.85,17,Low,Rainy,44.0,174.79
DL05088,O05088,D0340,8.27,44,Medium,Rainy,101.1,25.02
DL05089,O05089,D0400,2.72,16,High,Rainy,72.9,43.21
DL05090,O05090,D0498,7.15,13,High,Rainy,82.0,70.49
DL05091,O05091,D0186,3.38,43,Medium,Clear,73.5,147.43
DL05092,O05092,D0366,3.16,31,Low,Clear,55.2,26.11
DL05093,O05093,D0113,9.01,42,Low,Clear,84.3,29.43
DL05094,O05094,D0399,4.97,20,High,Rainy,78.5,36.23
DL05095,O05095,D0074,11.79,18,Medium,Clear,71.7,104.1
DL05096,O05096,D0487,4.54,24,High,Clear,72.5,208.56
DL05097,O05097,D0133,5.7,37,High,Clear,89.2,216.2
DL05098,O05098,D0491,9.28,39,Medium,Cloudy,90.7,50.92
DL05099,O05099,D0117,1.12,32,High,Clear,53.7,115.57
DL05100,O05100,D0099,12.78,13,Low,Clear,66.1,23.78
DL05101,O05101,D0337,2.28,23,Low,Clear,38.8,42.09
DL05102,O05102,D0307,1.38,28,Low,Rainy,51.4,117.4
DL05103,O05103,D0297,11.82,33,Low,Clear,83.0,23.3
DL05104,O05104,D0382,12.2,16,High,Cloudy,93.1,66.9
DL05105,O05105,D0478,9.92,27,Medium,Rainy,95.3,108.98
DL05106,O05106,D0388,12.64,24,Low,Rainy,90.8,18.23
DL05107,O05107,D0431,13.84,14,Low,Clear,70.7,35.45
DL05108,O05108,D0150,4.14,29,Medium,Clear,59.3,117.0
DL05109,O05109,D0031,7.29,16,Medium,Rainy,78.5,26.1
DL05110,O05110,D0157,6.67,19,High,Clear,67.4,85.72
DL05111,O05111,D0425,3.36,10,Medium,Cloudy,39.9,50.16
DL05112,O05112,D0189,4.71,43,Low,Rainy,84.5,108.08
DL05113,O05113,D0437,6.73,32,Low,Rainy,73.6,20.21
DL05114,O05114,D0016,2.42,39,Medium,Clear,65.9,39.77
DL05115,O05115,D0055,11.59,28,Low,Clear,67.3,64.29
DL05116,O05116,D0473,9.52,42,High,Clear,97.5,135.85
DL05117,O05117,D0145,13.92,43,Medium,Rainy,122.6,129.92
DL05118,O05118,D0018,1.44,25,Medium,Clear,53.1,21.37
DL05119,O05119,D0485,10.11,43,Medium,Clear,93.6,149.85
DL05120,O05120,D0421,11.99,39,Low,Clear,81.4,41.29
DL05121,O05121,D0060,8.15,33,Medium,Rainy,96.4,31.02
DL05122,O05122,D0285,14.52,41,Medium,Clear,111.7,262.81
DL05123,O05123,D0233,1.54,25,Medium,Rainy,59.8,39.65
DL05124,O05124,D0219,8.34,28,Medium,Rainy,86.5,256.15
DL05125,O05125,D0095,5.38,12,Medium,Clear,46.5,119.97
DL05126,O05126,D0215,14.63,26,High,Clear,94.7,13.44
DL05127,O05127,D0106,14.4,40,Medium,Clear,99.4,30.08
DL05128,O05128,D0345,2.36,12,Low,Clear,29.0,22.88
DL05129,O05129,D0251,6.5,21,Low,Clear,52.1,257.36
DL05130,O05130,D0119,4.09,39,Medium,Clear,79.8,84.05
DL05131,O05131,D0406,12.62,15,Medium,Clear,68.7,32.22
DL05132,O05132,D0054,13.76,22,Medium,Rainy,92.1,20.59
DL05133,O05133,D0461,13.4,43,High,Cloudy,108.9,126.31
DL05134,O05134,D0337,6.0,14,High,Clear,64.1,70.03
DL05135,O05135,D0045,5.23,31,Medium,Clear,70.6,28.78
DL05136,O05136,D0103,10.47,18,Low,Cloudy,62.3,148.45
DL05137,O05137,D0436,14.03,42,Medium,Cloudy,109.1,15.41
DL05138,O05138,D0380,1.86,36,Low,Clear,46.9,38.05
DL05139,O05139,D0442,1.8,21,Low,Rainy,50.1,96.28
DL05140,O05140,D0131,6.65,27,High,Clear,78.6,48.34
DL05141,O05141,D0129,6.86,18,Medium,Rainy,85.4,28.37
DL05142,O05142,D0183,7.9,34,High,Rainy,97.0,42.56
DL05143,O05143,D0234,7.99,39,High,Cloudy,92.0,23.98
DL05144,O05144,D0367,7.5,25,Medium,Cloudy,66.8,6.64
DL05145,O05145,D0301,11.96,36,High,Clear,100.5,97.84
DL05146,O05146,D0313,11.71,32,Medium,Rainy,109.5,36.58
DL05147,O05147,D0273,11.51,15,Low,Rainy,73.3,168.89
DL05148,O05148,D0285,5.57,40,Medium,Clear,78.1,95.83
DL05149,O05149,D0018,1.26,23,Medium,Clear,39.5,117.61
DL05150,O05150,D0234,12.51,36,Medium,Rainy,102.1,130.82
DL05151,O05151,D0116,13.98,26,High,Clear,96.5,237.72
DL05152,O05152,D0393,9.04,15,Medium,Clear,74.5,124.55
DL05153,O05153,D0090,2.69,23,Low,Clear,33.0,203.08
DL05154,O05154,D0088,3.21,28,Low,Rainy,68.6,116.09
DL05155,O05155,D0097,12.99,19,Medium,Cloudy,81.4,74.97
DL05156,O05156,D0076,10.28,40,Low,Clear,73.9,181.08
DL05157,O05157,D0235,4.44,36,Low,Clear,52.7,29.47
DL05158,O05158,D0107,3.61,12,Medium,Clear,50.7,42.97
DL05159,O05159,D0143,5.09,37,Medium,Cloudy,75.2,75.58
DL05160,O05160,D0372,5.31,33,Medium,Clear,68.8,64.59
DL05161,O05161,D0462,12.44,20,Medium,Clear,83.5,127.76
DL05162,O05162,D0009,13.56,20,Low,Rainy,86.4,125.78
DL05163,O05163,D0159,4.52,40,Medium,Clear,77.9,70.62
DL05164,O05164,D0098,3.69,23,Low,Cloudy,48.6,126.2
DL05165,O05165,D0386,8.74,20,High,Clear,73.1,84.72
DL05166,O05166,D0438,8.95,15,Medium,Clear,58.8,118.6
DL05167,O05167,D0048,4.18,10,Low,Clear,38.8,8.92
DL05168,O05168,D0102,12.45,21,Medium,Clear,80.3,73.68
DL05169,O05169,D0109,13.88,11,Low,Clear,63.0,35.27
DL05170,O05170,D0102,2.14,18,Medium,Clear,36.1,141.0
DL05171,O05171,D0378,11.63,25,Low,Clear,73.9,83.1
DL05172,O05172,D0129,8.02,43,Medium,Clear,98.1,17.93
DL05173,O05173,D0121,3.74,10,Medium,Clear,43.9,15.33
DL05174,O05174,D0063,7.01,42,High,Clear,91.2,32.61
DL05175,O05175,D0252,8.09,11,Low,Clear,48.4,9.51
DL05176,O05176,D0493,9.2,38,Medium,Clear,91.9,57.78
DL05177,O05177,D0034,1.47,18,Medium,Cloudy,40.0,68.78
DL05178,O05178,D0471,10.75,17,Medium,Cloudy,68.8,115.93
DL05179,O05179,D0193,8.12,37,High,Clear,88.6,36.11
DL05180,O05180,D0225,9.96,12,Low,Cloudy,58.7,132.33
DL05181,O05181,D0267,12.9,20,High,Clear,84.2,36.51
DL05182,O05182,D0368,8.92,10,Low,Clear,47.3,166.25
DL05183,O05183,D0009,13.54,15,Low,Clear,54.3,64.95
DL05184,O05184,D0263,12.1,22,Low,Cloudy,73.3,42.8
DL05185,O05185,D0046,9.82,36,Medium,Cloudy,94.9,62.22
DL05186,O05186,D0421,9.14,32,Medium,Rainy,95.3,40.07
DL05187,O05187,D0122,7.05,43,Medium,Cloudy,95.8,148.13
DL05188,O05188,D0371,13.32,41,Medium,Rainy,115.3,69.86
DL05189,O05189,D0344,6.79,38,Medium,Clear,81.6,86.18
DL05190,O05190,D0177,1.29,15,Low,Clear,28.8,56.71
DL05191,O05191,D0264,1.47,23,Medium,Clear,56.6,11.25
DL05192,O05192,D0317,13.96,23,Low,Clear,73.7,121.34
DL05193,O05193,D0164,2.66,42,Low,Clear,48.6,186.41
DL05194,O05194,D0386,12.02,33,Medium,Rainy,99.1,18.74
DL05195,O05195,D0375,12.9,44,High,Cloudy,121.9,18.46
DL05196,O05196,D0500,8.72,20,Low,Cloudy,65.4,188.88
DL05197,O05197,D0045,12.76,23,Medium,Cloudy,84.1,109.98
DL05198,O05198,D0116,2.49,35,Low,Cloudy,50.6,13.15
DL05199,O05199,D0390,14.99,35,High,Clear,112.1,200.27
DL05200,O05200,D0242,9.36,43,Medium,Cloudy,93.3,27.51
DL05201,O05201,D0421,12.94,24,Medium,Clear,83.7,170.75
DL05202,O05202,D0441,4.83,37,Low,Clear,60.8,113.61
DL05203,O05203,D0460,5.36,40,High,Clear,85.6,192.46
DL05204,O05204,D0019,3.15,11,Medium,Rainy,58.4,157.4
DL05205,O05205,D0308,11.03,31,Low,Rainy,79.1,19.28
DL05206,O05206,D0221,1.33,44,Medium,Rainy,84.3,6.26
DL05207,O05207,D0211,2.51,27,Low,Rainy,59.6,114.36
DL05208,O05208,D0287,3.42,41,Low,Cloudy,71.0,39.23
DL05209,O05209,D0047,10.67,44,Low,Rainy,100.3,120.06
DL05210,O05210,D0423,10.16,15,Low,Clear,57.7,130.37
DL05211,O05211,D0253,9.7,13,High,Clear,73.3,38.29
DL05212,O05212,D0221,6.77,39,Medium,Clear,76.3,109.48
DL05213,O05213,D0307,14.08,21,Medium,Clear,81.5,72.18
DL05214,O05214,D0311,14.48,17,High,Rainy,109.8,89.37
DL05215,O05215,D0405,6.18,30,High,Clear,74.2,54.73
DL05216,O05216,D0483,8.37,40,Medium,Cloudy,91.6,49.02
DL05217,O05217,D0417,10.72,31,Low,Rainy,86.2,137.73
DL05218,O05218,D0277,4.75,23,Low,Cloudy,52.3,109.34
DL05219,O05219,D0377,11.68,18,Medium,Clear,74.1,42.19
DL05220,O05220,D0010,11.77,42,Medium,Clear,91.5,200.86
DL05221,O05221,D0132,8.01,25,High,Clear,86.4,62.81
DL05222,O05222,D0304,6.82,27,Low,Clear,59.7,113.97
DL05223,O05223,D0313,9.97,25,High,Cloudy,89.5,29.54
DL05224,O05224,D0140,1.23,39,Low,Clear,50.2,29.07
DL05225,O05225,D0123,12.98,21,Medium,Clear,87.0,82.44
DL05226,O05226,D0138,13.1,23,High,Clear,105.9,23.91
DL05227,O05227,D0067,8.07,39,Medium,Rainy,93.6,56.09
DL05228,O05228,D0136,1.23,30,Medium,Cloudy,58.5,78.08
DL05229,O05229,D0325,6.2,15,Medium,Rainy,69.4,110.79
DL05230,O05230,D0246,7.37,33,High,Clear,84.7,41.32
DL05231,O05231,D0496,12.77,22,Low,Clear,73.0,134.39
DL05232,O05232,D0100,1.48,37,Low,Cloudy,53.5,143.52
DL05233,O05233,D0240,8.11,26,Medium,Cloudy,77.6,276.25
DL05234,O05234,D0150,7.43,19,Low,Clear,48.0,8.67
DL05235,O05235,D0035,4.1,22,Medium,Rainy,66.9,110.01
DL05236,O05236,D0471,4.41,42,Low,Cloudy,66.5,107.58
DL05237,O05237,D0132,9.13,16,High,Clear,74.4,272.01
DL05238,O05238,D0400,14.56,14,Medium,Clear,83.6,112.54
DL05239,O05239,D0421,12.1,42,Medium,Cloudy,98.8,53.34
DL05240,O05240,D0278,8.0,43,High,Rainy,109.8,23.46
DL05241,O05241,D0469,9.04,23,High,Clear,75.9,62.72
DL05242,O05242,D0062,9.04,30,High,Clear,101.1,37.58
DL05243,O05243,D0124,10.82,27,Medium,Clear,82.9,78.58
DL05244,O05244,D0050,5.72,23,Low,Cloudy,48.5,81.21
DL05245,O05245,D0188,10.46,36,Medium,Cloudy,95.2,51.52
DL05246,O05246,D0027,4.56,35,Medium,Cloudy,83.1,84.91
DL05247,O05247,D0180,12.24,37,Medium,Clear,87.7,34.11
DL05248,O05248,D0040,14.16,10,High,Clear,86.6,77.58
DL05249,O05249,D0456,8.85,22,High,Clear,76.1,101.8
DL05250,O05250,D0455,2.0,44,High,Rainy,92.0,55.01
DL05251,O05251,D0362,10.97,31,Medium,Rainy,98.7,35.05
DL05252,O05252,D0226,13.98,12,High,Cloudy,92.7,162.79
DL05253,O05253,D0030,14.22,30,Medium,Rainy,102.7,3.34
DL05254,O05254,D0308,13.75,10,Medium,Cloudy,81.1,178.44
DL05255,O05255,D0217,8.89,44,Medium,Cloudy,99.3,271.14
DL05256,O05256,D0294,13.85,19,High,Clear,92.5,31.49
DL05257,O05257,D0015,4.75,33,Medium,Cloudy,76.4,2.67
DL05258,O05258,D0494,3.01,17,Low,Rainy,51.8,42.99
DL05259,O05259,D0412,7.67,13,Low,Cloudy,58.8,71.6
DL05260,O05260,D0315,1.43,43,High,Cloudy,75.1,5.03
DL05261,O05261,D0296,2.08,41,Low,Clear,53.6,57.63
DL05262,O05262,D0073,9.42,34,Medium,Cloudy,85.0,231.41
DL05263,O05263,D0133,10.86,40,Medium,Clear,91.6,239.95
DL05264,O05264,D0485,2.94,19,High,Clear,51.7,141.67
DL05265,O05265,D0489,5.78,44,Medium,Clear,80.5,22.69
DL05266,O05266,D0214,12.31,22,Low,Clear,70.7,38.49
DL05267,O05267,D0423,3.81,23,Low,Rainy,58.8,20.63
DL05268,O05268,D0360,13.47,13,Low,Cloudy,64.0,56.58
DL05269,O05269,D0380,8.86,12,Low,Clear,46.8,104.75
DL05270,O05270,D0312,9.31,12,High,Cloudy,72.7,52.59
DL05271,O05271,D0335,3.1,12,High,Clear,52.5,11.67
DL05272,O05272,D0381,1.86,17,Low,Cloudy,41.1,110.8
DL05273,O05273,D0035,6.08,36,Medium,Cloudy,71.6,142.62
DL05274,O05274,D0475,2.33,18,Medium,Cloudy,50.6,135.59
DL05275,O05275,D0017,2.4,15,Medium,Clear,36.8,202.89
DL05276,O05276,D0147,14.28,29,High,Rainy,117.4,55.57
DL05277,O05277,D0274,1.95,19,Medium,Rainy,71.2,170.11
DL05278,O05278,D0330,7.15,37,Medium,Clear,74.7,154.32
DL05279,O05279,D0386,11.58,13,Medium,Clear,64.8,43.33
DL05280,O05280,D0066,4.98,11,Low,Rainy,52.3,103.24
DL05281,O05281,D0177,7.97,10,Medium,Rainy,73.8,134.03
DL05282,O05282,D0495,6.04,12,Medium,Clear,53.8,7.03
DL05283,O05283,D0219,10.99,14,Medium,Clear,74.2,97.36
DL05284,O05284,D0080,9.54,17,Low,Rainy,65.0,48.19
DL05285,O05285,D0288,5.32,25,Medium,Clear,58.9,101.49
DL05286,O05286,D0422,9.84,21,Medium,Clear,69.2,136.24
DL05287,O05287,D0500,1.04,29,Medium,Clear,54.2,84.25
DL05288,O05288,D0282,10.39,23,Medium,Clear,70.0,49.99
DL05289,O05289,D0096,11.94,37,Low,Clear,88.0,167.59
DL05290,O05290,D0354,1.1,42,Low,Clear,55.4,54.08
DL05291,O05291,D0239,10.25,33,High,Clear,93.8,120.74
DL05292,O05292,D0053,8.7,11,Medium,Clear,52.4,6.56
DL05293,O05293,D0434,4.96,15,Low,Clear,44.9,102.52
DL05294,O05294,D0200,3.77,42,Low,Clear,64.9,99.14
DL05295,O05295,D0484,14.4,14,High,Clear,80.7,75.48
DL05296,O05296,D0222,7.74,33,Low,Rainy,82.3,32.13
DL05297,O05297,D0383,7.41,37,Medium,Cloudy,85.4,90.6
DL05298,O05298,D0069,12.85,42,Medium,Rainy,120.6,14.44
DL05299,O05299,D0160,6.36,27,Medium,Cloudy,71.4,82.22
DL05300,O05300,D0072,12.28,34,Low,Rainy,98.4,69.15
DL05301,O05301,D0150,8.95,38,Low,Rainy,88.3,92.52
DL05302,O05302,D0369,3.95,22,High,Rainy,73.5,81.2
DL05303,O05303,D0358,5.91,25,Low,Clear,50.5,185.86
DL05304,O05304,D0047,1.32,22,Medium,Cloudy,56.3,58.65
DL05305,O05305,D0257,7.16,29,High,Clear,86.0,33.57
DL05306,O05306,D0075,14.11,12,High,Rainy,93.9,222.8
DL05307,O05307,D0294,9.85,23,Medium,Clear,64.7,84.05
DL05308,O05308,D0183,9.09,21,Medium,Rainy,80.1,67.63
DL05309,O05309,D0134,13.18,42,High,Clear,104.7,61.23
DL05310,O05310,D0084,2.71,26,High,Clear,79.8,99.28
DL05311,O05311,D0256,12.15,27,Low,Clear,76.2,15.56
DL05312,O05312,D0404,10.77,21,Low,Clear,67.8,11.29
DL05313,O05313,D0318,8.41,35,High,Clear,95.1,9.66
DL05314,O05314,D0274,6.39,37,High,Clear,83.2,113.47
DL05315,O05315,D0338,1.5,22,Low,Cloudy,33.1,28.83
DL05316,O05316,D0071,9.65,21,High,Rainy,100.1,60.0
DL05317,O05317,D0416,8.97,13,Low,Clear,47.5,141.54
DL05318,O05318,D0218,4.99,29,Low,Cloudy,64.8,201.89
DL05319,O05319,D0024,4.84,19,Medium,Clear,44.0,82.34
DL05320,O05320,D0496,6.01,19,Medium,Rainy,69.1,112.62
DL05321,O05321,D0374,7.07,37,Low,Clear,67.2,10.73
DL05322,O05322,D0182,11.33,21,High,Clear,86.6,71.69
DL05323,O05323,D0247,8.17,31,Medium,Clear,73.3,110.29
DL05324,O05324,D0435,3.1,30,Medium,Clear,60.2,38.06
DL05325,O05325,D0396,13.48,24,Medium,Cloudy,87.6,134.35
DL05326,O05326,D0346,7.71,25,Low,Rainy,83.0,168.25
DL05327,O05327,D0350,13.56,11,Medium,Clear,74.7,147.64
DL05328,O05328,D0466,9.58,24,Medium,Clear,82.2,112.83
DL05329,O05329,D0324,8.97,24,Medium,Cloudy,78.1,9.05
DL05330,O05330,D0034,5.68,32,Low,Rainy,77.3,157.48
DL05331,O05331,D0215,14.6,27,Low,Cloudy,80.8,117.01
DL05332,O05332,D0221,14.77,38,Low,Clear,95.3,105.64
DL05333,O05333,D0445,6.08,42,High,Clear,89.3,242.11
DL05334,O05334,D0319,12.05,38,High,Cloudy,119.8,25.77
DL05335,O05335,D0329,4.78,26,High,Clear,69.1,65.37
DL05336,O05336,D0295,9.59,35,High,Rainy,116.2,24.15
DL05337,O05337,D0460,10.39,18,Medium,Clear,55.9,23.19
DL05338,O05338,D0293,14.78,30,Low,Clear,84.0,23.41
DL05339,O05339,D0396,5.04,10,Medium,Rainy,60.3,88.02
DL05340,O05340,D0272,10.88,18,Medium,Cloudy,76.8,52.27
DL05341,O05341,D0403,4.44,36,Low,Clear,59.5,57.36
DL05342,O05342,D0332,1.51,23,Low,Clear,45.8,138.11
DL05343,O05343,D0129,4.99,40,Low,Cloudy,73.7,20.61
DL05344,O05344,D0193,12.01,44,Low,Clear,90.4,46.99
DL05345,O05345,D0019,14.12,39,Low,Rainy,110.0,39.91
DL05346,O05346,D0308,1.37,27,Low,Rainy,52.7,180.71
DL05347,O05347,D0126,2.57,26,Medium,Clear,52.2,189.13
DL05348,O05348,D0428,6.18,26,Low,Rainy,68.8,40.46
DL05349,O05349,D0229,7.34,37,High,Cloudy,96.6,45.05
DL05350,O05350,D0125,13.99,33,High,Clear,92.8,57.49
DL05351,O05351,D0233,1.29,44,High,Clear,79.8,21.11
DL05352,O05352,D0300,12.89,37,Medium,Clear,92.8,47.33
DL05353,O05353,D0386,8.2,23,High,Cloudy,87.0,94.59
DL05354,O05354,D0205,4.01,44,Medium,Clear,80.6,18.94
DL05355,O05355,D0260,3.75,15,Low,Cloudy,41.1,96.09
DL05356,O05356,D0403,1.7,30,Medium,Clear,45.0,94.82
DL05357,O05357,D0488,4.45,37,High,Clear,79.2,64.22
DL05358,O05358,D0173,14.64,18,Medium,Rainy,90.6,106.95
DL05359,O05359,D0161,12.17,22,Medium,Rainy,93.2,223.79
DL05360,O05360,D0273,14.47,25,High,Cloudy,104.2,33.25
DL05361,O05361,D0185,3.17,32,Medium,Clear,60.9,87.05
DL05362,O05362,D0401,8.69,41,High,Clear,95.7,22.72
DL05363,O05363,D0260,14.05,42,Low,Clear,94.1,203.78
DL05364,O05364,D0264,10.24,30,High,Cloudy,94.4,78.67
DL05365,O05365,D0222,1.28,13,Medium,Cloudy,48.6,55.45
DL05366,O05366,D0116,1.98,44,High,Rainy,99.2,108.78
DL05367,O05367,D0165,6.91,20,Medium,Cloudy,62.5,54.75
DL05368,O05368,D0112,6.38,31,Medium,Rainy,77.4,55.58
DL05369,O05369,D0352,13.46,22,High,Clear,99.9,39.01
DL05370,O05370,D0386,11.92,28,High,Cloudy,100.9,155.4
DL05371,O05371,D0345,2.85,33,Low,Rainy,62.2,138.61
DL05372,O05372,D0410,2.25,13,Medium,Clear,31.4,20.81
DL05373,O05373,D0297,13.14,34,Low,Rainy,97.4,224.79
DL05374,O05374,D0397,7.3,40,Low,Cloudy,77.0,26.06
DL05375,O05375,D0211,3.37,30,Medium,Rainy,77.0,144.68
DL05376,O05376,D0152,13.58,39,Low,Cloudy,99.9,59.51
DL05377,O05377,D0201,11.09,14,Medium,Clear,66.1,159.33
DL05378,O05378,D0099,3.3,13,High,Clear,49.6,9.17
DL05379,O05379,D0446,9.49,41,High,Cloudy,108.2,150.83
DL05380,O05380,D0096,7.57,14,Low,Clear,44.8,89.39
DL05381,O05381,D0065,4.59,25,Low,Clear,51.2,81.17
DL05382,O05382,D0415,9.28,36,Medium,Clear,81.9,67.2
DL05383,O05383,D0146,7.16,21,Low,Cloudy,59.3,72.11
DL05384,O05384,D0399,8.86,10,Low,Clear,42.6,79.73
DL05385,O05385,D0024,5.1,11,Low,Rainy,54.1,25.56
DL05386,O05386,D0065,11.15,17,High,Cloudy,89.3,177.74
DL05387,O05387,D0143,6.97,43,High,Clear,97.4,103.58
DL05388,O05388,D0215,12.38,34,High,Clear,100.9,17.34
DL05389,O05389,D0370,9.51,43,Medium,Cloudy,97.3,162.67
DL05390,O05390,D0307,4.41,10,Medium,Clear,42.6,140.77
DL05391,O05391,D0020,5.77,23,High,Clear,68.8,161.42
DL05392,O05392,D0350,5.01,41,Medium,Clear,68.2,162.0
DL05393,O05393,D0499,6.03,38,Medium,Clear,67.0,37.82
DL05394,O05394,D0052,3.4,28,High,Clear,66.6,89.24
DL05395,O05395,D0205,7.66,39,Medium,Clear,77.8,39.26
DL05396,O05396,D0389,1.69,32,Medium,Rainy,64.9,40.95
DL05397,O05397,D0253,5.87,14,Medium,Clear,51.3,129.01
DL05398,O05398,D0310,6.98,32,Low,Clear,72.3,16.57
DL05399,O05399,D0421,11.7,44,Low,Clear,83.6,157.39
DL05400,O05400,D0121,13.07,16,High,Clear,93.4,34.89
DL05401,O05401,D0062,11.82,40,Medium,Cloudy,97.2,69.65
DL05402,O05402,D0011,2.15,23,Low,Clear,42.7,21.62
DL05403,O05403,D0042,10.27,36,High,Cloudy,95.7,73.0
DL05404,O05404,D0249,12.93,32,Medium,Rainy,112.5,35.39
DL05405,O05405,D0134,8.4,35,High,Cloudy,94.1,55.55
DL05406,O05406,D0230,14.1,16,High,Clear,94.4,59.43
DL05407,O05407,D0089,13.37,30,Low,Clear,80.4,38.57
DL05408,O05408,D0173,13.29,33,Medium,Cloudy,94.2,200.73
DL05409,O05409,D0486,14.5,26,Medium,Cloudy,86.5,12.54
DL05410,O05410,D0441,11.72,18,High,Clear,87.9,208.74
DL05411,O05411,D0167,10.6,24,Low,Cloudy,71.4,28.31
DL05412,O05412,D0360,11.54,13,Low,Cloudy,61.6,135.9
DL05413,O05413,D0106,6.01,33,High,Rainy,88.8,42.79
DL05414,O05414,D0363,1.12,40,Medium,Rainy,79.4,82.79
DL05415,O05415,D0477,1.62,21,Medium,Rainy,61.8,39.87
DL05416,O05416,D0037,12.94,17,High,Clear,79.1,77.34
DL05417,O05417,D0040,6.74,26,Low,Clear,61.8,8.63
DL05418,O05418,D0314,6.07,18,Medium,Cloudy,55.7,36.23
DL05419,O05419,D0225,9.58,26,Medium,Clear,72.7,17.36
DL05420,O05420,D0391,2.96,25,Medium,Cloudy,48.2,194.18
DL05421,O05421,D0466,8.62,44,Medium,Rainy,104.5,45.62
DL05422,O05422,D0364,12.7,22,Medium,Cloudy,81.6,51.21
DL05423,O05423,D0499,6.96,21,Low,Clear,57.3,12.17
DL05424,O05424,D0168,8.25,39,High,Clear,89.8,85.3
DL05425,O05425,D0419,3.3,12,Medium,Clear,39.7,96.71
DL05426,O05426,D0202,11.32,14,Low,Cloudy,70.2,54.28
DL05427,O05427,D0215,8.87,22,Medium,Rainy,85.6,182.95
DL05428,O05428,D0374,8.73,22,Low,Clear,56.1,20.31
DL05429,O05429,D0014,4.16,37,Medium,Clear,62.4,81.22
DL05430,O05430,D0211,13.84,14,High,Cloudy,90.8,151.13
DL05431,O05431,D0499,5.82,29,Low,Clear,53.1,233.58
DL05432,O05432,D0222,14.46,37,Low,Rainy,104.0,64.46
DL05433,O05433,D0137,5.78,27,Medium,Cloudy,69.2,59.36
DL05434,O05434,D0069,13.6,32,Medium,Clear,102.5,133.65
DL05435,O05435,D0295,8.82,36,Medium,Cloudy,83.6,50.7
DL05436,O05436,D0045,1.9,11,Medium,Rainy,52.3,31.76
DL05437,O05437,D0189,14.36,40,Low,Clear,87.7,33.54
DL05438,O05438,D0050,5.66,27,Low,Clear,59.2,161.29
DL05439,O05439,D0109,12.4,32,Low,Rainy,92.9,10.57
DL05440,O05440,D0224,8.92,25,Medium,Rainy,80.9,24.22
DL05441,O05441,D0359,4.42,35,Low,Clear,56.5,110.05
DL05442,O05442,D0168,2.96,34,Medium,Rainy,82.9,54.35
DL05443,O05443,D0156,4.28,44,Low,Clear,59.9,37.27
DL05444,O05444,D0292,8.63,31,High,Cloudy,96.8,66.05
DL05445,O05445,D0497,8.11,18,High,Cloudy,73.2,45.85
DL05446,O05446,D0266,4.78,43,High,Clear,88.2,125.94
DL05447,O05447,D0317,3.2,32,High,Clear,78.0,171.11
DL05448,O05448,D0196,5.91,36,High,Cloudy,90.0,140.79
DL05449,O05449,D0165,3.23,19,Medium,Clear,49.5,183.34
DL05450,O05450,D0251,8.09,25,High,Rainy,93.4,81.5
DL05451,O05451,D0476,7.07,13,High,Clear,57.4,70.56
DL05452,O05452,D0229,7.28,40,Medium,Clear,83.0,19.97
DL05453,O05453,D0498,4.66,13,High,Clear,58.6,50.31
DL05454,O05454,D0408,2.31,23,High,Clear,58.7,55.89
DL05455,O05455,D0418,9.21,25,Low,Rainy,68.6,44.06
DL05456,O05456,D0491,14.64,28,High,Clear,100.9,47.87
DL05457,O05457,D0219,10.36,12,Medium,Cloudy,65.1,58.01
DL05458,O05458,D0001,13.43,12,High,Cloudy,79.9,7.45
DL05459,O05459,D0021,2.35,29,Low,Clear,45.4,97.72
DL05460,O05460,D0455,1.85,11,Low,Rainy,36.8,74.14
DL05461,O05461,D0172,11.73,29,High,Clear,93.9,73.19
DL05462,O05462,D0424,7.37,35,Medium,Cloudy,80.5,63.16
DL05463,O05463,D0108,12.58,28,High,Cloudy,97.6,9.35
DL05464,O05464,D0335,7.73,42,High,Cloudy,93.9,75.23
DL05465,O05465,D0334,2.05,43,High,Cloudy,91.4,177.8
DL05466,O05466,D0350,7.35,37,High,Rainy,109.1,213.4
DL05467,O05467,D0308,10.33,23,High,Rainy,94.6,24.62
DL05468,O05468,D0257,8.23,23,Medium,Cloudy,73.2,89.36
DL05469,O05469,D0437,4.04,38,Medium,Clear,72.0,80.65
DL05470,O05470,D0067,13.94,35,High,Clear,109.1,167.4
DL05471,O05471,D0417,10.32,42,Medium,Rainy,109.7,14.54
DL05472,O05472,D0011,8.37,14,Medium,Rainy,75.1,191.11
DL05473,O05473,D0343,7.65,11,High,Clear,68.6,24.51
DL05474,O05474,D0425,9.58,18,High,Clear,67.5,33.01
DL05475,O05475,D0345,7.5,28,High,Rainy,94.1,10.42
DL05476,O05476,D0324,5.32,36,Medium,Cloudy,84.2,119.22
DL05477,O05477,D0232,6.44,36,Medium,Clear,69.5,12.99
DL05478,O05478,D0305,3.69,35,Medium,Cloudy,71.6,148.2
DL05479,O05479,D0188,11.66,23,Low,Clear,60.7,159.41
DL05480,O05480,D0480,12.29,12,Low,Clear,59.0,93.84
DL05481,O05481,D0430,11.28,30,Low,Clear,66.2,175.96
DL05482,O05482,D0468,7.49,17,High,Clear,66.4,35.84
DL05483,O05483,D0016,4.01,15,High,Clear,54.1,32.86
DL05484,O05484,D0212,14.48,11,Medium,Rainy,93.3,74.37
DL05485,O05485,D0290,11.79,15,Medium,Clear,67.4,189.68
DL05486,O05486,D0024,11.86,20,Low,Cloudy,71.2,44.7
DL05487,O05487,D0382,9.74,14,Low,Clear,51.6,51.51
DL05488,O05488,D0008,4.95,19,High,Clear,71.8,47.13
DL05489,O05489,D0119,3.56,16,High,Rainy,64.1,196.94
DL05490,O05490,D0495,2.57,27,Low,Rainy,49.8,129.48
DL05491,O05491,D0324,9.73,19,Low,Clear,55.4,91.34
DL05492,O05492,D0414,3.51,16,High,Clear,65.1,93.12
DL05493,O05493,D0309,6.25,40,Medium,Clear,74.3,33.02
DL05494,O05494,D0495,12.48,17,Low,Rainy,84.3,44.71
DL05495,O05495,D0053,5.06,19,Low,Cloudy,49.2,8.44
DL05496,O05496,D0449,4.72,37,Medium,Cloudy,79.0,46.85
DL05497,O05497,D0155,11.04,35,Medium,Cloudy,101.6,120.68
DL05498,O05498,D0479,8.29,29,Medium,Rainy,92.5,176.53
DL05499,O05499,D0269,8.87,11,High,Clear,75.1,13.11
DL05500,O05500,D0214,2.8,32,Low,Clear,60.3,117.81
DL05501,O05501,D0135,5.0,32,Medium,Clear,67.0,47.51
DL05502,O05502,D0464,6.17,26,Low,Clear,54.1,180.17
DL05503,O05503,D0411,14.58,30,Medium,Clear,98.8,215.94
DL05504,O05504,D0420,1.58,35,High,Cloudy,69.6,289.97
DL05505,O05505,D0067,12.97,40,Low,Rainy,103.0,35.62
DL05506,O05506,D0364,2.75,17,Medium,Clear,50.8,118.29
DL05507,O05507,D0312,14.83,16,Low,Cloudy,84.0,22.83
DL05508,O05508,D0082,3.7,30,Low,Cloudy,62.0,90.54
DL05509,O05509,D0270,5.05,32,Low,Rainy,72.0,119.81
DL05510,O05510,D0385,12.61,22,Medium,Clear,83.1,109.64
DL05511,O05511,D0295,6.01,37,High,Clear,81.9,92.85
DL05512,O05512,D0019,10.08,36,Medium,Clear,89.0,170.65
DL05513,O05513,D0323,9.18,41,High,Cloudy,97.7,253.92
DL05514,O05514,D0342,10.61,29,Medium,Clear,92.2,40.81
DL05515,O05515,D0175,12.53,22,Medium,Clear,85.9,90.37
DL05516,O05516,D0179,5.19,11,High,Cloudy,63.4,127.09
DL05517,O05517,D0489,13.23,28,Low,Clear,75.5,23.71
DL05518,O05518,D0498,14.65,24,Medium,Clear,94.1,253.99
DL05519,O05519,D0193,10.42,36,Medium,Cloudy,84.6,170.42
DL05520,O05520,D0391,8.93,21,Low,Rainy,66.8,88.68
DL05521,O05521,D0477,14.77,19,Low,Clear,67.9,213.26
DL05522,O05522,D0303,2.28,37,Medium,Clear,74.1,120.63
DL05523,O05523,D0263,6.38,13,Medium,Cloudy,50.6,11.15
DL05524,O05524,D0329,4.3,13,Medium,Clear,40.1,151.78
DL05525,O05525,D0373,2.14,37,Medium,Clear,71.4,172.5
DL05526,O05526,D0112,13.11,38,Medium,Rainy,107.7,197.66
DL05527,O05527,D0499,5.8,21,High,Rainy,82.4,24.0
DL05528,O05528,D0224,2.93,31,High,Cloudy,79.6,123.34
DL05529,O05529,D0058,6.36,13,Medium,Clear,47.0,9.33
DL05530,O05530,D0364,6.32,34,Low,Cloudy,71.8,51.33
DL05531,O05531,D0242,2.77,17,High,Clear,54.2,148.06
DL05532,O05532,D0352,8.45,38,Low,Clear,60.3,34.09
DL05533,O05533,D0440,2.43,16,Medium,Clear,42.2,58.6
DL05534,O05534,D0080,3.83,17,Medium,Clear,58.2,32.0
DL05535,O05535,D0325,11.12,27,Medium,Clear,72.7,74.77
DL05536,O05536,D0418,5.25,35,Medium,Clear,81.4,100.77
DL05537,O05537,D0176,10.03,18,Medium,Clear,68.5,2.87
DL05538,O05538,D0352,3.95,40,Low,Cloudy,63.2,40.37
DL05539,O05539,D0166,8.41,15,High,Rainy,83.6,4.22
DL05540,O05540,D0424,2.44,24,High,Clear,71.0,12.35
DL05541,O05541,D0339,1.6,27,Medium,Cloudy,50.5,59.56
DL05542,O05542,D0097,8.7,19,Medium,Clear,65.9,169.56
DL05543,O05543,D0413,11.9,17,Medium,Rainy,85.3,221.18
DL05544,O05544,D0469,10.85,34,Low,Clear,77.6,69.37
DL05545,O05545,D0120,11.82,43,Medium,Cloudy,105.5,34.07
DL05546,O05546,D0165,7.79,15,Medium,Rainy,72.1,166.99
DL05547,O05547,D0243,10.75,32,High,Rainy,110.8,100.11
DL05548,O05548,D0135,2.14,29,Medium,Rainy,68.9,41.06
DL05549,O05549,D0234,12.69,32,High,Clear,98.0,108.71
DL05550,O05550,D0080,5.75,32,High,Clear,79.7,27.02
DL05551,O05551,D0461,13.23,31,Low,Clear,80.8,55.91
DL05552,O05552,D0039,9.09,32,Low,Rainy,83.5,65.08
DL05553,O05553,D0252,2.4,18,Medium,Clear,48.5,26.22
DL05554,O05554,D0357,6.86,38,Medium,Clear,83.1,22.42
DL05555,O05555,D0146,12.26,30,High,Cloudy,107.0,16.61
DL05556,O05556,D0394,4.4,39,Low,Clear,57.4,41.89
DL05557,O05557,D0184,3.55,12,Medium,Clear,42.4,5.16
DL05558,O05558,D0279,1.24,42,High,Clear,66.7,48.32
DL05559,O05559,D0087,10.64,25,High,Cloudy,90.1,42.8
DL05560,O05560,D0440,6.26,37,Medium,Clear,74.4,5.53
DL05561,O05561,D0488,3.45,29,Medium,Clear,59.9,99.03
DL05562,O05562,D0228,9.41,19,Low,Rainy,74.0,94.86
DL05563,O05563,D0417,3.01,37,Medium,Cloudy,68.9,43.53
DL05564,O05564,D0429,11.14,17,Medium,Clear,68.9,14.78
DL05565,O05565,D0106,9.17,33,High,Cloudy,91.9,25.72
DL05566,O05566,D0076,4.46,10,High,Cloudy,51.5,180.49
DL05567,O05567,D0212,13.24,26,High,Cloudy,102.7,72.42
DL05568,O05568,D0379,8.83,29,Medium,Clear,79.5,74.59
DL05569,O05569,D0418,2.8,22,Medium,Clear,43.4,129.5
DL05570,O05570,D0390,11.06,22,High,Clear,79.6,87.49
DL05571,O05571,D0120,5.4,40,Low,Clear,64.1,92.94
DL05572,O05572,D0394,11.85,31,Medium,Clear,85.1,116.2
DL05573,O05573,D0202,6.62,24,Medium,Rainy,78.4,17.45
DL05574,O05574,D0323,2.06,24,Low,Clear,45.8,132.55
DL05575,O05575,D0166,9.82,43,Medium,Cloudy,92.2,14.19
DL05576,O05576,D0092,5.34,41,Low,Rainy,88.6,141.29
DL05577,O05577,D0335,14.19,22,High,Rainy,101.6,14.53
DL05578,O05578,D0428,12.62,29,Medium,Clear,86.0,40.86
DL05579,O05579,D0255,5.95,34,High,Cloudy,86.1,25.93
DL05580,O05580,D0265,1.36,31,High,Rainy,87.1,148.12
DL05581,O05581,D0196,8.53,12,High,Cloudy,69.7,22.43
DL05582,O05582,D0102,10.04,38,Low,Rainy,91.8,43.16
DL05583,O05583,D0370,10.56,13,Medium,Cloudy,77.6,38.83
DL05584,O05584,D0251,5.89,27,Medium,Clear,67.9,11.25
DL05585,O05585,D0414,2.98,30,High,Clear,66.1,202.35
DL05586,O05586,D0486,8.83,40,Low,Rainy,97.7,154.63
DL05587,O05587,D0318,7.82,43,Medium,Rainy,98.6,192.24
DL05588,O05588,D0033,14.92,26,Medium,Clear,85.7,141.12
DL05589,O05589,D0140,9.05,35,High,Clear,97.3,14.65
DL05590,O05590,D0119,3.54,34,High,Clear,70.9,7.66
DL05591,O05591,D0483,6.06,13,Medium,Rainy,63.6,63.77
DL05592,O05592,D0192,8.44,37,Medium,Clear,86.3,237.7
DL05593,O05593,D0076,12.73,11,Medium,Clear,74.1,148.92
DL05594,O05594,D0163,7.73,12,High,Rainy,74.6,111.84
DL05595,O05595,D0490,12.21,38,Low,Clear,89.8,36.63
DL05596,O05596,D0102,3.18,37,Low,Cloudy,57.7,56.31
DL05597,O05597,D0062,6.35,36,Medium,Clear,67.7,109.68
DL05598,O05598,D0373,8.27,16,Low,Clear,50.2,204.49
DL05599,O05599,D0145,1.33,30,Medium,Cloudy,55.8,16.03
DL05600,O05600,D0481,11.63,23,Low,Clear,69.3,233.32
DL05601,O05601,D0290,12.65,32,High,Clear,103.5,143.32
DL05602,O05602,D0083,5.54,44,Medium,Clear,80.4,262.45
DL05603,O05603,D0445,14.41,39,Low,Cloudy,93.5,76.35
DL05604,O05604,D0084,11.23,38,High,Cloudy,108.0,7.6
DL05605,O05605,D0474,12.61,18,High,Cloudy,87.3,169.46
DL05606,O05606,D0062,10.17,32,High,Clear,95.0,115.4
DL05607,O05607,D0102,12.47,14,Medium,Rainy,92.8,166.63
DL05608,O05608,D0234,14.76,23,High,Clear,99.9,12.8
DL05609,O05609,D0095,12.89,24,Medium,Cloudy,82.9,95.14
DL05610,O05610,D0266,7.63,24,Medium,Clear,73.1,26.47
DL05611,O05611,D0434,9.91,44,Medium,Clear,83.6,13.43
DL05612,O05612,D0119,9.12,20,Medium,Clear,60.4,111.95
DL05613,O05613,D0328,8.12,38,Low,Clear,71.6,160.53
DL05614,O05614,D0308,11.78,17,Medium,Clear,73.4,120.54
DL05615,O05615,D0391,7.14,30,Medium,Clear,72.3,79.54
DL05616,O05616,D0426,5.34,24,Medium,Rainy,82.7,45.6
DL05617,O05617,D0313,1.59,21,Medium,Cloudy,49.6,51.39
DL05618,O05618,D0161,2.23,42,Medium,Rainy,83.9,128.95
DL05619,O05619,D0438,4.1,17,Low,Cloudy,38.8,89.4
DL05620,O05620,D0239,3.15,33,Low,Clear,56.0,145.78
DL05621,O05621,D0234,1.4,41,Medium,Cloudy,63.2,42.8
DL05622,O05622,D0470,10.75,16,Medium,Cloudy,59.9,134.25
DL05623,O05623,D0227,11.65,34,High,Cloudy,103.7,88.39
DL05624,O05624,D0439,5.96,26,Medium,Clear,66.6,161.65
DL05625,O05625,D0265,14.81,40,Medium,Clear,111.8,74.34
DL05626,O05626,D0173,9.23,19,Medium,Clear,64.3,70.94
DL05627,O05627,D0294,2.4,17,High,Clear,59.2,106.27
DL05628,O05628,D0147,6.11,10,High,Clear,57.3,85.4
DL05629,O05629,D0480,9.15,18,High,Rainy,95.9,66.31
DL05630,O05630,D0354,14.38,35,Medium,Clear,98.6,15.53
DL05631,O05631,D0300,10.56,19,Medium,Cloudy,81.7,97.92
DL05632,O05632,D0318,1.12,35,Medium,Clear,65.0,20.88
DL05633,O05633,D0235,10.37,27,Low,Cloudy,72.3,117.25
DL05634,O05634,D0397,10.17,12,High,Clear,86.7,116.51
DL05635,O05635,D0214,13.06,37,Low,Clear,92.0,238.46
DL05636,O05636,D0291,2.84,26,High,Clear,61.9,9.32
DL05637,O05637,D0049,12.3,24,Low,Clear,67.2,34.54
DL05638,O05638,D0297,13.26,44,Medium,Clear,105.1,216.4
DL05639,O05639,D0055,12.23,34,High,Rainy,114.1,155.38
DL05640,O05640,D0207,6.75,22,Medium,Clear,62.9,71.67
DL05641,O05641,D0399,10.67,11,Medium,Clear,61.5,157.69
DL05642,O05642,D0356,12.44,44,High,Clear,109.2,122.48
DL05643,O05643,D0096,14.25,31,Low,Clear,83.7,103.65
DL05644,O05644,D0142,5.68,27,High,Cloudy,82.3,92.44
DL05645,O05645,D0478,3.9,30,High,Rainy,85.5,119.51
DL05646,O05646,D0443,11.59,20,Medium,Cloudy,83.1,20.84
DL05647,O05647,D0174,2.36,13,Medium,Rainy,48.9,180.91
DL05648,O05648,D0078,8.88,34,High,Clear,94.7,79.57
DL05649,O05649,D0028,13.05,43,Medium,Clear,99.1,85.87
DL05650,O05650,D0187,4.12,14,High,Rainy,72.2,236.89
DL05651,O05651,D0498,6.43,42,Medium,Cloudy,80.5,191.49
DL05652,O05652,D0099,12.54,16,Medium,Cloudy,70.7,160.91
DL05653,O05653,D0422,8.03,37,High,Clear,90.6,23.87
DL05654,O05654,D0040,3.49,29,Low,Clear,39.6,34.43
DL05655,O05655,D0179,2.18,19,Medium,Clear,45.5,17.83
DL05656,O05656,D0482,8.8,39,Medium,Rainy,111.1,69.28
DL05657,O05657,D0069,1.3,12,Medium,Rainy,60.8,61.05
DL05658,O05658,D0472,5.76,37,Low,Rainy,76.1,142.59
DL05659,O05659,D0137,9.57,40,Medium,Clear,87.8,52.15
DL05660,O05660,D0395,1.08,40,Medium,Clear,69.1,208.91
DL05661,O05661,D0368,13.15,11,Low,Clear,65.9,136.43
DL05662,O05662,D0276,14.4,40,High,Cloudy,117.8,41.03
DL05663,O05663,D0290,6.75,27,Low,Clear,57.2,164.38
DL05664,O05664,D0231,1.57,19,Low,Clear,33.4,71.29
DL05665,O05665,D0069,4.92,41,Medium,Clear,75.5,147.32
DL05666,O05666,D0121,10.28,17,Medium,Cloudy,71.7,3.18
DL05667,O05667,D0161,1.6,30,High,Cloudy,71.7,208.42
DL05668,O05668,D0156,12.96,30,Low,Rainy,85.7,64.52
DL05669,O05669,D0181,12.25,30,Low,Clear,72.0,102.2
DL05670,O05670,D0164,7.48,40,Low,Clear,72.0,122.35
DL05671,O05671,D0297,11.79,36,Medium,Clear,100.9,33.39
DL05672,O05672,D0158,3.38,38,High,Clear,79.7,15.44
DL05673,O05673,D0239,14.39,23,Medium,Cloudy,92.0,80.42
DL05674,O05674,D0027,7.97,18,Medium,Cloudy,71.8,69.48
DL05675,O05675,D0178,14.79,20,High,Rainy,111.0,138.86
DL05676,O05676,D0490,8.37,16,Medium,Clear,58.2,32.69
DL05677,O05677,D0252,10.93,14,Medium,Clear,69.4,33.59
DL05678,O05678,D0139,12.2,17,High,Clear,87.1,50.91
DL05679,O05679,D0401,12.08,12,High,Rainy,93.1,157.45
DL05680,O05680,D0122,11.31,42,Medium,Cloudy,106.2,87.17
DL05681,O05681,D0178,2.91,28,Medium,Cloudy,71.9,23.34
DL05682,O05682,D0108,6.72,41,Low,Cloudy,75.4,62.42
DL05683,O05683,D0032,8.58,18,Medium,Clear,62.4,87.56
DL05684,O05684,D0023,10.92,20,Low,Cloudy,69.5,133.89
DL05685,O05685,D0173,6.54,44,Medium,Clear,91.3,130.96
DL05686,O05686,D0018,8.8,21,Medium,Clear,65.3,88.79
DL05687,O05687,D0406,6.93,21,Low,Rainy,65.9,18.87
DL05688,O05688,D0028,10.99,43,Low,Clear,85.5,94.76
DL05689,O05689,D0305,2.11,43,Medium,Rainy,86.3,36.18
DL05690,O05690,D0298,11.0,39,Low,Cloudy,86.6,180.27
DL05691,O05691,D0271,12.74,12,High,Cloudy,91.3,32.45
DL05692,O05692,D0276,1.18,43,High,Clear,79.7,157.33
DL05693,O05693,D0416,8.48,41,High,Rainy,111.8,168.46
DL05694,O05694,D0471,4.51,24,Medium,Clear,52.8,134.21
DL05695,O05695,D0056,7.05,17,Medium,Cloudy,61.8,90.08
DL05696,O05696,D0456,11.44,18,High,Cloudy,89.1,166.36
DL05697,O05697,D0309,11.86,35,Low,Clear,80.7,16.9
DL05698,O05698,D0427,6.62,31,Medium,Clear,70.4,137.4
DL05699,O05699,D0338,2.28,39,Low,Rainy,73.5,118.73
DL05700,O05700,D0100,9.53,42,Low,Rainy,96.8,80.91
DL05701,O05701,D0371,4.91,23,High,Cloudy,62.4,75.14
DL05702,O05702,D0253,2.63,14,High,Cloudy,64.6,75.99
DL05703,O05703,D0087,5.41,19,Low,Cloudy,47.3,53.62
DL05704,O05704,D0278,9.12,34,Low,Cloudy,76.2,79.44
DL05705,O05705,D0098,13.72,29,Low,Clear,82.8,35.83
DL05706,O05706,D0404,4.02,20,High,Clear,68.2,146.75
DL05707,O05707,D0483,11.7,43,High,Cloudy,114.8,142.93
DL05708,O05708,D0464,13.07,25,High,Clear,85.1,45.39
DL05709,O05709,D0129,3.07,13,High,Cloudy,62.3,92.29
DL05710,O05710,D0497,1.08,37,Medium,Rainy,78.5,71.02
DL05711,O05711,D0108,14.23,19,Medium,Clear,90.9,28.16
DL05712,O05712,D0435,2.38,33,Low,Rainy,66.1,26.67
DL05713,O05713,D0057,3.26,18,High,Clear,58.4,44.52
DL05714,O05714,D0042,6.71,15,Medium,Rainy,75.3,82.73
DL05715,O05715,D0308,5.13,19,Medium,Clear,58.4,47.54
DL05716,O05716,D0077,14.74,40,Low,Clear,92.1,82.45
DL05717,O05717,D0479,12.56,43,Low,Clear,82.5,6.96
DL05718,O05718,D0494,10.09,18,Low,Cloudy,68.0,6.36
DL05719,O05719,D0496,1.37,38,Medium,Rainy,75.8,148.59
DL05720,O05720,D0282,4.39,10,High,Clear,58.5,12.66
DL05721,O05721,D0216,3.7,21,High,Clear,61.8,6.04
DL05722,O05722,D0476,4.65,32,Low,Clear,60.3,79.13
DL05723,O05723,D0447,14.29,10,Medium,Clear,68.6,155.6
DL05724,O05724,D0481,6.69,40,Low,Cloudy,81.4,44.31
DL05725,O05725,D0189,13.24,34,Medium,Rainy,118.4,124.9
DL05726,O05726,D0088,7.62,13,Medium,Cloudy,62.2,22.43
DL05727,O05727,D0114,10.29,35,High,Cloudy,98.5,26.53
DL05728,O05728,D0446,14.18,41,Low,Clear,91.3,11.29
DL05729,O05729,D0323,9.15,37,High,Clear,93.2,169.88
DL05730,O05730,D0445,5.99,42,Medium,Clear,76.6,79.65
DL05731,O05731,D0046,7.62,36,Medium,Rainy,89.3,46.21
DL05732,O05732,D0433,7.56,10,Low,Cloudy,48.7,85.51
DL05733,O05733,D0383,12.2,17,Medium,Clear,75.6,66.42
DL05734,O05734,D0152,5.7,30,Low,Clear,54.7,58.38
DL05735,O05735,D0046,1.6,32,Medium,Rainy,67.6,126.4
DL05736,O05736,D0127,10.42,41,Medium,Cloudy,96.6,221.38
DL05737,O05737,D0313,12.97,12,Low,Rainy,73.9,74.63
DL05738,O05738,D0072,8.02,15,Medium,Cloudy,54.3,61.87
DL05739,O05739,D0492,2.96,15,Medium,Clear,47.6,24.02
DL05740,O05740,D0398,3.03,34,High,Clear,67.5,114.61
DL05741,O05741,D0386,13.49,23,High,Clear,96.4,59.15
DL05742,O05742,D0134,2.02,28,Medium,Clear,57.3,24.57
DL05743,O05743,D0076,8.04,22,High,Clear,68.8,192.0
DL05744,O05744,D0061,5.63,39,Medium,Clear,87.2,115.36
DL05745,O05745,D0164,4.85,37,High,Clear,71.4,137.0
DL05746,O05746,D0346,3.41,16,Medium,Clear,46.8,104.73
DL05747,O05747,D0477,5.2,28,Medium,Clear,73.8,50.71
DL05748,O05748,D0452,11.02,23,Low,Cloudy,67.1,9.45
DL05749,O05749,D0030,9.37,35,Medium,Clear,91.5,74.44
DL05750,O05750,D0380,2.16,29,High,Rainy,83.5,103.04
DL05751,O05751,D0048,11.55,23,Low,Clear,67.6,192.56
DL05752,O05752,D0244,5.96,41,Medium,Clear,77.0,61.64
DL05753,O05753,D0272,4.04,39,Medium,Cloudy,81.1,142.37
DL05754,O05754,D0320,12.44,37,High,Clear,107.6,34.39
DL05755,O05755,D0120,9.9,27,High,Rainy,100.0,47.2
DL05756,O05756,D0264,11.11,39,Medium,Clear,88.7,204.08
DL05757,O05757,D0352,5.28,15,Medium,Clear,41.9,110.61
DL05758,O05758,D0419,11.48,15,Medium,Clear,76.1,88.19
DL05759,O05759,D0488,4.86,12,High,Clear,51.0,178.62
DL05760,O05760,D0024,10.52,16,Low,Cloudy,60.8,26.07
DL05761,O05761,D0031,4.05,43,High,Clear,81.6,7.79
DL05762,O05762,D0109,9.87,27,Low,Clear,62.0,191.58
DL05763,O05763,D0103,7.39,10,Low,Clear,39.0,57.31
DL05764,O05764,D0162,3.19,36,Medium,Rainy,88.7,56.59
DL05765,O05765,D0389,9.31,24,High,Clear,75.0,174.17
DL05766,O05766,D0398,1.16,33,Medium,Clear,57.9,57.7
DL05767,O05767,D0293,10.66,36,High,Clear,103.7,208.45
DL05768,O05768,D0356,14.23,38,High,Clear,122.0,13.09
DL05769,O05769,D0081,13.55,29,Medium,Cloudy,88.8,168.05
DL05770,O05770,D0404,14.65,39,Low,Rainy,104.4,269.89
DL05771,O05771,D0321,7.14,27,Medium,Rainy,73.9,56.01
DL05772,O05772,D0144,12.61,28,High,Rainy,107.2,46.4
DL05773,O05773,D0363,2.98,24,Medium,Cloudy,60.2,21.0
DL05774,O05774,D0087,1.24,32,Medium,Clear,54.9,30.69
DL05775,O05775,D0139,3.22,15,Medium,Clear,53.4,88.43
DL05776,O05776,D0113,7.21,39,High,Clear,95.5,43.17
DL05777,O05777,D0068,3.28,19,Medium,Rainy,61.8,18.25
DL05778,O05778,D0368,7.36,39,High,Clear,84.8,83.83
DL05779,O05779,D0428,4.3,10,Low,Clear,34.2,65.65
DL05780,O05780,D0215,4.03,38,Low,Cloudy,64.4,102.04
DL05781,O05781,D0351,13.87,34,Medium,Clear,99.9,43.71
DL05782,O05782,D0445,8.28,40,Low,Clear,74.4,258.04
DL05783,O05783,D0287,10.44,24,Medium,Clear,77.6,28.79
DL05784,O05784,D0325,6.58,26,Medium,Clear,65.8,160.38
DL05785,O05785,D0219,3.31,17,Medium,Clear,50.6,62.68
DL05786,O05786,D0221,11.0,19,Medium,Clear,80.6,49.01
DL05787,O05787,D0205,7.21,24,High,Clear,71.9,51.73
DL05788,O05788,D0493,12.78,37,Low,Clear,86.7,58.62
DL05789,O05789,D0483,2.14,35,High,Clear,64.1,128.9
DL05790,O05790,D0061,6.37,29,Medium,Cloudy,77.8,66.04
DL05791,O05791,D0393,3.26,22,Low,Clear,39.3,26.45
DL05792,O05792,D0306,10.72,40,Low,Clear,89.1,61.78
DL05793,O05793,D0146,5.72,23,Low,Clear,48.5,18.12
DL05794,O05794,D0015,6.83,38,High,Cloudy,98.0,79.04
DL05795,O05795,D0280,5.89,23,Low,Clear,50.9,219.94
DL05796,O05796,D0351,12.77,23,Medium,Clear,72.2,259.58
DL05797,O05797,D0245,8.89,29,Medium,Rainy,87.3,103.48
DL05798,O05798,D0175,10.92,44,Low,Clear,86.4,59.0
DL05799,O05799,D0199,11.37,14,Medium,Rainy,80.3,81.5
DL05800,O05800,D0201,10.9,24,Medium,Rainy,98.5,187.83
DL05801,O05801,D0123,14.22,22,Medium,Cloudy,98.7,11.57
DL05802,O05802,D0464,10.13,10,Low,Clear,48.6,64.19
DL05803,O05803,D0290,10.08,16,Medium,Cloudy,72.0,82.18
DL05804,O05804,D0480,12.33,21,Low,Clear,60.4,66.92
DL05805,O05805,D0279,1.23,41,High,Rainy,89.3,79.52
DL05806,O05806,D0148,1.82,30,Medium,Rainy,76.3,185.26
DL05807,O05807,D0045,4.48,21,Low,Rainy,56.3,126.15
DL05808,O05808,D0119,3.54,42,Medium,Cloudy,76.1,95.89
DL05809,O05809,D0292,3.15,13,Medium,Clear,31.7,157.4
DL05810,O05810,D0046,8.74,18,High,Rainy,86.6,41.45
DL05811,O05811,D0393,3.74,16,Low,Clear,25.7,160.28
DL05812,O05812,D0270,14.53,27,Medium,Clear,82.8,61.48
DL05813,O05813,D0427,3.57,32,Medium,Rainy,87.5,88.71
DL05814,O05814,D0212,3.33,29,Low,Clear,46.1,51.57
DL05815,O05815,D0333,9.02,40,Low,Rainy,97.7,143.85
DL05816,O05816,D0445,3.54,34,Medium,Clear,62.4,28.62
DL05817,O05817,D0337,10.31,12,High,Cloudy,74.8,196.13
DL05818,O05818,D0406,13.02,29,Medium,Clear,91.5,231.96
DL05819,O05819,D0133,7.1,34,Medium,Cloudy,82.7,78.56
DL05820,O05820,D0100,5.9,39,Medium,Rainy,86.5,280.74
DL05821,O05821,D0315,10.65,30,Medium,Rainy,92.4,141.03
DL05822,O05822,D0288,12.28,44,High,Clear,105.8,223.8
DL05823,O05823,D0477,5.24,44,High,Cloudy,99.9,141.8
DL05824,O05824,D0365,12.36,39,Medium,Rainy,117.9,51.48
DL05825,O05825,D0204,11.73,25,Medium,Clear,84.4,108.61
DL05826,O05826,D0035,7.76,32,Medium,Clear,75.8,59.04
DL05827,O05827,D0260,7.41,20,Low,Cloudy,55.7,134.59
DL05828,O05828,D0209,2.47,21,Medium,Clear,50.4,222.82
DL05829,O05829,D0469,2.23,44,Medium,Clear,72.8,5.69
DL05830,O05830,D0338,11.47,14,High,Clear,75.8,11.85
DL05831,O05831,D0303,9.19,31,High,Clear,85.8,199.49
DL05832,O05832,D0103,7.85,26,Medium,Cloudy,75.4,13.95
DL05833,O05833,D0073,1.64,30,High,Rainy,83.4,17.68
DL05834,O05834,D0078,1.78,36,High,Rainy,81.6,104.67
DL05835,O05835,D0182,13.89,22,High,Clear,97.9,227.82
DL05836,O05836,D0234,10.25,39,High,Clear,99.2,71.52
DL05837,O05837,D0444,6.4,24,Low,Cloudy,56.2,84.37
DL05838,O05838,D0362,10.8,27,Medium,Cloudy,86.9,70.02
DL05839,O05839,D0051,4.61,20,Medium,Rainy,69.7,156.1
DL05840,O05840,D0088,6.73,16,High,Rainy,71.5,94.43
DL05841,O05841,D0397,7.46,43,Medium,Clear,92.9,58.29
DL05842,O05842,D0163,1.43,41,Medium,Rainy,78.5,98.0
DL05843,O05843,D0272,14.9,22,Medium,Clear,87.4,33.09
DL05844,O05844,D0235,6.34,25,Medium,Cloudy,71.5,103.11
DL05845,O05845,D0068,14.54,35,Medium,Clear,97.9,56.6
DL05846,O05846,D0259,10.07,43,Medium,Cloudy,93.3,8.64
DL05847,O05847,D0482,14.01,30,Low,Clear,85.0,204.4
DL05848,O05848,D0062,1.76,27,High,Clear,62.6,110.39
DL05849,O05849,D0335,14.45,29,Medium,Clear,98.9,72.55
DL05850,O05850,D0031,6.7,21,Low,Rainy,60.2,246.77
DL05851,O05851,D0129,2.91,30,Low,Clear,48.6,62.36
DL05852,O05852,D0318,10.4,41,Low,Clear,81.0,23.62
DL05853,O05853,D0257,11.68,18,Medium,Clear,85.4,142.63
DL05854,O05854,D0161,10.09,20,Low,Cloudy,60.6,115.66
DL05855,O05855,D0346,8.56,20,Low,Cloudy,59.8,47.44
DL05856,O05856,D0170,12.43,37,Medium,Clear,95.3,81.0
DL05857,O05857,D0193,10.61,26,Low,Clear,70.6,16.45
DL05858,O05858,D0144,9.66,42,High,Clear,91.8,60.68
DL05859,O05859,D0421,5.44,43,Medium,Clear,79.7,217.98
DL05860,O05860,D0052,13.28,33,Low,Cloudy,87.5,122.88
DL05861,O05861,D0242,10.69,30,Low,Rainy,87.0,43.15
DL05862,O05862,D0035,13.59,44,Low,Cloudy,106.3,128.25
DL05863,O05863,D0072,9.49,20,Medium,Clear,66.3,14.13
DL05864,O05864,D0175,12.2,41,Low,Clear,88.9,62.67
DL05865,O05865,D0355,13.38,35,Low,Clear,82.6,142.82
DL05866,O05866,D0371,8.58,27,Medium,Clear,72.3,42.11
DL05867,O05867,D0130,11.01,21,Medium,Cloudy,79.6,10.63
DL05868,O05868,D0428,9.07,29,High,Cloudy,94.3,58.53
DL05869,O05869,D0437,11.09,43,High,Clear,98.0,228.09
DL05870,O05870,D0082,8.32,36,Low,Clear,81.3,61.05
DL05871,O05871,D0074,12.2,43,Low,Cloudy,93.6,45.94
DL05872,O05872,D0138,12.3,10,Medium,Clear,56.4,91.51
DL05873,O05873,D0429,1.65,24,Low,Rainy,63.6,37.19
DL05874,O05874,D0332,3.85,23,Medium,Clear,55.4,23.95
DL05875,O05875,D0359,3.71,36,Low,Clear,58.5,155.12
DL05876,O05876,D0186,5.51,12,High,Clear,52.5,148.06
DL05877,O05877,D0408,7.67,11,High,Clear,54.7,171.09
DL05878,O05878,D0496,11.29,21,High,Clear,90.4,193.18
DL05879,O05879,D0278,5.21,43,Medium,Rainy,97.0,54.22
DL05880,O05880,D0041,10.12,38,Medium,Clear,90.3,120.94
DL05881,O05881,D0005,13.06,32,High,Rainy,110.5,30.26
DL05882,O05882,D0086,7.27,18,Medium,Cloudy,61.7,55.15
DL05883,O05883,D0132,10.2,24,Medium,Clear,84.8,44.28
DL05884,O05884,D0233,12.87,10,Low,Rainy,67.1,160.26
DL05885,O05885,D0210,11.15,19,Medium,Clear,65.1,214.62
DL05886,O05886,D0222,2.45,30,Low,Clear,48.9,162.12
DL05887,O05887,D0110,3.12,44,Medium,Rainy,89.9,199.46
DL05888,O05888,D0481,2.15,43,Medium,Rainy,83.6,181.86
DL05889,O05889,D0443,4.95,20,Medium,Clear,54.9,260.75
DL05890,O05890,D0022,1.06,13,Medium,Clear,32.0,17.33
DL05891,O05891,D0060,9.54,19,Medium,Clear,55.9,103.87
DL05892,O05892,D0326,1.37,19,Low,Clear,30.6,60.8
DL05893,O05893,D0486,7.28,40,Medium,Rainy,92.5,56.45
DL05894,O05894,D0366,7.91,20,Medium,Rainy,87.1,64.38
DL05895,O05895,D0496,10.04,13,High,Rainy,92.4,63.87
DL05896,O05896,D0486,4.35,32,High,Rainy,90.0,127.27
DL05897,O05897,D0372,13.15,20,Low,Clear,62.5,149.29
DL05898,O05898,D0267,8.06,14,Medium,Cloudy,52.9,130.98
DL05899,O05899,D0174,10.66,31,Medium,Clear,84.4,33.35
DL05900,O05900,D0169,5.85,20,Low,Clear,48.5,24.98
DL05901,O05901,D0135,4.74,20,Low,Clear,43.6,202.68
DL05902,O05902,D0280,9.18,17,Low,Cloudy,66.3,114.55
DL05903,O05903,D0136,13.53,43,Medium,Clear,98.3,58.79
DL05904,O05904,D0268,11.04,37,High,Cloudy,109.6,166.5
DL05905,O05905,D0394,10.78,11,Low,Clear,53.1,87.73
DL05906,O05906,D0395,7.91,22,Low,Clear,53.7,66.59
DL05907,O05907,D0404,1.1,23,Medium,Cloudy,50.1,106.21
DL05908,O05908,D0230,13.3,14,Medium,Clear,74.3,129.79
DL05909,O05909,D0044,4.38,44,Low,Rainy,82.3,184.82
DL05910,O05910,D0023,7.64,43,Medium,Clear,82.6,86.12
DL05911,O05911,D0278,3.7,18,Low,Cloudy,49.8,21.57
DL05912,O05912,D0173,12.4,16,Medium,Clear,79.8,59.39
DL05913,O05913,D0022,1.47,44,Medium,Cloudy,71.0,127.46
DL05914,O05914,D0039,10.19,23,Medium,Cloudy,77.5,65.49
DL05915,O05915,D0297,1.68,19,Medium,Clear,38.6,115.53
DL05916,O05916,D0056,13.86,26,Medium,Cloudy,103.1,11.39
DL05917,O05917,D0323,1.77,19,Medium,Cloudy,54.5,14.3
DL05918,O05918,D0124,13.46,41,Low,Clear,87.9,63.3
DL05919,O05919,D0035,4.53,33,Medium,Cloudy,80.1,150.75
DL05920,O05920,D0272,10.14,29,Medium,Rainy,87.5,121.64
DL05921,O05921,D0146,9.92,43,High,Cloudy,106.4,35.18
DL05922,O05922,D0397,12.92,24,Low,Rainy,87.0,58.96
DL05923,O05923,D0022,6.64,23,Low,Cloudy,55.9,98.71
DL05924,O05924,D0009,8.41,24,Medium,Clear,64.1,49.36
DL05925,O05925,D0070,6.39,21,Medium,Clear,63.0,55.49
DL05926,O05926,D0367,10.18,27,Medium,Clear,85.4,35.0
DL05927,O05927,D0393,5.35,24,Low,Clear,47.7,61.94
DL05928,O05928,D0018,9.96,15,Medium,Clear,53.4,126.86
DL05929,O05929,D0244,11.55,17,Medium,Clear,65.6,218.4
DL05930,O05930,D0237,2.82,27,Medium,Clear,56.9,56.15
DL05931,O05931,D0192,6.32,40,High,Clear,84.3,29.87
DL05932,O05932,D0225,1.49,12,Low,Cloudy,26.7,180.38
DL05933,O05933,D0294,2.27,33,Low,Clear,49.4,53.68
DL05934,O05934,D0051,1.67,40,Medium,Clear,64.5,48.44
DL05935,O05935,D0314,10.88,36,Medium,Clear,81.2,204.2
DL05936,O05936,D0278,14.72,33,Low,Rainy,103.8,41.85
DL05937,O05937,D0353,9.56,33,High,Cloudy,94.8,155.82
DL05938,O05938,D0184,5.75,21,Medium,Cloudy,63.6,52.16
DL05939,O05939,D0108,11.81,36,Medium,Clear,93.4,48.99
DL05940,O05940,D0029,8.11,38,High,Clear,86.6,104.27
DL05941,O05941,D0183,2.94,10,Medium,Rainy,45.8,28.67
DL05942,O05942,D0121,13.55,10,Medium,Cloudy,78.7,47.16
DL05943,O05943,D0080,2.76,21,Medium,Cloudy,48.8,26.59
DL05944,O05944,D0388,14.67,13,Low,Clear,69.0,88.14
DL05945,O05945,D0164,6.07,16,High,Clear,61.4,116.93
DL05946,O05946,D0458,11.18,24,Low,Clear,71.2,130.27
DL05947,O05947,D0032,14.43,35,High,Clear,111.6,160.58
DL05948,O05948,D0224,9.31,34,Medium,Rainy,96.7,48.59
DL05949,O05949,D0270,14.66,40,Low,Rainy,116.6,25.12
DL05950,O05950,D0212,3.51,34,Low,Cloudy,61.9,20.57
DL05951,O05951,D0274,1.8,34,Medium,Clear,56.0,46.38
DL05952,O05952,D0451,10.02,34,Medium,Clear,91.1,29.9
DL05953,O05953,D0198,2.46,26,High,Clear,61.9,106.47
DL05954,O05954,D0466,8.08,20,Low,Cloudy,55.6,97.29
DL05955,O05955,D0224,11.88,30,Medium,Cloudy,90.2,60.57
DL05956,O05956,D0137,12.56,25,High,Clear,90.3,43.07
DL05957,O05957,D0282,8.89,42,Medium,Clear,80.6,128.56
DL05958,O05958,D0365,7.51,16,Medium,Cloudy,66.3,62.78
DL05959,O05959,D0115,2.29,20,Low,Rainy,55.3,121.02
DL05960,O05960,D0106,10.52,14,High,Cloudy,80.7,44.11
DL05961,O05961,D0432,11.44,43,Medium,Rainy,116.2,81.49
DL05962,O05962,D0275,6.46,24,Medium,Cloudy,72.5,168.04
DL05963,O05963,D0326,8.53,34,Low,Clear,74.3,177.42
DL05964,O05964,D0130,4.55,17,Medium,Cloudy,52.4,59.91
DL05965,O05965,D0284,6.43,10,High,Clear,60.8,60.53
DL05966,O05966,D0112,9.32,42,High,Clear,97.0,82.82
DL05967,O05967,D0212,11.62,23,Low,Rainy,76.2,124.84
DL05968,O05968,D0206,1.84,14,Medium,Clear,29.4,27.77
DL05969,O05969,D0481,7.91,35,Medium,Clear,86.6,11.71
DL05970,O05970,D0196,2.0,31,Medium,Cloudy,61.7,107.3
DL05971,O05971,D0437,13.61,11,High,Clear,76.3,46.53
DL05972,O05972,D0476,9.97,44,High,Clear,98.0,71.95
DL05973,O05973,D0229,7.72,12,Medium,Rainy,61.5,128.92
DL05974,O05974,D0298,1.59,10,Medium,Clear,35.5,111.4
DL05975,O05975,D0286,8.39,43,Low,Clear,88.0,53.3
DL05976,O05976,D0274,9.81,20,High,Clear,76.1,15.29
DL05977,O05977,D0125,6.89,44,Medium,Clear,81.4,164.82
DL05978,O05978,D0137,5.06,14,Medium,Clear,41.8,6.83
DL05979,O05979,D0263,14.42,38,Low,Cloudy,99.1,42.67
DL05980,O05980,D0356,3.89,26,Medium,Clear,58.7,134.65
DL05981,O05981,D0309,14.58,10,Low,Cloudy,68.0,59.8
DL05982,O05982,D0207,1.18,42,Medium,Clear,67.6,23.75
DL05983,O05983,D0475,8.28,39,Medium,Clear,76.2,37.99
DL05984,O05984,D0113,5.88,22,Medium,Cloudy,54.7,67.32
DL05985,O05985,D0133,4.89,18,Low,Clear,36.0,53.06
DL05986,O05986,D0043,5.94,17,Low,Cloudy,44.4,37.68
DL05987,O05987,D0102,9.62,20,Low,Rainy,74.3,110.45
DL05988,O05988,D0453,6.76,12,High,Clear,58.4,65.97
DL05989,O05989,D0214,3.51,35,Medium,Rainy,87.7,61.38
DL05990,O05990,D0087,9.76,29,Medium,Clear,86.1,121.52
DL05991,O05991,D0141,14.29,21,Medium,Clear,81.1,139.81
DL05992,O05992,D0326,14.71,11,Low,Cloudy,69.3,23.65
DL05993,O05993,D0431,12.5,28,Low,Clear,70.8,48.78
DL05994,O05994,D0493,3.52,10,Medium,Clear,42.0,61.42
DL05995,O05995,D0301,3.81,38,Medium,Clear,73.7,53.79
DL05996,O05996,D0362,1.15,32,Medium,Cloudy,64.5,35.24
DL05997,O05997,D0354,12.22,15,Low,Rainy,75.1,84.85
DL05998,O05998,D0258,3.38,43,Medium,Clear,70.4,53.36
DL05999,O05999,D0393,14.33,28,Low,Clear,77.7,75.16
DL06000,O06000,D0150,7.32,41,Medium,Cloudy,95.6,77.97
DL06001,O06001,D0474,1.64,28,High,Clear,60.2,41.29
DL06002,O06002,D0404,10.01,39,Medium,Clear,93.3,41.46
DL06003,O06003,D0330,2.55,42,Medium,Cloudy,73.0,12.31
DL06004,O06004,D0341,10.2,10,Low,Clear,41.4,16.93
DL06005,O06005,D0253,10.55,33,Low,Clear,74.2,123.19
DL06006,O06006,D0188,1.7,44,Medium,Rainy,76.6,103.3
DL06007,O06007,D0139,13.29,34,Medium,Clear,91.0,57.69
DL06008,O06008,D0117,6.41,24,Medium,Rainy,73.9,104.6
DL06009,O06009,D0360,5.51,36,Medium,Rainy,87.8,168.07
DL06010,O06010,D0277,10.19,24,High,Clear,81.8,70.88
DL06011,O06011,D0210,14.1,25,High,Cloudy,98.0,49.85
DL06012,O06012,D0194,14.58,31,High,Rainy,123.0,44.24
DL06013,O06013,D0053,12.64,32,Medium,Cloudy,92.3,197.04
DL06014,O06014,D0484,11.77,10,Medium,Rainy,81.0,35.12
DL06015,O06015,D0221,8.63,26,High,Clear,82.3,69.39
DL06016,O06016,D0370,8.55,20,Medium,Cloudy,66.5,222.25
DL06017,O06017,D0150,9.55,11,Medium,Clear,59.3,24.42
DL06018,O06018,D0336,14.77,38,Low,Cloudy,93.8,21.64
DL06019,O06019,D0280,1.47,15,High,Cloudy,53.5,42.4
DL06020,O06020,D0194,7.6,21,High,Clear,71.1,29.26
DL06021,O06021,D0351,3.96,12,Medium,Clear,45.6,80.02
DL06022,O06022,D0154,9.5,22,Medium,Clear,73.1,34.56
DL06023,O06023,D0199,9.18,11,High,Clear,59.6,92.35
DL06024,O06024,D0420,14.09,37,High,Clear,104.1,150.17
DL06025,O06025,D0293,5.87,11,Medium,Rainy,59.0,84.82
DL06026,O06026,D0146,11.89,10,Medium,Clear,64.0,61.42
DL06027,O06027,D0155,11.15,25,Medium,Clear,85.5,94.28
DL06028,O06028,D0222,7.15,10,Low,Cloudy,37.6,99.99
DL06029,O06029,D0074,8.38,40,Medium,Rainy,102.4,60.53
DL06030,O06030,D0233,7.46,41,Medium,Clear,87.7,93.3
DL06031,O06031,D0095,14.09,27,High,Clear,96.3,14.08
DL06032,O06032,D0336,2.57,35,Low,Clear,53.7,63.73
DL06033,O06033,D0275,9.28,33,Low,Cloudy,78.7,122.54
DL06034,O06034,D0314,6.37,39,Medium,Cloudy,79.8,143.65
DL06035,O06035,D0497,2.33,17,Low,Clear,29.0,22.31
DL06036,O06036,D0292,4.42,13,Medium,Rainy,71.6,8.11
DL06037,O06037,D0161,9.59,34,Low,Clear,68.6,66.37
DL06038,O06038,D0317,11.48,35,Medium,Rainy,104.8,10.15
DL06039,O06039,D0390,8.16,19,Low,Clear,48.2,229.83
DL06040,O06040,D0080,8.11,10,Medium,Clear,58.9,59.57
DL06041,O06041,D0109,10.02,40,Medium,Clear,80.0,21.33
DL06042,O06042,D0004,3.08,28,Low,Rainy,61.4,68.12
DL06043,O06043,D0124,3.51,12,Medium,Clear,40.4,40.6
DL06044,O06044,D0500,14.43,31,Low,Clear,83.5,138.21
DL06045,O06045,D0137,14.48,35,High,Clear,116.9,9.94
DL06046,O06046,D0281,11.87,24,High,Cloudy,95.3,14.05
DL06047,O06047,D0407,12.07,22,High,Clear,78.7,84.72
DL06048,O06048,D0068,2.3,19,Low,Rainy,48.0,35.08
DL06049,O06049,D0057,6.19,27,Low,Clear,52.8,106.94
DL06050,O06050,D0325,7.36,14,Medium,Clear,63.6,44.05
DL06051,O06051,D0026,3.01,41,Medium,Clear,68.2,87.82
DL06052,O06052,D0091,1.34,29,Low,Cloudy,45.9,12.13
DL06053,O06053,D0004,4.1,33,Medium,Rainy,83.5,121.25
DL06054,O06054,D0021,14.53,24,Medium,Clear,102.8,43.68
DL06055,O06055,D0409,13.97,32,Low,Rainy,87.9,110.57
DL06056,O06056,D0459,4.26,23,High,Rainy,77.7,61.76
DL06057,O06057,D0415,14.16,20,High,Rainy,102.4,53.48
DL06058,O06058,D0124,5.77,31,Medium,Clear,65.5,124.78
DL06059,O06059,D0209,11.6,44,High,Rainy,124.0,6.02
DL06060,O06060,D0263,6.29,40,Low,Rainy,93.9,86.2
DL06061,O06061,D0233,1.67,26,Low,Cloudy,52.3,103.08
DL06062,O06062,D0091,14.52,27,Low,Clear,77.6,18.65
DL06063,O06063,D0113,4.8,23,Medium,Clear,64.0,161.06
DL06064,O06064,D0115,1.75,34,Medium,Rainy,77.7,153.78
DL06065,O06065,D0397,14.91,34,Low,Clear,95.1,172.61
DL06066,O06066,D0311,9.97,31,Medium,Clear,88.3,86.06
DL06067,O06067,D0095,7.24,35,Medium,Clear,68.7,63.79
DL06068,O06068,D0196,12.55,21,High,Clear,85.4,124.88
DL06069,O06069,D0009,11.07,41,Medium,Clear,95.8,82.72
DL06070,O06070,D0314,6.98,14,Low,Cloudy,48.8,132.62
DL06071,O06071,D0427,3.08,26,Medium,Clear,58.3,15.04
DL06072,O06072,D0109,10.28,30,Low,Rainy,80.6,59.45
DL06073,O06073,D0286,13.43,26,Medium,Cloudy,93.3,20.68
DL06074,O06074,D0472,8.22,41,Medium,Rainy,99.0,40.81
DL06075,O06075,D0368,8.83,43,High,Cloudy,104.8,8.71
DL06076,O06076,D0106,12.84,14,High,Clear,92.1,52.85
DL06077,O06077,D0452,14.23,35,High,Rainy,122.6,21.47
DL06078,O06078,D0061,8.59,13,Medium,Cloudy,66.6,155.96
DL06079,O06079,D0067,1.64,29,High,Clear,62.2,88.17
DL06080,O06080,D0373,3.13,40,Medium,Cloudy,64.5,134.99
DL06081,O06081,D0247,14.29,17,Medium,Clear,79.8,53.15
DL06082,O06082,D0438,12.66,15,Medium,Rainy,90.9,50.95
DL06083,O06083,D0423,9.89,26,Medium,Clear,79.1,100.82
DL06084,O06084,D0413,7.56,34,Low,Cloudy,69.2,108.78
DL06085,O06085,D0277,6.75,13,Medium,Clear,49.6,40.45
DL06086,O06086,D0268,1.62,23,High,Clear,66.8,16.25
DL06087,O06087,D0338,13.17,26,Low,Clear,86.5,187.4
DL06088,O06088,D0453,6.23,24,Medium,Clear,54.3,168.8
DL06089,O06089,D0279,8.26,34,Medium,Clear,79.6,172.56
DL06090,O06090,D0145,8.53,22,High,Clear,80.2,29.42
DL06091,O06091,D0189,12.74,44,Medium,Cloudy,109.4,158.52
DL06092,O06092,D0101,3.76,19,Medium,Clear,54.2,79.63
DL06093,O06093,D0116,7.65,39,Medium,Clear,84.0,29.69
DL06094,O06094,D0252,14.38,27,High,Clear,92.7,65.02
DL06095,O06095,D0415,10.94,12,Low,Clear,54.3,14.37
DL06096,O06096,D0268,6.58,27,Medium,Rainy,83.2,25.5
DL06097,O06097,D0247,9.85,30,Low,Clear,62.8,18.07
DL06098,O06098,D0176,9.23,34,Medium,Clear,76.2,33.9
DL06099,O06099,D0496,8.63,16,Low,Clear,45.8,14.64
DL06100,O06100,D0022,8.48,40,High,Rainy,101.3,32.97
DL06101,O06101,D0359,11.05,44,High,Clear,108.9,48.57
DL06102,O06102,D0436,13.35,14,Medium,Clear,68.8,181.11
DL06103,O06103,D0237,6.75,18,Medium,Rainy,74.2,34.42
DL06104,O06104,D0005,14.65,10,High,Cloudy,85.5,23.8
DL06105,O06105,D0248,6.64,28,Medium,Cloudy,81.1,68.67
DL06106,O06106,D0243,10.48,41,Medium,Rainy,105.4,51.43
DL06107,O06107,D0084,4.78,11,High,Clear,54.2,28.42
DL06108,O06108,D0336,11.47,27,Medium,Clear,80.1,40.1
DL06109,O06109,D0458,6.44,26,Low,Clear,52.5,160.21
DL06110,O06110,D0063,6.35,44,High,Cloudy,91.2,98.76
DL06111,O06111,D0204,3.82,13,Low,Clear,36.9,108.14
DL06112,O06112,D0262,1.98,10,High,Clear,48.5,162.59
DL06113,O06113,D0254,5.89,23,High,Cloudy,70.1,59.42
DL06114,O06114,D0471,9.4,22,Medium,Cloudy,74.7,145.95
DL06115,O06115,D0064,1.64,25,Low,Clear,47.4,86.24
DL06116,O06116,D0314,3.67,42,High,Cloudy,91.7,113.15
DL06117,O06117,D0254,4.43,44,High,Rainy,104.7,37.87
DL06118,O06118,D0409,3.62,14,Low,Clear,30.7,225.36
DL06119,O06119,D0125,2.44,21,Medium,Clear,50.1,9.61
DL06120,O06120,D0469,3.56,18,Medium,Cloudy,49.6,54.87
DL06121,O06121,D0467,14.1,10,Medium,Clear,78.2,104.55
DL06122,O06122,D0053,11.97,27,Medium,Clear,82.6,68.34
DL06123,O06123,D0384,13.9,10,Medium,Cloudy,83.3,9.17
DL06124,O06124,D0098,13.46,16,Low,Rainy,81.7,18.52
DL06125,O06125,D0125,6.6,32,Low,Clear,55.5,203.72
DL06126,O06126,D0104,6.17,26,High,Clear,72.3,63.89
DL06127,O06127,D0020,11.88,40,Medium,Clear,88.2,130.43
DL06128,O06128,D0489,13.62,19,Medium,Clear,73.3,127.9
DL06129,O06129,D0131,11.52,21,High,Clear,80.5,25.8
DL06130,O06130,D0448,9.14,42,Low,Clear,75.6,64.99
DL06131,O06131,D0391,8.8,42,Medium,Clear,90.1,37.02
DL06132,O06132,D0259,7.49,17,Medium,Clear,59.1,67.85
DL06133,O06133,D0427,7.37,21,Medium,Cloudy,62.4,205.43
DL06134,O06134,D0236,1.79,36,Medium,Clear,61.2,104.84
DL06135,O06135,D0301,4.02,44,Medium,Clear,72.6,60.57
DL06136,O06136,D0388,3.01,36,High,Cloudy,73.8,105.98
DL06137,O06137,D0162,7.57,20,Medium,Clear,65.7,12.22
DL06138,O06138,D0326,5.05,19,Medium,Rainy,65.3,13.94
DL06139,O06139,D0213,6.3,29,Low,Cloudy,65.9,41.48
DL06140,O06140,D0428,14.6,42,Medium,Clear,108.7,104.63
DL06141,O06141,D0256,11.7,27,High,Clear,92.0,119.24
DL06142,O06142,D0426,2.95,25,Medium,Clear,67.4,94.85
DL06143,O06143,D0186,12.33,10,High,Clear,76.6,103.11
DL06144,O06144,D0052,7.19,24,Medium,Clear,64.2,53.12
DL06145,O06145,D0452,12.96,14,High,Clear,77.0,68.1
DL06146,O06146,D0433,11.64,24,Medium,Rainy,100.8,82.01
DL06147,O06147,D0140,8.26,31,Medium,Rainy,94.4,19.58
DL06148,O06148,D0051,11.08,34,High,Cloudy,105.5,99.31
DL06149,O06149,D0085,14.12,42,Medium,Clear,99.9,106.32
DL06150,O06150,D0111,8.54,33,Low,Clear,71.0,274.92
DL06151,O06151,D0482,3.09,19,Medium,Cloudy,52.3,106.38
DL06152,O06152,D0135,8.96,13,High,Cloudy,77.4,38.05
DL06153,O06153,D0115,1.66,15,Low,Clear,29.9,9.6
DL06154,O06154,D0190,7.35,18,High,Clear,70.1,230.83
DL06155,O06155,D0443,4.12,23,Medium,Clear,52.9,20.14
DL06156,O06156,D0040,10.04,37,High,Clear,93.1,279.91
DL06157,O06157,D0434,6.59,27,Low,Clear,53.9,65.52
DL06158,O06158,D0110,8.21,40,Low,Clear,79.3,62.58
DL06159,O06159,D0424,13.48,44,High,Clear,122.6,51.73
DL06160,O06160,D0469,7.43,44,Low,Cloudy,85.4,49.1
DL06161,O06161,D0025,14.96,28,Medium,Clear,98.1,26.3
DL06162,O06162,D0121,2.91,42,Low,Rainy,69.4,190.47
DL06163,O06163,D0262,13.0,40,Medium,Clear,100.9,97.55
DL06164,O06164,D0219,6.09,34,Low,Clear,57.1,123.27
DL06165,O06165,D0448,12.13,16,Medium,Rainy,86.2,17.31
DL06166,O06166,D0355,7.98,13,Low,Cloudy,52.3,23.39
DL06167,O06167,D0044,8.32,11,High,Cloudy,69.7,56.79
DL06168,O06168,D0001,8.46,34,Medium,Cloudy,91.5,67.49
DL06169,O06169,D0081,4.38,34,High,Clear,70.4,83.5
DL06170,O06170,D0389,1.75,43,Medium,Rainy,71.8,139.26
DL06171,O06171,D0428,10.15,34,High,Cloudy,93.7,184.13
DL06172,O06172,D0314,1.36,31,High,Cloudy,68.4,18.7
DL06173,O06173,D0096,11.17,10,High,Cloudy,81.6,7.58
DL06174,O06174,D0402,5.53,41,Medium,Cloudy,83.8,30.26
DL06175,O06175,D0301,6.54,24,High,Cloudy,84.4,156.8
DL06176,O06176,D0442,11.54,23,Low,Clear,57.4,32.87
DL06177,O06177,D0169,3.11,16,Low,Cloudy,43.9,32.34
DL06178,O06178,D0163,10.09,12,Medium,Cloudy,68.8,5.32
DL06179,O06179,D0164,9.02,11,High,Clear,67.4,177.24
DL06180,O06180,D0042,6.84,38,Low,Rainy,82.9,184.97
DL06181,O06181,D0202,9.76,19,High,Rainy,96.8,106.38
DL06182,O06182,D0002,6.04,22,Low,Clear,54.8,23.79
DL06183,O06183,D0274,4.7,28,Medium,Clear,60.7,84.44
DL06184,O06184,D0163,2.25,27,High,Clear,66.5,209.81
DL06185,O06185,D0491,9.27,13,High,Clear,65.4,16.87
DL06186,O06186,D0278,14.44,39,Medium,Cloudy,114.5,153.77
DL06187,O06187,D0311,12.28,18,Medium,Clear,76.6,20.73
DL06188,O06188,D0325,2.32,44,Low,Clear,58.7,13.09
DL06189,O06189,D0431,4.07,19,Low,Cloudy,53.5,89.2
DL06190,O06190,D0152,10.09,10,High,Cloudy,79.8,71.55
DL06191,O06191,D0032,1.03,11,Low,Clear,26.3,133.63
DL06192,O06192,D0497,8.88,14,Low,Clear,45.5,18.64
DL06193,O06193,D0098,14.64,41,Medium,Cloudy,104.5,188.7
DL06194,O06194,D0229,5.93,40,Medium,Clear,73.6,36.12
DL06195,O06195,D0369,13.51,37,Medium,Rainy,112.0,16.49
DL06196,O06196,D0395,2.51,16,Medium,Cloudy,48.7,61.63
DL06197,O06197,D0266,1.65,11,Low,Clear,32.2,36.21
DL06198,O06198,D0471,5.86,20,High,Rainy,71.1,28.06
DL06199,O06199,D0371,9.1,28,Low,Clear,62.9,48.45
DL06200,O06200,D0102,12.68,36,Medium,Clear,96.9,12.0
DL06201,O06201,D0202,3.6,32,Low,Clear,51.7,90.96
DL06202,O06202,D0171,4.66,40,High,Cloudy,91.2,257.53
DL06203,O06203,D0007,7.7,15,Low,Clear,41.8,72.14
DL06204,O06204,D0304,5.84,18,Medium,Clear,56.2,79.68
DL06205,O06205,D0245,1.06,42,High,Clear,69.9,13.01
DL06206,O06206,D0077,5.63,32,Low,Cloudy,65.8,54.06
DL06207,O06207,D0407,4.65,38,High,Clear,81.9,76.72
DL06208,O06208,D0203,8.07,39,Low,Clear,68.9,51.19
DL06209,O06209,D0483,2.62,15,Low,Clear,28.2,99.58
DL06210,O06210,D0136,10.59,26,Medium,Cloudy,85.7,17.62
DL06211,O06211,D0471,5.12,11,Medium,Clear,45.6,33.81
DL06212,O06212,D0100,4.22,23,Medium,Cloudy,66.1,115.75
DL06213,O06213,D0007,5.26,25,Low,Clear,50.1,114.24
DL06214,O06214,D0266,7.43,33,Low,Clear,66.4,27.9
DL06215,O06215,D0396,13.43,13,Low,Clear,65.6,128.01
DL06216,O06216,D0479,10.62,38,High,Cloudy,111.6,136.51
DL06217,O06217,D0459,3.48,35,Medium,Clear,67.7,83.27
DL06218,O06218,D0421,10.42,28,Medium,Clear,81.4,194.37
DL06219,O06219,D0154,3.14,27,Medium,Rainy,69.8,29.22
DL06220,O06220,D0005,5.46,37,Medium,Clear,76.0,211.73
DL06221,O06221,D0435,7.48,37,High,Cloudy,94.3,32.48
DL06222,O06222,D0175,9.91,40,Low,Clear,85.2,285.15
DL06223,O06223,D0263,7.58,21,Medium,Rainy,80.4,39.58
DL06224,O06224,D0292,9.17,30,Medium,Clear,78.0,129.65
DL06225,O06225,D0007,10.56,41,Low,Clear,81.4,92.93
DL06226,O06226,D0423,14.46,13,Low,Clear,68.5,79.77
DL06227,O06227,D0298,13.68,32,High,Clear,106.8,27.12
DL06228,O06228,D0254,8.09,22,Low,Cloudy,63.9,132.2
DL06229,O06229,D0356,11.4,26,Low,Cloudy,70.5,29.14
DL06230,O06230,D0242,7.14,40,Medium,Clear,80.7,54.49
DL06231,O06231,D0182,14.52,31,Medium,Cloudy,105.2,49.24
DL06232,O06232,D0262,2.09,18,Low,Rainy,44.8,63.83
DL06233,O06233,D0469,3.87,15,Low,Clear,43.7,165.92
DL06234,O06234,D0065,4.62,18,High,Clear,64.1,110.09
DL06235,O06235,D0002,4.95,11,High,Cloudy,59.3,72.01
DL06236,O06236,D0067,4.85,17,Medium,Rainy,70.0,20.79
DL06237,O06237,D0103,9.46,18,High,Cloudy,78.3,51.91
DL06238,O06238,D0226,13.51,44,High,Rainy,131.0,146.84
DL06239,O06239,D0270,1.94,30,Medium,Rainy,69.7,188.08
DL06240,O06240,D0249,12.65,21,High,Clear,89.4,225.0
DL06241,O06241,D0345,5.2,12,High,Rainy,70.9,6.45
DL06242,O06242,D0485,9.25,33,Medium,Clear,72.7,107.21
DL06243,O06243,D0485,10.22,37,Medium,Cloudy,91.8,70.52
DL06244,O06244,D0080,8.87,18,Low,Rainy,70.5,11.86
DL06245,O06245,D0128,2.32,13,Medium,Clear,41.6,35.38
DL06246,O06246,D0207,7.77,36,High,Cloudy,101.6,91.2
DL06247,O06247,D0496,1.88,12,High,Rainy,73.2,103.43
DL06248,O06248,D0408,1.04,20,Medium,Clear,39.9,167.19
DL06249,O06249,D0041,3.82,18,Low,Clear,38.1,103.52
DL06250,O06250,D0200,5.16,39,High,Cloudy,91.3,48.6
DL06251,O06251,D0250,10.61,44,Medium,Clear,107.4,52.59
DL06252,O06252,D0310,6.38,42,Medium,Clear,91.4,137.01
DL06253,O06253,D0130,7.85,24,Medium,Clear,69.2,77.16
DL06254,O06254,D0125,9.38,39,Medium,Cloudy,87.5,52.08
DL06255,O06255,D0106,1.48,20,Medium,Cloudy,42.3,236.97
DL06256,O06256,D0346,5.87,40,Medium,Clear,70.8,87.55
DL06257,O06257,D0402,6.98,11,Medium,Clear,55.7,223.41
DL06258,O06258,D0018,4.66,16,High,Clear,62.0,129.61
DL06259,O06259,D0147,6.26,18,Low,Cloudy,56.3,30.09
DL06260,O06260,D0165,7.9,35,Low,Clear,74.4,100.16
DL06261,O06261,D0481,9.24,19,Low,Clear,60.6,36.5
DL06262,O06262,D0096,5.07,40,Medium,Clear,78.0,52.94
DL06263,O06263,D0089,10.77,24,Medium,Clear,80.2,166.24
DL06264,O06264,D0347,13.05,26,Medium,Clear,79.6,27.76
DL06265,O06265,D0405,2.87,36,Medium,Cloudy,75.6,138.76
DL06266,O06266,D0215,5.06,23,Medium,Clear,58.0,44.69
DL06267,O06267,D0446,5.85,37,Low,Cloudy,73.9,47.34
DL06268,O06268,D0203,2.47,17,Medium,Rainy,61.5,160.38
DL06269,O06269,D0149,9.56,37,High,Clear,101.5,82.92
DL06270,O06270,D0171,3.95,39,High,Clear,86.4,144.35
DL06271,O06271,D0351,13.7,38,High,Clear,112.0,96.79
DL06272,O06272,D0314,2.93,21,Low,Clear,44.3,221.33
DL06273,O06273,D0035,11.17,44,Low,Cloudy,102.5,219.5
DL06274,O06274,D0355,10.2,28,Low,Clear,71.3,217.27
DL06275,O06275,D0400,7.56,14,High,Cloudy,64.2,179.7
DL06276,O06276,D0308,8.23,21,High,Clear,79.6,210.69
DL06277,O06277,D0239,3.23,15,Medium,Cloudy,47.8,20.19
DL06278,O06278,D0287,1.4,14,Medium,Clear,43.8,14.54
DL06279,O06279,D0333,14.2,33,Medium,Cloudy,102.5,5.57
DL06280,O06280,D0234,1.5,27,High,Clear,59.1,53.12
DL06281,O06281,D0211,9.06,34,Medium,Clear,84.6,28.31
DL06282,O06282,D0138,12.39,37,High,Clear,111.8,81.7
DL06283,O06283,D0048,1.07,33,Medium,Rainy,70.2,18.33
DL06284,O06284,D0486,6.35,32,Low,Cloudy,59.5,116.78
DL06285,O06285,D0325,5.27,10,Medium,Clear,48.2,147.34
DL06286,O06286,D0255,3.92,23,Medium,Cloudy,59.9,110.46
DL06287,O06287,D0320,3.32,28,Medium,Clear,54.8,56.23
DL06288,O06288,D0367,6.28,42,Low,Clear,64.9,78.22
DL06289,O06289,D0305,3.02,15,Medium,Cloudy,43.1,51.63
DL06290,O06290,D0260,3.73,43,Low,Clear,67.1,27.79
DL06291,O06291,D0168,8.66,32,High,Cloudy,91.8,31.68
DL06292,O06292,D0076,4.36,36,Medium,Cloudy,67.6,100.04
DL06293,O06293,D0237,2.08,23,High,Clear,69.0,4.86
DL06294,O06294,D0444,13.11,31,Low,Cloudy,86.4,72.84
DL06295,O06295,D0297,7.07,23,Low,Clear,56.8,66.49
DL06296,O06296,D0474,12.62,31,High,Clear,100.7,218.39
DL06297,O06297,D0303,1.72,18,Medium,Clear,43.4,155.45
DL06298,O06298,D0171,9.92,20,Low,Rainy,64.1,15.48
DL06299,O06299,D0320,12.46,21,High,Clear,87.8,82.49
DL06300,O06300,D0399,10.75,34,High,Clear,101.8,12.34
DL06301,O06301,D0480,12.8,11,Medium,Clear,68.4,72.06
DL06302,O06302,D0029,2.57,18,Medium,Clear,40.2,152.37
DL06303,O06303,D0158,3.4,44,Low,Clear,63.3,10.07
DL06304,O06304,D0029,3.23,41,High,Rainy,103.5,32.77
DL06305,O06305,D0252,9.88,23,Low,Clear,63.6,32.33
DL06306,O06306,D0475,14.96,38,High,Cloudy,108.3,43.96
DL06307,O06307,D0207,6.81,28,Medium,Clear,63.3,79.05
DL06308,O06308,D0484,13.79,14,Low,Cloudy,61.3,53.86
DL06309,O06309,D0348,13.49,26,Low,Rainy,90.0,19.11
DL06310,O06310,D0464,12.37,43,Medium,Clear,111.2,11.49
DL06311,O06311,D0458,7.72,31,Low,Clear,64.3,45.98
DL06312,O06312,D0290,5.45,20,High,Rainy,76.6,86.67
DL06313,O06313,D0447,1.78,39,Low,Rainy,74.0,39.92
DL06314,O06314,D0396,7.71,38,Medium,Clear,74.0,54.19
DL06315,O06315,D0409,13.23,24,Medium,Cloudy,90.3,18.52
DL06316,O06316,D0136,7.73,26,Medium,Rainy,77.9,53.11
DL06317,O06317,D0117,1.02,36,Medium,Cloudy,70.8,138.43
DL06318,O06318,D0256,12.14,11,Low,Rainy,71.3,35.7
DL06319,O06319,D0376,2.81,15,Medium,Clear,39.9,22.46
DL06320,O06320,D0118,3.3,13,Medium,Clear,41.5,176.04
DL06321,O06321,D0497,4.27,32,Low,Clear,54.3,174.55
DL06322,O06322,D0352,3.72,40,Medium,Clear,66.9,62.34
DL06323,O06323,D0088,11.03,10,Medium,Cloudy,56.5,68.2
DL06324,O06324,D0389,14.17,22,Low,Clear,76.2,45.33
DL06325,O06325,D0147,2.64,15,Low,Clear,36.1,91.52
DL06326,O06326,D0075,6.46,43,Low,Rainy,92.9,200.67
DL06327,O06327,D0081,9.42,25,Low,Cloudy,78.3,179.53
DL06328,O06328,D0156,7.62,41,High,Cloudy,104.8,19.73
DL06329,O06329,D0280,5.89,24,High,Clear,74.5,18.74
DL06330,O06330,D0166,4.13,13,Low,Clear,42.3,14.91
DL06331,O06331,D0204,8.74,21,Medium,Clear,64.9,138.17
DL06332,O06332,D0287,8.12,19,High,Clear,66.4,20.21
DL06333,O06333,D0455,14.88,11,Medium,Clear,78.0,45.15
DL06334,O06334,D0048,7.49,33,Medium,Clear,68.7,39.59
DL06335,O06335,D0387,13.38,25,High,Clear,94.4,119.17
DL06336,O06336,D0204,14.22,44,Medium,Clear,104.9,131.15
DL06337,O06337,D0474,5.6,26,High,Clear,73.5,43.68
DL06338,O06338,D0232,5.19,17,Low,Cloudy,48.6,161.63
DL06339,O06339,D0259,14.19,38,High,Clear,111.2,15.99
DL06340,O06340,D0431,9.09,43,High,Clear,95.9,58.01
DL06341,O06341,D0373,3.69,40,High,Clear,76.1,56.75
DL06342,O06342,D0166,4.58,26,Low,Cloudy,53.2,39.12
DL06343,O06343,D0285,1.28,13,Medium,Clear,38.0,79.14
DL06344,O06344,D0232,5.51,32,Medium,Rainy,84.5,44.39
DL06345,O06345,D0108,9.69,20,Medium,Clear,62.2,133.32
DL06346,O06346,D0301,5.36,32,Low,Clear,58.2,80.63
DL06347,O06347,D0405,4.2,14,Low,Rainy,49.3,33.01
DL06348,O06348,D0433,1.82,41,Medium,Clear,66.1,19.66
DL06349,O06349,D0433,12.85,14,Medium,Clear,75.4,140.04
DL06350,O06350,D0221,10.06,26,Medium,Clear,77.6,130.71
DL06351,O06351,D0246,13.72,32,Low,Clear,82.4,113.46
DL06352,O06352,D0477,1.31,43,Medium,Cloudy,70.8,124.4
DL06353,O06353,D0238,13.91,39,High,Clear,100.9,69.45
DL06354,O06354,D0218,8.33,36,Low,Clear,72.9,62.77
DL06355,O06355,D0336,2.89,42,Low,Clear,61.2,44.1
DL06356,O06356,D0331,4.53,25,Medium,Clear,52.2,141.63
DL06357,O06357,D0358,3.03,40,Low,Clear,62.3,26.71
DL06358,O06358,D0026,4.17,13,Low,Clear,35.6,49.36
DL06359,O06359,D0030,4.68,29,Medium,Cloudy,69.6,32.45
DL06360,O06360,D0234,9.16,41,Medium,Cloudy,101.0,20.94
DL06361,O06361,D0103,4.66,43,Medium,Clear,80.4,164.48
DL06362,O06362,D0343,7.88,25,Medium,Rainy,86.0,211.76
DL06363,O06363,D0124,9.99,38,Low,Clear,74.1,186.36
DL06364,O06364,D0457,11.9,38,Medium,Cloudy,96.9,195.3
DL06365,O06365,D0284,13.36,12,Medium,Cloudy,74.5,21.36
DL06366,O06366,D0150,3.22,16,High,Clear,58.2,110.61
DL06367,O06367,D0384,10.02,30,Medium,Clear,84.1,136.17
DL06368,O06368,D0490,2.58,44,High,Cloudy,85.1,82.05
DL06369,O06369,D0412,4.28,38,Medium,Cloudy,72.7,83.8
DL06370,O06370,D0460,8.98,40,Medium,Cloudy,93.2,13.23
DL06371,O06371,D0192,14.26,26,Medium,Clear,85.7,15.15
DL06372,O06372,D0467,9.52,30,Low,Clear,66.2,215.83
DL06373,O06373,D0236,13.26,37,Medium,Clear,103.0,251.88
DL06374,O06374,D0403,10.4,32,High,Cloudy,92.5,112.99
DL06375,O06375,D0175,11.49,40,Medium,Clear,94.3,78.96
DL06376,O06376,D0084,4.1,37,High,Rainy,102.6,23.33
DL06377,O06377,D0102,7.81,20,Low,Clear,43.3,99.15
DL06378,O06378,D0175,12.26,10,Medium,Clear,64.5,155.3
DL06379,O06379,D0340,10.25,33,Medium,Clear,84.9,27.72
DL06380,O06380,D0048,1.44,22,Medium,Clear,55.7,35.48
DL06381,O06381,D0002,10.35,36,Medium,Clear,81.3,155.7
DL06382,O06382,D0279,3.69,10,High,Clear,49.9,112.44
DL06383,O06383,D0466,14.03,18,Medium,Clear,76.5,188.7
DL06384,O06384,D0341,14.01,30,High,Rainy,126.5,18.96
DL06385,O06385,D0479,12.83,19,Medium,Rainy,91.0,34.81
DL06386,O06386,D0389,3.73,18,Medium,Clear,45.5,101.42
DL06387,O06387,D0328,2.6,12,Low,Cloudy,34.7,63.75
DL06388,O06388,D0043,13.47,38,Medium,Clear,101.4,36.41
DL06389,O06389,D0207,7.76,31,Medium,Clear,81.9,112.77
DL06390,O06390,D0378,13.28,39,Medium,Clear,93.6,42.27
DL06391,O06391,D0101,12.98,33,High,Clear,107.0,146.56
DL06392,O06392,D0142,13.03,12,High,Cloudy,87.7,12.02
DL06393,O06393,D0028,4.24,17,Medium,Clear,52.8,30.64
DL06394,O06394,D0074,10.22,35,Low,Rainy,84.4,110.52
DL06395,O06395,D0006,14.14,44,Medium,Rainy,117.8,27.95
DL06396,O06396,D0238,5.69,40,Low,Clear,62.8,54.8
DL06397,O06397,D0255,10.23,42,Medium,Clear,89.5,19.13
DL06398,O06398,D0020,6.13,44,High,Clear,96.8,225.74
DL06399,O06399,D0068,4.7,25,High,Clear,71.6,29.66
DL06400,O06400,D0366,12.4,20,Medium,Clear,74.5,22.05
DL06401,O06401,D0451,3.65,24,High,Clear,55.0,17.2
DL06402,O06402,D0031,2.52,34,High,Cloudy,74.4,177.29
DL06403,O06403,D0178,4.84,23,Medium,Rainy,67.6,24.12
DL06404,O06404,D0468,7.26,18,Medium,Clear,67.5,205.68
DL06405,O06405,D0043,12.2,19,Low,Cloudy,66.3,57.48
DL06406,O06406,D0345,4.27,32,Low,Clear,58.2,90.72
DL06407,O06407,D0089,13.7,15,Medium,Cloudy,86.2,85.38
DL06408,O06408,D0396,8.7,37,High,Clear,94.0,122.89
DL06409,O06409,D0048,10.99,22,Medium,Rainy,86.2,86.86
DL06410,O06410,D0212,4.52,22,High,Rainy,77.6,82.07
DL06411,O06411,D0233,12.8,39,Medium,Cloudy,109.4,102.01
DL06412,O06412,D0117,1.44,14,Low,Rainy,47.3,83.18
DL06413,O06413,D0491,3.96,16,Low,Clear,48.9,155.51
DL06414,O06414,D0284,11.92,35,Low,Clear,75.7,37.92
DL06415,O06415,D0479,1.91,32,High,Clear,70.3,31.3
DL06416,O06416,D0121,9.3,37,High,Clear,97.9,126.05
DL06417,O06417,D0201,11.12,33,Low,Clear,76.7,53.66
DL06418,O06418,D0249,9.02,42,High,Cloudy,107.4,11.02
DL06419,O06419,D0201,2.42,22,Medium,Cloudy,56.7,25.27
DL06420,O06420,D0039,9.38,43,Medium,Clear,93.7,131.98
DL06421,O06421,D0393,9.56,22,High,Rainy,92.7,162.56
DL06422,O06422,D0161,7.79,40,Medium,Rainy,92.7,124.62
DL06423,O06423,D0228,6.1,38,Medium,Clear,67.0,97.27
DL06424,O06424,D0230,4.41,40,Medium,Clear,67.8,23.74
DL06425,O06425,D0470,2.07,40,High,Cloudy,92.5,8.1
DL06426,O06426,D0171,1.49,33,High,Clear,64.9,26.05
DL06427,O06427,D0497,12.08,39,Medium,Clear,102.3,71.96
DL06428,O06428,D0257,8.36,16,Medium,Cloudy,65.7,68.98
DL06429,O06429,D0206,3.07,29,Medium,Clear,56.4,70.64
DL06430,O06430,D0337,2.32,11,Low,Rainy,48.2,28.66
DL06431,O06431,D0088,2.27,27,Low,Cloudy,48.4,143.42
DL06432,O06432,D0241,3.02,21,High,Rainy,73.8,9.03
DL06433,O06433,D0457,1.4,30,Low,Rainy,59.3,11.43
DL06434,O06434,D0394,11.71,28,Medium,Clear,80.7,11.7
DL06435,O06435,D0146,6.14,15,Low,Cloudy,55.3,117.83
DL06436,O06436,D0265,5.03,18,Medium,Cloudy,55.0,142.67
DL06437,O06437,D0249,7.45,13,Medium,Clear,58.1,33.21
DL06438,O06438,D0013,5.35,29,Medium,Clear,73.1,35.53
DL06439,O06439,D0299,10.76,12,Medium,Clear,67.1,135.02
DL06440,O06440,D0098,5.17,18,Medium,Clear,54.9,13.41
DL06441,O06441,D0388,9.69,36,Low,Rainy,86.0,148.16
DL06442,O06442,D0043,6.24,14,Medium,Cloudy,54.9,181.44
DL06443,O06443,D0223,6.73,13,Low,Clear,48.1,80.39
DL06444,O06444,D0159,11.96,28,Low,Cloudy,71.0,67.87
DL06445,O06445,D0475,8.26,25,Low,Cloudy,75.0,19.15
DL06446,O06446,D0489,6.68,31,Low,Rainy,75.0,95.56
DL06447,O06447,D0025,5.59,25,Low,Rainy,76.8,199.72
DL06448,O06448,D0216,10.18,30,Low,Cloudy,71.9,134.7
DL06449,O06449,D0076,9.77,43,Low,Cloudy,86.6,60.62
DL06450,O06450,D0341,2.17,14,Medium,Cloudy,41.3,126.66
DL06451,O06451,D0273,10.45,25,Medium,Cloudy,74.6,58.07
DL06452,O06452,D0450,7.33,11,Medium,Cloudy,62.7,14.85
DL06453,O06453,D0156,14.64,22,High,Cloudy,100.5,152.47
DL06454,O06454,D0014,7.56,41,High,Cloudy,106.1,11.65
DL06455,O06455,D0372,14.21,23,High,Clear,97.7,54.21
DL06456,O06456,D0201,12.25,30,Medium,Rainy,96.4,63.03
DL06457,O06457,D0068,14.55,13,Low,Clear,66.2,101.07
DL06458,O06458,D0069,3.88,19,High,Rainy,70.5,15.57
DL06459,O06459,D0369,5.65,25,Medium,Clear,63.9,167.33
DL06460,O06460,D0013,9.24,20,Medium,Clear,63.6,245.87
DL06461,O06461,D0085,2.36,42,High,Clear,77.6,28.61
DL06462,O06462,D0270,10.96,31,Medium,Clear,84.2,114.91
DL06463,O06463,D0146,4.77,20,Medium,Clear,48.5,44.68
DL06464,O06464,D0137,3.09,37,Low,Cloudy,59.9,176.27
DL06465,O06465,D0346,1.83,43,Low,Clear,65.5,25.66
DL06466,O06466,D0234,6.81,20,Medium,Cloudy,68.2,48.78
DL06467,O06467,D0300,2.78,16,Medium,Clear,49.8,131.96
DL06468,O06468,D0027,7.99,24,High,Cloudy,77.0,99.82
DL06469,O06469,D0169,6.73,29,High,Cloudy,82.5,190.46
DL06470,O06470,D0469,13.19,25,High,Clear,90.3,44.94
DL06471,O06471,D0056,2.02,38,High,Clear,76.6,185.82
DL06472,O06472,D0350,13.04,14,Medium,Cloudy,69.9,161.92
DL06473,O06473,D0044,11.01,30,Medium,Cloudy,90.5,106.0
DL06474,O06474,D0010,10.04,24,High,Cloudy,94.6,170.03
DL06475,O06475,D0416,14.65,15,Low,Rainy,86.1,54.95
DL06476,O06476,D0070,1.69,32,Medium,Clear,55.3,93.79
DL06477,O06477,D0282,7.87,38,High,Clear,98.3,24.96
DL06478,O06478,D0216,11.21,10,High,Cloudy,76.1,17.48
DL06479,O06479,D0041,8.48,14,High,Rainy,84.8,82.73
DL06480,O06480,D0500,5.49,18,Low,Clear,46.4,59.58
DL06481,O06481,D0302,1.37,24,Low,Clear,32.7,15.23
DL06482,O06482,D0014,10.13,42,Low,Rainy,105.2,244.39
DL06483,O06483,D0301,13.12,33,Medium,Clear,93.8,66.6
DL06484,O06484,D0154,11.06,15,Low,Rainy,76.6,109.52
DL06485,O06485,D0100,1.72,20,Low,Cloudy,38.4,161.67
DL06486,O06486,D0007,10.81,34,Medium,Clear,86.8,28.86
DL06487,O06487,D0165,11.33,27,Low,Clear,72.0,30.73
DL06488,O06488,D0228,10.29,31,High,Clear,91.9,55.26
DL06489,O06489,D0434,9.25,23,Medium,Clear,73.6,96.34
DL06490,O06490,D0194,10.82,19,Low,Clear,61.1,125.05
DL06491,O06491,D0285,9.07,26,High,Rainy,93.5,63.46
DL06492,O06492,D0468,7.71,38,High,Clear,88.0,81.99
DL06493,O06493,D0362,8.51,15,High,Cloudy,70.8,27.95
DL06494,O06494,D0376,2.01,16,Medium,Rainy,57.6,52.25
DL06495,O06495,D0232,8.36,14,High,Clear,79.8,17.39
DL06496,O06496,D0119,10.85,36,Medium,Clear,89.0,244.73
DL06497,O06497,D0244,7.91,44,Low,Clear,72.0,18.06
DL06498,O06498,D0183,8.8,26,Medium,Clear,71.4,62.98
DL06499,O06499,D0265,11.7,16,Medium,Cloudy,77.0,35.23
DL06500,O06500,D0415,2.98,10,Medium,Cloudy,50.8,53.14
DL06501,O06501,D0376,11.5,24,Medium,Cloudy,91.2,64.28
DL06502,O06502,D0469,6.23,20,Low,Clear,50.0,18.59
DL06503,O06503,D0099,12.0,35,Medium,Cloudy,103.1,73.06
DL06504,O06504,D0093,4.08,23,Medium,Cloudy,54.2,167.3
DL06505,O06505,D0146,12.12,22,Low,Clear,67.6,207.19
DL06506,O06506,D0436,12.08,13,Low,Clear,66.4,75.43
DL06507,O06507,D0158,5.5,42,Low,Clear,65.5,219.71
DL06508,O06508,D0077,12.14,23,Low,Rainy,76.5,9.72
DL06509,O06509,D0395,2.73,22,Medium,Rainy,61.4,22.02
DL06510,O06510,D0281,12.33,26,Low,Rainy,91.5,156.17
DL06511,O06511,D0154,3.05,15,Medium,Clear,40.4,39.89
DL06512,O06512,D0212,14.8,31,Medium,Cloudy,93.8,147.2
DL06513,O06513,D0217,9.22,32,High,Rainy,98.0,206.71
DL06514,O06514,D0138,11.94,44,Low,Cloudy,98.1,13.57
DL06515,O06515,D0117,8.89,41,Medium,Clear,99.1,49.61
DL06516,O06516,D0077,9.1,10,Medium,Cloudy,61.9,49.13
DL06517,O06517,D0160,7.76,13,Medium,Clear,55.2,40.53
DL06518,O06518,D0355,2.94,13,Medium,Cloudy,46.9,222.23
DL06519,O06519,D0054,4.81,42,High,Cloudy,80.3,55.94
DL06520,O06520,D0281,14.1,43,Low,Rainy,110.3,58.59
DL06521,O06521,D0472,6.22,39,Medium,Cloudy,86.0,27.58
DL06522,O06522,D0157,1.79,24,Low,Clear,40.6,38.97
DL06523,O06523,D0163,12.16,41,Medium,Rainy,114.9,63.31
DL06524,O06524,D0052,10.99,35,Medium,Clear,86.9,242.62
DL06525,O06525,D0116,5.31,17,Low,Clear,33.5,6.12
DL06526,O06526,D0497,6.2,35,Low,Clear,60.5,144.73
DL06527,O06527,D0124,7.88,26,Medium,Cloudy,77.9,18.41
DL06528,O06528,D0213,3.0,39,Low,Cloudy,65.1,27.16
DL06529,O06529,D0396,14.89,44,Medium,Rainy,125.5,113.57
DL06530,O06530,D0493,6.29,21,Low,Clear,53.0,77.65
DL06531,O06531,D0176,13.01,15,High,Clear,86.3,53.0
DL06532,O06532,D0499,12.6,38,Medium,Clear,100.4,63.42
DL06533,O06533,D0263,4.71,23,Medium,Cloudy,65.4,31.5
DL06534,O06534,D0199,2.11,10,Medium,Clear,43.3,165.67
DL06535,O06535,D0085,7.27,36,Medium,Rainy,96.7,162.58
DL06536,O06536,D0053,4.06,15,Medium,Rainy,61.9,15.92
DL06537,O06537,D0337,6.31,42,High,Clear,97.1,202.73
DL06538,O06538,D0239,13.86,40,Medium,Cloudy,112.5,275.71
DL06539,O06539,D0068,9.19,41,Medium,Clear,90.7,65.48
DL06540,O06540,D0173,6.91,42,High,Clear,97.7,15.33
DL06541,O06541,D0113,9.31,29,Medium,Clear,76.4,160.9
DL06542,O06542,D0289,2.46,14,Low,Cloudy,31.8,86.86
DL06543,O06543,D0456,11.65,26,Medium,Clear,88.1,78.53
DL06544,O06544,D0185,8.93,42,High,Clear,105.8,98.59
DL06545,O06545,D0274,14.58,32,Low,Rainy,91.0,211.51
DL06546,O06546,D0144,6.52,15,High,Clear,61.6,61.46
DL06547,O06547,D0095,3.62,38,High,Rainy,98.4,28.63
DL06548,O06548,D0048,3.51,13,Medium,Cloudy,39.5,155.6
DL06549,O06549,D0297,13.0,16,Low,Clear,73.3,52.12
DL06550,O06550,D0081,7.45,24,Medium,Clear,75.6,17.57
DL06551,O06551,D0319,5.08,30,Medium,Clear,58.2,75.64
DL06552,O06552,D0157,12.04,25,High,Rainy,109.7,16.27
DL06553,O06553,D0233,11.32,15,Low,Clear,56.2,124.75
DL06554,O06554,D0273,13.74,22,High,Cloudy,97.2,67.58
DL06555,O06555,D0026,13.13,17,Low,Cloudy,63.8,41.67
DL06556,O06556,D0458,2.37,42,High,Clear,81.2,22.92
DL06557,O06557,D0079,3.4,12,Low,Cloudy,39.0,49.09
DL06558,O06558,D0159,7.45,32,Low,Clear,62.5,108.51
DL06559,O06559,D0424,13.53,17,Low,Clear,74.9,62.52
DL06560,O06560,D0049,11.45,29,Medium,Clear,93.7,155.95
DL06561,O06561,D0392,2.82,39,Medium,Rainy,81.5,123.16
DL06562,O06562,D0177,3.66,20,Medium,Rainy,60.0,202.09
DL06563,O06563,D0192,7.5,29,Medium,Clear,61.5,18.34
DL06564,O06564,D0173,10.64,11,Low,Cloudy,66.8,27.71
DL06565,O06565,D0168,3.74,43,High,Cloudy,87.6,193.27
DL06566,O06566,D0125,2.17,26,Low,Clear,42.6,113.23
DL06567,O06567,D0258,1.26,24,Medium,Cloudy,49.8,33.03
DL06568,O06568,D0181,2.83,10,Medium,Clear,35.3,167.62
DL06569,O06569,D0207,6.74,14,Medium,Clear,57.1,64.09
DL06570,O06570,D0055,13.1,43,Low,Rainy,106.5,108.31
DL06571,O06571,D0152,1.57,14,Low,Clear,20.4,66.67
DL06572,O06572,D0156,10.52,17,High,Clear,80.0,74.33
DL06573,O06573,D0262,2.88,13,High,Clear,47.0,48.7
DL06574,O06574,D0424,7.88,21,Medium,Clear,68.2,105.45
DL06575,O06575,D0451,5.02,39,Low,Cloudy,66.6,260.23
DL06576,O06576,D0464,12.74,28,High,Rainy,107.1,18.75
DL06577,O06577,D0247,10.3,31,High,Clear,88.7,30.19
DL06578,O06578,D0119,5.16,37,Medium,Clear,64.0,23.84
DL06579,O06579,D0194,8.05,39,Medium,Cloudy,91.2,86.93
DL06580,O06580,D0266,11.59,15,High,Rainy,103.1,53.83
DL06581,O06581,D0253,13.14,29,Low,Clear,81.7,10.62
DL06582,O06582,D0003,9.67,24,Medium,Cloudy,78.0,115.22
DL06583,O06583,D0248,9.6,17,High,Cloudy,80.4,34.83
DL06584,O06584,D0139,2.44,37,Medium,Rainy,77.2,193.54
DL06585,O06585,D0111,8.3,20,High,Clear,69.2,156.62
DL06586,O06586,D0153,12.41,15,Medium,Rainy,93.1,144.9
DL06587,O06587,D0322,10.55,36,Low,Cloudy,80.2,13.45
DL06588,O06588,D0137,1.67,20,Low,Clear,34.9,11.23
DL06589,O06589,D0189,10.79,28,Low,Clear,79.5,74.19
DL06590,O06590,D0211,6.64,21,High,Cloudy,74.4,160.91
DL06591,O06591,D0241,10.58,26,High,Cloudy,94.4,22.72
DL06592,O06592,D0187,12.36,17,High,Clear,96.3,83.09
DL06593,O06593,D0094,3.44,40,Medium,Rainy,82.8,44.6
DL06594,O06594,D0129,13.19,28,Low,Rainy,97.5,121.23
DL06595,O06595,D0407,3.72,29,Low,Rainy,63.3,149.78
DL06596,O06596,D0488,5.02,11,Low,Rainy,56.6,45.66
DL06597,O06597,D0129,10.53,15,High,Clear,79.8,27.33
DL06598,O06598,D0011,11.18,36,Low,Cloudy,97.6,220.38
DL06599,O06599,D0208,6.96,27,High,Rainy,85.1,179.77
DL06600,O06600,D0029,2.58,29,High,Clear,63.8,218.38
DL06601,O06601,D0103,13.84,18,Low,Cloudy,69.4,61.28
DL06602,O06602,D0239,5.85,12,High,Clear,58.8,104.62
DL06603,O06603,D0007,14.54,27,High,Rainy,120.3,67.54
DL06604,O06604,D0166,12.89,21,Medium,Clear,70.6,63.95
DL06605,O06605,D0004,5.14,28,Medium,Clear,65.9,148.05
DL06606,O06606,D0228,11.47,35,Medium,Cloudy,94.8,67.5
DL06607,O06607,D0266,4.83,42,Medium,Clear,75.8,49.27
DL06608,O06608,D0054,1.35,42,Medium,Rainy,80.0,158.77
DL06609,O06609,D0252,4.68,15,High,Rainy,68.3,276.57
DL06610,O06610,D0248,3.24,18,Low,Clear,52.4,107.7
DL06611,O06611,D0472,5.31,19,Low,Clear,34.2,4.8
DL06612,O06612,D0414,7.69,36,Medium,Clear,79.0,99.09
DL06613,O06613,D0499,3.11,26,Low,Clear,47.0,215.56
DL06614,O06614,D0266,2.36,29,High,Clear,68.3,16.15
DL06615,O06615,D0236,8.12,22,Medium,Cloudy,76.7,201.14
DL06616,O06616,D0438,5.87,40,Medium,Clear,78.6,36.98
DL06617,O06617,D0116,7.26,26,High,Clear,86.1,151.64
DL06618,O06618,D0041,14.86,20,Low,Clear,70.3,155.0
DL06619,O06619,D0263,5.92,36,Low,Clear,68.5,20.87
DL06620,O06620,D0184,9.45,22,High,Clear,77.3,90.21
DL06621,O06621,D0481,7.77,24,Medium,Rainy,78.3,61.03
DL06622,O06622,D0020,11.32,31,High,Clear,98.8,74.58
DL06623,O06623,D0262,14.79,34,High,Cloudy,110.2,53.69
DL06624,O06624,D0342,8.33,28,Medium,Rainy,68.1,105.74
DL06625,O06625,D0254,5.91,38,Medium,Rainy,93.8,88.82
DL06626,O06626,D0016,3.27,32,High,Clear,70.9,180.72
DL06627,O06627,D0272,12.37,28,Low,Clear,83.7,29.45
DL06628,O06628,D0098,2.03,12,Medium,Clear,40.6,17.76
DL06629,O06629,D0407,9.14,28,Low,Clear,66.7,9.46
DL06630,O06630,D0003,11.69,22,Medium,Clear,81.4,18.05
DL06631,O06631,D0342,3.69,42,Low,Clear,60.4,38.98
DL06632,O06632,D0284,7.73,33,Medium,Clear,85.3,211.95
DL06633,O06633,D0403,6.56,44,High,Cloudy,98.8,21.79
DL06634,O06634,D0102,3.95,42,High,Cloudy,86.7,54.86
DL06635,O06635,D0058,13.35,11,High,Clear,84.8,38.92
DL06636,O06636,D0189,8.45,28,Low,Clear,66.0,177.66
DL06637,O06637,D0106,12.99,42,Medium,Clear,98.6,49.08
DL06638,O06638,D0168,12.92,36,Medium,Clear,98.6,129.82
DL06639,O06639,D0085,14.72,11,Low,Clear,62.1,16.13
DL06640,O06640,D0481,13.87,42,Low,Clear,96.0,145.72
DL06641,O06641,D0387,11.26,16,Low,Rainy,66.8,38.66
DL06642,O06642,D0033,10.46,19,Medium,Rainy,86.0,142.38
DL06643,O06643,D0392,3.3,37,High,Rainy,88.1,41.43
DL06644,O06644,D0423,7.01,34,Medium,Rainy,85.0,140.01
DL06645,O06645,D0459,8.89,40,High,Rainy,106.3,44.52
DL06646,O06646,D0426,1.87,22,Low,Clear,31.4,39.74
DL06647,O06647,D0220,3.17,40,Low,Clear,60.8,98.61
DL06648,O06648,D0284,9.97,38,High,Clear,100.8,36.05
DL06649,O06649,D0413,3.06,18,Medium,Rainy,64.8,26.69
DL06650,O06650,D0276,5.74,40,Medium,Cloudy,78.3,79.53
DL06651,O06651,D0491,1.52,38,Medium,Clear,62.6,189.38
DL06652,O06652,D0223,3.38,13,Medium,Rainy,60.0,146.99
DL06653,O06653,D0180,8.76,26,High,Clear,88.6,85.58
DL06654,O06654,D0337,9.99,26,Medium,Cloudy,92.3,157.31
DL06655,O06655,D0078,2.44,28,High,Cloudy,67.0,122.92
DL06656,O06656,D0164,4.38,12,High,Clear,59.2,46.52
DL06657,O06657,D0225,6.54,42,Medium,Cloudy,82.7,119.45
DL06658,O06658,D0277,10.55,27,Medium,Clear,72.2,92.39
DL06659,O06659,D0037,2.05,30,High,Cloudy,65.9,43.75
DL06660,O06660,D0482,7.28,33,High,Clear,86.1,108.51
DL06661,O06661,D0362,11.31,25,Low,Rainy,83.7,41.9
DL06662,O06662,D0274,2.97,40,Medium,Cloudy,76.9,114.9
DL06663,O06663,D0457,8.64,12,High,Clear,54.8,19.46
DL06664,O06664,D0018,7.17,26,Low,Cloudy,63.0,55.29
DL06665,O06665,D0197,6.47,42,Medium,Clear,77.1,143.6
DL06666,O06666,D0076,14.07,16,High,Clear,77.1,261.45
DL06667,O06667,D0249,6.54,31,Low,Clear,57.6,56.71
DL06668,O06668,D0112,7.25,16,Medium,Clear,55.6,115.6
DL06669,O06669,D0312,1.87,42,High,Rainy,101.9,128.33
DL06670,O06670,D0450,6.11,14,Medium,Clear,49.0,53.8
DL06671,O06671,D0002,8.33,22,Medium,Clear,63.0,188.9
DL06672,O06672,D0277,1.13,39,Medium,Clear,60.9,15.74
DL06673,O06673,D0272,1.69,19,High,Rainy,80.7,236.93
DL06674,O06674,D0164,4.35,23,Medium,Clear,67.6,34.98
DL06675,O06675,D0099,11.39,16,Medium,Rainy,82.8,277.3
DL06676,O06676,D0084,11.97,40,Low,Cloudy,85.9,154.56
DL06677,O06677,D0290,12.22,13,Medium,Clear,71.1,37.5
DL06678,O06678,D0098,9.03,13,Medium,Cloudy,62.2,51.8
DL06679,O06679,D0020,12.7,23,Low,Clear,80.2,41.55
DL06680,O06680,D0076,2.92,24,Medium,Clear,61.2,34.58
DL06681,O06681,D0237,13.93,44,Low,Cloudy,96.5,45.89
DL06682,O06682,D0371,12.29,43,Medium,Cloudy,104.4,35.18
DL06683,O06683,D0151,9.39,23,Medium,Cloudy,75.4,47.73
DL06684,O06684,D0289,9.13,22,Low,Clear,57.5,28.56
DL06685,O06685,D0135,2.56,33,Medium,Clear,61.2,106.35
DL06686,O06686,D0051,12.21,32,Low,Rainy,90.4,146.59
DL06687,O06687,D0173,7.98,25,Low,Clear,64.0,160.1
DL06688,O06688,D0452,12.5,44,Medium,Cloudy,114.2,38.39
DL06689,O06689,D0048,5.42,36,Medium,Clear,77.3,129.35
DL06690,O06690,D0114,1.71,43,High,Cloudy,78.8,62.2
DL06691,O06691,D0383,8.08,30,High,Rainy,99.1,22.35
DL06692,O06692,D0079,13.34,17,Medium,Clear,77.7,55.11
DL06693,O06693,D0331,2.24,42,Low,Clear,61.7,14.36
DL06694,O06694,D0255,6.76,37,Medium,Rainy,88.2,118.98
DL06695,O06695,D0325,12.68,36,Low,Cloudy,85.5,177.51
DL06696,O06696,D0192,4.2,26,Low,Rainy,62.6,94.81
DL06697,O06697,D0248,4.67,23,Low,Clear,44.2,104.43
DL06698,O06698,D0270,9.7,39,Low,Clear,85.6,79.4
DL06699,O06699,D0235,13.1,26,Low,Clear,83.7,260.59
DL06700,O06700,D0434,9.08,12,Low,Clear,53.2,46.21
DL06701,O06701,D0360,2.43,15,Low,Rainy,49.5,37.39
DL06702,O06702,D0393,14.01,34,Medium,Clear,101.8,8.1
DL06703,O06703,D0044,8.49,15,High,Rainy,85.3,28.62
DL06704,O06704,D0224,5.8,12,High,Cloudy,68.1,71.08
DL06705,O06705,D0021,11.55,44,Medium,Clear,89.1,91.5
DL06706,O06706,D0217,10.68,28,High,Clear,91.5,55.91
DL06707,O06707,D0192,5.29,20,Medium,Clear,57.5,75.87
DL06708,O06708,D0056,12.98,24,Medium,Rainy,93.2,71.05
DL06709,O06709,D0466,2.18,41,Low,Clear,62.7,27.74
DL06710,O06710,D0011,13.31,40,Low,Cloudy,89.9,36.38
DL06711,O06711,D0357,2.41,31,Low,Clear,40.9,226.92
DL06712,O06712,D0479,1.51,16,Low,Clear,34.6,212.1
DL06713,O06713,D0382,13.11,10,Low,Clear,60.6,81.88
DL06714,O06714,D0057,1.92,41,Low,Cloudy,61.9,80.17
DL06715,O06715,D0223,14.88,30,Medium,Rainy,108.6,30.47
DL06716,O06716,D0105,2.15,43,Medium,Cloudy,79.3,56.11
DL06717,O06717,D0488,12.6,17,Medium,Clear,70.0,117.76
DL06718,O06718,D0466,14.5,36,Medium,Cloudy,107.3,163.07
DL06719,O06719,D0214,9.02,32,Medium,Clear,72.8,50.1
DL06720,O06720,D0081,3.37,25,Low,Cloudy,48.4,47.97
DL06721,O06721,D0109,3.26,23,Medium,Clear,55.4,27.29
DL06722,O06722,D0343,11.64,34,High,Cloudy,102.8,20.26
DL06723,O06723,D0038,1.94,14,High,Clear,51.3,13.16
DL06724,O06724,D0120,10.6,12,Medium,Clear,67.7,9.34
DL06725,O06725,D0156,5.03,13,Medium,Rainy,64.4,35.31
DL06726,O06726,D0007,13.97,20,Low,Clear,69.4,51.9
DL06727,O06727,D0418,8.75,17,Medium,Clear,57.6,54.26
DL06728,O06728,D0130,4.11,42,Low,Cloudy,67.4,42.09
DL06729,O06729,D0044,12.85,31,Medium,Clear,99.4,95.92
DL06730,O06730,D0194,14.77,24,High,Clear,93.3,60.16
DL06731,O06731,D0150,11.42,21,High,Cloudy,85.5,41.78
DL06732,O06732,D0442,10.77,33,Medium,Rainy,89.0,127.4
DL06733,O06733,D0248,13.0,16,High,Cloudy,88.0,38.08
DL06734,O06734,D0385,1.28,33,Medium,Clear,56.0,77.46
DL06735,O06735,D0098,13.44,23,Medium,Rainy,93.3,9.05
DL06736,O06736,D0037,4.5,22,Low,Clear,39.5,218.9
DL06737,O06737,D0313,9.27,19,Low,Cloudy,57.9,64.72
DL06738,O06738,D0139,7.26,10,High,Clear,56.1,11.37
DL06739,O06739,D0061,7.07,14,Medium,Clear,51.3,6.02
DL06740,O06740,D0475,7.31,43,Medium,Rainy,100.6,35.17
DL06741,O06741,D0142,10.57,17,High,Rainy,93.4,55.4
DL06742,O06742,D0072,10.46,23,Medium,Clear,70.5,266.97
DL06743,O06743,D0081,6.26,26,High,Clear,69.8,11.16
DL06744,O06744,D0077,14.9,31,Low,Rainy,104.2,174.99
DL06745,O06745,D0232,14.53,10,High,Clear,70.0,30.27
DL06746,O06746,D0367,3.2,21,High,Clear,65.2,73.24
DL06747,O06747,D0263,10.63,39,High,Clear,110.0,111.81
DL06748,O06748,D0079,8.17,38,Medium,Clear,80.3,23.06
DL06749,O06749,D0425,4.79,25,Low,Clear,45.6,16.88
DL06750,O06750,D0110,12.32,11,Low,Rainy,85.0,112.42
DL06751,O06751,D0271,4.14,24,Low,Clear,49.4,10.82
DL06752,O06752,D0235,10.38,17,Medium,Clear,60.2,15.83
DL06753,O06753,D0228,11.3,15,Medium,Clear,67.7,35.54
DL06754,O06754,D0206,6.64,14,Medium,Clear,48.6,191.27
DL06755,O06755,D0094,1.53,23,Medium,Clear,45.6,155.43
DL06756,O06756,D0190,5.48,13,Low,Rainy,50.4,180.05
DL06757,O06757,D0186,12.33,12,Low,Clear,65.1,152.21
DL06758,O06758,D0118,10.42,41,Low,Rainy,100.2,36.32
DL06759,O06759,D0047,7.79,33,Low,Cloudy,74.7,22.93
DL06760,O06760,D0292,10.97,33,Medium,Cloudy,84.6,229.29
DL06761,O06761,D0127,4.02,39,Low,Clear,58.1,97.06
DL06762,O06762,D0078,13.96,21,Low,Clear,64.9,127.5
DL06763,O06763,D0004,12.75,34,High,Clear,95.7,46.32
DL06764,O06764,D0329,1.45,27,High,Cloudy,68.9,14.72
DL06765,O06765,D0353,10.38,27,Low,Clear,66.5,122.63
DL06766,O06766,D0058,4.88,38,High,Cloudy,85.9,134.92
DL06767,O06767,D0247,7.94,30,High,Cloudy,94.2,23.36
DL06768,O06768,D0188,3.76,11,Medium,Cloudy,52.5,9.62
DL06769,O06769,D0200,11.27,41,Low,Clear,88.9,216.48
DL06770,O06770,D0079,1.63,39,Low,Clear,52.9,34.15
DL06771,O06771,D0230,8.75,37,High,Rainy,106.5,120.29
DL06772,O06772,D0413,2.54,34,Medium,Clear,60.8,38.21
DL06773,O06773,D0321,5.3,38,Medium,Clear,71.7,225.85
DL06774,O06774,D0486,3.71,17,High,Clear,54.5,55.64
DL06775,O06775,D0372,7.07,40,Medium,Cloudy,74.7,70.31
DL06776,O06776,D0155,7.74,11,Medium,Clear,54.2,101.91
DL06777,O06777,D0078,10.23,27,High,Clear,96.8,39.94
DL06778,O06778,D0456,7.3,30,Low,Cloudy,62.7,68.52
DL06779,O06779,D0007,11.15,31,Medium,Cloudy,88.9,96.19
DL06780,O06780,D0088,12.29,39,Medium,Cloudy,101.4,44.8
DL06781,O06781,D0336,14.91,28,High,Cloudy,114.9,142.48
DL06782,O06782,D0193,2.73,30,High,Clear,73.2,130.7
DL06783,O06783,D0234,6.73,23,Low,Clear,51.0,85.92
DL06784,O06784,D0332,4.56,22,Low,Clear,40.1,97.99
DL06785,O06785,D0297,11.15,44,Medium,Cloudy,107.9,22.19
DL06786,O06786,D0074,8.22,28,Medium,Clear,78.7,97.44
DL06787,O06787,D0298,2.56,13,Medium,Clear,40.5,27.89
DL06788,O06788,D0419,1.88,30,Low,Clear,45.8,26.32
DL06789,O06789,D0418,8.01,33,Low,Clear,72.7,160.82
DL06790,O06790,D0393,5.91,22,High,Clear,65.7,61.91
DL06791,O06791,D0305,8.37,31,Medium,Clear,77.3,9.34
DL06792,O06792,D0406,4.48,32,Medium,Clear,57.3,34.84
DL06793,O06793,D0421,6.43,26,Medium,Cloudy,70.0,31.18
DL06794,O06794,D0316,14.64,29,Medium,Cloudy,97.6,25.0
DL06795,O06795,D0012,4.38,41,Low,Clear,59.8,135.69
DL06796,O06796,D0379,1.33,24,Medium,Cloudy,47.9,89.14
DL06797,O06797,D0292,13.92,20,Low,Clear,68.0,43.76
DL06798,O06798,D0298,12.25,13,Low,Clear,51.9,13.95
DL06799,O06799,D0352,7.36,26,Medium,Clear,60.9,114.53
DL06800,O06800,D0383,8.45,38,Medium,Clear,85.4,191.41
DL06801,O06801,D0081,5.7,24,Medium,Cloudy,68.7,31.36
DL06802,O06802,D0386,3.0,37,Medium,Clear,69.3,57.52
DL06803,O06803,D0415,4.75,32,Medium,Cloudy,82.1,41.33
DL06804,O06804,D0276,6.01,12,High,Clear,62.8,27.98
DL06805,O06805,D0374,8.78,30,High,Rainy,99.8,192.29
DL06806,O06806,D0038,4.95,38,Low,Clear,67.8,44.53
DL06807,O06807,D0133,5.52,25,Low,Rainy,64.4,133.39
DL06808,O06808,D0200,8.67,33,Medium,Clear,87.6,233.43
DL06809,O06809,D0272,4.95,41,Medium,Cloudy,84.3,40.22
DL06810,O06810,D0060,14.61,40,Medium,Clear,115.2,30.91
DL06811,O06811,D0096,7.25,43,Low,Clear,69.8,178.99
DL06812,O06812,D0003,12.31,30,Medium,Cloudy,90.6,178.14
DL06813,O06813,D0201,10.53,22,High,Clear,85.4,44.3
DL06814,O06814,D0122,2.89,34,Medium,Clear,69.1,23.56
DL06815,O06815,D0228,11.95,15,Low,Rainy,71.0,61.71
DL06816,O06816,D0033,4.47,31,Medium,Clear,67.7,56.84
DL06817,O06817,D0326,13.48,24,Medium,Clear,86.8,2.8
DL06818,O06818,D0096,11.11,27,Medium,Rainy,93.2,11.65
DL06819,O06819,D0274,11.04,40,Medium,Rainy,98.1,23.7
DL06820,O06820,D0260,5.28,20,Medium,Clear,65.9,121.49
DL06821,O06821,D0172,6.5,34,High,Rainy,97.7,104.39
DL06822,O06822,D0238,11.24,34,Medium,Clear,83.4,47.6
DL06823,O06823,D0348,6.09,27,Medium,Rainy,77.3,66.93
DL06824,O06824,D0163,7.34,44,Medium,Clear,87.6,23.0
DL06825,O06825,D0371,8.82,23,High,Cloudy,84.7,53.96
DL06826,O06826,D0098,5.18,29,Medium,Clear,62.2,86.33
DL06827,O06827,D0376,11.69,43,Low,Cloudy,96.2,51.1
DL06828,O06828,D0034,4.84,35,Medium,Clear,68.1,55.28
DL06829,O06829,D0113,1.74,29,Medium,Rainy,61.0,33.39
DL06830,O06830,D0165,12.01,17,Low,Cloudy,71.8,31.63
DL06831,O06831,D0481,6.2,32,Low,Rainy,71.7,54.28
DL06832,O06832,D0400,12.84,44,Low,Cloudy,95.6,48.7
DL06833,O06833,D0230,9.73,21,Low,Cloudy,61.5,126.28
DL06834,O06834,D0485,12.63,12,Low,Cloudy,64.4,27.68
DL06835,O06835,D0188,6.34,16,High,Clear,59.9,9.57
DL06836,O06836,D0108,8.83,29,Low,Cloudy,69.7,171.54
DL06837,O06837,D0209,1.18,33,Low,Rainy,67.2,56.74
DL06838,O06838,D0279,4.6,34,High,Rainy,99.5,87.79
DL06839,O06839,D0395,13.24,28,High,Clear,92.9,198.82
DL06840,O06840,D0115,7.17,36,Medium,Clear,79.7,205.63
DL06841,O06841,D0034,9.9,22,Medium,Cloudy,80.2,167.63
DL06842,O06842,D0058,4.92,31,Low,Cloudy,60.8,155.41
DL06843,O06843,D0089,12.94,32,High,Clear,98.5,11.3
DL06844,O06844,D0304,9.31,29,High,Clear,80.7,77.46
DL06845,O06845,D0467,13.71,39,Medium,Cloudy,109.3,217.0
DL06846,O06846,D0072,4.41,28,Medium,Clear,65.1,61.43
DL06847,O06847,D0068,11.18,36,Medium,Cloudy,93.6,80.11
DL06848,O06848,D0134,1.29,11,Low,Rainy,37.0,41.23
DL06849,O06849,D0088,9.37,43,Medium,Cloudy,92.3,62.94
DL06850,O06850,D0212,5.22,18,Medium,Rainy,56.8,18.59
DL06851,O06851,D0259,2.72,30,Low,Clear,42.8,29.53
DL06852,O06852,D0361,9.77,29,Medium,Clear,79.0,37.56
DL06853,O06853,D0314,1.41,17,High,Clear,49.5,91.36
DL06854,O06854,D0023,3.19,30,Medium,Rainy,61.7,15.29
DL06855,O06855,D0185,6.19,25,Low,Clear,60.6,86.35
DL06856,O06856,D0083,7.26,10,High,Clear,55.4,35.63
DL06857,O06857,D0129,13.72,11,Medium,Cloudy,78.8,182.12
DL06858,O06858,D0259,5.69,14,Medium,Clear,60.4,45.6
DL06859,O06859,D0279,1.72,44,Medium,Cloudy,73.1,210.19
DL06860,O06860,D0001,14.47,19,Low,Clear,75.4,72.73
DL06861,O06861,D0367,12.63,19,Medium,Clear,81.0,190.47
DL06862,O06862,D0005,4.18,35,Medium,Cloudy,66.3,118.99
DL06863,O06863,D0156,8.22,24,High,Clear,80.0,224.08
DL06864,O06864,D0496,3.18,12,Medium,Cloudy,40.6,148.04
DL06865,O06865,D0069,14.38,24,Medium,Rainy,98.0,26.88
DL06866,O06866,D0083,8.23,25,Medium,Clear,67.7,33.88
DL06867,O06867,D0300,7.6,32,Medium,Rainy,84.7,127.96
DL06868,O06868,D0397,12.6,28,High,Rainy,107.7,71.53
DL06869,O06869,D0478,2.81,19,Medium,Clear,44.9,96.58
DL06870,O06870,D0200,4.7,13,Low,Clear,37.8,23.26
DL06871,O06871,D0081,11.26,42,Low,Rainy,102.4,139.38
DL06872,O06872,D0281,9.6,22,High,Clear,87.0,118.28
DL06873,O06873,D0076,3.23,20,High,Clear,58.9,68.21
DL06874,O06874,D0238,3.95,17,Medium,Clear,49.7,198.41
DL06875,O06875,D0285,13.32,38,Medium,Rainy,123.2,49.53
DL06876,O06876,D0235,12.53,43,Medium,Clear,98.9,190.3
DL06877,O06877,D0375,1.21,30,Medium,Clear,62.9,193.92
DL06878,O06878,D0385,14.32,27,High,Clear,105.1,86.74
DL06879,O06879,D0450,9.14,38,High,Clear,94.7,14.59
DL06880,O06880,D0496,7.6,39,Medium,Clear,74.5,73.59
DL06881,O06881,D0290,5.98,26,High,Clear,72.6,32.95
DL06882,O06882,D0059,6.26,32,Low,Cloudy,57.5,43.74
DL06883,O06883,D0225,7.92,15,Medium,Clear,59.1,150.28
DL06884,O06884,D0449,3.95,36,Low,Clear,69.2,50.21
DL06885,O06885,D0202,2.84,44,High,Cloudy,86.0,182.23
DL06886,O06886,D0210,8.85,34,High,Clear,94.1,84.03
DL06887,O06887,D0022,7.34,12,Medium,Cloudy,57.9,242.24
DL06888,O06888,D0181,10.48,44,High,Clear,111.2,76.87
DL06889,O06889,D0031,7.9,13,Medium,Cloudy,56.0,158.18
DL06890,O06890,D0322,6.49,14,Medium,Clear,53.3,18.39
DL06891,O06891,D0215,5.81,10,Medium,Rainy,55.8,67.43
DL06892,O06892,D0259,9.08,40,Medium,Rainy,109.2,68.5
DL06893,O06893,D0174,4.9,18,Low,Clear,42.9,27.99
DL06894,O06894,D0428,12.45,36,Low,Clear,85.9,24.94
DL06895,O06895,D0377,12.11,25,High,Rainy,108.9,47.66
DL06896,O06896,D0344,10.01,15,High,Clear,67.6,74.41
DL06897,O06897,D0217,6.4,33,High,Clear,75.7,33.33
DL06898,O06898,D0169,9.43,34,High,Cloudy,100.4,35.29
DL06899,O06899,D0013,9.71,43,Medium,Clear,94.0,48.15
DL06900,O06900,D0010,10.48,44,High,Clear,107.4,107.67
DL06901,O06901,D0062,6.34,30,Low,Clear,62.8,7.75
DL06902,O06902,D0390,6.85,41,High,Clear,90.6,29.28
DL06903,O06903,D0453,13.75,22,High,Clear,90.6,160.87
DL06904,O06904,D0434,2.55,39,Medium,Clear,59.3,17.27
DL06905,O06905,D0423,2.84,21,Medium,Clear,56.6,23.05
DL06906,O06906,D0464,14.87,42,Low,Clear,97.0,191.88
DL06907,O06907,D0427,9.73,39,High,Clear,90.2,105.93
DL06908,O06908,D0341,7.42,32,Medium,Clear,68.7,91.54
DL06909,O06909,D0298,2.68,34,Medium,Clear,61.4,58.76
DL06910,O06910,D0379,10.02,39,Medium,Clear,90.1,227.59
DL06911,O06911,D0296,11.86,41,High,Clear,112.5,17.93
DL06912,O06912,D0389,8.44,39,Low,Cloudy,82.2,76.24
DL06913,O06913,D0225,1.69,37,Low,Clear,45.5,84.18
DL06914,O06914,D0067,8.15,11,Low,Clear,45.9,132.38
DL06915,O06915,D0317,3.14,19,Medium,Clear,46.9,186.67
DL06916,O06916,D0015,7.05,18,Medium,Rainy,73.4,112.23
DL06917,O06917,D0394,5.1,16,Medium,Clear,56.2,100.07
DL06918,O06918,D0001,2.83,21,Low,Cloudy,51.2,82.89
DL06919,O06919,D0319,1.66,43,High,Clear,84.7,211.63
DL06920,O06920,D0330,9.38,24,Medium,Clear,73.1,77.18
DL06921,O06921,D0272,9.02,21,High,Clear,81.3,120.13
DL06922,O06922,D0351,3.24,15,High,Cloudy,60.5,147.69
DL06923,O06923,D0492,13.85,35,Low,Clear,83.9,9.76
DL06924,O06924,D0028,13.24,14,Low,Cloudy,62.9,70.95
DL06925,O06925,D0037,4.77,19,Medium,Rainy,62.1,14.12
DL06926,O06926,D0347,8.06,30,Low,Clear,66.5,36.79
DL06927,O06927,D0054,8.09,37,Medium,Rainy,98.5,93.53
DL06928,O06928,D0119,3.52,20,Low,Clear,43.0,188.65
DL06929,O06929,D0395,6.54,23,Medium,Clear,66.6,109.26
DL06930,O06930,D0213,9.93,25,Medium,Rainy,97.1,86.92
DL06931,O06931,D0293,8.01,30,Medium,Cloudy,81.2,23.18
DL06932,O06932,D0422,6.34,23,Medium,Clear,60.4,41.09
DL06933,O06933,D0249,7.14,21,Low,Clear,45.5,120.97
DL06934,O06934,D0418,10.0,35,High,Clear,96.9,86.44
DL06935,O06935,D0150,13.89,18,Low,Clear,66.2,72.29
DL06936,O06936,D0458,13.85,12,Low,Clear,60.0,111.26
DL06937,O06937,D0439,12.82,33,Medium,Clear,89.4,40.23
DL06938,O06938,D0132,7.28,28,High,Clear,81.9,76.61
DL06939,O06939,D0044,14.87,21,Low,Clear,76.5,55.21
DL06940,O06940,D0133,3.22,11,Medium,Cloudy,53.1,98.55
DL06941,O06941,D0471,7.47,37,Medium,Clear,77.2,59.59
DL06942,O06942,D0255,8.56,10,Low,Clear,38.9,204.24
DL06943,O06943,D0208,14.63,38,High,Clear,106.0,138.75
DL06944,O06944,D0184,7.73,12,High,Clear,56.3,237.55
DL06945,O06945,D0403,10.14,32,Low,Rainy,91.0,114.92
DL06946,O06946,D0015,4.28,17,Low,Clear,43.7,98.43
DL06947,O06947,D0307,8.33,23,Low,Rainy,69.5,204.33
DL06948,O06948,D0153,10.2,37,High,Cloudy,99.8,31.74
DL06949,O06949,D0204,4.19,30,Medium,Rainy,79.2,50.87
DL06950,O06950,D0481,8.31,12,High,Cloudy,66.0,118.48
DL06951,O06951,D0362,10.21,23,Medium,Rainy,84.1,13.93
DL06952,O06952,D0072,4.88,28,Low,Clear,53.6,54.43
DL06953,O06953,D0181,7.52,13,Medium,Rainy,74.7,129.08
DL06954,O06954,D0067,12.4,32,Medium,Clear,87.4,72.35
DL06955,O06955,D0172,8.53,16,Low,Clear,43.5,99.75
DL06956,O06956,D0487,4.01,25,Low,Clear,46.6,27.5
DL06957,O06957,D0500,4.0,10,Medium,Clear,40.3,174.13
DL06958,O06958,D0294,10.89,29,Medium,Cloudy,83.6,151.13
DL06959,O06959,D0189,4.95,35,Low,Cloudy,66.7,98.2
DL06960,O06960,D0069,1.34,13,High,Clear,47.9,81.12
DL06961,O06961,D0046,12.93,27,Medium,Clear,77.8,41.34
DL06962,O06962,D0103,1.26,26,Low,Clear,34.2,45.19
DL06963,O06963,D0239,8.69,31,Medium,Clear,78.3,88.29
DL06964,O06964,D0112,4.12,43,Medium,Clear,76.2,138.19
DL06965,O06965,D0316,11.88,17,Medium,Clear,73.7,30.92
DL06966,O06966,D0032,2.94,35,Medium,Cloudy,68.8,170.24
DL06967,O06967,D0252,12.97,12,Low,Clear,61.8,121.28
DL06968,O06968,D0407,8.99,34,Medium,Clear,79.7,41.89
DL06969,O06969,D0403,3.37,24,Low,Rainy,60.9,17.83
DL06970,O06970,D0027,10.08,16,Medium,Clear,60.7,7.36
DL06971,O06971,D0469,1.41,40,Low,Cloudy,56.4,29.48
DL06972,O06972,D0290,9.41,24,Medium,Clear,73.6,114.63
DL06973,O06973,D0322,11.43,22,High,Cloudy,99.4,92.26
DL06974,O06974,D0117,7.72,31,Low,Clear,60.4,15.1
DL06975,O06975,D0309,3.09,32,Low,Cloudy,49.0,80.88
DL06976,O06976,D0137,3.76,12,Medium,Cloudy,46.3,52.67
DL06977,O06977,D0159,3.05,29,Medium,Clear,57.9,66.8
DL06978,O06978,D0312,6.66,28,High,Clear,75.3,43.62
DL06979,O06979,D0352,3.48,39,Medium,Clear,75.7,126.86
DL06980,O06980,D0376,5.2,41,Medium,Rainy,90.0,69.88
DL06981,O06981,D0074,2.92,39,High,Clear,76.3,117.97
DL06982,O06982,D0420,3.48,33,Medium,Cloudy,72.4,90.11
DL06983,O06983,D0409,14.08,21,Medium,Clear,86.4,54.99
DL06984,O06984,D0385,1.2,26,Medium,Clear,58.0,19.16
DL06985,O06985,D0214,8.32,18,Medium,Cloudy,65.2,122.21
DL06986,O06986,D0389,7.03,24,Medium,Cloudy,72.2,90.78
DL06987,O06987,D0051,4.94,34,Low,Cloudy,65.8,253.7
DL06988,O06988,D0161,12.17,21,Medium,Rainy,98.6,253.44
DL06989,O06989,D0437,4.07,23,Low,Rainy,58.0,164.46
DL06990,O06990,D0337,13.49,29,Medium,Rainy,111.8,138.32
DL06991,O06991,D0470,10.56,36,High,Clear,102.3,17.55
DL06992,O06992,D0467,10.29,39,Medium,Clear,95.4,11.63
DL06993,O06993,D0189,14.48,34,High,Clear,104.4,51.9
DL06994,O06994,D0419,13.12,37,Medium,Cloudy,101.2,48.03
DL06995,O06995,D0419,7.82,26,High,Clear,78.5,58.38
DL06996,O06996,D0236,9.08,35,Medium,Rainy,91.8,43.42
DL06997,O06997,D0083,11.86,16,Low,Clear,62.8,14.05
DL06998,O06998,D0283,3.88,29,Medium,Clear,61.6,105.69
DL06999,O06999,D0139,10.04,17,High,Cloudy,82.9,9.93
DL07000,O07000,D0234,4.82,37,Medium,Clear,71.4,147.36
DL07001,O07001,D0028,1.98,24,Medium,Clear,49.8,97.14
DL07002,O07002,D0138,14.75,26,Medium,Cloudy,95.7,5.96
DL07003,O07003,D0291,10.84,36,High,Clear,98.5,166.51
DL07004,O07004,D0274,10.87,35,Medium,Cloudy,88.9,155.54
DL07005,O07005,D0133,7.16,24,Medium,Clear,65.3,38.72
DL07006,O07006,D0390,3.76,22,Low,Cloudy,48.9,101.91
DL07007,O07007,D0342,13.39,29,High,Cloudy,97.5,126.31
DL07008,O07008,D0158,9.83,26,Low,Cloudy,65.4,73.29
DL07009,O07009,D0338,4.48,34,Medium,Rainy,75.5,211.84
DL07010,O07010,D0493,3.29,30,Medium,Clear,58.4,26.93
DL07011,O07011,D0321,11.39,17,Low,Cloudy,65.4,118.42
DL07012,O07012,D0196,3.48,26,Low,Clear,41.6,63.0
DL07013,O07013,D0190,4.05,43,Low,Rainy,87.0,49.75
DL07014,O07014,D0362,2.42,19,Medium,Rainy,44.0,15.47
DL07015,O07015,D0176,11.53,40,High,Cloudy,110.3,46.19
DL07016,O07016,D0112,9.84,23,High,Clear,74.7,116.47
DL07017,O07017,D0152,6.94,20,Low,Clear,47.4,139.45
DL07018,O07018,D0081,3.47,20,Low,Clear,39.6,161.86
DL07019,O07019,D0171,8.77,38,Medium,Clear,78.4,39.02
DL07020,O07020,D0375,10.05,25,Low,Clear,64.8,30.94
DL07021,O07021,D0341,4.46,28,High,Clear,63.8,214.37
DL07022,O07022,D0200,5.47,31,High,Clear,76.4,33.05
DL07023,O07023,D0494,3.99,33,High,Rainy,86.2,60.23
DL07024,O07024,D0274,5.99,18,Medium,Rainy,79.2,69.11
DL07025,O07025,D0161,4.43,38,High,Rainy,100.8,149.85
DL07026,O07026,D0094,7.81,42,Medium,Clear,89.3,8.33
DL07027,O07027,D0009,14.13,36,High,Clear,115.8,61.25
DL07028,O07028,D0180,4.95,37,High,Clear,76.1,167.81
DL07029,O07029,D0011,6.8,43,Low,Cloudy,75.0,81.27
DL07030,O07030,D0452,6.21,41,High,Rainy,109.9,123.39
DL07031,O07031,D0002,3.78,27,Medium,Cloudy,62.1,273.52
DL07032,O07032,D0283,14.63,35,High,Clear,110.0,37.21
DL07033,O07033,D0402,8.26,25,Low,Cloudy,64.4,146.7
DL07034,O07034,D0357,9.43,41,Low,Clear,84.6,27.05
DL07035,O07035,D0162,3.53,42,High,Clear,83.1,32.97
DL07036,O07036,D0438,12.3,33,High,Clear,97.9,52.02
DL07037,O07037,D0011,13.24,15,Low,Clear,69.5,42.28
DL07038,O07038,D0247,8.13,23,Medium,Rainy,77.1,16.31
DL07039,O07039,D0450,5.45,29,Medium,Rainy,77.3,81.07
DL07040,O07040,D0287,4.59,35,High,Clear,71.7,263.9
DL07041,O07041,D0428,2.25,23,Medium,Clear,49.2,181.81
DL07042,O07042,D0056,6.88,33,High,Clear,86.1,75.36
DL07043,O07043,D0345,9.18,16,High,Rainy,86.8,18.01
DL07044,O07044,D0234,7.58,12,High,Clear,61.5,128.33
DL07045,O07045,D0147,8.33,35,Medium,Rainy,89.3,118.43
DL07046,O07046,D0288,13.47,29,Low,Clear,81.3,198.56
DL07047,O07047,D0420,4.78,34,Medium,Rainy,84.5,270.94
DL07048,O07048,D0071,9.19,39,High,Rainy,113.8,38.75
DL07049,O07049,D0142,3.14,41,High,Rainy,92.8,31.72
DL07050,O07050,D0379,9.8,16,High,Rainy,99.7,67.44
DL07051,O07051,D0173,2.27,30,Medium,Clear,53.7,188.96
DL07052,O07052,D0257,3.01,30,Low,Cloudy,56.8,80.75
DL07053,O07053,D0180,3.23,32,Medium,Cloudy,67.5,109.74
DL07054,O07054,D0289,9.75,21,Medium,Rainy,85.2,132.74
DL07055,O07055,D0162,10.58,13,Medium,Clear,61.2,160.48
DL07056,O07056,D0400,1.15,28,Medium,Clear,43.5,14.95
DL07057,O07057,D0351,12.58,14,Low,Cloudy,61.4,106.92
DL07058,O07058,D0121,12.2,10,High,Clear,75.1,18.49
DL07059,O07059,D0130,4.04,40,Low,Rainy,85.4,164.89
DL07060,O07060,D0190,2.25,11,Medium,Clear,38.1,38.35
DL07061,O07061,D0332,9.15,11,Medium,Clear,57.1,15.36
DL07062,O07062,D0019,13.16,20,High,Cloudy,95.9,14.99
DL07063,O07063,D0399,5.91,18,High,Rainy,79.4,135.8
DL07064,O07064,D0464,14.51,12,Medium,Cloudy,84.3,54.73
DL07065,O07065,D0272,14.64,42,Medium,Rainy,131.7,34.29
DL07066,O07066,D0412,1.21,32,Medium,Clear,48.8,67.64
DL07067,O07067,D0459,10.18,27,Low,Clear,68.5,37.84
DL07068,O07068,D0134,5.91,19,Low,Clear,45.7,74.34
DL07069,O07069,D0283,2.97,40,High,Clear,78.2,141.15
DL07070,O07070,D0209,11.37,25,Medium,Clear,86.4,113.01
DL07071,O07071,D0423,11.02,36,High,Clear,98.9,118.8
DL07072,O07072,D0395,1.71,13,High,Clear,38.1,87.78
DL07073,O07073,D0141,2.95,10,Low,Rainy,50.4,114.21
DL07074,O07074,D0496,2.07,21,Medium,Cloudy,57.2,10.89
DL07075,O07075,D0077,9.32,18,Medium,Clear,63.8,23.94
DL07076,O07076,D0328,5.01,38,High,Clear,82.8,22.82
DL07077,O07077,D0025,8.87,10,High,Clear,61.7,174.77
DL07078,O07078,D0169,10.59,28,Medium,Clear,85.6,118.45
DL07079,O07079,D0124,5.89,22,High,Clear,68.6,68.98
DL07080,O07080,D0165,5.88,18,Medium,Clear,60.6,116.53
DL07081,O07081,D0270,11.48,31,Medium,Clear,82.7,56.28
DL07082,O07082,D0405,5.95,34,Low,Rainy,82.9,106.48
DL07083,O07083,D0043,5.9,18,Low,Clear,52.3,22.08
DL07084,O07084,D0300,9.43,44,Low,Clear,79.1,127.08
DL07085,O07085,D0468,1.98,18,Medium,Clear,35.6,138.29
DL07086,O07086,D0468,5.79,16,Medium,Clear,54.7,81.17
DL07087,O07087,D0298,2.83,26,Low,Clear,46.5,169.45
DL07088,O07088,D0411,13.33,21,Medium,Clear,86.3,226.91
DL07089,O07089,D0033,5.62,18,Medium,Clear,61.0,116.37
DL07090,O07090,D0415,7.55,15,High,Clear,70.6,22.3
DL07091,O07091,D0144,2.22,33,Low,Clear,42.9,100.02
DL07092,O07092,D0135,7.93,28,Medium,Clear,75.5,210.23
DL07093,O07093,D0376,10.21,26,Low,Rainy,82.8,252.63
DL07094,O07094,D0016,1.62,23,Medium,Clear,48.9,150.45
DL07095,O07095,D0046,5.65,10,Medium,Cloudy,48.2,101.14
DL07096,O07096,D0004,8.79,27,Medium,Clear,66.9,37.23
DL07097,O07097,D0003,14.95,39,Medium,Clear,101.7,91.36
DL07098,O07098,D0350,11.73,33,Low,Clear,86.4,19.23
DL07099,O07099,D0275,8.94,25,High,Clear,75.0,41.36
DL07100,O07100,D0347,3.92,27,High,Rainy,87.8,9.14
DL07101,O07101,D0285,14.56,20,Low,Clear,77.2,106.44
DL07102,O07102,D0369,3.82,43,High,Clear,92.4,210.72
DL07103,O07103,D0236,3.17,11,Medium,Cloudy,37.6,47.59
DL07104,O07104,D0337,6.96,36,Medium,Clear,78.8,187.39
DL07105,O07105,D0065,11.36,17,Medium,Clear,78.4,206.2
DL07106,O07106,D0277,2.28,25,High,Cloudy,63.5,168.97
DL07107,O07107,D0225,3.58,24,Low,Clear,51.0,190.74
DL07108,O07108,D0183,9.75,10,Medium,Rainy,72.7,142.45
DL07109,O07109,D0089,1.34,35,Low,Clear,52.9,79.25
DL07110,O07110,D0011,10.24,40,High,Cloudy,102.0,109.56
DL07111,O07111,D0099,1.9,12,Low,Rainy,39.7,68.18
DL07112,O07112,D0420,6.17,10,Medium,Rainy,66.2,47.13
DL07113,O07113,D0039,6.81,13,Medium,Cloudy,59.4,176.76
DL07114,O07114,D0050,10.0,19,Medium,Clear,65.1,64.11
DL07115,O07115,D0284,5.62,42,Medium,Clear,84.6,172.52
DL07116,O07116,D0020,2.32,16,Low,Rainy,53.7,150.16
DL07117,O07117,D0167,2.95,24,Low,Clear,33.7,178.43
DL07118,O07118,D0491,7.18,18,Low,Rainy,61.2,145.82
DL07119,O07119,D0409,9.02,14,Medium,Cloudy,74.7,28.32
DL07120,O07120,D0383,14.1,42,Medium,Rainy,115.9,17.29
DL07121,O07121,D0253,8.77,38,Low,Clear,65.4,229.86
DL07122,O07122,D0174,10.81,34,Low,Clear,84.4,7.43
DL07123,O07123,D0200,3.66,28,Low,Cloudy,48.0,125.97
DL07124,O07124,D0288,14.87,26,Medium,Rainy,95.7,241.0
DL07125,O07125,D0447,3.04,38,Low,Rainy,58.0,193.16
DL07126,O07126,D0212,8.88,30,Low,Rainy,80.2,107.88
DL07127,O07127,D0368,14.26,24,High,Cloudy,107.7,114.89
DL07128,O07128,D0370,7.54,35,Low,Clear,68.7,9.32
DL07129,O07129,D0300,13.64,12,Low,Rainy,83.2,108.07
DL07130,O07130,D0425,9.22,39,Medium,Clear,85.8,29.14
DL07131,O07131,D0084,12.93,26,Medium,Clear,77.0,81.71
DL07132,O07132,D0249,10.99,15,High,Cloudy,86.4,33.52
DL07133,O07133,D0009,9.23,22,High,Cloudy,89.6,105.54
DL07134,O07134,D0373,2.62,16,Medium,Clear,50.5,127.76
DL07135,O07135,D0461,5.08,25,Low,Clear,44.5,84.92
DL07136,O07136,D0038,2.69,14,Medium,Rainy,53.2,96.86
DL07137,O07137,D0470,8.67,26,Low,Rainy,79.1,79.01
DL07138,O07138,D0124,7.13,10,High,Clear,52.8,78.39
DL07139,O07139,D0350,7.02,18,Medium,Cloudy,59.7,72.52
DL07140,O07140,D0037,4.96,22,Medium,Clear,56.5,182.08
DL07141,O07141,D0298,12.44,37,Medium,Clear,95.8,61.34
DL07142,O07142,D0151,6.95,30,Medium,Rainy,78.5,16.84
DL07143,O07143,D0075,4.93,16,Medium,Clear,52.0,44.85
DL07144,O07144,D0206,4.7,14,Low,Cloudy,46.2,181.67
DL07145,O07145,D0144,5.31,17,Medium,Cloudy,66.0,80.41
DL07146,O07146,D0039,12.61,32,High,Cloudy,108.7,139.34
DL07147,O07147,D0476,6.13,42,Low,Clear,60.7,142.02
DL07148,O07148,D0310,4.41,10,High,Clear,58.0,49.63
DL07149,O07149,D0381,13.45,39,High,Rainy,122.0,36.55
DL07150,O07150,D0114,13.53,33,High,Clear,109.4,23.55
DL07151,O07151,D0104,10.54,32,High,Cloudy,105.6,159.96
DL07152,O07152,D0155,12.56,30,High,Clear,96.0,38.12
DL07153,O07153,D0174,12.64,22,Low,Clear,67.6,141.15
DL07154,O07154,D0458,10.76,43,Medium,Rainy,108.2,80.55
DL07155,O07155,D0302,7.51,32,Medium,Clear,78.7,75.42
DL07156,O07156,D0020,14.24,30,Low,Cloudy,88.4,51.49
DL07157,O07157,D0347,5.6,31,High,Cloudy,81.5,151.39
DL07158,O07158,D0342,12.08,38,Medium,Cloudy,97.7,13.65
DL07159,O07159,D0429,4.18,32,Medium,Clear,61.0,93.91
DL07160,O07160,D0288,10.12,31,High,Cloudy,103.8,7.12
DL07161,O07161,D0288,12.62,43,Low,Cloudy,94.0,67.66
DL07162,O07162,D0119,11.13,17,Medium,Clear,70.9,15.01
DL07163,O07163,D0177,10.91,33,Low,Clear,72.7,55.37
DL07164,O07164,D0486,7.52,18,Low,Clear,54.6,25.23
DL07165,O07165,D0303,13.6,40,Low,Clear,100.3,42.12
DL07166,O07166,D0040,5.39,20,Medium,Cloudy,62.8,77.15
DL07167,O07167,D0005,13.69,40,Low,Cloudy,96.3,180.72
DL07168,O07168,D0446,1.52,12,High,Clear,51.0,35.78
DL07169,O07169,D0104,9.4,34,High,Clear,95.7,18.11
DL07170,O07170,D0265,9.72,22,Low,Clear,56.2,161.43
DL07171,O07171,D0455,4.68,25,High,Clear,66.6,117.43
DL07172,O07172,D0146,11.56,31,Medium,Rainy,95.3,78.26
DL07173,O07173,D0430,3.69,22,Low,Cloudy,48.0,46.97
DL07174,O07174,D0232,6.78,28,High,Rainy,87.7,121.43
DL07175,O07175,D0001,13.59,37,High,Cloudy,119.3,30.26
DL07176,O07176,D0241,6.52,30,High,Clear,78.1,26.75
DL07177,O07177,D0378,12.57,35,Medium,Clear,98.8,41.91
DL07178,O07178,D0134,2.38,26,Medium,Rainy,76.5,7.42
DL07179,O07179,D0206,2.6,16,Medium,Clear,46.7,186.49
DL07180,O07180,D0216,3.49,35,Medium,Rainy,83.8,40.17
DL07181,O07181,D0209,3.31,33,Medium,Cloudy,64.8,84.11
DL07182,O07182,D0081,14.7,26,Low,Rainy,89.3,231.53
DL07183,O07183,D0236,2.56,23,Low,Clear,46.1,97.55
DL07184,O07184,D0021,3.09,13,High,Cloudy,58.3,73.33
DL07185,O07185,D0368,3.39,25,Medium,Cloudy,69.9,63.07
DL07186,O07186,D0291,9.38,29,Low,Cloudy,73.4,96.45
DL07187,O07187,D0186,7.9,42,High,Rainy,106.6,126.05
DL07188,O07188,D0378,11.13,27,High,Rainy,104.2,26.63
DL07189,O07189,D0305,5.8,37,High,Clear,78.4,128.23
DL07190,O07190,D0226,1.57,27,Low,Clear,40.7,35.73
DL07191,O07191,D0205,5.85,21,Medium,Cloudy,56.6,28.88
DL07192,O07192,D0142,11.84,29,High,Cloudy,94.6,54.45
DL07193,O07193,D0068,12.4,14,Medium,Clear,75.2,92.1
DL07194,O07194,D0382,10.99,20,Medium,Rainy,82.5,40.08
DL07195,O07195,D0472,6.66,41,Low,Cloudy,79.1,53.75
DL07196,O07196,D0134,9.54,10,Medium,Clear,53.4,79.15
DL07197,O07197,D0404,3.01,31,Medium,Clear,60.4,28.48
DL07198,O07198,D0352,4.53,31,Medium,Clear,63.5,217.06
DL07199,O07199,D0023,4.46,22,High,Rainy,81.9,132.59
DL07200,O07200,D0233,2.06,14,Low,Rainy,45.2,85.84
DL07201,O07201,D0014,14.15,40,Medium,Cloudy,104.1,124.99
DL07202,O07202,D0342,7.04,25,High,Rainy,96.9,171.95
DL07203,O07203,D0209,13.24,39,Medium,Clear,91.6,189.69
DL07204,O07204,D0360,4.11,35,Low,Clear,53.0,157.58
DL07205,O07205,D0307,11.75,28,Medium,Rainy,90.9,65.53
DL07206,O07206,D0373,12.26,18,Medium,Clear,70.0,57.09
DL07207,O07207,D0258,1.06,28,Medium,Cloudy,55.4,20.52
DL07208,O07208,D0177,1.48,14,Medium,Rainy,44.5,86.41
DL07209,O07209,D0263,13.89,19,Medium,Clear,83.8,70.06
DL07210,O07210,D0227,8.96,42,High,Clear,104.9,235.43
DL07211,O07211,D0100,4.98,34,High,Clear,85.0,12.67
DL07212,O07212,D0178,3.6,17,High,Rainy,64.0,99.58
DL07213,O07213,D0142,12.45,35,Medium,Rainy,106.1,34.99
DL07214,O07214,D0020,3.71,41,Low,Clear,64.4,161.73
DL07215,O07215,D0220,12.81,32,High,Rainy,119.8,80.24
DL07216,O07216,D0397,9.71,21,Medium,Cloudy,75.1,67.63
DL07217,O07217,D0313,10.24,41,Medium,Clear,87.8,179.71
DL07218,O07218,D0249,7.12,41,Low,Clear,75.1,7.95
DL07219,O07219,D0177,1.51,35,Medium,Clear,62.5,126.08
DL07220,O07220,D0236,8.77,11,Low,Clear,50.2,41.05
DL07221,O07221,D0455,10.99,39,Medium,Cloudy,99.9,124.04
DL07222,O07222,D0451,1.04,44,High,Clear,84.6,254.14
DL07223,O07223,D0133,1.36,14,Medium,Rainy,52.7,99.69
DL07224,O07224,D0437,13.7,29,Medium,Clear,85.0,37.24
DL07225,O07225,D0436,10.52,26,High,Cloudy,92.8,133.75
DL07226,O07226,D0353,12.07,32,Medium,Clear,83.9,89.68
DL07227,O07227,D0430,1.37,42,Low,Clear,59.3,231.33
DL07228,O07228,D0315,6.61,21,High,Rainy,91.8,91.88
DL07229,O07229,D0009,11.46,37,High,Clear,104.9,42.78
DL07230,O07230,D0053,2.28,14,Medium,Rainy,49.5,55.93
DL07231,O07231,D0091,3.64,31,Low,Rainy,69.7,56.42
DL07232,O07232,D0271,8.12,11,Low,Rainy,75.6,90.55
DL07233,O07233,D0226,13.51,11,High,Clear,79.3,196.83
DL07234,O07234,D0338,5.6,42,Low,Rainy,83.2,15.48
DL07235,O07235,D0260,12.59,14,High,Clear,81.8,207.14
DL07236,O07236,D0418,1.13,33,Medium,Rainy,73.1,41.47
DL07237,O07237,D0318,3.55,28,Medium,Cloudy,60.2,122.95
DL07238,O07238,D0237,5.06,38,Low,Clear,69.1,12.7
DL07239,O07239,D0213,10.93,17,Low,Cloudy,74.5,85.96
DL07240,O07240,D0210,9.11,13,Low,Clear,44.3,193.47
DL07241,O07241,D0308,4.7,16,Medium,Cloudy,55.1,41.21
DL07242,O07242,D0164,9.14,34,Medium,Clear,80.8,97.21
DL07243,O07243,D0099,13.46,11,High,Clear,77.0,165.6
DL07244,O07244,D0186,7.57,16,Medium,Clear,66.6,84.04
DL07245,O07245,D0071,10.75,17,Medium,Clear,70.4,32.19
DL07246,O07246,D0226,5.84,38,High,Clear,84.4,214.79
DL07247,O07247,D0430,10.98,30,Medium,Clear,77.6,26.6
DL07248,O07248,D0421,13.14,30,High,Cloudy,104.9,23.92
DL07249,O07249,D0194,8.93,34,Medium,Clear,80.7,52.54
DL07250,O07250,D0425,6.41,40,Medium,Cloudy,89.1,62.66
DL07251,O07251,D0336,11.56,36,High,Clear,103.2,72.9
DL07252,O07252,D0412,14.39,42,High,Rainy,135.0,167.82
DL07253,O07253,D0310,1.95,23,Low,Rainy,54.1,186.71
DL07254,O07254,D0252,8.23,43,Low,Rainy,98.4,144.02
DL07255,O07255,D0158,3.55,40,Medium,Clear,73.1,87.58
DL07256,O07256,D0031,4.84,15,Medium,Clear,57.5,43.66
DL07257,O07257,D0008,9.91,35,High,Clear,89.2,220.68
DL07258,O07258,D0486,14.44,38,Low,Rainy,108.9,81.52
DL07259,O07259,D0099,12.94,41,Medium,Cloudy,102.0,254.43
DL07260,O07260,D0455,4.61,14,Low,Clear,37.9,14.37
DL07261,O07261,D0338,1.34,28,High,Cloudy,71.3,65.69
DL07262,O07262,D0432,9.39,18,Low,Cloudy,59.4,30.24
DL07263,O07263,D0228,8.47,26,High,Cloudy,83.6,24.86
DL07264,O07264,D0186,7.44,10,Medium,Clear,59.4,83.54
DL07265,O07265,D0085,7.65,22,Low,Clear,54.5,201.13
DL07266,O07266,D0260,9.28,30,Low,Cloudy,75.8,39.57
DL07267,O07267,D0096,6.56,23,Medium,Cloudy,70.1,28.32
DL07268,O07268,D0080,3.4,28,Low,Clear,49.5,24.1
DL07269,O07269,D0274,4.63,23,High,Clear,65.8,111.94
DL07270,O07270,D0482,1.89,17,Medium,Clear,51.2,45.59
DL07271,O07271,D0278,1.78,34,Low,Rainy,68.9,129.55
DL07272,O07272,D0283,13.14,27,Medium,Clear,84.8,56.97
DL07273,O07273,D0076,2.76,22,High,Rainy,69.5,88.53
DL07274,O07274,D0489,1.96,33,Medium,Cloudy,57.9,41.09
DL07275,O07275,D0032,12.57,18,Medium,Rainy,93.2,150.31
DL07276,O07276,D0455,14.35,35,High,Clear,115.5,105.36
DL07277,O07277,D0296,3.88,32,Low,Clear,46.2,68.52
DL07278,O07278,D0358,11.6,43,High,Clear,96.9,40.96
DL07279,O07279,D0236,3.28,22,Medium,Cloudy,49.3,154.36
DL07280,O07280,D0445,10.53,23,Low,Clear,74.6,87.94
DL07281,O07281,D0232,10.52,38,High,Clear,102.7,48.34
DL07282,O07282,D0330,7.01,36,Medium,Cloudy,80.6,65.54
DL07283,O07283,D0164,13.35,31,Low,Clear,73.9,63.66
DL07284,O07284,D0266,2.69,30,Medium,Cloudy,63.2,13.7
DL07285,O07285,D0455,7.67,34,Medium,Rainy,89.4,37.06
DL07286,O07286,D0371,9.42,38,Medium,Rainy,97.2,16.63
DL07287,O07287,D0131,11.63,31,Low,Clear,77.2,111.71
DL07288,O07288,D0076,3.0,22,Medium,Clear,39.1,94.12
DL07289,O07289,D0224,8.49,37,Low,Clear,77.6,289.19
DL07290,O07290,D0063,7.37,22,Low,Clear,47.6,28.4
DL07291,O07291,D0371,6.83,31,High,Clear,87.7,216.75
DL07292,O07292,D0350,6.03,36,Low,Rainy,67.1,59.08
DL07293,O07293,D0394,14.96,39,Medium,Rainy,117.2,60.28
DL07294,O07294,D0149,3.38,37,Low,Clear,56.3,246.89
DL07295,O07295,D0422,11.54,29,Low,Rainy,94.1,92.69
DL07296,O07296,D0020,6.28,44,Low,Clear,77.5,56.27
DL07297,O07297,D0015,10.09,17,Medium,Clear,72.9,29.46
DL07298,O07298,D0405,14.84,41,Low,Cloudy,100.1,120.15
DL07299,O07299,D0351,7.69,30,Low,Cloudy,73.5,81.69
DL07300,O07300,D0403,12.54,31,High,Rainy,108.9,21.13
DL07301,O07301,D0491,2.06,33,Low,Rainy,56.0,30.49
DL07302,O07302,D0136,8.76,30,Medium,Clear,85.6,55.0
DL07303,O07303,D0426,6.35,13,Medium,Rainy,70.2,164.41
DL07304,O07304,D0278,10.79,20,High,Clear,76.7,47.88
DL07305,O07305,D0110,1.52,17,High,Clear,54.1,16.87
DL07306,O07306,D0116,7.27,13,Medium,Clear,51.0,109.85
DL07307,O07307,D0494,7.92,19,Medium,Rainy,81.6,61.97
DL07308,O07308,D0495,12.83,21,Medium,Cloudy,82.4,196.04
DL07309,O07309,D0332,6.39,42,Medium,Rainy,95.4,21.36
DL07310,O07310,D0273,5.49,10,Medium,Clear,46.5,76.6
DL07311,O07311,D0362,6.45,26,Medium,Clear,72.0,167.14
DL07312,O07312,D0012,7.13,23,Medium,Clear,71.8,79.64
DL07313,O07313,D0125,4.56,43,Low,Clear,65.0,179.6
DL07314,O07314,D0095,1.63,36,Low,Clear,43.6,53.35
DL07315,O07315,D0499,14.86,33,Low,Clear,84.1,56.73
DL07316,O07316,D0381,11.72,27,Medium,Clear,85.3,41.19
DL07317,O07317,D0319,14.8,25,Medium,Clear,83.3,152.28
DL07318,O07318,D0328,10.28,25,High,Clear,96.1,13.16
DL07319,O07319,D0254,13.36,44,High,Clear,106.0,56.57
DL07320,O07320,D0443,7.3,13,High,Cloudy,64.9,24.42
DL07321,O07321,D0048,5.89,43,Medium,Rainy,87.5,176.55
DL07322,O07322,D0210,14.91,42,Medium,Cloudy,113.2,130.95
DL07323,O07323,D0244,3.37,32,Low,Rainy,62.9,55.45
DL07324,O07324,D0027,4.03,19,Low,Clear,42.6,148.13
DL07325,O07325,D0448,10.35,20,High,Clear,83.1,203.08
DL07326,O07326,D0362,4.57,13,Medium,Clear,49.4,58.8
DL07327,O07327,D0117,7.03,37,Low,Clear,61.9,195.66
DL07328,O07328,D0063,14.05,21,Low,Cloudy,76.5,168.28
DL07329,O07329,D0427,4.72,26,Medium,Rainy,83.3,55.31
DL07330,O07330,D0198,8.15,14,Medium,Clear,53.6,170.11
DL07331,O07331,D0156,11.31,41,Medium,Clear,91.5,46.85
DL07332,O07332,D0126,2.01,11,High,Cloudy,50.9,35.96
DL07333,O07333,D0157,2.01,22,Medium,Clear,49.7,255.27
DL07334,O07334,D0402,11.44,30,Low,Cloudy,76.1,13.97
DL07335,O07335,D0493,13.88,22,Medium,Rainy,99.8,153.62
DL07336,O07336,D0107,9.29,41,Medium,Clear,90.1,37.98
DL07337,O07337,D0302,1.53,29,Medium,Rainy,72.8,132.85
DL07338,O07338,D0494,7.33,10,Low,Clear,46.0,92.93
DL07339,O07339,D0087,11.09,32,Medium,Clear,76.9,57.22
DL07340,O07340,D0313,9.85,22,Medium,Cloudy,78.2,83.34
DL07341,O07341,D0228,3.77,14,High,Rainy,67.9,36.28
DL07342,O07342,D0010,1.74,44,Medium,Rainy,77.1,32.61
DL07343,O07343,D0308,13.45,13,High,Clear,89.5,137.83
DL07344,O07344,D0027,4.16,38,High,Cloudy,79.0,52.25
DL07345,O07345,D0274,14.94,11,Medium,Clear,67.7,94.86
DL07346,O07346,D0297,2.62,12,Low,Cloudy,31.6,119.07
DL07347,O07347,D0053,2.6,31,Low,Cloudy,52.6,12.05
DL07348,O07348,D0013,10.35,23,Medium,Rainy,86.7,135.09
DL07349,O07349,D0151,4.78,22,High,Clear,78.6,65.4
DL07350,O07350,D0051,14.64,11,Medium,Rainy,88.1,67.25
DL07351,O07351,D0296,4.32,18,Low,Rainy,50.0,25.93
DL07352,O07352,D0235,9.73,25,Medium,Clear,77.1,15.36
DL07353,O07353,D0343,6.69,21,High,Clear,62.7,84.68
DL07354,O07354,D0040,2.26,11,Low,Clear,19.9,124.57
DL07355,O07355,D0306,10.91,42,Low,Clear,90.6,25.64
DL07356,O07356,D0120,12.07,30,Low,Cloudy,87.5,51.2
DL07357,O07357,D0369,12.57,24,High,Clear,85.8,247.11
DL07358,O07358,D0029,7.86,23,High,Clear,88.4,5.35
DL07359,O07359,D0074,14.66,20,Medium,Clear,81.3,227.71
DL07360,O07360,D0118,12.2,27,High,Clear,86.8,141.65
DL07361,O07361,D0222,7.16,34,Medium,Clear,77.7,59.84
DL07362,O07362,D0150,2.39,17,Medium,Clear,41.9,78.52
DL07363,O07363,D0186,4.56,11,Medium,Cloudy,46.3,107.02
DL07364,O07364,D0223,11.81,29,Low,Clear,70.0,154.51
DL07365,O07365,D0298,13.32,35,High,Rainy,115.7,21.66
DL07366,O07366,D0023,10.27,19,Medium,Clear,72.6,47.11
DL07367,O07367,D0452,6.43,17,High,Cloudy,74.9,111.45
DL07368,O07368,D0488,5.98,39,High,Clear,87.0,206.94
DL07369,O07369,D0258,6.02,15,High,Cloudy,75.0,263.05
DL07370,O07370,D0206,7.88,43,Medium,Clear,85.2,15.11
DL07371,O07371,D0296,11.16,25,High,Clear,91.4,56.41
DL07372,O07372,D0375,3.28,28,Medium,Clear,63.5,29.29
DL07373,O07373,D0410,1.29,12,Medium,Clear,42.4,283.14
DL07374,O07374,D0406,2.07,22,Medium,Clear,44.8,147.58
DL07375,O07375,D0302,10.32,27,Low,Clear,67.5,165.63
DL07376,O07376,D0360,12.88,16,Low,Clear,65.5,126.53
DL07377,O07377,D0210,6.69,31,Medium,Rainy,98.7,186.52
DL07378,O07378,D0200,5.73,40,High,Clear,87.4,15.48
DL07379,O07379,D0362,1.28,28,Medium,Cloudy,49.1,222.17
DL07380,O07380,D0228,1.85,28,High,Clear,72.4,34.56
DL07381,O07381,D0203,11.57,24,Low,Rainy,80.4,102.62
DL07382,O07382,D0366,2.25,17,Medium,Cloudy,49.1,20.76
DL07383,O07383,D0188,12.6,38,High,Clear,99.0,40.13
DL07384,O07384,D0336,11.94,26,Medium,Cloudy,88.0,85.91
DL07385,O07385,D0490,12.47,43,Medium,Cloudy,109.9,22.97
DL07386,O07386,D0399,10.6,30,Low,Clear,66.6,25.97
DL07387,O07387,D0232,1.29,38,High,Cloudy,82.2,134.41
DL07388,O07388,D0303,7.21,17,High,Rainy,90.1,21.87
DL07389,O07389,D0128,3.2,15,Medium,Clear,48.0,14.26
DL07390,O07390,D0339,5.73,13,Medium,Clear,47.6,137.55
DL07391,O07391,D0316,8.8,33,High,Rainy,103.8,20.31
DL07392,O07392,D0072,11.25,29,Medium,Rainy,94.3,31.63
DL07393,O07393,D0383,4.25,28,High,Cloudy,71.9,48.26
DL07394,O07394,D0273,5.69,26,Medium,Clear,66.9,51.62
DL07395,O07395,D0249,3.94,33,Medium,Cloudy,74.0,26.41
DL07396,O07396,D0402,14.78,36,Medium,Clear,100.3,40.76
DL07397,O07397,D0066,14.01,32,Low,Clear,87.8,18.16
DL07398,O07398,D0293,10.15,23,Low,Cloudy,68.6,106.29
DL07399,O07399,D0368,12.55,20,Medium,Clear,75.2,120.61
DL07400,O07400,D0280,11.06,32,High,Cloudy,93.5,104.43
DL07401,O07401,D0081,12.88,17,Medium,Cloudy,76.5,19.49
DL07402,O07402,D0143,14.1,21,High,Clear,94.1,99.43
DL07403,O07403,D0051,14.03,10,Medium,Cloudy,76.2,97.87
DL07404,O07404,D0408,9.04,13,High,Clear,64.8,3.47
DL07405,O07405,D0279,14.51,13,High,Clear,89.5,51.09
DL07406,O07406,D0347,6.71,22,High,Clear,75.9,25.58
DL07407,O07407,D0214,3.71,40,Medium,Rainy,84.7,102.71
DL07408,O07408,D0303,4.24,40,High,Clear,88.1,109.87
DL07409,O07409,D0190,7.42,41,Medium,Cloudy,79.6,191.64
DL07410,O07410,D0205,4.54,13,Medium,Clear,50.1,109.63
DL07411,O07411,D0241,2.78,16,High,Clear,65.6,86.4
DL07412,O07412,D0244,6.55,25,Low,Clear,58.3,92.51
DL07413,O07413,D0447,9.14,10,Medium,Clear,50.3,62.65
DL07414,O07414,D0268,14.55,15,High,Clear,89.0,38.75
DL07415,O07415,D0099,9.69,31,Low,Cloudy,81.0,74.53
DL07416,O07416,D0384,11.83,39,High,Cloudy,102.2,134.91
DL07417,O07417,D0348,10.55,17,Medium,Clear,61.2,26.98
DL07418,O07418,D0266,6.39,12,High,Rainy,86.9,37.5
DL07419,O07419,D0202,3.65,19,Medium,Clear,49.6,9.7
DL07420,O07420,D0439,4.95,34,Medium,Rainy,80.3,103.65
DL07421,O07421,D0045,13.27,17,Medium,Rainy,84.6,75.7
DL07422,O07422,D0216,3.18,32,High,Clear,73.2,110.2
DL07423,O07423,D0348,2.37,40,Low,Cloudy,62.2,138.91
DL07424,O07424,D0359,12.95,11,Medium,Clear,68.1,42.06
DL07425,O07425,D0037,8.67,13,Medium,Rainy,81.5,82.47
DL07426,O07426,D0393,10.56,43,High,Clear,99.9,174.89
DL07427,O07427,D0100,12.56,17,Low,Clear,65.3,255.6
DL07428,O07428,D0355,5.76,41,Low,Cloudy,68.0,232.18
DL07429,O07429,D0363,11.5,20,High,Cloudy,90.6,185.56
DL07430,O07430,D0440,9.83,32,Medium,Cloudy,87.9,49.68
DL07431,O07431,D0177,1.35,15,Low,Clear,28.5,39.09
DL07432,O07432,D0450,11.08,19,Medium,Cloudy,68.1,112.92
DL07433,O07433,D0442,5.82,13,Medium,Rainy,65.8,92.7
DL07434,O07434,D0252,3.91,12,High,Rainy,78.0,29.88
DL07435,O07435,D0053,14.46,21,Medium,Cloudy,79.0,34.86
DL07436,O07436,D0361,11.77,10,Low,Rainy,70.1,274.69
DL07437,O07437,D0486,1.34,23,Medium,Rainy,70.5,94.11
DL07438,O07438,D0151,11.64,37,Low,Clear,77.5,46.69
DL07439,O07439,D0127,12.91,20,Medium,Clear,74.9,3.99
DL07440,O07440,D0396,5.99,39,Medium,Clear,84.2,170.18
DL07441,O07441,D0243,5.57,11,Medium,Clear,46.5,93.7
DL07442,O07442,D0341,6.93,15,High,Rainy,83.3,28.68
DL07443,O07443,D0029,7.53,33,High,Rainy,100.1,280.49
DL07444,O07444,D0228,6.33,23,Low,Rainy,68.1,101.39
DL07445,O07445,D0107,8.09,11,Low,Clear,56.6,53.16
DL07446,O07446,D0229,14.62,12,Medium,Rainy,79.7,89.83
DL07447,O07447,D0500,1.45,35,Medium,Rainy,76.4,99.53
DL07448,O07448,D0283,14.76,38,Medium,Cloudy,118.3,202.87
DL07449,O07449,D0198,12.89,32,High,Cloudy,106.3,53.76
DL07450,O07450,D0148,12.16,16,High,Rainy,101.7,55.51
DL07451,O07451,D0182,7.3,13,High,Rainy,83.7,14.18
DL07452,O07452,D0048,2.05,24,Medium,Clear,51.1,20.79
DL07453,O07453,D0107,9.66,32,Medium,Clear,89.1,65.23
DL07454,O07454,D0184,13.52,31,Low,Rainy,94.7,12.74
DL07455,O07455,D0489,6.95,16,High,Clear,61.9,73.84
DL07456,O07456,D0150,1.97,27,Low,Clear,34.8,158.5
DL07457,O07457,D0151,1.08,34,Low,Clear,42.7,157.9
DL07458,O07458,D0162,2.67,24,Low,Clear,46.5,26.38
DL07459,O07459,D0260,9.48,15,Medium,Clear,64.4,33.87
DL07460,O07460,D0480,14.87,21,High,Cloudy,106.4,79.63
DL07461,O07461,D0272,10.97,25,Low,Cloudy,77.9,85.24
DL07462,O07462,D0324,3.2,35,Low,Clear,48.8,15.49
DL07463,O07463,D0028,13.08,17,Low,Rainy,81.4,144.51
DL07464,O07464,D0476,10.24,36,Medium,Rainy,106.0,71.49
DL07465,O07465,D0233,5.22,36,Medium,Rainy,92.2,32.47
DL07466,O07466,D0022,8.02,10,Low,Cloudy,47.0,52.3
DL07467,O07467,D0008,6.64,41,Medium,Cloudy,87.4,80.61
DL07468,O07468,D0218,13.2,12,Low,Clear,69.0,218.71
DL07469,O07469,D0231,14.35,39,High,Clear,109.8,57.44
DL07470,O07470,D0350,2.73,26,Low,Rainy,59.0,49.92
DL07471,O07471,D0114,3.06,18,Medium,Cloudy,48.5,132.63
DL07472,O07472,D0181,2.15,16,Medium,Clear,38.8,78.48
DL07473,O07473,D0137,6.32,41,Medium,Rainy,92.7,159.49
DL07474,O07474,D0346,14.59,38,Medium,Clear,96.3,22.92
DL07475,O07475,D0426,14.82,27,Medium,Clear,89.1,230.77
DL07476,O07476,D0123,9.34,14,Low,Clear,49.6,75.06
DL07477,O07477,D0054,7.49,43,Low,Cloudy,78.2,139.7
DL07478,O07478,D0331,5.23,24,Medium,Clear,57.8,27.26
DL07479,O07479,D0377,1.01,15,Low,Clear,24.7,35.92
DL07480,O07480,D0409,4.68,41,High,Clear,85.9,103.62
DL07481,O07481,D0098,3.05,12,Medium,Clear,48.0,61.94
DL07482,O07482,D0091,1.03,34,High,Clear,61.3,189.83
DL07483,O07483,D0499,13.54,26,Medium,Rainy,96.3,160.73
DL07484,O07484,D0010,2.18,20,Low,Clear,30.0,49.6
DL07485,O07485,D0463,10.92,44,Low,Cloudy,95.4,92.24
DL07486,O07486,D0242,13.94,15,Low,Clear,70.2,62.22
DL07487,O07487,D0453,2.78,34,Medium,Clear,58.2,206.28
DL07488,O07488,D0396,4.37,26,Low,Rainy,70.1,73.01
DL07489,O07489,D0264,4.29,39,Medium,Cloudy,82.2,66.86
DL07490,O07490,D0198,2.21,19,Medium,Clear,46.1,45.9
DL07491,O07491,D0344,13.74,37,Medium,Cloudy,95.0,34.67
DL07492,O07492,D0257,12.89,12,Medium,Cloudy,73.0,181.34
DL07493,O07493,D0281,6.33,27,Low,Clear,56.3,36.8
DL07494,O07494,D0301,11.77,25,Low,Clear,68.1,34.08
DL07495,O07495,D0175,8.13,35,High,Clear,92.9,23.52
DL07496,O07496,D0267,10.51,28,High,Clear,85.2,182.94
DL07497,O07497,D0190,10.65,26,Low,Cloudy,72.1,167.16
DL07498,O07498,D0215,11.85,37,High,Rainy,113.6,6.84
DL07499,O07499,D0420,13.59,29,Medium,Clear,83.6,180.66
DL07500,O07500,D0040,12.05,39,High,Cloudy,105.5,183.43
DL07501,O07501,D0071,10.89,22,Medium,Cloudy,81.0,130.92
DL07502,O07502,D0219,9.71,22,Low,Cloudy,60.2,37.09
DL07503,O07503,D0365,3.93,41,Medium,Cloudy,84.2,83.92
DL07504,O07504,D0469,4.96,36,Medium,Cloudy,79.1,214.93
DL07505,O07505,D0005,2.06,32,High,Rainy,79.9,17.83
DL07506,O07506,D0225,4.61,41,Low,Rainy,78.3,92.98
DL07507,O07507,D0185,8.62,25,Medium,Clear,74.2,37.36
DL07508,O07508,D0144,14.35,20,Low,Clear,65.2,22.02
DL07509,O07509,D0395,2.78,29,High,Clear,58.7,13.24
DL07510,O07510,D0182,7.2,20,Medium,Clear,58.6,19.05
DL07511,O07511,D0383,11.51,34,High,Clear,92.7,70.44
DL07512,O07512,D0416,12.11,44,Low,Clear,86.7,116.27
DL07513,O07513,D0306,3.67,34,Medium,Rainy,71.2,240.43
DL07514,O07514,D0216,3.5,11,Medium,Cloudy,35.3,18.36
DL07515,O07515,D0457,9.55,36,Low,Clear,76.2,78.47
DL07516,O07516,D0190,13.8,28,High,Clear,103.0,35.22
DL07517,O07517,D0356,12.26,35,High,Rainy,109.9,14.99
DL07518,O07518,D0263,6.38,42,Low,Clear,74.9,28.92
DL07519,O07519,D0348,10.22,13,Medium,Clear,67.9,35.44
DL07520,O07520,D0316,4.57,11,High,Clear,52.9,79.91
DL07521,O07521,D0471,7.6,39,Medium,Rainy,90.4,6.66
DL07522,O07522,D0295,8.5,18,Medium,Rainy,79.8,20.66
DL07523,O07523,D0077,9.93,11,High,Clear,69.6,57.67
DL07524,O07524,D0051,6.61,38,Medium,Clear,78.4,30.27
DL07525,O07525,D0391,1.45,19,Medium,Cloudy,48.9,22.82
DL07526,O07526,D0469,13.99,17,Medium,Rainy,98.8,261.05
DL07527,O07527,D0124,14.39,11,High,Cloudy,89.0,187.18
DL07528,O07528,D0124,10.62,38,Medium,Clear,84.9,5.18
DL07529,O07529,D0167,4.73,28,Medium,Cloudy,75.2,4.94
DL07530,O07530,D0205,9.33,30,Low,Rainy,84.5,121.05
DL07531,O07531,D0164,4.87,17,Medium,Cloudy,48.8,90.56
DL07532,O07532,D0012,10.78,33,High,Cloudy,108.4,19.77
DL07533,O07533,D0328,6.04,41,Low,Clear,69.5,77.38
DL07534,O07534,D0496,8.8,24,Low,Cloudy,65.1,212.66
DL07535,O07535,D0107,1.83,15,Medium,Cloudy,40.3,47.35
DL07536,O07536,D0356,14.95,27,Medium,Clear,88.5,138.75
DL07537,O07537,D0053,10.27,22,Medium,Cloudy,79.5,49.24
DL07538,O07538,D0189,14.16,14,Low,Clear,58.1,33.33
DL07539,O07539,D0367,11.42,25,High,Rainy,106.0,127.45
DL07540,O07540,D0122,8.87,29,Medium,Clear,77.0,61.48
DL07541,O07541,D0236,11.31,12,Medium,Rainy,74.6,6.01
DL07542,O07542,D0023,7.57,14,Medium,Rainy,72.3,81.88
DL07543,O07543,D0482,14.43,19,Medium,Clear,81.9,23.84
DL07544,O07544,D0279,11.84,26,Low,Clear,70.3,76.28
DL07545,O07545,D0230,2.69,40,High,Clear,77.8,13.85
DL07546,O07546,D0285,14.31,39,Medium,Clear,100.3,124.81
DL07547,O07547,D0434,9.06,23,High,Clear,81.1,82.5
DL07548,O07548,D0152,7.31,23,Medium,Clear,63.9,148.12
DL07549,O07549,D0150,12.09,38,Medium,Cloudy,106.9,58.23
DL07550,O07550,D0012,4.2,14,High,Clear,50.1,98.33
DL07551,O07551,D0336,14.41,13,Medium,Cloudy,68.5,218.59
DL07552,O07552,D0193,3.33,41,Low,Cloudy,57.8,3.71
DL07553,O07553,D0371,5.14,36,Medium,Clear,62.5,80.82
DL07554,O07554,D0414,13.45,42,Medium,Clear,101.3,35.68
DL07555,O07555,D0036,9.52,25,Medium,Cloudy,74.5,42.02
DL07556,O07556,D0042,12.96,16,Medium,Clear,79.0,88.3
DL07557,O07557,D0234,3.79,22,Medium,Cloudy,58.5,53.41
DL07558,O07558,D0384,12.25,32,Medium,Clear,87.0,219.39
DL07559,O07559,D0024,3.5,16,Low,Cloudy,42.8,255.95
DL07560,O07560,D0423,11.41,25,Low,Clear,66.7,132.1
DL07561,O07561,D0038,3.16,32,Medium,Rainy,80.3,6.42
DL07562,O07562,D0160,5.8,29,Medium,Clear,58.0,209.09
DL07563,O07563,D0255,7.67,32,Low,Cloudy,65.7,94.2
DL07564,O07564,D0186,13.86,23,High,Clear,94.0,52.48
DL07565,O07565,D0054,11.24,13,High,Clear,77.6,227.38
DL07566,O07566,D0416,4.94,43,High,Clear,89.8,267.93
DL07567,O07567,D0253,7.25,27,High,Clear,85.1,148.81
DL07568,O07568,D0332,5.9,30,Medium,Rainy,83.6,166.16
DL07569,O07569,D0266,14.16,38,Medium,Clear,104.4,109.3
DL07570,O07570,D0057,3.44,32,Medium,Clear,74.2,147.33
DL07571,O07571,D0204,13.82,26,Low,Clear,83.2,90.87
DL07572,O07572,D0333,12.59,28,Low,Clear,76.6,34.8
DL07573,O07573,D0079,2.8,29,Low,Clear,41.4,74.2
DL07574,O07574,D0252,4.82,38,Medium,Cloudy,84.2,13.05
DL07575,O07575,D0382,10.95,32,Low,Clear,82.7,121.2
DL07576,O07576,D0030,10.9,36,High,Clear,103.0,184.75
DL07577,O07577,D0309,4.27,27,Low,Cloudy,65.1,38.17
DL07578,O07578,D0077,9.87,37,High,Clear,96.8,102.67
DL07579,O07579,D0243,10.62,18,High,Clear,81.0,163.97
DL07580,O07580,D0176,2.01,34,Low,Rainy,70.2,22.03
DL07581,O07581,D0299,6.33,28,Medium,Cloudy,73.0,75.6
DL07582,O07582,D0129,13.69,36,High,Cloudy,125.2,64.79
DL07583,O07583,D0082,13.61,26,High,Rainy,122.0,126.27
DL07584,O07584,D0295,10.27,14,High,Rainy,90.3,30.3
DL07585,O07585,D0396,10.14,14,High,Clear,68.2,13.61
DL07586,O07586,D0178,12.98,38,Medium,Clear,100.7,17.62
DL07587,O07587,D0492,5.79,43,Low,Cloudy,78.1,11.35
DL07588,O07588,D0393,1.7,31,Medium,Cloudy,64.7,97.55
DL07589,O07589,D0433,12.85,39,Medium,Clear,98.4,57.83
DL07590,O07590,D0132,5.37,37,Low,Clear,64.8,26.37
DL07591,O07591,D0376,10.42,41,Low,Cloudy,84.1,39.01
DL07592,O07592,D0219,7.83,39,Medium,Cloudy,92.0,101.84
DL07593,O07593,D0255,3.03,43,Low,Cloudy,53.3,59.26
DL07594,O07594,D0092,6.86,41,High,Cloudy,98.1,90.96
DL07595,O07595,D0024,4.68,17,Low,Clear,46.9,34.47
DL07596,O07596,D0068,1.12,34,Low,Clear,43.2,91.53
DL07597,O07597,D0444,8.33,43,Low,Clear,82.2,229.41
DL07598,O07598,D0254,8.9,28,Low,Rainy,79.3,15.07
DL07599,O07599,D0156,5.28,33,Medium,Rainy,77.6,56.82
DL07600,O07600,D0180,5.12,40,High,Cloudy,80.1,63.06
DL07601,O07601,D0404,7.26,31,Medium,Clear,64.5,275.15
DL07602,O07602,D0319,9.65,12,Medium,Cloudy,66.5,126.03
DL07603,O07603,D0221,14.56,10,High,Rainy,107.9,43.31
DL07604,O07604,D0353,7.69,19,Medium,Rainy,73.2,38.4
DL07605,O07605,D0030,14.07,15,Low,Cloudy,64.5,83.16
DL07606,O07606,D0451,14.65,16,Medium,Clear,85.7,158.99
DL07607,O07607,D0147,9.52,18,Medium,Cloudy,66.3,127.47
DL07608,O07608,D0149,8.85,42,High,Clear,91.4,80.23
DL07609,O07609,D0424,1.84,31,High,Clear,64.7,118.7
DL07610,O07610,D0277,4.12,22,Medium,Rainy,77.6,161.24
DL07611,O07611,D0340,14.97,39,Medium,Clear,101.1,155.08
DL07612,O07612,D0256,11.45,40,Medium,Rainy,99.1,81.53
DL07613,O07613,D0311,10.35,35,Medium,Clear,95.2,137.18
DL07614,O07614,D0289,8.93,43,Medium,Clear,90.1,126.09
DL07615,O07615,D0422,10.56,25,Low,Clear,71.4,155.64
DL07616,O07616,D0009,10.53,26,Medium,Clear,73.8,40.49
DL07617,O07617,D0050,4.1,11,Medium,Rainy,56.2,51.07
DL07618,O07618,D0095,11.99,35,Low,Clear,78.8,23.89
DL07619,O07619,D0032,7.51,15,Medium,Cloudy,53.1,90.63
DL07620,O07620,D0041,10.82,28,Medium,Clear,82.5,17.95
DL07621,O07621,D0407,5.87,29,Medium,Rainy,80.3,21.68
DL07622,O07622,D0215,9.08,18,Medium,Clear,63.8,48.29
DL07623,O07623,D0372,11.29,11,Low,Clear,56.2,57.8
DL07624,O07624,D0298,9.56,39,Medium,Rainy,105.3,30.79
DL07625,O07625,D0400,9.87,42,Medium,Rainy,108.5,22.37
DL07626,O07626,D0405,3.59,35,High,Clear,73.6,22.67
DL07627,O07627,D0447,8.08,24,Medium,Rainy,78.2,117.03
DL07628,O07628,D0076,4.84,43,Low,Clear,72.2,119.85
DL07629,O07629,D0454,6.18,24,High,Rainy,79.8,30.67
DL07630,O07630,D0398,12.23,22,High,Clear,89.7,37.7
DL07631,O07631,D0086,1.67,34,Low,Clear,49.8,100.85
DL07632,O07632,D0479,4.6,39,High,Cloudy,82.2,123.14
DL07633,O07633,D0104,12.05,25,Medium,Rainy,93.1,63.9
DL07634,O07634,D0431,12.85,12,High,Clear,84.5,71.57
DL07635,O07635,D0426,3.98,20,Medium,Cloudy,52.2,153.97
DL07636,O07636,D0156,3.31,40,Medium,Rainy,86.7,70.73
DL07637,O07637,D0453,12.19,16,High,Clear,77.1,67.85
DL07638,O07638,D0154,11.04,31,High,Cloudy,97.7,30.91
DL07639,O07639,D0436,8.88,23,Low,Cloudy,61.9,106.65
DL07640,O07640,D0091,7.41,16,High,Cloudy,75.4,108.78
DL07641,O07641,D0477,13.25,38,Medium,Rainy,110.5,93.78
DL07642,O07642,D0336,4.91,23,High,Clear,69.1,221.53
DL07643,O07643,D0184,10.07,28,Medium,Cloudy,76.1,73.23
DL07644,O07644,D0474,14.02,16,Low,Cloudy,74.1,25.92
DL07645,O07645,D0008,3.41,31,Medium,Clear,60.2,74.92
DL07646,O07646,D0203,3.7,36,High,Clear,71.4,106.79
DL07647,O07647,D0259,2.66,21,Medium,Rainy,59.6,14.12
DL07648,O07648,D0322,4.74,42,High,Clear,85.6,66.39
DL07649,O07649,D0385,8.96,18,Low,Clear,50.8,114.2
DL07650,O07650,D0001,5.61,23,Low,Rainy,60.2,70.08
DL07651,O07651,D0340,8.83,27,Medium,Clear,81.0,25.18
DL07652,O07652,D0298,7.76,27,Low,Rainy,75.5,3.34
DL07653,O07653,D0479,8.43,18,Low,Clear,58.9,121.31
DL07654,O07654,D0178,14.33,16,Medium,Cloudy,80.7,88.23
DL07655,O07655,D0080,3.9,42,Low,Clear,62.7,63.94
DL07656,O07656,D0435,10.39,42,Medium,Clear,86.9,100.07
DL07657,O07657,D0304,7.65,20,Low,Cloudy,64.9,58.94
DL07658,O07658,D0451,10.51,10,High,Rainy,82.4,81.38
DL07659,O07659,D0295,9.37,20,High,Rainy,95.7,65.16
DL07660,O07660,D0326,11.59,35,High,Rainy,114.6,174.69
DL07661,O07661,D0491,8.47,16,Low,Cloudy,65.2,19.48
DL07662,O07662,D0421,10.82,43,High,Clear,109.6,42.52
DL07663,O07663,D0233,11.29,17,Medium,Cloudy,75.7,170.97
DL07664,O07664,D0036,3.49,38,Low,Cloudy,61.0,154.24
DL07665,O07665,D0076,13.95,44,Low,Clear,102.0,54.38
DL07666,O07666,D0074,11.14,17,Medium,Rainy,75.7,11.53
DL07667,O07667,D0035,2.35,44,Medium,Cloudy,73.8,30.12
DL07668,O07668,D0487,13.05,28,High,Clear,101.4,145.09
DL07669,O07669,D0322,3.67,36,High,Clear,74.5,255.19
DL07670,O07670,D0377,9.21,29,High,Clear,84.6,173.76
DL07671,O07671,D0031,5.38,24,Medium,Rainy,80.6,178.47
DL07672,O07672,D0168,9.06,26,Medium,Rainy,100.2,26.95
DL07673,O07673,D0493,13.43,13,Medium,Cloudy,76.4,83.04
DL07674,O07674,D0079,13.47,11,High,Rainy,90.6,57.98
DL07675,O07675,D0383,12.0,16,High,Clear,82.0,8.8
DL07676,O07676,D0161,12.41,28,Low,Rainy,91.6,53.4
DL07677,O07677,D0194,8.11,21,Medium,Cloudy,69.7,121.52
DL07678,O07678,D0027,13.16,23,Medium,Rainy,94.6,32.13
DL07679,O07679,D0178,7.54,14,High,Cloudy,72.4,91.8
DL07680,O07680,D0344,3.92,35,Low,Cloudy,59.4,41.99
DL07681,O07681,D0091,13.57,34,Medium,Clear,89.1,248.22
DL07682,O07682,D0115,7.43,19,Medium,Clear,60.0,182.32
DL07683,O07683,D0095,9.41,29,Low,Clear,68.7,92.83
DL07684,O07684,D0455,9.77,21,Medium,Cloudy,80.9,102.83
DL07685,O07685,D0026,2.15,16,High,Clear,59.8,195.65
DL07686,O07686,D0253,5.96,33,Medium,Rainy,85.5,88.73
DL07687,O07687,D0150,6.02,10,High,Clear,54.6,19.45
DL07688,O07688,D0450,11.03,32,Medium,Cloudy,90.7,82.51
DL07689,O07689,D0400,10.48,18,Low,Rainy,76.8,80.57
DL07690,O07690,D0281,14.84,21,High,Cloudy,92.6,23.66
DL07691,O07691,D0400,11.23,13,High,Clear,75.3,3.17
DL07692,O07692,D0249,4.12,13,Medium,Clear,43.2,226.4
DL07693,O07693,D0343,5.84,15,Low,Clear,46.0,26.1
DL07694,O07694,D0036,3.34,10,Low,Clear,30.9,41.12
DL07695,O07695,D0497,13.07,24,Medium,Cloudy,88.5,119.6
DL07696,O07696,D0270,12.84,17,Low,Clear,74.3,141.8
DL07697,O07697,D0296,13.79,22,Medium,Clear,80.4,24.13
DL07698,O07698,D0265,10.24,27,Low,Rainy,79.9,164.23
DL07699,O07699,D0040,4.76,32,High,Clear,78.1,8.08
DL07700,O07700,D0351,13.55,34,High,Clear,100.8,25.03
DL07701,O07701,D0370,4.82,38,High,Rainy,97.9,147.14
DL07702,O07702,D0327,6.38,20,High,Rainy,93.0,50.38
DL07703,O07703,D0378,1.31,35,High,Cloudy,80.1,206.88
DL07704,O07704,D0045,9.09,18,Medium,Clear,60.3,86.97
DL07705,O07705,D0001,7.1,24,High,Clear,65.1,26.66
DL07706,O07706,D0469,10.07,26,Medium,Cloudy,70.8,112.37
DL07707,O07707,D0413,14.55,42,High,Clear,117.0,12.04
DL07708,O07708,D0136,1.8,28,Medium,Clear,49.4,28.2
DL07709,O07709,D0201,2.28,33,Medium,Cloudy,63.6,104.74
DL07710,O07710,D0186,8.9,36,Medium,Cloudy,85.3,60.96
DL07711,O07711,D0019,14.97,38,Low,Cloudy,97.5,106.57
DL07712,O07712,D0303,5.03,30,High,Cloudy,76.0,12.28
DL07713,O07713,D0483,8.51,37,Medium,Clear,79.1,40.74
DL07714,O07714,D0120,3.85,40,Medium,Clear,83.1,181.17
DL07715,O07715,D0027,8.42,42,Medium,Cloudy,91.4,124.57
DL07716,O07716,D0213,3.57,33,Medium,Clear,64.0,93.21
DL07717,O07717,D0471,3.48,28,High,Rainy,82.4,98.46
DL07718,O07718,D0363,5.74,38,High,Clear,88.2,114.99
DL07719,O07719,D0206,14.15,19,Low,Clear,78.2,81.9
DL07720,O07720,D0204,10.23,26,Medium,Cloudy,69.8,263.5
DL07721,O07721,D0124,6.2,42,Low,Rainy,81.2,49.72
DL07722,O07722,D0438,9.94,29,Low,Clear,70.5,37.51
DL07723,O07723,D0453,3.79,14,Low,Clear,41.6,56.47
DL07724,O07724,D0098,9.92,10,Low,Clear,41.2,66.27
DL07725,O07725,D0057,13.88,30,Medium,Cloudy,93.4,198.43
DL07726,O07726,D0183,14.12,30,High,Cloudy,107.6,70.52
DL07727,O07727,D0455,9.21,24,Medium,Cloudy,73.4,183.23
DL07728,O07728,D0261,13.31,15,Medium,Clear,82.0,29.44
DL07729,O07729,D0227,6.42,37,Low,Clear,69.5,40.42
DL07730,O07730,D0473,13.4,26,High,Clear,104.0,92.22
DL07731,O07731,D0094,5.68,13,High,Cloudy,66.7,117.89
DL07732,O07732,D0426,10.84,25,Medium,Cloudy,97.1,148.27
DL07733,O07733,D0331,13.86,20,Low,Cloudy,79.0,79.36
DL07734,O07734,D0456,8.91,33,Low,Cloudy,74.5,132.04
DL07735,O07735,D0102,4.84,38,Medium,Cloudy,85.3,113.66
DL07736,O07736,D0156,10.77,39,Medium,Rainy,105.6,25.58
DL07737,O07737,D0396,2.58,23,High,Cloudy,62.5,36.01
DL07738,O07738,D0173,5.84,31,Low,Cloudy,59.7,14.89
DL07739,O07739,D0290,13.54,33,Low,Cloudy,86.5,91.96
DL07740,O07740,D0095,11.32,10,Low,Cloudy,53.8,227.38
DL07741,O07741,D0247,1.77,28,Medium,Rainy,67.3,67.69
DL07742,O07742,D0341,9.03,41,Low,Cloudy,84.4,6.18
DL07743,O07743,D0464,4.47,23,Low,Clear,49.1,50.97
DL07744,O07744,D0216,1.19,14,Medium,Cloudy,40.9,45.92
DL07745,O07745,D0214,4.74,16,Low,Cloudy,36.0,49.55
DL07746,O07746,D0186,11.84,29,High,Rainy,111.4,58.02
DL07747,O07747,D0269,6.63,26,High,Clear,76.2,18.85
DL07748,O07748,D0265,4.72,13,Low,Rainy,45.8,177.95
DL07749,O07749,D0237,14.98,14,Medium,Cloudy,81.0,68.07
DL07750,O07750,D0367,9.08,12,Low,Rainy,66.7,174.86
DL07751,O07751,D0328,4.11,38,High,Cloudy,88.9,116.02
DL07752,O07752,D0471,3.84,39,Medium,Rainy,76.4,46.96
DL07753,O07753,D0049,2.45,31,Medium,Clear,64.6,241.66
DL07754,O07754,D0138,9.56,19,Medium,Clear,71.9,45.87
DL07755,O07755,D0105,13.31,33,Low,Cloudy,89.5,13.57
DL07756,O07756,D0120,13.04,20,High,Clear,85.6,10.77
DL07757,O07757,D0465,14.16,30,High,Rainy,123.7,42.96
DL07758,O07758,D0029,1.32,16,High,Clear,45.2,113.44
DL07759,O07759,D0305,8.86,42,Low,Clear,79.7,114.48
DL07760,O07760,D0179,13.84,31,Medium,Clear,87.4,13.5
DL07761,O07761,D0179,13.6,31,Medium,Clear,86.9,35.26
DL07762,O07762,D0450,4.79,40,Medium,Clear,64.8,185.32
DL07763,O07763,D0011,8.03,12,Low,Clear,47.7,116.59
DL07764,O07764,D0328,2.34,34,High,Clear,67.7,90.2
DL07765,O07765,D0405,4.84,37,Medium,Cloudy,73.6,97.17
DL07766,O07766,D0497,14.89,26,Medium,Clear,92.7,214.9
DL07767,O07767,D0481,9.19,17,Low,Clear,62.0,179.73
DL07768,O07768,D0306,14.98,13,Medium,Rainy,93.0,122.96
DL07769,O07769,D0455,1.23,29,Low,Clear,41.7,8.7
DL07770,O07770,D0361,14.6,17,High,Cloudy,95.1,139.59
DL07771,O07771,D0217,5.95,33,Low,Cloudy,66.7,132.6
DL07772,O07772,D0009,2.16,35,Low,Cloudy,57.8,54.63
DL07773,O07773,D0362,2.25,37,Medium,Clear,69.1,163.82
DL07774,O07774,D0112,5.81,43,Medium,Rainy,90.9,34.77
DL07775,O07775,D0043,7.63,17,Medium,Clear,52.6,30.26
DL07776,O07776,D0166,2.19,13,Low,Clear,26.1,223.45
DL07777,O07777,D0347,12.92,27,Medium,Cloudy,88.7,42.85
DL07778,O07778,D0044,7.8,43,Medium,Rainy,94.6,156.98
DL07779,O07779,D0181,6.11,37,Medium,Clear,81.0,153.97
DL07780,O07780,D0188,8.3,14,Medium,Clear,61.8,165.84
DL07781,O07781,D0330,7.83,38,Low,Clear,68.0,88.45
DL07782,O07782,D0240,2.44,15,Medium,Clear,39.9,52.0
DL07783,O07783,D0410,1.7,39,Medium,Cloudy,61.2,75.97
DL07784,O07784,D0254,10.5,40,High,Rainy,107.0,203.66
DL07785,O07785,D0475,7.83,23,Medium,Clear,62.9,6.2
DL07786,O07786,D0312,1.34,35,Medium,Clear,55.3,23.86
DL07787,O07787,D0086,10.33,35,High,Clear,89.8,139.68
DL07788,O07788,D0184,10.88,19,Low,Rainy,82.4,13.09
DL07789,O07789,D0174,14.58,16,Medium,Cloudy,83.3,110.24
DL07790,O07790,D0241,9.82,25,High,Clear,80.8,55.27
DL07791,O07791,D0404,4.85,23,Low,Cloudy,49.6,40.18
DL07792,O07792,D0218,4.34,35,High,Clear,78.0,28.1
DL07793,O07793,D0293,7.4,10,High,Clear,55.4,156.08
DL07794,O07794,D0420,2.29,39,Low,Rainy,73.3,214.21
DL07795,O07795,D0477,7.94,32,Low,Cloudy,68.3,16.22
DL07796,O07796,D0118,5.59,11,Low,Rainy,54.6,50.04
DL07797,O07797,D0205,12.62,13,Medium,Cloudy,72.9,155.51
DL07798,O07798,D0327,10.73,35,High,Clear,100.3,163.4
DL07799,O07799,D0203,4.59,23,Medium,Clear,61.8,208.52
DL07800,O07800,D0427,7.7,23,Medium,Clear,67.5,39.31
DL07801,O07801,D0376,11.04,10,Low,Clear,47.7,42.65
DL07802,O07802,D0376,3.42,37,Medium,Clear,54.5,77.45
DL07803,O07803,D0309,14.57,29,High,Clear,90.1,9.26
DL07804,O07804,D0184,2.28,28,Medium,Cloudy,61.4,32.94
DL07805,O07805,D0428,14.35,12,Medium,Clear,65.6,17.35
DL07806,O07806,D0195,1.23,42,Low,Rainy,70.5,43.17
DL07807,O07807,D0364,7.77,23,Low,Cloudy,60.8,6.09
DL07808,O07808,D0035,5.03,17,Low,Clear,41.3,102.0
DL07809,O07809,D0385,14.55,29,Low,Clear,78.6,161.12
DL07810,O07810,D0170,12.98,31,Medium,Clear,84.9,213.08
DL07811,O07811,D0449,13.64,35,Medium,Rainy,115.0,69.63
DL07812,O07812,D0481,7.88,44,High,Clear,96.4,77.5
DL07813,O07813,D0026,2.48,23,Low,Clear,45.1,22.98
DL07814,O07814,D0363,4.46,32,Low,Clear,56.2,183.4
DL07815,O07815,D0112,8.43,14,Medium,Clear,58.4,15.19
DL07816,O07816,D0451,6.45,10,High,Cloudy,61.9,97.37
DL07817,O07817,D0344,5.59,35,Medium,Clear,68.8,101.99
DL07818,O07818,D0099,5.24,24,High,Clear,68.9,86.86
DL07819,O07819,D0189,4.28,21,Low,Rainy,57.8,76.31
DL07820,O07820,D0125,8.53,30,High,Cloudy,92.7,36.52
DL07821,O07821,D0360,10.64,26,Medium,Clear,77.1,135.04
DL07822,O07822,D0379,10.68,18,Low,Cloudy,72.5,162.06
DL07823,O07823,D0173,1.63,10,Low,Clear,30.8,65.83
DL07824,O07824,D0080,1.38,40,High,Rainy,88.3,253.36
DL07825,O07825,D0239,2.22,26,Low,Clear,41.2,28.5
DL07826,O07826,D0106,1.25,29,High,Clear,62.2,213.48
DL07827,O07827,D0369,7.17,13,High,Cloudy,61.5,201.95
DL07828,O07828,D0099,1.75,34,Low,Clear,49.8,49.17
DL07829,O07829,D0078,7.1,43,High,Clear,88.0,116.65
DL07830,O07830,D0417,5.72,16,High,Rainy,71.3,107.44
DL07831,O07831,D0186,1.82,36,Low,Clear,52.1,38.46
DL07832,O07832,D0393,2.19,11,Low,Clear,31.1,170.6
DL07833,O07833,D0403,11.81,14,High,Clear,78.2,193.6
DL07834,O07834,D0122,11.14,13,Medium,Cloudy,84.3,54.77
DL07835,O07835,D0158,5.01,12,High,Clear,58.6,63.35
DL07836,O07836,D0202,2.82,34,High,Clear,73.4,160.0
DL07837,O07837,D0191,5.99,35,Medium,Rainy,87.2,81.96
DL07838,O07838,D0437,7.78,36,Low,Clear,67.3,202.85
DL07839,O07839,D0395,8.24,42,Medium,Rainy,101.4,2.63
DL07840,O07840,D0154,1.34,18,High,Cloudy,63.0,45.32
DL07841,O07841,D0410,9.41,44,Low,Clear,80.1,22.52
DL07842,O07842,D0398,9.82,17,High,Clear,72.9,101.31
DL07843,O07843,D0400,10.0,22,Low,Cloudy,56.7,27.38
DL07844,O07844,D0295,9.77,13,Low,Cloudy,61.6,210.76
DL07845,O07845,D0030,14.4,14,Medium,Cloudy,89.0,58.93
DL07846,O07846,D0457,10.94,23,High,Cloudy,99.3,55.33
DL07847,O07847,D0141,5.44,21,Medium,Clear,56.9,86.3
DL07848,O07848,D0103,12.37,29,Medium,Clear,84.1,38.76
DL07849,O07849,D0065,7.04,14,Low,Clear,50.0,27.92
DL07850,O07850,D0375,1.85,34,High,Cloudy,73.9,109.05
DL07851,O07851,D0231,10.08,22,Medium,Cloudy,72.4,78.78
DL07852,O07852,D0130,6.35,32,Medium,Clear,74.9,215.99
DL07853,O07853,D0023,14.02,40,Low,Clear,83.7,121.38
DL07854,O07854,D0290,5.78,36,Medium,Rainy,96.9,77.99
DL07855,O07855,D0321,1.63,19,High,Rainy,61.7,70.09
DL07856,O07856,D0105,14.26,11,High,Rainy,103.4,137.78
DL07857,O07857,D0042,12.65,29,Low,Clear,67.3,124.03
DL07858,O07858,D0170,14.71,37,Low,Clear,91.6,184.72
DL07859,O07859,D0325,3.53,24,High,Clear,57.1,43.16
DL07860,O07860,D0423,1.3,44,Medium,Clear,66.1,208.73
DL07861,O07861,D0480,14.32,10,Medium,Clear,74.0,115.34
DL07862,O07862,D0202,11.39,33,High,Cloudy,98.6,167.91
DL07863,O07863,D0022,13.0,38,Medium,Clear,97.8,62.95
DL07864,O07864,D0472,1.06,35,Low,Clear,53.3,9.69
DL07865,O07865,D0250,10.2,28,High,Cloudy,91.3,146.37
DL07866,O07866,D0035,10.96,43,Medium,Clear,95.7,43.68
DL07867,O07867,D0223,5.81,29,Medium,Cloudy,80.1,132.5
DL07868,O07868,D0044,7.63,10,Medium,Clear,52.6,39.9
DL07869,O07869,D0500,2.86,25,Medium,Clear,55.9,10.0
DL07870,O07870,D0304,2.12,22,High,Rainy,70.3,21.51
DL07871,O07871,D0306,12.35,33,Low,Cloudy,93.0,25.79
DL07872,O07872,D0496,12.51,33,Medium,Rainy,105.0,61.75
DL07873,O07873,D0469,4.22,34,Medium,Cloudy,69.8,104.43
DL07874,O07874,D0187,12.44,44,Low,Cloudy,94.1,18.8
DL07875,O07875,D0330,6.1,40,Medium,Rainy,87.5,28.06
DL07876,O07876,D0091,5.05,26,Medium,Clear,47.7,62.99
DL07877,O07877,D0289,12.09,23,Low,Clear,61.4,62.48
DL07878,O07878,D0016,10.89,37,Low,Rainy,93.4,178.81
DL07879,O07879,D0127,9.89,31,High,Clear,85.9,205.11
DL07880,O07880,D0261,12.14,17,Medium,Cloudy,81.4,79.54
DL07881,O07881,D0216,13.08,10,Medium,Cloudy,75.8,117.6
DL07882,O07882,D0428,14.28,20,Medium,Rainy,89.1,254.35
DL07883,O07883,D0112,9.73,38,Medium,Rainy,106.3,105.02
DL07884,O07884,D0219,2.27,24,Medium,Cloudy,57.8,95.19
DL07885,O07885,D0270,5.95,18,Low,Cloudy,50.2,197.57
DL07886,O07886,D0458,2.84,26,High,Clear,73.2,188.47
DL07887,O07887,D0377,2.7,36,Medium,Clear,66.0,74.11
DL07888,O07888,D0336,14.85,28,Low,Rainy,99.9,139.65
DL07889,O07889,D0349,3.59,44,Low,Rainy,77.2,275.43
DL07890,O07890,D0463,11.33,12,Medium,Clear,67.5,103.93
DL07891,O07891,D0470,11.95,28,Medium,Clear,79.8,80.54
DL07892,O07892,D0363,7.88,32,Medium,Clear,78.0,44.65
DL07893,O07893,D0313,1.06,16,Medium,Clear,40.6,69.77
DL07894,O07894,D0070,11.19,17,Medium,Rainy,89.4,20.08
DL07895,O07895,D0123,14.33,14,Low,Clear,65.8,37.33
DL07896,O07896,D0115,11.78,38,Medium,Rainy,108.5,136.34
DL07897,O07897,D0303,8.4,38,Medium,Cloudy,86.9,26.03
DL07898,O07898,D0091,9.23,38,High,Rainy,107.2,77.0
DL07899,O07899,D0349,3.22,44,Medium,Cloudy,83.1,29.51
DL07900,O07900,D0237,13.37,32,Medium,Clear,88.9,108.62
DL07901,O07901,D0220,9.36,21,Low,Rainy,78.6,212.78
DL07902,O07902,D0147,4.47,26,High,Clear,69.9,27.74
DL07903,O07903,D0353,2.41,24,Medium,Rainy,70.1,79.42
DL07904,O07904,D0062,4.75,28,Low,Clear,44.7,150.86
DL07905,O07905,D0138,11.73,32,Medium,Cloudy,93.1,183.09
DL07906,O07906,D0056,14.37,28,High,Clear,109.1,21.51
DL07907,O07907,D0267,4.27,38,Medium,Clear,65.7,106.88
DL07908,O07908,D0236,5.34,26,High,Clear,69.3,15.63
DL07909,O07909,D0094,12.28,14,Medium,Clear,69.4,56.4
DL07910,O07910,D0206,11.2,44,Medium,Rainy,113.9,227.33
DL07911,O07911,D0080,2.73,20,Medium,Cloudy,50.5,154.29
DL07912,O07912,D0391,13.75,31,Medium,Rainy,109.4,61.04
DL07913,O07913,D0309,4.28,11,Low,Rainy,53.7,7.2
DL07914,O07914,D0324,11.75,22,Medium,Cloudy,87.8,38.61
DL07915,O07915,D0144,10.12,35,High,Clear,93.2,150.87
DL07916,O07916,D0188,7.55,42,High,Cloudy,99.1,33.4
DL07917,O07917,D0051,2.22,31,Medium,Cloudy,69.7,20.25
DL07918,O07918,D0128,13.5,16,High,Clear,76.2,38.7
DL07919,O07919,D0227,8.43,37,High,Clear,90.5,136.36
DL07920,O07920,D0393,2.59,14,Low,Cloudy,38.4,42.0
DL07921,O07921,D0433,7.68,42,Low,Clear,68.4,61.47
DL07922,O07922,D0292,2.45,11,Medium,Clear,36.2,36.96
DL07923,O07923,D0265,6.23,14,Medium,Clear,54.5,93.29
DL07924,O07924,D0288,2.66,32,Medium,Clear,58.6,20.34
DL07925,O07925,D0238,4.67,32,Low,Rainy,76.6,49.2
DL07926,O07926,D0313,12.36,44,Medium,Cloudy,104.7,66.49
DL07927,O07927,D0346,4.26,13,Low,Clear,33.2,146.25
DL07928,O07928,D0313,9.93,15,Low,Rainy,69.0,28.78
DL07929,O07929,D0044,4.22,15,Low,Clear,38.4,105.07
DL07930,O07930,D0147,9.63,37,Medium,Cloudy,81.9,103.08
DL07931,O07931,D0373,11.42,22,Medium,Clear,78.2,104.2
DL07932,O07932,D0043,2.45,16,Medium,Clear,36.3,144.85
DL07933,O07933,D0324,12.87,41,Medium,Clear,99.0,114.63
DL07934,O07934,D0320,13.79,31,Medium,Clear,83.0,114.04
DL07935,O07935,D0095,6.21,44,Medium,Clear,87.0,79.55
DL07936,O07936,D0141,13.29,28,Low,Cloudy,74.7,19.27
DL07937,O07937,D0238,2.63,33,Low,Clear,55.7,141.25
DL07938,O07938,D0138,6.96,42,Low,Clear,74.7,53.41
DL07939,O07939,D0176,3.26,10,Low,Cloudy,35.8,133.22
DL07940,O07940,D0148,14.46,29,Medium,Rainy,113.8,69.86
DL07941,O07941,D0116,11.84,16,High,Cloudy,79.9,170.5
DL07942,O07942,D0262,9.68,11,Medium,Rainy,72.7,264.73
DL07943,O07943,D0428,2.0,41,Medium,Rainy,86.2,59.09
DL07944,O07944,D0432,3.32,14,Low,Cloudy,49.9,25.3
DL07945,O07945,D0200,5.91,11,High,Cloudy,66.1,40.5
DL07946,O07946,D0483,4.19,12,Low,Clear,30.8,189.89
DL07947,O07947,D0064,5.36,23,Low,Cloudy,53.4,23.19
DL07948,O07948,D0382,14.56,31,High,Rainy,126.3,10.21
DL07949,O07949,D0463,12.22,16,Low,Cloudy,72.8,20.48
DL07950,O07950,D0029,1.98,42,Low,Clear,46.7,97.67
DL07951,O07951,D0498,1.79,24,Medium,Rainy,64.9,68.02
DL07952,O07952,D0328,1.64,27,High,Rainy,80.4,15.12
DL07953,O07953,D0009,11.07,42,Low,Clear,84.9,78.14
DL07954,O07954,D0221,8.19,17,Medium,Cloudy,61.8,53.04
DL07955,O07955,D0023,3.07,24,Medium,Rainy,77.6,192.52
DL07956,O07956,D0500,14.16,40,Medium,Clear,100.7,79.06
DL07957,O07957,D0311,3.81,37,High,Clear,84.8,28.58
DL07958,O07958,D0332,11.11,15,Low,Cloudy,60.1,121.19
DL07959,O07959,D0412,14.98,18,Medium,Clear,82.4,70.96
DL07960,O07960,D0431,14.87,13,Low,Cloudy,72.2,122.87
DL07961,O07961,D0236,9.67,26,Medium,Clear,79.1,52.74
DL07962,O07962,D0143,3.14,26,Medium,Clear,53.5,114.0
DL07963,O07963,D0242,14.9,28,High,Rainy,117.8,83.74
DL07964,O07964,D0483,11.17,25,Low,Cloudy,63.1,231.6
DL07965,O07965,D0477,12.58,30,Medium,Clear,85.5,53.49
DL07966,O07966,D0058,14.74,41,High,Cloudy,106.8,291.27
DL07967,O07967,D0146,3.84,36,Low,Clear,55.9,198.94
DL07968,O07968,D0424,5.51,30,High,Rainy,89.6,56.67
DL07969,O07969,D0146,4.44,22,Low,Clear,47.9,73.59
DL07970,O07970,D0458,14.87,26,High,Clear,100.6,253.98
DL07971,O07971,D0007,10.16,31,High,Clear,100.6,68.25
DL07972,O07972,D0130,5.35,29,Medium,Cloudy,76.3,68.94
DL07973,O07973,D0210,6.18,30,Medium,Clear,75.5,148.96
DL07974,O07974,D0234,7.36,20,High,Rainy,93.8,32.64
DL07975,O07975,D0307,7.14,27,Low,Cloudy,63.5,134.27
DL07976,O07976,D0419,3.43,13,Low,Rainy,44.7,129.27
DL07977,O07977,D0358,12.99,11,High,Cloudy,87.4,41.88
DL07978,O07978,D0394,11.81,14,Medium,Clear,62.1,21.46
DL07979,O07979,D0020,13.79,43,High,Clear,123.9,109.82
DL07980,O07980,D0057,8.36,16,Medium,Clear,50.5,103.69
DL07981,O07981,D0458,10.41,40,Medium,Rainy,107.3,96.33
DL07982,O07982,D0141,11.56,39,Medium,Rainy,108.9,53.18
DL07983,O07983,D0117,9.32,22,High,Rainy,98.2,30.78
DL07984,O07984,D0024,10.86,42,Medium,Cloudy,102.6,36.19
DL07985,O07985,D0426,8.48,38,High,Clear,95.6,105.99
DL07986,O07986,D0447,6.59,20,Medium,Clear,62.9,122.64
DL07987,O07987,D0115,14.76,21,Low,Rainy,93.1,95.61
DL07988,O07988,D0302,7.69,38,High,Clear,82.6,59.17
DL07989,O07989,D0445,12.73,36,Medium,Clear,97.2,6.58
DL07990,O07990,D0331,9.37,36,High,Cloudy,95.5,185.72
DL07991,O07991,D0447,4.81,22,High,Clear,63.8,51.92
DL07992,O07992,D0377,2.58,29,Low,Cloudy,57.3,30.31
DL07993,O07993,D0404,13.81,13,Medium,Clear,69.2,40.56
DL07994,O07994,D0272,5.72,20,High,Clear,71.7,25.59
DL07995,O07995,D0035,5.13,26,High,Clear,61.9,24.02
DL07996,O07996,D0461,11.46,23,Medium,Cloudy,78.7,91.48
DL07997,O07997,D0238,10.04,23,High,Clear,81.7,46.89
DL07998,O07998,D0265,10.25,38,High,Clear,101.6,43.53
DL07999,O07999,D0479,2.84,36,High,Clear,75.6,133.64
DL08000,O08000,D0420,4.47,33,High,Rainy,94.4,51.83
DL08001,O08001,D0374,7.94,12,Medium,Cloudy,74.5,95.45
DL08002,O08002,D0014,13.16,14,Low,Cloudy,68.3,135.55
DL08003,O08003,D0427,6.96,22,High,Clear,75.0,53.63
DL08004,O08004,D0076,2.99,14,Medium,Clear,48.5,46.19
DL08005,O08005,D0023,6.6,43,Low,Cloudy,79.4,28.27
DL08006,O08006,D0177,5.08,16,High,Rainy,69.5,70.24
DL08007,O08007,D0480,14.92,18,Medium,Clear,76.7,216.45
DL08008,O08008,D0496,6.26,43,Low,Rainy,90.4,26.33
DL08009,O08009,D0001,9.62,37,Low,Cloudy,83.5,125.58
DL08010,O08010,D0208,9.05,11,High,Clear,69.5,86.77
DL08011,O08011,D0050,3.38,37,High,Clear,81.6,31.51
DL08012,O08012,D0058,2.82,13,Medium,Rainy,54.3,218.1
DL08013,O08013,D0203,1.25,33,Medium,Cloudy,53.4,114.35
DL08014,O08014,D0285,2.92,11,Medium,Clear,43.6,63.93
DL08015,O08015,D0002,11.17,42,High,Clear,102.6,92.83
DL08016,O08016,D0144,9.86,33,Medium,Rainy,105.4,86.5
DL08017,O08017,D0080,4.98,42,Medium,Cloudy,89.2,48.51
DL08018,O08018,D0155,4.01,43,Medium,Rainy,90.1,32.51
DL08019,O08019,D0420,1.44,26,Medium,Cloudy,61.1,14.21
DL08020,O08020,D0225,4.96,29,Medium,Clear,63.4,10.11
DL08021,O08021,D0154,5.71,29,Medium,Cloudy,66.8,139.43
DL08022,O08022,D0075,13.11,32,Medium,Cloudy,97.3,46.22
DL08023,O08023,D0263,1.19,14,Low,Cloudy,32.7,11.09
DL08024,O08024,D0166,4.7,39,High,Cloudy,90.3,10.6
DL08025,O08025,D0294,14.34,30,Low,Rainy,96.7,28.76
DL08026,O08026,D0153,12.93,26,High,Clear,92.0,2.96
DL08027,O08027,D0180,13.35,24,Low,Rainy,82.7,108.74
DL08028,O08028,D0440,1.04,28,Low,Cloudy,50.9,8.88
DL08029,O08029,D0306,6.07,36,Medium,Rainy,80.7,22.72
DL08030,O08030,D0456,7.73,27,Medium,Cloudy,71.8,111.15
DL08031,O08031,D0314,2.51,32,Medium,Rainy,67.4,188.87
DL08032,O08032,D0348,2.12,18,Medium,Clear,48.6,66.03
DL08033,O08033,D0262,6.0,28,Medium,Clear,69.0,187.32
DL08034,O08034,D0104,13.89,11,Medium,Cloudy,81.8,8.58
DL08035,O08035,D0285,6.61,40,High,Cloudy,100.2,77.21
DL08036,O08036,D0195,11.59,41,Low,Cloudy,83.3,16.5
DL08037,O08037,D0036,9.37,26,Low,Cloudy,65.7,134.32
DL08038,O08038,D0262,13.42,35,High,Clear,105.1,85.56
DL08039,O08039,D0241,5.67,30,Medium,Rainy,76.9,213.5
DL08040,O08040,D0385,2.86,28,High,Clear,65.4,106.93
DL08041,O08041,D0079,2.92,24,Medium,Clear,56.8,154.42
DL08042,O08042,D0157,3.64,13,High,Clear,53.2,46.4
DL08043,O08043,D0335,12.32,18,Low,Rainy,82.7,88.41
DL08044,O08044,D0012,9.0,42,Medium,Cloudy,96.1,121.85
DL08045,O08045,D0312,8.64,36,Low,Cloudy,81.0,5.37
DL08046,O08046,D0384,2.72,12,Medium,Clear,43.5,30.04
DL08047,O08047,D0006,3.49,11,Medium,Clear,44.4,68.43
DL08048,O08048,D0256,3.87,10,High,Clear,56.4,2.8
DL08049,O08049,D0059,11.54,13,Low,Clear,64.1,99.7
DL08050,O08050,D0436,10.74,28,Medium,Cloudy,84.8,143.01
DL08051,O08051,D0037,9.17,10,Low,Clear,45.9,26.76
DL08052,O08052,D0071,2.42,24,Medium,Rainy,73.0,133.84
DL08053,O08053,D0104,3.16,10,Medium,Rainy,52.0,58.55
DL08054,O08054,D0170,4.6,31,Low,Cloudy,63.1,77.92
DL08055,O08055,D0039,12.63,22,Low,Clear,63.7,51.94
DL08056,O08056,D0167,11.11,21,Low,Clear,61.0,37.99
DL08057,O08057,D0055,13.81,27,Low,Cloudy,89.6,16.95
DL08058,O08058,D0174,1.48,11,Low,Cloudy,34.0,6.98
DL08059,O08059,D0452,12.5,16,High,Cloudy,95.0,60.47
DL08060,O08060,D0053,1.34,28,Low,Clear,38.0,215.08
DL08061,O08061,D0445,10.32,43,High,Clear,105.5,162.83
DL08062,O08062,D0010,10.1,10,Low,Clear,53.6,157.18
DL08063,O08063,D0077,4.75,43,Low,Clear,60.7,47.52
DL08064,O08064,D0263,11.48,27,Low,Clear,66.8,22.65
DL08065,O08065,D0419,6.91,14,High,Clear,63.0,162.89
DL08066,O08066,D0325,9.87,23,High,Clear,79.4,117.97
DL08067,O08067,D0338,9.82,38,Low,Cloudy,87.9,56.69
DL08068,O08068,D0007,13.34,33,Low,Clear,78.0,170.0
DL08069,O08069,D0422,10.44,20,High,Cloudy,87.1,129.3
DL08070,O08070,D0008,10.39,36,High,Clear,106.0,44.95
DL08071,O08071,D0359,9.35,31,Medium,Cloudy,80.6,61.32
DL08072,O08072,D0244,2.4,20,High,Clear,63.1,231.84
DL08073,O08073,D0381,5.21,30,High,Clear,72.5,13.14
DL08074,O08074,D0117,7.43,13,High,Clear,65.1,177.53
DL08075,O08075,D0427,4.5,26,Medium,Rainy,63.1,26.52
DL08076,O08076,D0298,3.32,11,Low,Clear,34.7,77.32
DL08077,O08077,D0154,8.16,29,Medium,Cloudy,84.7,34.12
DL08078,O08078,D0262,12.69,20,Low,Rainy,87.1,25.31
DL08079,O08079,D0338,9.88,43,Low,Cloudy,88.6,203.71
DL08080,O08080,D0314,10.73,11,Medium,Clear,61.8,57.87
DL08081,O08081,D0358,2.98,34,Medium,Clear,63.9,133.38
DL08082,O08082,D0010,12.17,22,Medium,Rainy,98.9,49.69
DL08083,O08083,D0329,2.55,26,Low,Cloudy,33.5,48.32
DL08084,O08084,D0360,4.95,41,High,Clear,81.6,47.91
DL08085,O08085,D0268,13.28,23,Low,Rainy,90.8,90.16
DL08086,O08086,D0029,13.91,30,High,Cloudy,105.2,81.25
DL08087,O08087,D0405,2.23,42,Medium,Cloudy,73.9,125.34
DL08088,O08088,D0021,3.27,25,Low,Cloudy,55.3,88.61
DL08089,O08089,D0347,6.02,31,High,Clear,80.6,127.85
DL08090,O08090,D0298,11.03,20,Low,Cloudy,67.1,66.9
DL08091,O08091,D0332,3.09,38,Low,Rainy,76.2,88.68
DL08092,O08092,D0285,3.17,35,Low,Clear,57.3,75.87
DL08093,O08093,D0254,8.64,30,Medium,Clear,73.7,198.15
DL08094,O08094,D0090,9.26,28,High,Cloudy,93.1,115.95
DL08095,O08095,D0242,2.23,24,High,Clear,60.7,25.29
DL08096,O08096,D0090,6.67,40,High,Clear,86.6,124.01
DL08097,O08097,D0371,11.25,40,Medium,Clear,83.9,100.24
DL08098,O08098,D0092,5.78,36,Medium,Clear,71.5,19.85
DL08099,O08099,D0014,4.39,16,Medium,Clear,52.8,194.19
DL08100,O08100,D0109,2.6,18,Low,Clear,43.4,32.94
DL08101,O08101,D0153,7.51,23,High,Clear,74.3,115.06
DL08102,O08102,D0167,14.16,39,High,Clear,99.4,171.25
DL08103,O08103,D0059,9.6,10,High,Clear,72.3,156.14
DL08104,O08104,D0200,1.93,26,High,Cloudy,67.1,47.65
DL08105,O08105,D0190,4.62,10,Medium,Cloudy,59.6,66.26
DL08106,O08106,D0463,11.37,27,Low,Cloudy,77.3,26.07
DL08107,O08107,D0155,11.6,33,High,Clear,99.1,142.7
DL08108,O08108,D0361,6.26,27,High,Cloudy,83.2,205.75
DL08109,O08109,D0483,1.94,29,Medium,Clear,43.5,35.3
DL08110,O08110,D0133,8.52,37,High,Clear,97.7,45.93
DL08111,O08111,D0132,11.26,22,Low,Clear,66.9,49.37
DL08112,O08112,D0180,5.65,10,Medium,Clear,45.4,132.18
DL08113,O08113,D0341,12.04,21,High,Cloudy,101.6,115.55
DL08114,O08114,D0245,5.61,42,High,Cloudy,94.4,42.69
DL08115,O08115,D0340,3.36,21,High,Cloudy,66.4,62.18
DL08116,O08116,D0262,12.18,30,Low,Rainy,92.9,165.83
DL08117,O08117,D0285,2.87,11,Low,Rainy,42.9,137.79
DL08118,O08118,D0183,4.42,15,Medium,Clear,54.3,132.72
DL08119,O08119,D0104,12.95,11,Medium,Clear,71.8,213.06
DL08120,O08120,D0067,8.32,32,Medium,Clear,75.1,89.52
DL08121,O08121,D0036,3.16,44,Medium,Clear,81.4,111.5
DL08122,O08122,D0401,9.62,26,Medium,Cloudy,77.6,193.26
DL08123,O08123,D0369,9.2,14,Medium,Clear,48.6,253.62
DL08124,O08124,D0037,8.72,19,High,Clear,83.0,49.26
DL08125,O08125,D0177,5.77,20,Medium,Clear,52.5,14.27
DL08126,O08126,D0089,6.69,40,High,Clear,82.1,205.2
DL08127,O08127,D0236,11.65,12,Low,Cloudy,68.6,148.62
DL08128,O08128,D0483,13.97,32,High,Clear,98.7,147.29
DL08129,O08129,D0448,9.09,40,Medium,Cloudy,96.6,183.14
DL08130,O08130,D0185,14.05,42,Medium,Cloudy,112.1,40.24
DL08131,O08131,D0149,3.46,32,Medium,Clear,65.5,66.38
DL08132,O08132,D0194,5.06,33,High,Clear,79.5,192.13
DL08133,O08133,D0249,12.7,26,Medium,Rainy,98.9,94.1
DL08134,O08134,D0375,14.49,17,Low,Clear,62.4,139.96
DL08135,O08135,D0011,13.47,43,Low,Clear,88.7,15.57
DL08136,O08136,D0358,7.88,24,Low,Cloudy,68.3,52.95
DL08137,O08137,D0145,12.35,25,Medium,Clear,91.7,146.36
DL08138,O08138,D0317,3.82,36,Medium,Rainy,71.4,130.86
DL08139,O08139,D0479,5.44,36,Medium,Cloudy,79.8,77.57
DL08140,O08140,D0467,14.98,26,Low,Clear,87.1,175.85
DL08141,O08141,D0157,3.5,31,Medium,Clear,60.8,91.21
DL08142,O08142,D0077,4.4,30,Low,Clear,42.4,6.09
DL08143,O08143,D0149,11.12,14,High,Clear,86.1,43.3
DL08144,O08144,D0357,10.37,38,High,Clear,97.6,168.87
DL08145,O08145,D0325,11.05,15,High,Clear,71.4,16.46
DL08146,O08146,D0051,14.3,20,Medium,Clear,78.3,97.66
DL08147,O08147,D0284,2.68,35,Medium,Cloudy,74.0,88.66
DL08148,O08148,D0143,9.09,24,Low,Clear,60.6,135.38
DL08149,O08149,D0475,4.6,17,Low,Clear,27.8,23.42
DL08150,O08150,D0004,6.52,42,Medium,Cloudy,96.5,23.72
DL08151,O08151,D0166,5.54,33,Medium,Cloudy,77.0,19.2
DL08152,O08152,D0451,14.03,17,High,Rainy,100.7,59.49
DL08153,O08153,D0157,14.25,41,Low,Clear,100.2,24.73
DL08154,O08154,D0267,7.98,33,Medium,Clear,73.4,213.79
DL08155,O08155,D0435,11.2,28,Low,Cloudy,75.7,157.4
DL08156,O08156,D0164,3.96,44,Medium,Rainy,91.8,20.06
DL08157,O08157,D0475,5.73,32,Medium,Rainy,86.2,89.73
DL08158,O08158,D0118,10.22,41,High,Cloudy,109.9,138.38
DL08159,O08159,D0103,10.41,34,High,Cloudy,93.8,40.29
DL08160,O08160,D0483,13.73,26,High,Cloudy,90.8,140.87
DL08161,O08161,D0057,11.56,10,Medium,Clear,69.8,64.59
DL08162,O08162,D0389,12.8,26,Medium,Clear,79.0,59.02
DL08163,O08163,D0272,12.53,26,High,Cloudy,99.5,54.76
DL08164,O08164,D0341,4.8,37,Medium,Clear,75.9,147.24
DL08165,O08165,D0153,12.39,34,High,Rainy,121.4,82.56
DL08166,O08166,D0286,3.89,27,High,Clear,63.7,8.96
DL08167,O08167,D0051,1.18,40,Medium,Clear,59.3,50.15
DL08168,O08168,D0242,9.62,27,Low,Clear,61.4,152.28
DL08169,O08169,D0259,6.1,21,Low,Clear,45.6,102.92
DL08170,O08170,D0421,10.38,24,Low,Clear,66.4,65.96
DL08171,O08171,D0071,4.11,43,High,Clear,77.1,97.77
DL08172,O08172,D0359,4.51,23,High,Cloudy,65.1,44.6
DL08173,O08173,D0003,13.59,12,Medium,Clear,72.0,74.58
DL08174,O08174,D0186,10.31,17,Low,Cloudy,66.1,58.54
DL08175,O08175,D0105,2.25,39,Medium,Clear,61.3,6.99
DL08176,O08176,D0072,5.9,12,High,Rainy,73.2,249.31
DL08177,O08177,D0149,10.1,27,Medium,Rainy,82.6,84.82
DL08178,O08178,D0402,11.03,14,Low,Clear,61.1,32.38
DL08179,O08179,D0442,7.96,10,High,Clear,66.3,108.43
DL08180,O08180,D0010,4.53,25,Medium,Rainy,77.2,161.78
DL08181,O08181,D0020,10.37,31,Medium,Clear,80.7,191.93
DL08182,O08182,D0168,2.17,21,High,Clear,55.6,90.97
DL08183,O08183,D0488,12.09,19,High,Cloudy,89.3,71.91
DL08184,O08184,D0113,11.58,44,Medium,Clear,95.7,12.13
DL08185,O08185,D0029,5.03,17,High,Rainy,79.3,21.98
DL08186,O08186,D0113,1.85,26,Medium,Cloudy,57.1,50.91
DL08187,O08187,D0350,2.25,20,Medium,Clear,49.7,33.53
DL08188,O08188,D0164,6.97,34,High,Rainy,99.4,40.04
DL08189,O08189,D0032,3.57,20,Medium,Clear,42.5,4.82
DL08190,O08190,D0326,7.11,30,Medium,Cloudy,68.8,58.4
DL08191,O08191,D0125,1.8,35,Medium,Rainy,69.4,27.06
DL08192,O08192,D0403,7.2,41,Medium,Cloudy,82.0,88.99
DL08193,O08193,D0351,13.64,26,Medium,Clear,87.9,96.73
DL08194,O08194,D0353,10.5,41,High,Cloudy,98.4,70.28
DL08195,O08195,D0452,1.91,19,Low,Clear,34.9,68.76
DL08196,O08196,D0331,2.18,28,High,Rainy,72.4,99.98
DL08197,O08197,D0454,8.11,15,High,Clear,69.3,205.28
DL08198,O08198,D0140,4.69,18,Low,Cloudy,43.8,51.1
DL08199,O08199,D0037,7.18,22,Medium,Clear,64.8,131.01
DL08200,O08200,D0174,11.75,24,Low,Cloudy,75.0,102.33
DL08201,O08201,D0031,6.51,37,Low,Clear,68.0,13.42
DL08202,O08202,D0401,5.21,10,High,Rainy,74.5,27.93
DL08203,O08203,D0132,13.53,18,Medium,Clear,73.2,192.9
DL08204,O08204,D0143,10.99,24,Low,Rainy,86.3,15.98
DL08205,O08205,D0230,9.88,35,Medium,Cloudy,87.0,23.34
DL08206,O08206,D0173,2.01,34,Low,Clear,55.5,27.01
DL08207,O08207,D0140,8.01,19,Medium,Clear,67.1,41.97
DL08208,O08208,D0074,13.53,41,Low,Clear,88.9,249.43
DL08209,O08209,D0262,12.51,43,Low,Clear,99.0,43.6
DL08210,O08210,D0150,1.9,16,Medium,Clear,36.0,30.17
DL08211,O08211,D0318,11.51,38,Medium,Clear,86.7,33.71
DL08212,O08212,D0297,13.23,42,Low,Cloudy,98.8,142.04
DL08213,O08213,D0479,4.42,32,Medium,Rainy,79.1,166.05
DL08214,O08214,D0400,8.29,39,Low,Cloudy,91.3,105.26
DL08215,O08215,D0456,13.4,32,High,Clear,105.3,50.75
DL08216,O08216,D0231,13.33,29,Low,Cloudy,90.5,81.52
DL08217,O08217,D0174,6.78,26,High,Clear,75.8,70.69
DL08218,O08218,D0446,8.1,26,Medium,Cloudy,66.2,22.81
DL08219,O08219,D0442,2.49,10,High,Cloudy,44.4,59.15
DL08220,O08220,D0420,8.48,38,Medium,Clear,85.7,45.98
DL08221,O08221,D0387,13.05,35,Low,Rainy,95.0,56.24
DL08222,O08222,D0029,3.42,11,Low,Cloudy,33.4,11.35
DL08223,O08223,D0131,7.42,44,High,Cloudy,100.6,18.86
DL08224,O08224,D0307,10.01,21,Medium,Clear,69.9,37.09
DL08225,O08225,D0266,1.68,19,Low,Clear,31.7,10.26
DL08226,O08226,D0046,1.51,22,Medium,Cloudy,44.3,53.36
DL08227,O08227,D0224,12.89,34,Medium,Rainy,107.3,80.48
DL08228,O08228,D0085,14.51,15,Medium,Cloudy,79.5,10.06
DL08229,O08229,D0134,11.65,36,High,Clear,101.9,113.92
DL08230,O08230,D0108,14.48,23,Low,Cloudy,76.9,137.01
DL08231,O08231,D0160,3.15,36,Medium,Clear,69.7,71.46
DL08232,O08232,D0108,13.18,31,Medium,Clear,86.8,59.68
DL08233,O08233,D0220,13.68,16,Medium,Rainy,100.9,197.65
DL08234,O08234,D0196,5.06,15,Low,Cloudy,36.3,65.63
DL08235,O08235,D0222,10.07,40,Low,Clear,81.9,13.85
DL08236,O08236,D0362,5.28,26,Medium,Clear,58.6,51.27
DL08237,O08237,D0445,2.53,16,High,Clear,50.3,192.12
DL08238,O08238,D0492,12.38,22,Low,Clear,70.3,73.8
DL08239,O08239,D0209,13.68,31,High,Clear,102.9,151.81
DL08240,O08240,D0320,2.54,24,Medium,Clear,50.7,99.94
DL08241,O08241,D0448,10.07,40,Low,Clear,79.3,60.7
DL08242,O08242,D0220,14.59,20,Medium,Clear,77.8,54.49
DL08243,O08243,D0039,4.82,30,Medium,Cloudy,73.0,9.69
DL08244,O08244,D0330,11.51,10,Medium,Cloudy,70.0,13.62
DL08245,O08245,D0001,6.77,32,Medium,Clear,72.5,23.75
DL08246,O08246,D0179,1.89,38,High,Clear,73.1,87.13
DL08247,O08247,D0095,10.8,10,High,Clear,80.3,130.91
DL08248,O08248,D0250,4.44,37,Low,Clear,49.8,198.24
DL08249,O08249,D0224,9.35,17,High,Clear,72.3,163.26
DL08250,O08250,D0310,1.99,44,Medium,Clear,67.1,39.53
DL08251,O08251,D0404,2.68,32,High,Cloudy,79.5,9.76
DL08252,O08252,D0349,1.08,27,High,Cloudy,69.1,65.56
DL08253,O08253,D0293,4.05,29,Medium,Rainy,69.2,22.66
DL08254,O08254,D0121,2.83,17,Medium,Clear,51.8,59.78
DL08255,O08255,D0186,5.11,43,Low,Clear,69.1,14.05
DL08256,O08256,D0217,3.86,28,Low,Cloudy,63.9,77.88
DL08257,O08257,D0486,4.69,26,Low,Clear,45.2,96.13
DL08258,O08258,D0001,2.8,36,High,Rainy,92.9,3.42
DL08259,O08259,D0054,3.49,27,Low,Cloudy,47.1,221.94
DL08260,O08260,D0463,4.95,10,Medium,Clear,44.7,28.7
DL08261,O08261,D0482,7.11,41,High,Cloudy,87.6,108.16
DL08262,O08262,D0087,4.68,29,Medium,Clear,56.4,54.69
DL08263,O08263,D0477,3.62,13,Medium,Rainy,52.4,44.53
DL08264,O08264,D0114,9.91,38,Medium,Clear,86.2,12.16
DL08265,O08265,D0397,6.08,14,Medium,Rainy,71.5,133.36
DL08266,O08266,D0258,9.45,34,High,Rainy,105.5,82.87
DL08267,O08267,D0040,6.59,15,Medium,Clear,56.7,58.12
DL08268,O08268,D0440,6.79,22,Medium,Cloudy,60.0,190.61
DL08269,O08269,D0325,6.27,26,High,Clear,79.9,37.0
DL08270,O08270,D0022,12.94,39,High,Clear,110.6,131.64
DL08271,O08271,D0059,6.37,21,Low,Clear,53.6,6.1
DL08272,O08272,D0311,9.42,33,High,Clear,84.8,106.33
DL08273,O08273,D0271,7.54,13,High,Clear,59.0,36.71
DL08274,O08274,D0121,9.29,12,Low,Clear,48.1,74.14
DL08275,O08275,D0205,3.74,23,High,Clear,66.8,46.5
DL08276,O08276,D0119,2.66,40,Low,Rainy,83.7,34.69
DL08277,O08277,D0158,9.27,26,Medium,Clear,71.1,75.29
DL08278,O08278,D0153,14.76,17,Medium,Rainy,99.9,183.07
DL08279,O08279,D0341,4.61,34,Low,Rainy,66.4,100.12
DL08280,O08280,D0337,1.02,20,Low,Clear,24.6,72.35
DL08281,O08281,D0484,13.78,35,Medium,Cloudy,111.8,76.67
DL08282,O08282,D0423,2.84,35,High,Cloudy,74.9,53.64
DL08283,O08283,D0034,13.14,39,Medium,Clear,97.2,49.96
DL08284,O08284,D0489,8.2,19,Medium,Clear,49.3,30.06
DL08285,O08285,D0098,3.5,36,Medium,Cloudy,68.2,77.53
DL08286,O08286,D0177,3.76,18,Medium,Clear,50.3,99.98
DL08287,O08287,D0437,8.38,35,Medium,Rainy,88.0,244.7
DL08288,O08288,D0498,12.13,13,Medium,Rainy,85.0,204.41
DL08289,O08289,D0038,12.35,14,Medium,Clear,70.1,174.87
DL08290,O08290,D0050,4.33,25,Low,Clear,53.0,65.97
DL08291,O08291,D0187,10.95,22,High,Clear,89.3,25.92
DL08292,O08292,D0486,7.71,11,Medium,Clear,60.3,117.99
DL08293,O08293,D0062,9.69,27,High,Clear,90.3,83.84
DL08294,O08294,D0154,2.82,36,High,Rainy,84.8,214.07
DL08295,O08295,D0066,7.08,18,Low,Clear,51.0,210.39
DL08296,O08296,D0354,2.73,11,Low,Cloudy,32.3,160.49
DL08297,O08297,D0102,8.04,39,High,Cloudy,103.3,117.57
DL08298,O08298,D0233,1.86,27,Medium,Rainy,66.7,22.1
DL08299,O08299,D0190,2.87,22,High,Clear,61.5,31.15
DL08300,O08300,D0100,5.55,33,Medium,Rainy,85.4,41.06
DL08301,O08301,D0362,8.16,35,High,Clear,93.9,153.28
DL08302,O08302,D0308,2.6,40,Medium,Rainy,74.5,57.7
DL08303,O08303,D0190,13.31,20,Low,Clear,70.4,37.75
DL08304,O08304,D0226,4.92,17,High,Clear,64.2,30.86
DL08305,O08305,D0365,9.17,41,Medium,Clear,87.4,106.28
DL08306,O08306,D0324,2.99,34,Medium,Rainy,73.3,133.25
DL08307,O08307,D0331,11.34,30,Medium,Clear,86.0,44.69
DL08308,O08308,D0426,8.56,40,High,Clear,102.3,50.72
DL08309,O08309,D0141,14.08,28,Low,Clear,82.3,46.85
DL08310,O08310,D0103,10.62,23,Low,Clear,65.5,181.67
DL08311,O08311,D0420,14.74,33,Medium,Clear,90.5,17.34
DL08312,O08312,D0374,12.37,23,High,Clear,100.0,120.76
DL08313,O08313,D0453,8.42,21,Medium,Clear,69.7,163.85
DL08314,O08314,D0359,4.15,25,Low,Cloudy,56.1,67.91
DL08315,O08315,D0075,5.77,40,Medium,Clear,78.0,277.93
DL08316,O08316,D0283,6.26,39,Medium,Clear,80.5,111.77
DL08317,O08317,D0259,13.78,31,Medium,Clear,100.5,117.51
DL08318,O08318,D0379,4.6,44,Medium,Cloudy,80.0,121.26
DL08319,O08319,D0429,11.11,26,Medium,Cloudy,93.0,41.94
DL08320,O08320,D0126,9.23,33,Medium,Clear,86.7,28.19
DL08321,O08321,D0476,3.41,35,High,Cloudy,84.0,67.54
DL08322,O08322,D0291,4.76,32,Medium,Clear,63.6,154.65
DL08323,O08323,D0165,4.98,14,Medium,Rainy,69.8,49.45
DL08324,O08324,D0398,3.51,18,Low,Rainy,48.7,47.2
DL08325,O08325,D0285,11.98,43,Low,Cloudy,97.7,60.64
DL08326,O08326,D0244,5.39,17,Medium,Cloudy,51.4,94.1
DL08327,O08327,D0357,8.47,24,Medium,Cloudy,69.0,39.15
DL08328,O08328,D0383,11.32,35,Medium,Clear,89.1,41.75
DL08329,O08329,D0062,14.56,34,Low,Clear,89.7,232.18
DL08330,O08330,D0209,13.74,27,Medium,Cloudy,83.9,18.19
DL08331,O08331,D0398,3.97,21,Medium,Cloudy,47.6,105.56
DL08332,O08332,D0415,13.52,25,Low,Clear,69.1,138.52
DL08333,O08333,D0304,12.85,37,Medium,Clear,100.3,105.99
DL08334,O08334,D0500,1.42,37,High,Clear,76.2,134.65
DL08335,O08335,D0294,13.38,33,High,Cloudy,104.0,121.64
DL08336,O08336,D0183,8.48,12,Low,Clear,42.5,41.09
DL08337,O08337,D0005,3.68,32,Medium,Clear,57.6,39.54
DL08338,O08338,D0402,14.93,27,Medium,Rainy,100.6,133.68
DL08339,O08339,D0338,5.37,43,Low,Cloudy,71.2,18.61
DL08340,O08340,D0143,3.63,35,Medium,Cloudy,71.3,72.95
DL08341,O08341,D0435,3.42,12,Medium,Rainy,66.4,234.68
DL08342,O08342,D0068,8.37,43,Medium,Clear,86.6,152.11
DL08343,O08343,D0230,3.45,38,Medium,Cloudy,75.4,71.55
DL08344,O08344,D0437,8.28,31,Medium,Cloudy,89.4,80.2
DL08345,O08345,D0373,11.32,36,Medium,Clear,87.8,43.15
DL08346,O08346,D0489,14.28,37,Medium,Clear,99.1,64.73
DL08347,O08347,D0265,6.15,33,Low,Rainy,76.9,18.61
DL08348,O08348,D0251,14.66,29,High,Clear,105.5,75.12
DL08349,O08349,D0380,14.84,43,Low,Cloudy,103.7,50.47
DL08350,O08350,D0403,9.23,36,Medium,Rainy,99.1,116.02
DL08351,O08351,D0409,5.23,25,High,Clear,79.6,36.03
DL08352,O08352,D0177,12.94,30,Medium,Clear,90.2,116.83
DL08353,O08353,D0212,1.75,24,Medium,Rainy,59.9,47.32
DL08354,O08354,D0078,7.17,22,High,Clear,72.9,30.65
DL08355,O08355,D0443,9.87,25,Medium,Cloudy,68.5,42.74
DL08356,O08356,D0392,14.74,38,Medium,Clear,102.3,24.34
DL08357,O08357,D0457,10.74,24,High,Cloudy,90.7,19.34
DL08358,O08358,D0277,4.24,20,Low,Clear,43.8,98.28
DL08359,O08359,D0098,12.95,20,Medium,Clear,88.1,148.18
DL08360,O08360,D0424,10.21,37,High,Clear,93.7,23.86
DL08361,O08361,D0313,13.1,26,Low,Clear,79.7,5.22
DL08362,O08362,D0246,10.74,10,Low,Clear,52.5,192.51
DL08363,O08363,D0059,5.87,29,Medium,Clear,56.0,108.79
DL08364,O08364,D0361,2.63,44,High,Rainy,92.5,54.83
DL08365,O08365,D0205,10.68,23,Low,Clear,64.4,139.59
DL08366,O08366,D0410,3.84,44,Medium,Rainy,86.1,40.45
DL08367,O08367,D0170,1.92,12,High,Clear,52.0,177.11
DL08368,O08368,D0376,5.1,40,Low,Cloudy,69.4,123.38
DL08369,O08369,D0109,5.44,41,High,Cloudy,85.5,248.15
DL08370,O08370,D0187,14.9,16,Medium,Clear,78.4,18.49
DL08371,O08371,D0229,8.89,12,High,Clear,65.0,108.57
DL08372,O08372,D0158,14.86,34,Low,Clear,89.7,27.19
DL08373,O08373,D0175,11.81,39,Low,Rainy,102.6,132.06
DL08374,O08374,D0061,7.92,38,Medium,Clear,74.4,130.4
DL08375,O08375,D0212,4.98,26,Low,Clear,48.6,93.42
DL08376,O08376,D0135,4.14,30,Low,Cloudy,56.7,10.7
DL08377,O08377,D0310,4.28,25,High,Rainy,92.1,176.43
DL08378,O08378,D0236,13.06,34,Low,Cloudy,91.7,28.39
DL08379,O08379,D0020,6.55,32,Medium,Clear,70.5,112.77
DL08380,O08380,D0272,7.32,38,Medium,Clear,76.1,123.03
DL08381,O08381,D0002,9.64,16,Low,Cloudy,59.4,127.06
DL08382,O08382,D0394,1.78,13,Low,Rainy,33.3,92.36
DL08383,O08383,D0233,7.65,12,Medium,Clear,54.9,141.49
DL08384,O08384,D0244,1.22,15,Medium,Clear,42.5,86.82
DL08385,O08385,D0099,11.43,10,High,Rainy,85.6,49.49
DL08386,O08386,D0171,1.32,44,Medium,Clear,66.5,241.31
DL08387,O08387,D0156,10.87,40,High,Clear,107.4,61.57
DL08388,O08388,D0266,3.81,18,Low,Cloudy,37.5,166.67
DL08389,O08389,D0205,12.38,36,Medium,Rainy,105.5,147.96
DL08390,O08390,D0022,5.43,40,High,Clear,84.7,188.22
DL08391,O08391,D0418,13.66,36,Low,Clear,89.5,201.98
DL08392,O08392,D0144,11.34,23,High,Cloudy,93.2,139.68
DL08393,O08393,D0072,3.94,33,Medium,Clear,66.1,153.51
DL08394,O08394,D0249,13.39,12,High,Clear,85.6,80.05
DL08395,O08395,D0468,1.29,18,Low,Clear,33.0,33.16
DL08396,O08396,D0074,9.69,32,Medium,Clear,80.1,17.34
DL08397,O08397,D0055,12.78,31,High,Clear,102.5,54.04
DL08398,O08398,D0448,2.81,40,Medium,Clear,70.8,63.41
DL08399,O08399,D0349,1.63,28,Medium,Clear,52.6,87.76
DL08400,O08400,D0369,13.44,41,Medium,Rainy,110.4,133.09
DL08401,O08401,D0370,5.15,21,Medium,Rainy,79.1,164.69
DL08402,O08402,D0372,10.31,15,Medium,Cloudy,71.8,150.95
DL08403,O08403,D0437,12.73,41,Medium,Rainy,108.4,73.12
DL08404,O08404,D0170,2.54,17,Medium,Rainy,53.0,28.62
DL08405,O08405,D0414,6.28,44,Low,Rainy,89.5,130.31
DL08406,O08406,D0316,11.18,24,High,Clear,90.2,208.76
DL08407,O08407,D0124,2.07,37,Medium,Cloudy,63.9,49.84
DL08408,O08408,D0216,11.48,31,Medium,Clear,87.0,98.37
DL08409,O08409,D0258,13.33,40,Medium,Cloudy,106.0,107.53
DL08410,O08410,D0290,12.13,18,Low,Clear,61.5,113.8
DL08411,O08411,D0042,4.35,12,Low,Cloudy,41.8,43.96
DL08412,O08412,D0277,12.74,18,High,Cloudy,91.3,148.95
DL08413,O08413,D0290,10.66,12,Medium,Clear,65.1,132.63
DL08414,O08414,D0288,11.46,28,Low,Rainy,93.0,28.2
DL08415,O08415,D0414,11.47,13,Medium,Clear,61.5,272.59
DL08416,O08416,D0320,7.3,15,High,Clear,66.3,66.14
DL08417,O08417,D0334,13.62,21,High,Clear,90.5,67.79
DL08418,O08418,D0275,2.73,43,Medium,Clear,71.7,50.7
DL08419,O08419,D0286,14.42,36,Low,Rainy,97.9,100.71
DL08420,O08420,D0186,1.09,18,Low,Clear,33.5,147.62
DL08421,O08421,D0425,11.76,37,High,Clear,97.4,165.23
DL08422,O08422,D0283,3.61,33,High,Clear,68.6,112.7
DL08423,O08423,D0272,1.9,31,Medium,Clear,62.7,27.34
DL08424,O08424,D0025,7.99,43,High,Clear,100.9,47.67
DL08425,O08425,D0118,8.19,36,High,Clear,94.6,49.63
DL08426,O08426,D0089,10.36,37,Low,Clear,74.1,188.6
DL08427,O08427,D0344,9.32,21,Low,Cloudy,61.5,104.93
DL08428,O08428,D0445,1.44,27,Low,Cloudy,43.2,226.73
DL08429,O08429,D0451,3.86,43,Medium,Clear,71.3,165.3
DL08430,O08430,D0344,11.02,15,Medium,Rainy,86.1,73.42
DL08431,O08431,D0011,14.19,37,Medium,Cloudy,109.4,140.37
DL08432,O08432,D0160,11.73,10,Low,Clear,48.3,189.85
DL08433,O08433,D0343,14.8,28,Medium,Rainy,100.1,71.36
DL08434,O08434,D0332,2.74,27,Low,Rainy,70.2,56.1
DL08435,O08435,D0103,14.42,25,Medium,Cloudy,92.5,65.84
DL08436,O08436,D0469,6.24,13,Medium,Cloudy,56.3,180.3
DL08437,O08437,D0165,8.85,39,Low,Cloudy,83.4,52.58
DL08438,O08438,D0308,14.67,26,Medium,Rainy,95.9,94.63
DL08439,O08439,D0162,7.27,33,High,Clear,77.8,160.13
DL08440,O08440,D0085,5.41,21,High,Clear,73.0,55.92
DL08441,O08441,D0218,12.07,20,Low,Clear,61.9,234.04
DL08442,O08442,D0356,10.87,41,Low,Clear,90.9,13.67
DL08443,O08443,D0241,1.31,18,Medium,Clear,44.8,86.24
DL08444,O08444,D0434,7.79,20,Low,Clear,55.7,77.96
DL08445,O08445,D0418,13.92,25,High,Clear,99.4,134.4
DL08446,O08446,D0393,8.66,19,Medium,Clear,73.2,31.41
DL08447,O08447,D0466,9.59,24,Medium,Cloudy,80.0,127.24
DL08448,O08448,D0492,7.83,40,High,Cloudy,99.0,33.24
DL08449,O08449,D0298,9.2,28,Medium,Clear,80.3,212.14
DL08450,O08450,D0295,5.14,16,Medium,Clear,51.8,90.1
DL08451,O08451,D0030,3.85,13,Low,Clear,42.6,44.89
DL08452,O08452,D0387,6.49,28,Low,Clear,56.1,13.48
DL08453,O08453,D0114,4.25,20,High,Clear,54.6,178.88
DL08454,O08454,D0120,13.75,44,High,Rainy,126.6,206.3
DL08455,O08455,D0380,3.08,13,Medium,Rainy,58.2,52.72
DL08456,O08456,D0130,4.36,27,Medium,Clear,64.0,122.73
DL08457,O08457,D0381,12.05,24,Medium,Clear,87.4,14.79
DL08458,O08458,D0377,2.43,10,Medium,Rainy,57.0,100.94
DL08459,O08459,D0195,12.16,28,Medium,Clear,84.9,136.98
DL08460,O08460,D0079,9.1,43,High,Clear,101.9,95.49
DL08461,O08461,D0489,7.45,40,Low,Clear,77.5,172.05
DL08462,O08462,D0451,13.19,27,High,Cloudy,100.1,59.97
DL08463,O08463,D0121,6.58,25,Low,Clear,63.2,160.75
DL08464,O08464,D0486,4.83,36,High,Clear,74.1,38.02
DL08465,O08465,D0491,8.6,26,Low,Clear,69.3,37.51
DL08466,O08466,D0482,8.81,28,High,Cloudy,86.3,17.57
DL08467,O08467,D0145,2.72,32,High,Clear,72.2,108.57
DL08468,O08468,D0191,11.99,13,Low,Cloudy,65.8,155.28
DL08469,O08469,D0131,6.24,24,Low,Clear,55.7,175.97
DL08470,O08470,D0071,2.77,16,Medium,Clear,41.8,34.67
DL08471,O08471,D0095,2.39,34,High,Clear,79.5,25.77
DL08472,O08472,D0266,8.91,34,Medium,Cloudy,78.3,102.7
DL08473,O08473,D0115,6.23,40,Medium,Cloudy,84.4,148.27
DL08474,O08474,D0355,5.44,23,Low,Rainy,61.1,39.14
DL08475,O08475,D0476,7.44,21,Medium,Clear,60.6,64.0
DL08476,O08476,D0055,12.09,31,Low,Rainy,96.4,165.28
DL08477,O08477,D0247,3.39,10,Medium,Clear,46.7,19.01
DL08478,O08478,D0148,2.66,38,Low,Clear,55.2,24.32
DL08479,O08479,D0129,13.19,14,High,Clear,86.0,46.59
DL08480,O08480,D0042,12.36,28,Medium,Clear,83.9,84.06
DL08481,O08481,D0269,3.29,31,Medium,Clear,60.4,17.16
DL08482,O08482,D0008,8.82,23,Medium,Rainy,78.4,117.07
DL08483,O08483,D0280,8.61,25,Medium,Clear,68.5,17.3
DL08484,O08484,D0278,11.84,15,Medium,Clear,81.6,85.38
DL08485,O08485,D0475,5.61,37,Low,Cloudy,77.8,43.62
DL08486,O08486,D0175,1.9,10,High,Clear,40.0,194.06
DL08487,O08487,D0033,3.62,15,High,Clear,57.5,40.32
DL08488,O08488,D0316,3.97,11,Medium,Clear,46.7,186.95
DL08489,O08489,D0026,7.51,38,Low,Clear,77.4,57.07
DL08490,O08490,D0172,8.05,14,Medium,Rainy,76.6,87.12
DL08491,O08491,D0387,3.87,44,High,Clear,84.4,4.37
DL08492,O08492,D0060,5.46,41,Medium,Clear,77.1,34.21
DL08493,O08493,D0478,11.98,24,High,Clear,89.1,26.47
DL08494,O08494,D0102,1.61,19,Low,Clear,35.7,35.28
DL08495,O08495,D0138,11.41,27,High,Clear,93.6,49.64
DL08496,O08496,D0390,14.69,40,High,Rainy,136.2,119.39
DL08497,O08497,D0273,11.66,27,Medium,Clear,86.6,45.71
DL08498,O08498,D0187,14.05,15,Low,Cloudy,75.0,138.07
DL08499,O08499,D0391,4.69,42,High,Cloudy,88.4,140.59
DL08500,O08500,D0398,8.25,14,Low,Cloudy,53.7,166.59
DL08501,O08501,D0354,6.8,29,Medium,Cloudy,78.5,16.26
DL08502,O08502,D0120,4.82,35,High,Cloudy,86.0,90.31
DL08503,O08503,D0238,1.57,26,High,Clear,62.9,81.31
DL08504,O08504,D0454,11.63,23,High,Clear,84.5,127.75
DL08505,O08505,D0417,11.14,27,High,Clear,89.3,145.73
DL08506,O08506,D0338,8.92,36,Low,Clear,72.3,202.16
DL08507,O08507,D0454,14.64,40,Medium,Clear,108.4,5.04
DL08508,O08508,D0274,13.14,24,High,Clear,87.0,30.5
DL08509,O08509,D0350,8.88,42,High,Clear,99.9,18.96
DL08510,O08510,D0452,13.89,25,High,Clear,99.5,48.51
DL08511,O08511,D0409,8.84,20,Medium,Rainy,72.6,15.4
DL08512,O08512,D0238,12.73,11,Medium,Clear,73.6,9.46
DL08513,O08513,D0195,8.02,22,Low,Rainy,72.4,95.76
DL08514,O08514,D0430,12.29,12,Medium,Cloudy,66.5,35.66
DL08515,O08515,D0453,7.26,29,Low,Clear,70.7,47.06
DL08516,O08516,D0238,9.0,11,Medium,Clear,57.1,124.1
DL08517,O08517,D0371,3.74,32,High,Clear,61.4,8.12
DL08518,O08518,D0424,9.66,33,Low,Rainy,92.3,10.73
DL08519,O08519,D0442,12.17,36,Medium,Rainy,109.5,149.62
DL08520,O08520,D0261,12.73,31,Medium,Clear,91.5,250.28
DL08521,O08521,D0074,11.77,10,Medium,Clear,63.5,129.96
DL08522,O08522,D0045,1.16,40,Medium,Rainy,76.3,27.73
DL08523,O08523,D0230,14.06,22,Low,Clear,73.0,120.72
DL08524,O08524,D0438,1.82,30,High,Rainy,84.1,69.91
DL08525,O08525,D0084,10.93,36,Low,Clear,77.0,58.5
DL08526,O08526,D0064,12.51,29,Low,Cloudy,82.1,39.05
DL08527,O08527,D0362,11.74,29,High,Clear,98.7,48.65
DL08528,O08528,D0205,11.81,10,Medium,Clear,69.4,72.63
DL08529,O08529,D0123,4.13,17,High,Clear,60.7,31.27
DL08530,O08530,D0180,2.22,11,High,Rainy,60.5,14.71
DL08531,O08531,D0490,7.63,32,High,Clear,77.6,186.76
DL08532,O08532,D0001,9.84,30,Low,Clear,76.3,86.31
DL08533,O08533,D0222,12.54,44,Low,Cloudy,96.3,45.92
DL08534,O08534,D0484,5.93,10,Low,Rainy,52.8,188.78
DL08535,O08535,D0173,12.54,29,Medium,Clear,80.5,93.85
DL08536,O08536,D0102,8.02,11,Low,Cloudy,48.8,192.35
DL08537,O08537,D0456,12.01,25,Medium,Clear,79.3,249.83
DL08538,O08538,D0073,4.18,33,High,Rainy,91.9,125.43
DL08539,O08539,D0489,11.71,41,Low,Clear,88.9,106.92
DL08540,O08540,D0446,3.98,38,Low,Clear,55.4,93.61
DL08541,O08541,D0046,2.13,14,Medium,Clear,41.9,84.32
DL08542,O08542,D0417,12.0,21,Low,Cloudy,73.0,10.28
DL08543,O08543,D0421,11.94,12,High,Clear,83.3,80.23
DL08544,O08544,D0188,2.54,11,Medium,Clear,43.8,85.98
DL08545,O08545,D0119,6.96,40,Low,Cloudy,71.6,57.46
DL08546,O08546,D0305,1.43,15,Low,Rainy,47.1,106.35
DL08547,O08547,D0070,11.11,38,Low,Clear,86.8,227.4
DL08548,O08548,D0145,11.91,29,Medium,Clear,87.4,3.82
DL08549,O08549,D0246,10.4,13,Medium,Clear,54.0,66.43
DL08550,O08550,D0279,8.37,38,Medium,Rainy,95.8,32.33
DL08551,O08551,D0165,2.9,19,Low,Rainy,49.5,100.14
DL08552,O08552,D0066,14.82,44,Medium,Clear,111.5,85.21
DL08553,O08553,D0338,4.59,36,High,Cloudy,75.4,44.14
DL08554,O08554,D0486,12.74,10,Low,Clear,67.6,33.03
DL08555,O08555,D0348,2.07,34,High,Rainy,88.4,76.5
DL08556,O08556,D0014,3.67,32,High,Clear,74.6,91.18
DL08557,O08557,D0255,10.62,29,Low,Clear,66.8,197.66
DL08558,O08558,D0214,1.59,20,Medium,Cloudy,44.4,103.67
DL08559,O08559,D0385,1.1,34,Low,Rainy,66.2,213.98
DL08560,O08560,D0107,9.62,16,Low,Rainy,65.9,169.59
DL08561,O08561,D0298,10.43,13,Medium,Clear,47.0,54.33
DL08562,O08562,D0367,10.93,15,Medium,Rainy,80.6,42.44
DL08563,O08563,D0425,13.1,22,High,Cloudy,86.5,33.62
DL08564,O08564,D0167,5.44,43,High,Cloudy,94.1,224.79
DL08565,O08565,D0172,2.21,29,High,Rainy,84.0,204.71
DL08566,O08566,D0456,6.57,43,Low,Clear,69.7,9.91
DL08567,O08567,D0219,4.56,22,Medium,Clear,62.7,167.33
DL08568,O08568,D0330,14.42,15,Medium,Rainy,97.4,39.03
DL08569,O08569,D0418,3.81,18,Medium,Clear,45.1,91.55
DL08570,O08570,D0438,10.8,39,High,Rainy,113.7,111.76
DL08571,O08571,D0174,13.91,36,Medium,Rainy,115.4,22.02
DL08572,O08572,D0489,10.37,18,Medium,Clear,67.6,75.91
DL08573,O08573,D0289,1.93,19,Medium,Rainy,57.3,57.98
DL08574,O08574,D0240,13.97,10,Low,Clear,61.0,31.97
DL08575,O08575,D0059,3.07,12,Low,Cloudy,25.9,26.17
DL08576,O08576,D0165,3.8,43,High,Clear,83.8,15.84
DL08577,O08577,D0008,11.2,42,High,Clear,115.4,170.25
DL08578,O08578,D0414,7.9,12,Medium,Rainy,69.6,50.88
DL08579,O08579,D0020,11.89,40,Low,Clear,93.4,24.49
DL08580,O08580,D0193,3.3,15,High,Clear,54.7,9.3
DL08581,O08581,D0119,12.99,25,Medium,Rainy,102.3,150.21
DL08582,O08582,D0049,5.26,22,Low,Clear,45.1,35.05
DL08583,O08583,D0455,8.3,42,Low,Cloudy,88.6,66.86
DL08584,O08584,D0255,2.59,10,Low,Rainy,43.9,30.67
DL08585,O08585,D0314,5.92,18,Medium,Clear,46.6,72.49
DL08586,O08586,D0331,6.05,31,Medium,Cloudy,78.1,60.03
DL08587,O08587,D0103,14.54,43,Medium,Clear,106.2,43.7
DL08588,O08588,D0446,12.63,43,Medium,Clear,96.0,71.58
DL08589,O08589,D0135,1.81,10,Medium,Clear,31.0,128.05
DL08590,O08590,D0253,5.0,32,High,Cloudy,87.2,70.75
DL08591,O08591,D0420,3.89,27,High,Clear,73.7,108.06
DL08592,O08592,D0212,5.46,21,High,Rainy,78.6,102.19
DL08593,O08593,D0097,1.18,14,Medium,Clear,35.7,101.85
DL08594,O08594,D0239,11.95,29,High,Cloudy,93.6,126.44
DL08595,O08595,D0059,2.94,28,Low,Clear,39.3,41.89
DL08596,O08596,D0418,3.84,11,Low,Cloudy,44.4,38.77
DL08597,O08597,D0252,10.19,13,Medium,Cloudy,76.0,71.83
DL08598,O08598,D0471,9.83,36,Low,Rainy,91.2,69.55
DL08599,O08599,D0248,12.57,17,Medium,Cloudy,74.9,250.85
DL08600,O08600,D0063,2.92,43,Medium,Clear,76.2,169.12
DL08601,O08601,D0280,4.08,16,Low,Rainy,56.0,47.4
DL08602,O08602,D0189,13.27,38,High,Clear,106.9,15.31
DL08603,O08603,D0393,10.33,27,Medium,Rainy,93.7,130.35
DL08604,O08604,D0407,2.11,20,Low,Rainy,52.7,71.39
DL08605,O08605,D0110,2.32,17,Low,Clear,34.0,71.57
DL08606,O08606,D0048,8.47,11,Medium,Clear,55.3,197.15
DL08607,O08607,D0465,11.51,18,High,Rainy,100.8,123.98
DL08608,O08608,D0056,10.01,15,Medium,Rainy,76.6,42.61
DL08609,O08609,D0039,10.49,38,Low,Cloudy,79.6,57.23
DL08610,O08610,D0354,9.01,23,Low,Rainy,67.7,101.58
DL08611,O08611,D0390,13.34,24,Low,Rainy,83.8,130.5
DL08612,O08612,D0131,13.56,14,High,Cloudy,93.4,56.19
DL08613,O08613,D0117,9.48,20,High,Cloudy,88.2,152.76
DL08614,O08614,D0486,11.24,32,Low,Cloudy,81.5,28.86
DL08615,O08615,D0294,7.47,27,Low,Clear,60.8,150.24
DL08616,O08616,D0254,4.77,19,Low,Clear,34.3,5.61
DL08617,O08617,D0136,9.91,30,High,Cloudy,91.4,74.95
DL08618,O08618,D0040,12.41,15,High,Cloudy,81.8,28.76
DL08619,O08619,D0393,4.68,21,Medium,Clear,52.2,131.74
DL08620,O08620,D0335,9.76,15,High,Rainy,90.7,6.32
DL08621,O08621,D0320,9.72,21,Low,Cloudy,71.3,32.55
DL08622,O08622,D0222,13.86,11,Medium,Clear,72.3,267.47
DL08623,O08623,D0177,11.63,36,High,Clear,92.8,80.68
DL08624,O08624,D0068,12.36,22,High,Rainy,104.0,62.03
DL08625,O08625,D0477,8.99,21,Medium,Clear,73.0,105.42
DL08626,O08626,D0378,11.19,12,Low,Cloudy,51.3,174.05
DL08627,O08627,D0161,4.43,34,High,Clear,80.1,83.54
DL08628,O08628,D0134,9.12,33,Medium,Clear,75.7,152.65
DL08629,O08629,D0285,10.27,42,Medium,Rainy,112.8,61.25
DL08630,O08630,D0019,12.67,16,Medium,Clear,70.6,119.51
DL08631,O08631,D0229,3.32,20,Medium,Rainy,68.6,48.7
DL08632,O08632,D0411,5.57,15,Medium,Clear,53.8,21.1
DL08633,O08633,D0203,12.08,41,Low,Cloudy,86.5,212.15
DL08634,O08634,D0234,7.08,34,Medium,Clear,79.4,43.68
DL08635,O08635,D0009,7.78,14,Medium,Rainy,68.9,32.11
DL08636,O08636,D0464,9.67,21,Medium,Rainy,91.8,121.13
DL08637,O08637,D0115,11.18,30,Low,Cloudy,82.3,14.17
DL08638,O08638,D0146,5.04,43,Medium,Clear,82.0,13.77
DL08639,O08639,D0248,13.09,17,Medium,Clear,81.8,29.37
DL08640,O08640,D0397,6.1,24,Medium,Clear,61.4,38.77
DL08641,O08641,D0071,4.65,26,Low,Rainy,67.8,103.25
DL08642,O08642,D0081,10.79,15,High,Clear,77.2,90.0
DL08643,O08643,D0457,6.04,31,Medium,Clear,69.4,143.11
DL08644,O08644,D0032,8.09,32,Medium,Cloudy,78.5,64.65
DL08645,O08645,D0282,5.62,15,Medium,Cloudy,50.5,161.95
DL08646,O08646,D0362,12.95,29,Low,Rainy,92.1,54.95
DL08647,O08647,D0180,8.0,42,High,Rainy,109.4,65.74
DL08648,O08648,D0150,1.92,35,Medium,Rainy,82.1,20.31
DL08649,O08649,D0493,1.79,28,High,Cloudy,66.1,51.09
DL08650,O08650,D0412,6.11,13,Medium,Clear,47.5,42.72
DL08651,O08651,D0439,6.71,17,High,Rainy,82.8,179.89
DL08652,O08652,D0080,1.52,37,High,Clear,66.1,39.89
DL08653,O08653,D0484,12.93,44,High,Cloudy,110.5,107.17
DL08654,O08654,D0473,8.09,37,Medium,Clear,80.4,90.21
DL08655,O08655,D0284,8.67,29,Medium,Clear,75.2,247.55
DL08656,O08656,D0029,10.13,35,Low,Cloudy,81.0,144.57
DL08657,O08657,D0362,4.05,41,High,Cloudy,82.8,122.71
DL08658,O08658,D0321,8.32,39,Medium,Clear,76.7,15.14
DL08659,O08659,D0159,4.12,31,Medium,Clear,63.9,41.67
DL08660,O08660,D0094,6.81,41,Medium,Clear,84.7,45.09
DL08661,O08661,D0104,9.78,29,Medium,Cloudy,84.0,16.59
DL08662,O08662,D0025,4.3,23,Medium,Cloudy,60.1,265.02
DL08663,O08663,D0063,13.37,21,High,Clear,92.8,80.64
DL08664,O08664,D0244,5.11,10,Medium,Clear,49.5,27.46
DL08665,O08665,D0181,5.25,32,High,Cloudy,82.4,111.73
DL08666,O08666,D0402,13.9,37,Low,Rainy,103.0,96.95
DL08667,O08667,D0421,6.45,31,Low,Rainy,70.8,233.44
DL08668,O08668,D0491,2.91,19,Low,Clear,42.0,42.15
DL08669,O08669,D0317,6.99,34,Low,Clear,56.4,51.52
DL08670,O08670,D0435,5.75,41,Low,Rainy,80.8,73.5
DL08671,O08671,D0329,7.93,32,Low,Clear,65.2,19.81
DL08672,O08672,D0079,9.58,28,Medium,Clear,72.1,127.23
DL08673,O08673,D0349,5.62,26,Low,Cloudy,50.7,89.59
DL08674,O08674,D0357,10.96,33,Medium,Clear,90.2,130.71
DL08675,O08675,D0389,5.24,15,High,Cloudy,63.5,53.94
DL08676,O08676,D0055,12.74,28,Medium,Cloudy,89.6,104.46
DL08677,O08677,D0428,14.47,28,High,Rainy,111.0,94.19
DL08678,O08678,D0457,1.19,21,Medium,Clear,48.2,231.75
DL08679,O08679,D0101,2.63,41,High,Clear,72.8,195.39
DL08680,O08680,D0010,8.14,34,Medium,Cloudy,82.2,31.74
DL08681,O08681,D0281,9.72,41,High,Clear,107.8,11.52
DL08682,O08682,D0061,13.75,13,Medium,Cloudy,86.3,108.75
DL08683,O08683,D0183,9.83,11,Medium,Rainy,72.2,43.89
DL08684,O08684,D0486,13.1,32,High,Clear,107.9,131.11
DL08685,O08685,D0266,8.31,16,Low,Clear,49.5,35.24
DL08686,O08686,D0358,10.65,29,Medium,Clear,74.4,33.96
DL08687,O08687,D0404,13.93,26,Medium,Rainy,101.1,204.65
DL08688,O08688,D0170,10.48,31,Medium,Cloudy,84.6,5.8
DL08689,O08689,D0063,7.76,16,Low,Cloudy,62.6,164.98
DL08690,O08690,D0457,9.3,32,High,Clear,81.5,166.8
DL08691,O08691,D0259,7.02,23,Medium,Cloudy,65.6,169.22
DL08692,O08692,D0427,3.1,19,Low,Clear,39.3,42.33
DL08693,O08693,D0459,11.78,10,Medium,Clear,73.7,68.93
DL08694,O08694,D0004,6.8,26,Low,Clear,64.0,35.99
DL08695,O08695,D0241,2.33,23,High,Clear,57.2,24.67
DL08696,O08696,D0156,10.86,26,Low,Clear,67.9,26.42
DL08697,O08697,D0297,11.7,19,High,Rainy,96.5,171.08
DL08698,O08698,D0166,2.47,27,Medium,Rainy,74.5,21.43
DL08699,O08699,D0011,7.38,44,Medium,Clear,91.5,55.66
DL08700,O08700,D0243,7.74,19,High,Clear,71.8,41.34
DL08701,O08701,D0416,4.28,29,High,Rainy,87.9,188.03
DL08702,O08702,D0082,12.19,25,Low,Rainy,77.0,38.57
DL08703,O08703,D0296,8.43,26,Medium,Cloudy,75.4,6.74
DL08704,O08704,D0310,9.01,37,Medium,Clear,85.4,47.74
DL08705,O08705,D0126,6.01,18,Medium,Clear,62.9,35.6
DL08706,O08706,D0494,4.44,29,Medium,Rainy,73.2,27.86
DL08707,O08707,D0211,12.23,15,Medium,Rainy,75.4,50.1
DL08708,O08708,D0208,8.46,22,High,Cloudy,83.4,85.51
DL08709,O08709,D0387,4.37,18,Medium,Rainy,66.8,11.32
DL08710,O08710,D0397,6.97,42,Low,Clear,68.1,99.57
DL08711,O08711,D0056,8.78,44,High,Clear,97.7,57.42
DL08712,O08712,D0497,8.77,31,Medium,Clear,80.5,12.66
DL08713,O08713,D0307,8.81,32,Low,Clear,57.7,205.84
DL08714,O08714,D0253,3.37,34,Low,Rainy,75.2,34.65
DL08715,O08715,D0165,8.77,16,Medium,Rainy,75.6,27.66
DL08716,O08716,D0245,5.84,24,Low,Clear,52.0,29.77
DL08717,O08717,D0112,8.94,38,High,Clear,97.8,25.48
DL08718,O08718,D0094,10.33,17,Low,Clear,58.9,243.97
DL08719,O08719,D0014,4.23,19,Medium,Clear,49.2,13.99
DL08720,O08720,D0376,2.69,19,Medium,Rainy,67.3,207.49
DL08721,O08721,D0374,9.46,22,Medium,Clear,70.9,22.55
DL08722,O08722,D0243,10.7,28,Medium,Cloudy,80.2,194.02
DL08723,O08723,D0372,13.12,32,Medium,Clear,96.4,159.87
DL08724,O08724,D0420,4.44,24,Medium,Cloudy,50.7,132.25
DL08725,O08725,D0070,2.74,26,Medium,Cloudy,59.8,26.53
DL08726,O08726,D0288,14.63,19,High,Clear,98.4,40.25
DL08727,O08727,D0169,1.56,42,Medium,Clear,69.1,122.99
DL08728,O08728,D0296,6.83,27,Medium,Cloudy,74.7,105.21
DL08729,O08729,D0416,7.91,13,Medium,Cloudy,57.7,39.09
DL08730,O08730,D0396,10.95,13,High,Clear,72.3,154.24
DL08731,O08731,D0235,12.36,24,Medium,Clear,82.6,18.56
DL08732,O08732,D0359,8.81,40,Medium,Clear,89.6,180.88
DL08733,O08733,D0473,1.4,11,Low,Rainy,47.6,57.84
DL08734,O08734,D0345,14.97,21,High,Clear,94.2,79.91
DL08735,O08735,D0310,9.96,42,High,Clear,107.4,221.92
DL08736,O08736,D0185,12.64,29,Medium,Rainy,95.8,121.32
DL08737,O08737,D0136,6.8,11,Medium,Rainy,70.5,19.32
DL08738,O08738,D0170,1.73,10,Medium,Clear,37.9,99.56
DL08739,O08739,D0227,2.16,29,Low,Cloudy,44.0,96.09
DL08740,O08740,D0326,11.8,33,Medium,Clear,90.1,86.5
DL08741,O08741,D0235,3.98,23,High,Clear,63.1,59.07
DL08742,O08742,D0452,12.99,38,High,Clear,108.9,110.95
DL08743,O08743,D0428,4.53,30,Low,Clear,49.2,90.92
DL08744,O08744,D0483,4.63,41,Low,Clear,64.4,43.11
DL08745,O08745,D0218,2.37,32,High,Clear,67.2,43.07
DL08746,O08746,D0031,2.97,38,High,Rainy,89.8,208.31
DL08747,O08747,D0341,2.78,23,Low,Clear,36.8,35.03
DL08748,O08748,D0472,1.59,16,Medium,Clear,44.4,74.15
DL08749,O08749,D0119,4.32,32,Medium,Rainy,90.1,17.54
DL08750,O08750,D0330,1.31,26,Low,Clear,40.6,27.49
DL08751,O08751,D0391,10.85,43,Medium,Clear,105.5,30.83
DL08752,O08752,D0410,9.63,41,Medium,Rainy,108.0,57.98
DL08753,O08753,D0156,3.41,14,High,Clear,49.4,18.61
DL08754,O08754,D0386,13.07,29,High,Cloudy,106.1,68.09
DL08755,O08755,D0252,5.0,17,High,Cloudy,66.6,72.73
DL08756,O08756,D0044,8.5,17,High,Clear,76.3,18.14
DL08757,O08757,D0078,12.35,33,High,Clear,97.8,40.8
DL08758,O08758,D0327,6.17,34,Medium,Clear,77.3,94.22
DL08759,O08759,D0145,4.51,36,Low,Cloudy,59.0,15.86
DL08760,O08760,D0143,13.05,41,Low,Cloudy,96.1,9.64
DL08761,O08761,D0470,2.04,16,Medium,Clear,40.7,159.82
DL08762,O08762,D0160,10.11,21,Medium,Clear,74.2,160.98
DL08763,O08763,D0474,12.74,16,High,Clear,82.3,179.44
DL08764,O08764,D0407,10.94,17,Medium,Rainy,76.6,50.94
DL08765,O08765,D0154,6.24,13,Low,Clear,37.0,221.75
DL08766,O08766,D0448,14.31,37,Medium,Rainy,113.2,27.85
DL08767,O08767,D0498,2.9,25,High,Clear,59.4,112.15
DL08768,O08768,D0312,10.96,43,High,Clear,108.9,33.12
DL08769,O08769,D0088,11.05,36,Low,Clear,79.8,38.96
DL08770,O08770,D0086,9.57,35,Low,Clear,67.3,232.86
DL08771,O08771,D0119,7.8,20,Medium,Cloudy,68.0,11.76
DL08772,O08772,D0475,14.33,10,Low,Rainy,73.8,17.41
DL08773,O08773,D0405,7.53,30,Medium,Rainy,88.0,167.98
DL08774,O08774,D0165,5.66,41,Medium,Clear,79.3,48.02
DL08775,O08775,D0427,8.21,20,Low,Clear,58.4,99.98
DL08776,O08776,D0136,12.21,32,Low,Rainy,95.0,148.19
DL08777,O08777,D0142,3.28,13,High,Rainy,70.9,89.17
DL08778,O08778,D0382,6.19,11,Low,Clear,29.5,72.3
DL08779,O08779,D0322,8.92,29,Low,Rainy,70.3,42.0
DL08780,O08780,D0500,12.8,37,Low,Cloudy,88.3,137.04
DL08781,O08781,D0199,6.6,18,Low,Clear,46.8,143.28
DL08782,O08782,D0411,8.71,14,Medium,Rainy,80.0,84.01
DL08783,O08783,D0008,2.71,19,Low,Clear,36.6,241.59
DL08784,O08784,D0196,2.32,18,Medium,Clear,44.5,19.13
DL08785,O08785,D0059,3.99,12,High,Cloudy,60.6,77.72
DL08786,O08786,D0010,10.6,40,High,Clear,99.3,62.86
DL08787,O08787,D0494,3.97,44,Low,Cloudy,75.0,174.71
DL08788,O08788,D0303,13.28,13,Low,Cloudy,71.1,30.91
DL08789,O08789,D0138,13.58,16,Medium,Clear,74.4,34.12
DL08790,O08790,D0016,4.72,25,Low,Clear,46.0,14.4
DL08791,O08791,D0259,2.47,25,High,Cloudy,60.3,54.87
DL08792,O08792,D0151,6.76,37,Medium,Rainy,98.6,76.2
DL08793,O08793,D0002,12.11,22,Low,Rainy,89.6,43.07
DL08794,O08794,D0065,2.51,29,High,Clear,67.5,10.35
DL08795,O08795,D0203,2.39,13,Low,Cloudy,35.8,57.83
DL08796,O08796,D0112,4.43,33,Low,Clear,51.7,91.92
DL08797,O08797,D0319,10.7,41,High,Clear,108.0,26.44
DL08798,O08798,D0314,6.24,31,Medium,Cloudy,75.0,33.83
DL08799,O08799,D0492,11.31,14,High,Clear,69.4,126.74
DL08800,O08800,D0037,6.67,43,Low,Rainy,90.4,53.11
DL08801,O08801,D0189,2.11,41,Low,Rainy,69.6,119.11
DL08802,O08802,D0378,14.98,33,Low,Clear,84.3,38.49
DL08803,O08803,D0276,10.53,17,Low,Clear,54.3,22.84
DL08804,O08804,D0316,9.84,27,Medium,Rainy,88.1,117.77
DL08805,O08805,D0277,7.91,18,Medium,Clear,64.5,35.67
DL08806,O08806,D0126,2.16,11,Medium,Clear,35.4,129.87
DL08807,O08807,D0350,14.79,10,Low,Clear,64.8,135.74
DL08808,O08808,D0409,7.52,16,Medium,Clear,64.0,146.12
DL08809,O08809,D0047,1.58,29,Low,Rainy,58.8,50.02
DL08810,O08810,D0337,5.81,20,High,Clear,71.7,124.19
DL08811,O08811,D0040,1.46,29,High,Clear,70.6,24.01
DL08812,O08812,D0435,8.09,11,Medium,Rainy,63.1,64.81
DL08813,O08813,D0343,11.56,42,Low,Cloudy,96.0,226.93
DL08814,O08814,D0467,14.4,31,Medium,Cloudy,107.5,134.52
DL08815,O08815,D0236,12.81,37,High,Clear,108.1,6.85
DL08816,O08816,D0149,4.8,40,Medium,Clear,73.2,251.45
DL08817,O08817,D0263,5.86,44,Medium,Rainy,100.9,136.5
DL08818,O08818,D0390,8.28,19,High,Clear,72.5,12.96
DL08819,O08819,D0194,10.59,31,Medium,Rainy,113.6,3.98
DL08820,O08820,D0259,11.31,26,Low,Rainy,86.8,23.42
DL08821,O08821,D0425,12.89,16,Medium,Clear,62.9,37.32
DL08822,O08822,D0252,4.15,22,Medium,Rainy,64.9,206.24
DL08823,O08823,D0139,2.56,38,Low,Clear,59.3,99.84
DL08824,O08824,D0444,3.49,35,Medium,Rainy,76.1,43.32
DL08825,O08825,D0150,14.21,12,High,Cloudy,84.8,43.01
DL08826,O08826,D0434,2.85,19,Low,Clear,37.9,194.5
DL08827,O08827,D0251,5.47,32,High,Cloudy,84.4,38.51
DL08828,O08828,D0304,3.74,29,High,Rainy,83.8,141.9
DL08829,O08829,D0053,2.55,43,Low,Cloudy,66.4,29.92
DL08830,O08830,D0170,8.37,13,Low,Cloudy,66.4,31.55
DL08831,O08831,D0496,6.31,41,Medium,Cloudy,81.4,25.77
DL08832,O08832,D0009,11.17,27,Medium,Cloudy,80.3,72.92
DL08833,O08833,D0340,6.5,10,High,Clear,56.6,279.21
DL08834,O08834,D0258,8.78,32,Medium,Cloudy,87.5,108.43
DL08835,O08835,D0498,12.49,22,Low,Clear,72.0,127.33
DL08836,O08836,D0319,8.38,13,Low,Clear,43.0,30.1
DL08837,O08837,D0208,7.12,18,Medium,Clear,56.2,78.44
DL08838,O08838,D0346,2.85,40,Low,Rainy,76.2,128.84
DL08839,O08839,D0244,8.83,11,Low,Clear,39.6,38.0
DL08840,O08840,D0279,2.39,25,Low,Clear,45.2,16.29
DL08841,O08841,D0078,2.47,30,Low,Clear,50.2,44.54
DL08842,O08842,D0254,7.32,30,Low,Clear,64.9,17.35
DL08843,O08843,D0469,8.27,11,High,Clear,64.5,75.19
DL08844,O08844,D0343,11.45,16,Medium,Clear,71.1,70.29
DL08845,O08845,D0076,7.39,24,Medium,Rainy,83.7,62.46
DL08846,O08846,D0004,9.7,18,Low,Clear,56.6,154.79
DL08847,O08847,D0465,13.88,10,High,Rainy,88.4,19.88
DL08848,O08848,D0223,14.16,25,Low,Clear,86.9,74.14
DL08849,O08849,D0348,4.69,32,High,Cloudy,81.1,103.41
DL08850,O08850,D0052,7.39,33,High,Cloudy,93.0,96.31
DL08851,O08851,D0309,8.44,33,High,Cloudy,94.8,22.96
DL08852,O08852,D0310,7.26,19,Medium,Clear,73.3,27.57
DL08853,O08853,D0308,14.49,20,Medium,Cloudy,84.5,21.72
DL08854,O08854,D0295,5.06,39,High,Clear,90.1,62.76
DL08855,O08855,D0124,8.27,42,Medium,Clear,86.3,71.15
DL08856,O08856,D0036,2.76,16,Medium,Clear,38.3,27.37
DL08857,O08857,D0367,9.82,15,Medium,Clear,63.2,112.27
DL08858,O08858,D0383,5.59,17,Low,Clear,52.4,57.32
DL08859,O08859,D0078,12.28,25,High,Cloudy,94.6,64.16
DL08860,O08860,D0372,2.83,30,Medium,Rainy,71.6,5.67
DL08861,O08861,D0031,13.32,13,Low,Clear,55.4,39.99
DL08862,O08862,D0417,7.02,36,Medium,Clear,81.8,46.93
DL08863,O08863,D0265,6.7,44,Medium,Clear,87.2,45.68
DL08864,O08864,D0022,11.69,10,Low,Cloudy,58.6,46.99
DL08865,O08865,D0420,5.23,25,Medium,Rainy,72.3,144.03
DL08866,O08866,D0094,13.0,40,Low,Clear,88.0,118.93
DL08867,O08867,D0180,4.88,27,Low,Rainy,63.3,11.69
DL08868,O08868,D0009,11.24,19,Medium,Clear,75.0,80.3
DL08869,O08869,D0329,1.78,32,Medium,Clear,62.9,143.75
DL08870,O08870,D0320,10.81,28,Medium,Clear,85.9,119.76
DL08871,O08871,D0140,4.68,16,Medium,Clear,59.1,59.45
DL08872,O08872,D0220,11.18,39,High,Clear,111.3,58.38
DL08873,O08873,D0144,12.58,27,Low,Clear,69.5,26.8
DL08874,O08874,D0357,3.39,15,Medium,Cloudy,41.3,30.32
DL08875,O08875,D0241,3.34,21,High,Clear,61.8,175.21
DL08876,O08876,D0454,11.43,20,Low,Clear,59.2,45.07
DL08877,O08877,D0265,3.38,11,Low,Clear,27.5,94.53
DL08878,O08878,D0491,1.27,37,Low,Rainy,67.9,56.49
DL08879,O08879,D0162,1.86,27,Low,Clear,45.2,64.32
DL08880,O08880,D0351,1.37,32,Low,Clear,44.6,42.11
DL08881,O08881,D0248,13.7,22,Medium,Clear,86.2,107.88
DL08882,O08882,D0007,13.11,29,Medium,Clear,94.4,93.57
DL08883,O08883,D0160,8.78,33,Low,Clear,73.5,225.43
DL08884,O08884,D0433,8.17,22,Low,Clear,54.0,159.58
DL08885,O08885,D0107,4.41,36,Medium,Clear,69.8,35.85
DL08886,O08886,D0310,7.99,24,High,Rainy,92.5,13.25
DL08887,O08887,D0088,14.04,30,Low,Rainy,93.5,107.5
DL08888,O08888,D0478,8.98,11,Medium,Rainy,79.1,60.25
DL08889,O08889,D0426,1.8,19,Low,Rainy,48.3,5.52
DL08890,O08890,D0090,1.52,27,Medium,Cloudy,50.2,64.77
DL08891,O08891,D0225,13.2,18,Low,Rainy,82.4,8.64
DL08892,O08892,D0346,4.04,21,Low,Clear,37.6,126.04
DL08893,O08893,D0467,1.07,27,Medium,Cloudy,45.8,47.43
DL08894,O08894,D0257,11.41,12,High,Rainy,92.7,230.85
DL08895,O08895,D0244,12.47,29,Medium,Cloudy,83.6,82.85
DL08896,O08896,D0276,5.01,44,High,Rainy,108.7,135.54
DL08897,O08897,D0422,12.64,39,Medium,Clear,102.5,96.83
DL08898,O08898,D0368,12.26,12,Medium,Clear,75.0,127.63
DL08899,O08899,D0012,7.82,24,Medium,Clear,69.7,73.52
DL08900,O08900,D0187,14.14,27,Low,Clear,77.2,123.6
DL08901,O08901,D0235,12.83,44,Medium,Rainy,115.8,80.98
DL08902,O08902,D0470,1.41,19,High,Rainy,65.7,21.31
DL08903,O08903,D0306,13.6,17,High,Cloudy,83.7,20.99
DL08904,O08904,D0119,8.58,37,Medium,Clear,91.1,129.38
DL08905,O08905,D0263,7.56,42,Medium,Clear,88.3,40.68
DL08906,O08906,D0214,14.4,26,Medium,Cloudy,89.9,55.68
DL08907,O08907,D0155,4.99,22,Medium,Clear,56.4,245.52
DL08908,O08908,D0078,7.14,28,High,Clear,79.3,14.55
DL08909,O08909,D0249,3.57,24,Low,Clear,45.8,108.17
DL08910,O08910,D0269,13.21,20,High,Cloudy,94.1,155.39
DL08911,O08911,D0404,1.95,42,Medium,Rainy,83.9,86.24
DL08912,O08912,D0328,1.22,21,Medium,Clear,39.5,51.24
DL08913,O08913,D0366,3.12,25,Low,Clear,44.5,241.57
DL08914,O08914,D0274,9.87,10,Low,Cloudy,56.7,18.56
DL08915,O08915,D0186,2.64,31,High,Clear,73.8,12.53
DL08916,O08916,D0324,13.89,26,High,Rainy,104.3,256.99
DL08917,O08917,D0471,10.5,28,High,Clear,93.7,174.79
DL08918,O08918,D0279,10.56,11,Medium,Rainy,74.0,57.84
DL08919,O08919,D0068,14.62,25,Medium,Clear,87.0,23.79
DL08920,O08920,D0233,1.8,30,Low,Cloudy,55.0,36.64
DL08921,O08921,D0386,10.14,10,Low,Clear,53.4,70.38
DL08922,O08922,D0494,13.59,32,Medium,Rainy,110.2,37.99
DL08923,O08923,D0428,9.64,32,High,Clear,93.8,40.34
DL08924,O08924,D0086,7.44,19,Medium,Clear,60.7,193.59
DL08925,O08925,D0499,1.32,29,High,Rainy,75.8,52.29
DL08926,O08926,D0178,3.4,21,Low,Clear,50.7,39.75
DL08927,O08927,D0315,13.89,40,High,Rainy,126.3,88.1
DL08928,O08928,D0044,14.7,23,High,Rainy,124.4,6.1
DL08929,O08929,D0065,7.89,15,Low,Clear,48.0,26.17
DL08930,O08930,D0458,13.58,35,Medium,Clear,89.5,73.07
DL08931,O08931,D0376,7.7,24,Medium,Cloudy,66.1,63.84
DL08932,O08932,D0418,3.23,11,Medium,Rainy,56.7,52.27
DL08933,O08933,D0415,2.2,10,High,Clear,47.7,38.13
DL08934,O08934,D0142,12.66,32,Medium,Cloudy,99.5,26.74
DL08935,O08935,D0308,14.13,12,Low,Clear,71.8,69.66
DL08936,O08936,D0368,6.74,12,Low,Cloudy,46.3,98.76
DL08937,O08937,D0147,2.78,38,Medium,Clear,63.4,82.67
DL08938,O08938,D0366,12.86,31,Medium,Clear,96.4,126.16
DL08939,O08939,D0029,5.8,23,High,Cloudy,68.2,55.22
DL08940,O08940,D0248,7.82,21,High,Rainy,76.9,32.6
DL08941,O08941,D0110,14.9,25,High,Clear,102.0,24.74
DL08942,O08942,D0311,10.49,41,Low,Clear,78.9,46.71
DL08943,O08943,D0228,11.1,13,Low,Cloudy,58.3,39.61
DL08944,O08944,D0286,4.94,15,Low,Cloudy,46.0,25.35
DL08945,O08945,D0459,4.6,31,Low,Cloudy,57.9,61.88
DL08946,O08946,D0478,5.11,29,High,Clear,78.5,46.62
DL08947,O08947,D0315,9.37,17,High,Clear,73.1,222.22
DL08948,O08948,D0086,14.12,36,Medium,Clear,90.9,12.59
DL08949,O08949,D0053,10.59,33,High,Rainy,104.0,52.77
DL08950,O08950,D0322,5.02,36,Medium,Cloudy,75.8,2.62
DL08951,O08951,D0295,9.99,29,Medium,Clear,91.5,123.58
DL08952,O08952,D0025,2.95,19,Medium,Clear,49.2,52.18
DL08953,O08953,D0301,6.98,29,Medium,Clear,70.6,16.62
DL08954,O08954,D0008,13.44,20,Low,Clear,81.2,107.91
DL08955,O08955,D0352,4.48,10,Low,Cloudy,37.3,138.56
DL08956,O08956,D0108,8.81,34,Medium,Rainy,94.8,75.08
DL08957,O08957,D0199,2.08,21,Medium,Cloudy,49.6,29.96
DL08958,O08958,D0443,2.23,19,High,Cloudy,59.2,254.5
DL08959,O08959,D0086,1.97,26,Medium,Cloudy,58.8,103.94
DL08960,O08960,D0221,3.94,15,High,Clear,68.9,46.02
DL08961,O08961,D0379,7.38,23,High,Clear,70.5,36.24
DL08962,O08962,D0002,13.81,27,Medium,Rainy,96.8,92.25
DL08963,O08963,D0358,5.88,44,Low,Clear,72.8,197.25
DL08964,O08964,D0491,9.84,35,Medium,Rainy,104.8,122.75
DL08965,O08965,D0241,8.78,16,High,Clear,66.8,131.94
DL08966,O08966,D0399,3.03,21,Medium,Cloudy,53.9,19.63
DL08967,O08967,D0247,7.65,17,High,Clear,74.2,183.36
DL08968,O08968,D0148,2.96,22,High,Clear,59.4,136.39
DL08969,O08969,D0346,5.33,33,Low,Rainy,81.0,52.36
DL08970,O08970,D0139,2.41,40,Medium,Cloudy,65.8,135.92
DL08971,O08971,D0215,4.03,13,High,Clear,58.1,64.26
DL08972,O08972,D0297,6.21,23,Low,Clear,50.3,48.63
DL08973,O08973,D0497,9.74,12,Medium,Rainy,76.6,176.52
DL08974,O08974,D0500,2.93,10,Low,Rainy,42.9,5.21
DL08975,O08975,D0490,9.33,40,Low,Clear,85.9,196.21
DL08976,O08976,D0068,4.4,38,Low,Clear,64.0,173.7
DL08977,O08977,D0260,1.93,21,Medium,Clear,49.7,67.69
DL08978,O08978,D0304,13.85,14,High,Clear,79.0,19.91
DL08979,O08979,D0257,1.71,22,Medium,Clear,52.3,173.87
DL08980,O08980,D0343,12.79,16,High,Rainy,102.2,45.19
DL08981,O08981,D0216,11.07,31,Medium,Clear,79.6,28.91
DL08982,O08982,D0317,5.07,20,High,Clear,63.5,153.05
DL08983,O08983,D0155,11.05,28,High,Clear,81.1,230.49
DL08984,O08984,D0071,4.68,18,Medium,Clear,56.5,96.64
DL08985,O08985,D0034,12.12,20,Low,Clear,64.6,133.5
DL08986,O08986,D0253,2.41,16,High,Clear,59.2,33.96
DL08987,O08987,D0196,1.45,41,Medium,Clear,68.6,234.42
DL08988,O08988,D0002,2.94,30,Medium,Clear,59.0,29.18
DL08989,O08989,D0407,11.07,16,Medium,Clear,76.4,25.41
DL08990,O08990,D0368,14.55,38,High,Rainy,127.4,63.8
DL08991,O08991,D0292,10.14,33,Low,Cloudy,74.5,71.88
DL08992,O08992,D0247,13.28,33,Low,Cloudy,92.1,80.08
DL08993,O08993,D0470,1.37,36,Low,Clear,44.3,34.7
DL08994,O08994,D0394,6.75,15,Low,Clear,45.9,93.52
DL08995,O08995,D0490,9.06,16,Low,Cloudy,61.9,221.58
DL08996,O08996,D0227,6.67,36,Medium,Cloudy,83.1,99.0
DL08997,O08997,D0233,11.0,19,Low,Rainy,74.4,13.32
DL08998,O08998,D0219,4.1,12,Low,Clear,27.8,50.04
DL08999,O08999,D0447,4.68,31,Medium,Clear,67.3,55.88
DL09000,O09000,D0344,8.1,20,Medium,Clear,67.0,188.32
DL09001,O09001,D0455,10.3,40,Medium,Clear,86.0,234.36
DL09002,O09002,D0307,2.83,13,Low,Clear,36.8,99.58
DL09003,O09003,D0405,5.2,11,Medium,Clear,35.0,227.13
DL09004,O09004,D0379,4.93,30,Medium,Cloudy,58.9,245.44
DL09005,O09005,D0200,7.78,33,Medium,Cloudy,82.1,31.3
DL09006,O09006,D0498,14.5,12,Low,Clear,67.9,29.25
DL09007,O09007,D0484,6.47,40,Medium,Clear,80.2,110.29
DL09008,O09008,D0453,13.02,19,Medium,Clear,67.4,102.49
DL09009,O09009,D0080,6.61,19,High,Cloudy,75.5,135.09
DL09010,O09010,D0402,5.53,20,Medium,Cloudy,64.5,60.3
DL09011,O09011,D0230,2.28,22,High,Rainy,78.0,61.2
DL09012,O09012,D0279,10.94,29,High,Cloudy,108.1,51.83
DL09013,O09013,D0440,5.04,44,Low,Clear,53.9,23.36
DL09014,O09014,D0428,10.81,36,Medium,Clear,90.7,98.17
DL09015,O09015,D0436,6.12,12,Low,Cloudy,50.8,61.68
DL09016,O09016,D0357,1.22,32,Medium,Rainy,65.6,46.72
DL09017,O09017,D0115,3.21,30,Low,Clear,48.9,264.09
DL09018,O09018,D0405,11.88,40,Low,Cloudy,93.1,184.33
DL09019,O09019,D0237,4.03,30,High,Clear,72.8,54.54
DL09020,O09020,D0022,4.22,17,Medium,Rainy,69.9,31.07
DL09021,O09021,D0141,5.67,37,High,Cloudy,92.8,183.12
DL09022,O09022,D0318,3.59,31,Low,Clear,50.6,142.68
DL09023,O09023,D0228,8.54,35,Low,Rainy,92.5,72.92
DL09024,O09024,D0331,8.2,17,Low,Rainy,69.3,73.4
DL09025,O09025,D0070,9.84,40,Medium,Clear,86.5,54.2
DL09026,O09026,D0446,14.54,12,High,Clear,78.4,52.83
DL09027,O09027,D0073,2.67,27,Medium,Rainy,64.0,265.7
DL09028,O09028,D0404,6.38,21,Low,Cloudy,58.3,106.57
DL09029,O09029,D0445,7.99,40,Medium,Rainy,90.4,38.09
DL09030,O09030,D0254,13.65,44,Medium,Clear,96.7,76.11
DL09031,O09031,D0359,9.86,29,Medium,Cloudy,85.5,129.09
DL09032,O09032,D0152,6.91,27,Medium,Cloudy,80.2,106.1
DL09033,O09033,D0460,1.72,38,Medium,Clear,59.3,77.81
DL09034,O09034,D0426,11.61,27,High,Rainy,108.6,78.16
DL09035,O09035,D0291,8.81,19,Medium,Cloudy,78.4,50.89
DL09036,O09036,D0167,10.47,14,Medium,Cloudy,77.6,95.21
DL09037,O09037,D0089,5.44,43,Medium,Clear,74.6,134.84
DL09038,O09038,D0219,4.6,42,Medium,Cloudy,81.2,94.83
DL09039,O09039,D0170,9.88,28,High,Rainy,103.9,14.94
DL09040,O09040,D0321,6.93,23,Medium,Rainy,86.4,67.09
DL09041,O09041,D0268,5.91,35,Medium,Rainy,93.6,20.8
DL09042,O09042,D0257,3.97,15,High,Clear,57.6,95.69
DL09043,O09043,D0205,6.69,31,Medium,Clear,71.3,112.02
DL09044,O09044,D0167,14.08,13,Medium,Cloudy,72.1,5.52
DL09045,O09045,D0498,2.53,43,Medium,Rainy,87.5,90.46
DL09046,O09046,D0296,3.28,13,High,Cloudy,58.9,59.48
DL09047,O09047,D0134,9.48,11,Low,Clear,51.6,54.11
DL09048,O09048,D0157,4.37,32,High,Cloudy,82.8,21.76
DL09049,O09049,D0431,13.2,29,Low,Cloudy,81.7,100.25
DL09050,O09050,D0178,12.91,36,Low,Clear,87.8,75.8
DL09051,O09051,D0068,6.88,22,High,Clear,74.5,11.68
DL09052,O09052,D0023,10.52,44,Low,Clear,85.4,8.19
DL09053,O09053,D0492,11.87,28,Low,Clear,64.8,63.46
DL09054,O09054,D0264,5.63,30,Medium,Clear,69.6,18.47
DL09055,O09055,D0101,5.46,18,Medium,Clear,55.0,9.12
DL09056,O09056,D0002,1.04,20,High,Clear,55.9,200.41
DL09057,O09057,D0242,4.29,44,High,Clear,85.5,59.08
DL09058,O09058,D0260,10.54,19,Medium,Cloudy,80.0,47.48
DL09059,O09059,D0307,7.2,15,Medium,Clear,50.2,51.14
DL09060,O09060,D0471,9.83,30,Low,Clear,76.2,27.98
DL09061,O09061,D0149,4.16,23,Medium,Rainy,70.6,183.65
DL09062,O09062,D0309,9.53,21,Medium,Rainy,85.6,26.57
DL09063,O09063,D0026,4.42,43,Low,Clear,61.1,7.29
DL09064,O09064,D0232,10.89,19,Medium,Clear,77.2,68.81
DL09065,O09065,D0414,3.19,19,Low,Clear,36.7,3.54
DL09066,O09066,D0161,5.05,34,High,Rainy,101.6,55.28
DL09067,O09067,D0150,3.89,21,High,Clear,63.2,67.96
DL09068,O09068,D0460,1.35,10,Low,Clear,28.6,81.61
DL09069,O09069,D0006,13.77,35,Medium,Clear,102.0,9.81
DL09070,O09070,D0084,2.06,22,Low,Clear,36.1,261.47
DL09071,O09071,D0455,6.81,28,Medium,Cloudy,80.1,45.36
DL09072,O09072,D0286,5.96,40,Medium,Clear,80.3,105.53
DL09073,O09073,D0107,3.55,38,Low,Clear,57.4,48.77
DL09074,O09074,D0233,7.22,36,Medium,Cloudy,92.1,86.32
DL09075,O09075,D0313,8.05,28,High,Cloudy,93.2,175.57
DL09076,O09076,D0008,4.73,21,Low,Clear,48.9,222.94
DL09077,O09077,D0401,8.37,33,Medium,Clear,72.8,36.93
DL09078,O09078,D0363,9.99,30,High,Clear,95.9,61.01
DL09079,O09079,D0092,8.28,33,High,Rainy,105.5,196.33
DL09080,O09080,D0160,13.57,31,High,Cloudy,106.1,187.85
DL09081,O09081,D0304,2.92,40,Low,Clear,63.5,39.83
DL09082,O09082,D0009,12.75,28,High,Clear,93.3,112.25
DL09083,O09083,D0044,3.04,22,Medium,Cloudy,54.0,61.87
DL09084,O09084,D0452,7.02,43,High,Clear,88.0,31.8
DL09085,O09085,D0259,3.14,43,High,Clear,88.0,192.54
DL09086,O09086,D0300,9.46,36,Medium,Cloudy,81.6,97.2
DL09087,O09087,D0306,5.84,43,Medium,Rainy,96.4,39.96
DL09088,O09088,D0228,7.33,36,Medium,Rainy,94.6,18.52
DL09089,O09089,D0304,3.3,42,High,Clear,84.2,72.12
DL09090,O09090,D0263,7.63,13,High,Rainy,77.2,22.79
DL09091,O09091,D0010,11.31,37,High,Clear,99.4,55.71
DL09092,O09092,D0481,14.08,16,Medium,Clear,82.6,138.11
DL09093,O09093,D0334,4.98,35,Medium,Clear,74.2,68.26
DL09094,O09094,D0256,7.08,35,Low,Cloudy,78.3,48.05
DL09095,O09095,D0146,11.96,30,High,Clear,94.5,41.06
DL09096,O09096,D0033,8.81,26,Low,Clear,59.5,19.92
DL09097,O09097,D0090,11.36,41,High,Clear,114.7,53.35
DL09098,O09098,D0320,11.99,36,High,Clear,112.4,79.96
DL09099,O09099,D0039,11.27,11,Low,Rainy,73.2,216.86
DL09100,O09100,D0184,14.33,35,Medium,Cloudy,94.2,94.4
DL09101,O09101,D0434,11.24,37,Low,Clear,82.2,107.68
DL09102,O09102,D0081,2.67,30,Medium,Rainy,68.6,16.51
DL09103,O09103,D0107,12.22,44,Low,Clear,91.1,68.67
DL09104,O09104,D0412,2.25,35,Low,Cloudy,57.6,56.4
DL09105,O09105,D0066,6.56,30,Medium,Clear,75.7,52.81
DL09106,O09106,D0360,5.92,15,Low,Clear,38.1,72.41
DL09107,O09107,D0101,3.19,41,Medium,Clear,80.3,136.12
DL09108,O09108,D0096,2.5,11,Medium,Clear,36.1,24.33
DL09109,O09109,D0475,5.05,21,Medium,Rainy,63.5,29.23
DL09110,O09110,D0415,10.61,27,Low,Cloudy,63.6,11.24
DL09111,O09111,D0374,3.88,23,Low,Cloudy,51.1,8.84
DL09112,O09112,D0324,14.58,15,Low,Rainy,82.5,53.45
DL09113,O09113,D0355,1.07,11,Medium,Cloudy,38.3,188.52
DL09114,O09114,D0352,8.97,32,Low,Clear,72.8,39.21
DL09115,O09115,D0267,8.82,25,High,Rainy,91.0,129.04
DL09116,O09116,D0373,4.84,27,Medium,Clear,59.7,24.32
DL09117,O09117,D0023,9.34,11,Low,Clear,54.2,21.91
DL09118,O09118,D0175,8.86,11,Low,Cloudy,49.6,46.5
DL09119,O09119,D0448,10.63,32,Medium,Clear,90.8,107.93
DL09120,O09120,D0060,13.22,11,High,Clear,78.6,31.22
DL09121,O09121,D0407,2.41,19,Medium,Clear,44.2,253.75
DL09122,O09122,D0359,12.69,25,Low,Clear,77.7,215.12
DL09123,O09123,D0120,1.29,31,High,Clear,65.0,179.35
DL09124,O09124,D0419,1.86,25,High,Cloudy,66.3,205.57
DL09125,O09125,D0465,13.71,42,Low,Clear,89.2,43.18
DL09126,O09126,D0052,10.88,33,High,Cloudy,99.0,44.03
DL09127,O09127,D0305,10.0,34,Medium,Rainy,94.7,159.11
DL09128,O09128,D0468,8.25,20,Medium,Cloudy,67.5,67.57
DL09129,O09129,D0363,11.92,21,Medium,Cloudy,77.9,25.77
DL09130,O09130,D0370,11.2,15,Low,Clear,62.9,59.64
DL09131,O09131,D0032,5.81,13,Medium,Cloudy,48.9,52.54
DL09132,O09132,D0248,7.93,22,Medium,Rainy,75.2,15.07
DL09133,O09133,D0166,7.75,11,Low,Clear,35.9,91.57
DL09134,O09134,D0046,7.07,20,High,Clear,77.0,2.71
DL09135,O09135,D0453,10.55,36,Low,Cloudy,84.4,53.64
DL09136,O09136,D0335,12.36,42,Medium,Cloudy,99.1,162.93
DL09137,O09137,D0062,14.37,33,Low,Rainy,109.2,105.04
DL09138,O09138,D0160,6.78,31,Medium,Cloudy,76.6,119.91
DL09139,O09139,D0098,10.78,32,Medium,Rainy,102.4,101.73
DL09140,O09140,D0026,8.88,10,High,Clear,64.6,189.09
DL09141,O09141,D0371,3.53,33,Low,Clear,61.1,217.02
DL09142,O09142,D0399,5.28,22,Medium,Cloudy,55.7,19.74
DL09143,O09143,D0329,12.89,27,Medium,Clear,76.9,25.45
DL09144,O09144,D0069,12.31,16,Low,Clear,63.6,8.0
DL09145,O09145,D0354,12.92,13,High,Clear,77.8,55.84
DL09146,O09146,D0481,1.6,29,Low,Cloudy,47.8,119.15
DL09147,O09147,D0277,14.86,19,Medium,Rainy,94.6,95.37
DL09148,O09148,D0195,8.8,16,Low,Clear,46.3,34.29
DL09149,O09149,D0158,8.08,34,Medium,Rainy,94.9,54.53
DL09150,O09150,D0133,11.28,28,High,Clear,78.9,41.34
DL09151,O09151,D0382,2.84,29,Medium,Rainy,71.9,75.6
DL09152,O09152,D0216,4.2,38,High,Rainy,97.8,129.2
DL09153,O09153,D0180,14.19,14,Low,Rainy,81.6,116.09
DL09154,O09154,D0016,3.9,39,Medium,Clear,72.7,63.34
DL09155,O09155,D0134,5.71,37,Low,Clear,61.5,173.22
DL09156,O09156,D0168,4.45,37,Medium,Clear,71.7,208.88
DL09157,O09157,D0483,7.77,35,Medium,Clear,75.2,83.66
DL09158,O09158,D0154,12.26,10,Low,Rainy,73.2,161.91
DL09159,O09159,D0492,12.73,20,Medium,Rainy,83.0,8.47
DL09160,O09160,D0312,5.55,10,High,Rainy,73.8,59.39
DL09161,O09161,D0129,2.04,23,High,Clear,56.2,83.19
DL09162,O09162,D0186,2.58,30,Low,Clear,46.5,21.25
DL09163,O09163,D0340,12.43,10,Low,Clear,59.9,68.95
DL09164,O09164,D0182,7.0,23,Medium,Clear,73.3,181.04
DL09165,O09165,D0238,12.5,19,High,Clear,88.0,128.42
DL09166,O09166,D0331,1.2,35,Medium,Clear,58.3,211.78
DL09167,O09167,D0404,1.49,44,High,Clear,78.8,18.07
DL09168,O09168,D0295,5.42,29,Medium,Clear,64.1,111.32
DL09169,O09169,D0260,3.86,12,Low,Rainy,54.4,79.44
DL09170,O09170,D0422,10.03,34,Low,Cloudy,78.7,35.91
DL09171,O09171,D0174,9.19,33,High,Cloudy,92.8,102.63
DL09172,O09172,D0298,13.52,15,Low,Clear,67.8,32.99
DL09173,O09173,D0286,12.04,11,Low,Clear,64.3,6.8
DL09174,O09174,D0420,2.41,39,High,Rainy,86.7,27.17
DL09175,O09175,D0365,13.42,13,Low,Clear,71.8,14.59
DL09176,O09176,D0278,2.68,43,High,Cloudy,82.0,142.39
DL09177,O09177,D0168,3.75,29,Medium,Clear,62.3,32.22
DL09178,O09178,D0402,8.07,44,Medium,Rainy,106.6,27.25
DL09179,O09179,D0389,2.56,27,High,Rainy,86.8,69.63
DL09180,O09180,D0300,4.18,14,High,Clear,57.5,129.36
DL09181,O09181,D0478,7.27,24,Low,Rainy,69.6,14.56
DL09182,O09182,D0247,4.48,43,High,Cloudy,96.3,11.65
DL09183,O09183,D0133,14.25,28,Medium,Cloudy,97.4,90.15
DL09184,O09184,D0423,3.27,30,Medium,Clear,61.7,126.5
DL09185,O09185,D0243,9.02,13,High,Clear,66.9,98.71
DL09186,O09186,D0334,7.97,30,Low,Rainy,78.3,21.74
DL09187,O09187,D0203,7.34,40,High,Clear,91.0,115.73
DL09188,O09188,D0500,4.27,35,Medium,Rainy,84.4,135.85
DL09189,O09189,D0277,3.67,19,Low,Clear,41.9,99.84
DL09190,O09190,D0444,5.25,17,Low,Clear,46.2,25.63
DL09191,O09191,D0459,9.3,27,Medium,Cloudy,77.3,91.31
DL09192,O09192,D0288,9.13,27,Medium,Clear,73.0,202.62
DL09193,O09193,D0349,11.82,22,High,Rainy,101.8,111.52
DL09194,O09194,D0323,5.25,11,High,Clear,48.0,113.01
DL09195,O09195,D0397,10.93,19,Medium,Clear,71.5,30.33
DL09196,O09196,D0134,13.35,23,Low,Cloudy,79.0,68.28
DL09197,O09197,D0378,13.01,12,Medium,Cloudy,74.5,110.8
DL09198,O09198,D0048,7.52,10,Medium,Rainy,68.8,11.95
DL09199,O09199,D0476,10.26,24,Low,Clear,61.0,165.25
DL09200,O09200,D0223,12.64,43,High,Clear,118.2,49.91
DL09201,O09201,D0279,3.17,19,High,Cloudy,64.7,42.02
DL09202,O09202,D0358,14.4,22,High,Clear,94.2,165.67
DL09203,O09203,D0486,9.43,40,Low,Clear,67.6,33.9
DL09204,O09204,D0373,4.95,34,Medium,Rainy,88.1,59.71
DL09205,O09205,D0070,8.34,30,Medium,Clear,71.5,65.83
DL09206,O09206,D0150,11.31,17,High,Clear,80.1,44.81
DL09207,O09207,D0045,12.5,17,High,Clear,93.4,116.17
DL09208,O09208,D0058,5.31,27,Low,Cloudy,57.6,196.36
DL09209,O09209,D0040,5.79,26,High,Clear,75.4,58.5
DL09210,O09210,D0305,12.45,19,High,Clear,88.3,94.95
DL09211,O09211,D0034,12.75,21,Medium,Clear,80.3,147.36
DL09212,O09212,D0486,10.62,14,Medium,Rainy,81.9,19.5
DL09213,O09213,D0230,10.57,29,Medium,Clear,68.2,122.07
DL09214,O09214,D0199,4.52,41,High,Clear,78.7,68.27
DL09215,O09215,D0001,14.39,43,Medium,Clear,104.5,53.13
DL09216,O09216,D0352,12.9,36,High,Clear,101.6,45.87
DL09217,O09217,D0022,13.2,16,Low,Clear,68.3,22.45
DL09218,O09218,D0232,3.74,25,High,Cloudy,64.5,152.26
DL09219,O09219,D0195,14.77,24,Medium,Cloudy,95.2,205.81
DL09220,O09220,D0196,7.24,10,High,Cloudy,56.8,143.93
DL09221,O09221,D0127,10.55,27,Medium,Clear,82.9,197.97
DL09222,O09222,D0209,13.58,28,Medium,Clear,87.4,38.02
DL09223,O09223,D0227,2.41,34,Medium,Clear,67.1,104.07
DL09224,O09224,D0382,5.46,10,Medium,Clear,45.1,99.47
DL09225,O09225,D0215,6.15,41,Medium,Clear,84.1,70.49
DL09226,O09226,D0221,11.84,41,Medium,Clear,101.6,100.61
DL09227,O09227,D0441,5.14,19,Low,Clear,44.4,93.98
DL09228,O09228,D0450,6.47,40,High,Clear,87.2,129.77
DL09229,O09229,D0366,6.31,30,Low,Cloudy,63.5,30.27
DL09230,O09230,D0252,13.77,10,High,Clear,82.7,244.24
DL09231,O09231,D0198,1.05,33,High,Rainy,91.0,210.98
DL09232,O09232,D0247,2.97,42,Medium,Rainy,84.3,95.2
DL09233,O09233,D0050,14.0,35,Medium,Clear,98.6,45.57
DL09234,O09234,D0024,9.54,32,Low,Rainy,78.2,111.14
DL09235,O09235,D0066,2.27,28,Low,Clear,41.0,47.51
DL09236,O09236,D0396,7.64,27,Medium,Rainy,94.5,105.5
DL09237,O09237,D0122,14.12,42,Low,Rainy,111.7,48.34
DL09238,O09238,D0389,11.58,20,Medium,Rainy,87.6,63.78
DL09239,O09239,D0490,4.58,20,High,Clear,67.2,102.28
DL09240,O09240,D0079,7.08,41,High,Cloudy,103.8,70.32
DL09241,O09241,D0205,7.87,44,Low,Cloudy,75.6,169.0
DL09242,O09242,D0010,11.71,38,High,Clear,104.3,71.28
DL09243,O09243,D0022,11.9,12,Low,Rainy,69.0,57.63
DL09244,O09244,D0221,5.11,28,Medium,Rainy,76.6,25.35
DL09245,O09245,D0241,11.17,13,Medium,Rainy,84.7,205.97
DL09246,O09246,D0365,14.63,44,Medium,Clear,98.5,132.01
DL09247,O09247,D0391,2.02,44,Medium,Clear,71.3,46.42
DL09248,O09248,D0086,12.41,20,Low,Clear,75.2,110.01
DL09249,O09249,D0004,9.31,28,Medium,Cloudy,78.5,144.68
DL09250,O09250,D0066,6.33,34,Medium,Clear,58.8,43.49
DL09251,O09251,D0342,12.06,29,Medium,Clear,85.8,222.67
DL09252,O09252,D0185,5.56,30,Medium,Clear,72.9,119.96
DL09253,O09253,D0088,5.69,20,High,Clear,64.7,66.62
DL09254,O09254,D0282,8.01,25,Low,Clear,56.6,51.42
DL09255,O09255,D0022,7.41,35,Low,Cloudy,65.0,76.37
DL09256,O09256,D0453,2.86,19,High,Clear,57.6,21.03
DL09257,O09257,D0202,1.35,16,Medium,Clear,41.9,201.52
DL09258,O09258,D0062,9.86,14,High,Clear,75.0,142.1
DL09259,O09259,D0275,5.69,10,High,Cloudy,61.0,63.15
DL09260,O09260,D0169,8.33,39,Medium,Rainy,93.0,252.09
DL09261,O09261,D0022,3.88,33,Medium,Clear,63.2,46.86
DL09262,O09262,D0027,8.95,29,High,Clear,86.7,45.69
DL09263,O09263,D0130,5.63,36,High,Rainy,103.7,10.77
DL09264,O09264,D0277,9.55,24,Low,Clear,73.6,75.65
DL09265,O09265,D0089,10.48,34,Medium,Clear,76.4,61.59
DL09266,O09266,D0022,1.04,16,High,Cloudy,53.6,154.97
DL09267,O09267,D0393,7.04,42,Low,Clear,74.7,42.57
DL09268,O09268,D0159,11.16,20,Medium,Clear,72.1,34.39
DL09269,O09269,D0173,11.36,22,Medium,Rainy,85.4,163.35
DL09270,O09270,D0001,6.33,13,Medium,Clear,54.0,60.59
DL09271,O09271,D0015,12.49,39,Low,Clear,97.7,175.07
DL09272,O09272,D0158,10.1,44,Low,Clear,82.6,128.13
DL09273,O09273,D0269,14.85,30,Low,Clear,83.4,25.01
DL09274,O09274,D0078,8.18,12,Medium,Clear,56.8,170.07
DL09275,O09275,D0491,6.26,15,Low,Clear,47.9,8.35
DL09276,O09276,D0034,13.87,12,Medium,Rainy,89.5,72.74
DL09277,O09277,D0153,6.65,25,Low,Cloudy,65.0,48.69
DL09278,O09278,D0441,9.97,20,Medium,Clear,79.7,123.38
DL09279,O09279,D0033,12.56,17,Low,Clear,65.4,172.88
DL09280,O09280,D0235,7.45,35,High,Clear,95.5,44.81
DL09281,O09281,D0085,7.19,19,High,Clear,66.9,172.33
DL09282,O09282,D0118,5.04,42,Low,Clear,69.8,94.21
DL09283,O09283,D0224,14.47,43,Medium,Cloudy,110.8,65.61
DL09284,O09284,D0016,14.22,38,High,Clear,114.6,101.26
DL09285,O09285,D0069,7.52,28,High,Rainy,102.6,125.35
DL09286,O09286,D0155,5.58,34,Medium,Cloudy,72.4,99.06
DL09287,O09287,D0410,2.79,31,Medium,Clear,52.0,9.67
DL09288,O09288,D0446,7.69,36,Low,Cloudy,76.6,98.29
DL09289,O09289,D0019,13.52,24,High,Clear,98.6,42.09
DL09290,O09290,D0278,13.17,36,High,Clear,98.7,88.08
DL09291,O09291,D0185,2.63,26,Low,Cloudy,41.8,27.21
DL09292,O09292,D0458,7.8,10,Medium,Clear,44.6,38.33
DL09293,O09293,D0500,12.42,16,Low,Cloudy,73.4,32.87
DL09294,O09294,D0463,12.69,28,Medium,Rainy,108.8,150.88
DL09295,O09295,D0226,14.08,26,Low,Rainy,99.2,52.85
DL09296,O09296,D0094,3.84,16,Low,Clear,31.5,40.59
DL09297,O09297,D0291,6.81,41,Medium,Cloudy,85.9,72.35
DL09298,O09298,D0142,14.36,34,High,Rainy,126.0,68.68
DL09299,O09299,D0343,4.79,34,Low,Cloudy,73.6,201.33
DL09300,O09300,D0369,5.69,26,High,Clear,72.6,93.33
DL09301,O09301,D0135,4.16,20,Low,Rainy,51.7,44.69
DL09302,O09302,D0110,8.54,29,Medium,Clear,67.8,135.48
DL09303,O09303,D0218,8.42,15,High,Clear,61.8,27.78
DL09304,O09304,D0093,12.44,12,Low,Cloudy,68.5,208.22
DL09305,O09305,D0266,6.78,36,Low,Clear,71.3,33.1
DL09306,O09306,D0048,4.5,12,Medium,Clear,42.4,11.1
DL09307,O09307,D0350,12.63,19,Medium,Clear,82.1,18.93
DL09308,O09308,D0046,10.09,19,High,Clear,73.7,22.62
DL09309,O09309,D0110,3.19,40,Medium,Clear,74.4,155.33
DL09310,O09310,D0087,8.98,15,High,Clear,64.7,103.11
DL09311,O09311,D0202,7.44,33,Medium,Clear,77.0,177.62
DL09312,O09312,D0239,12.84,24,Medium,Clear,91.1,95.93
DL09313,O09313,D0282,9.42,24,Medium,Clear,66.9,279.97
DL09314,O09314,D0246,12.08,12,Medium,Clear,70.6,28.75
DL09315,O09315,D0402,7.49,43,Medium,Clear,91.5,32.41
DL09316,O09316,D0449,14.73,28,High,Cloudy,109.5,191.49
DL09317,O09317,D0003,12.2,39,Low,Cloudy,88.4,172.96
DL09318,O09318,D0105,9.38,43,Medium,Clear,87.6,84.27
DL09319,O09319,D0074,12.38,30,Low,Clear,80.0,22.08
DL09320,O09320,D0029,5.48,12,Medium,Rainy,69.3,40.29
DL09321,O09321,D0389,14.68,42,High,Clear,113.0,15.96
DL09322,O09322,D0325,6.81,26,Medium,Rainy,77.3,119.31
DL09323,O09323,D0143,6.19,43,High,Clear,90.4,38.41
DL09324,O09324,D0090,12.03,43,High,Clear,113.0,15.15
DL09325,O09325,D0282,9.83,28,Low,Clear,68.8,64.93
DL09326,O09326,D0036,11.76,10,Low,Clear,51.9,178.2
DL09327,O09327,D0004,11.91,16,Low,Clear,69.4,152.5
DL09328,O09328,D0346,9.91,31,Medium,Clear,77.5,63.37
DL09329,O09329,D0242,12.82,42,High,Rainy,123.8,134.07
DL09330,O09330,D0285,11.17,15,Low,Clear,55.1,21.16
DL09331,O09331,D0423,9.08,12,Medium,Rainy,80.9,32.06
DL09332,O09332,D0244,11.66,44,Medium,Clear,89.5,234.7
DL09333,O09333,D0022,7.97,25,Medium,Rainy,81.1,79.99
DL09334,O09334,D0190,7.79,35,Medium,Rainy,88.4,206.66
DL09335,O09335,D0449,5.76,43,High,Clear,86.9,53.69
DL09336,O09336,D0476,12.86,44,Low,Clear,95.5,131.75
DL09337,O09337,D0302,5.19,14,Medium,Clear,42.4,10.48
DL09338,O09338,D0359,4.52,27,Medium,Clear,52.7,261.37
DL09339,O09339,D0211,4.07,33,High,Cloudy,82.0,24.81
DL09340,O09340,D0255,10.25,39,Low,Cloudy,83.3,38.32
DL09341,O09341,D0105,3.79,24,High,Cloudy,58.3,42.02
DL09342,O09342,D0076,13.15,27,Low,Clear,78.0,44.14
DL09343,O09343,D0182,10.77,25,Medium,Clear,74.0,61.0
DL09344,O09344,D0234,12.06,27,Low,Clear,71.6,130.91
DL09345,O09345,D0390,2.97,36,Low,Clear,60.2,41.1
DL09346,O09346,D0119,1.21,10,Medium,Clear,34.6,58.97
DL09347,O09347,D0483,2.14,20,High,Clear,59.3,120.34
DL09348,O09348,D0139,10.48,19,Medium,Cloudy,66.8,171.88
DL09349,O09349,D0257,2.45,18,High,Clear,49.3,24.12
DL09350,O09350,D0065,7.61,26,Low,Clear,65.5,42.52
DL09351,O09351,D0391,12.24,44,Medium,Clear,95.3,23.11
DL09352,O09352,D0427,6.01,44,Low,Cloudy,75.6,142.34
DL09353,O09353,D0252,1.66,19,Medium,Clear,44.3,227.44
DL09354,O09354,D0298,13.37,42,Medium,Clear,107.2,12.72
DL09355,O09355,D0349,10.92,24,Low,Clear,62.9,35.73
DL09356,O09356,D0418,1.49,18,Medium,Clear,49.0,27.53
DL09357,O09357,D0135,5.54,18,Low,Clear,39.7,26.55
DL09358,O09358,D0159,6.21,36,Medium,Clear,74.4,67.59
DL09359,O09359,D0124,13.16,31,High,Clear,103.4,121.15
DL09360,O09360,D0312,2.2,41,Medium,Cloudy,68.8,151.25
DL09361,O09361,D0129,11.78,26,High,Cloudy,94.5,12.81
DL09362,O09362,D0357,14.64,10,Low,Clear,67.1,8.0
DL09363,O09363,D0154,6.4,23,High,Clear,69.5,91.21
DL09364,O09364,D0498,1.33,40,Medium,Clear,62.5,41.25
DL09365,O09365,D0285,4.36,17,High,Clear,64.7,97.57
DL09366,O09366,D0163,2.77,22,Medium,Clear,49.3,39.91
DL09367,O09367,D0037,12.05,14,High,Rainy,97.5,139.51
DL09368,O09368,D0266,5.92,37,Medium,Clear,71.9,112.22
DL09369,O09369,D0197,13.58,13,Medium,Cloudy,75.5,28.9
DL09370,O09370,D0478,13.79,38,Low,Rainy,101.3,29.43
DL09371,O09371,D0114,6.16,20,Medium,Clear,60.1,86.14
DL09372,O09372,D0494,9.47,41,Medium,Rainy,104.0,58.73
DL09373,O09373,D0004,14.22,23,High,Rainy,112.2,108.44
DL09374,O09374,D0199,2.21,12,High,Clear,39.7,78.28
DL09375,O09375,D0246,11.82,16,Low,Clear,57.3,25.12
DL09376,O09376,D0127,1.69,37,Low,Rainy,72.4,101.02
DL09377,O09377,D0115,7.21,42,Medium,Cloudy,94.8,289.11
DL09378,O09378,D0445,8.17,27,Medium,Cloudy,71.8,159.3
DL09379,O09379,D0468,8.69,38,Low,Rainy,96.3,23.5
DL09380,O09380,D0348,12.89,30,Medium,Cloudy,87.5,67.68
DL09381,O09381,D0135,3.89,43,Low,Cloudy,70.5,50.75
DL09382,O09382,D0459,7.17,40,Medium,Clear,85.4,83.98
DL09383,O09383,D0177,4.84,23,Low,Cloudy,52.9,63.42
DL09384,O09384,D0189,9.27,27,High,Rainy,102.5,82.79
DL09385,O09385,D0142,8.81,35,Low,Cloudy,75.1,73.3
DL09386,O09386,D0200,12.03,34,Medium,Rainy,109.9,79.73
DL09387,O09387,D0152,3.48,11,Medium,Clear,43.3,149.24
DL09388,O09388,D0051,12.43,42,Low,Clear,91.4,24.7
DL09389,O09389,D0031,5.88,31,Low,Clear,65.2,17.66
DL09390,O09390,D0251,8.96,30,Low,Clear,78.5,67.32
DL09391,O09391,D0130,4.2,11,Low,Clear,28.6,114.58
DL09392,O09392,D0456,7.69,40,Low,Clear,71.9,34.83
DL09393,O09393,D0091,3.33,15,Medium,Clear,37.7,57.31
DL09394,O09394,D0171,10.59,15,Medium,Rainy,87.1,15.92
DL09395,O09395,D0253,1.64,38,Low,Clear,49.9,19.8
DL09396,O09396,D0088,9.42,32,Low,Clear,66.3,27.22
DL09397,O09397,D0179,11.52,43,Medium,Rainy,118.9,111.02
DL09398,O09398,D0454,13.34,16,Medium,Rainy,84.0,103.52
DL09399,O09399,D0267,12.45,14,Low,Rainy,73.4,33.91
DL09400,O09400,D0177,13.52,39,Low,Clear,86.4,124.41
DL09401,O09401,D0016,9.6,12,Low,Cloudy,53.5,140.92
DL09402,O09402,D0116,1.73,24,High,Clear,56.1,17.33
DL09403,O09403,D0221,14.59,17,Low,Cloudy,76.5,178.07
DL09404,O09404,D0169,11.89,40,Low,Clear,84.3,9.17
DL09405,O09405,D0414,9.3,32,Medium,Cloudy,84.8,39.17
DL09406,O09406,D0429,7.43,25,High,Clear,68.5,30.45
DL09407,O09407,D0199,2.37,24,Medium,Rainy,66.3,54.6
DL09408,O09408,D0016,1.15,35,Low,Clear,48.4,71.16
DL09409,O09409,D0228,7.09,38,Low,Clear,65.5,15.53
DL09410,O09410,D0415,14.63,28,High,Rainy,106.6,37.0
DL09411,O09411,D0011,8.36,18,High,Cloudy,73.8,27.84
DL09412,O09412,D0211,6.49,41,High,Clear,82.9,127.56
DL09413,O09413,D0334,7.37,29,Medium,Clear,74.0,111.97
DL09414,O09414,D0250,5.18,20,Medium,Clear,55.2,38.28
DL09415,O09415,D0463,14.67,43,Low,Clear,89.7,71.21
DL09416,O09416,D0008,2.87,41,Medium,Clear,65.6,104.67
DL09417,O09417,D0268,10.73,10,Medium,Rainy,73.4,22.94
DL09418,O09418,D0491,7.32,41,Medium,Clear,81.1,167.28
DL09419,O09419,D0344,3.14,13,Low,Rainy,45.4,16.65
DL09420,O09420,D0061,9.23,13,High,Clear,67.8,75.97
DL09421,O09421,D0422,9.33,32,Medium,Clear,77.5,34.75
DL09422,O09422,D0183,3.52,34,High,Rainy,84.6,31.47
DL09423,O09423,D0141,7.45,44,Medium,Clear,87.4,145.58
DL09424,O09424,D0466,13.58,28,Low,Clear,73.2,69.54
DL09425,O09425,D0163,2.6,30,Medium,Clear,57.8,90.43
DL09426,O09426,D0221,14.66,29,High,Clear,106.2,16.75
DL09427,O09427,D0318,1.12,24,Low,Clear,30.7,21.17
DL09428,O09428,D0020,9.72,41,Medium,Clear,89.0,59.02
DL09429,O09429,D0054,8.86,42,High,Clear,101.4,42.6
DL09430,O09430,D0354,1.16,14,Medium,Clear,31.0,71.39
DL09431,O09431,D0067,9.69,15,Low,Rainy,76.9,154.66
DL09432,O09432,D0382,12.16,43,Medium,Clear,102.3,221.65
DL09433,O09433,D0191,1.82,10,Medium,Rainy,45.7,152.85
DL09434,O09434,D0360,8.02,24,Medium,Clear,72.1,201.06
DL09435,O09435,D0483,11.22,10,Medium,Clear,65.4,88.44
DL09436,O09436,D0490,12.1,28,High,Cloudy,97.4,86.2
DL09437,O09437,D0351,12.52,31,Low,Cloudy,78.4,79.31
DL09438,O09438,D0120,2.14,35,Low,Clear,45.3,89.94
DL09439,O09439,D0071,10.29,15,Low,Clear,53.3,26.57
DL09440,O09440,D0265,11.09,11,Medium,Clear,63.7,45.83
DL09441,O09441,D0118,4.85,44,Low,Cloudy,84.2,16.24
DL09442,O09442,D0189,14.65,22,Medium,Cloudy,90.3,47.45
DL09443,O09443,D0306,11.06,30,High,Rainy,119.1,38.93
DL09444,O09444,D0187,13.84,35,Low,Clear,86.0,135.98
DL09445,O09445,D0176,10.72,13,Medium,Clear,64.5,213.51
DL09446,O09446,D0017,2.82,44,Medium,Rainy,89.3,132.54
DL09447,O09447,D0308,4.63,13,Low,Clear,37.5,102.39
DL09448,O09448,D0199,6.93,38,Low,Clear,73.7,58.89
DL09449,O09449,D0051,7.0,33,High,Rainy,103.1,227.59
DL09450,O09450,D0069,10.04,32,High,Clear,94.7,116.01
DL09451,O09451,D0088,9.11,11,High,Clear,64.3,86.8
DL09452,O09452,D0207,2.2,19,Medium,Clear,39.0,46.92
DL09453,O09453,D0450,12.77,14,Medium,Clear,71.6,31.03
DL09454,O09454,D0185,12.95,29,High,Clear,94.2,73.72
DL09455,O09455,D0399,12.92,12,Medium,Clear,70.8,4.65
DL09456,O09456,D0085,4.08,25,High,Clear,67.9,37.07
DL09457,O09457,D0101,5.46,12,Medium,Clear,42.7,64.32
DL09458,O09458,D0334,11.3,38,Medium,Rainy,103.6,5.64
DL09459,O09459,D0371,6.68,37,Medium,Rainy,81.7,218.27
DL09460,O09460,D0130,7.26,39,High,Rainy,94.7,67.94
DL09461,O09461,D0217,9.36,10,High,Cloudy,75.3,7.16
DL09462,O09462,D0283,1.46,20,Low,Cloudy,34.6,79.84
DL09463,O09463,D0052,1.43,17,Low,Clear,40.2,57.57
DL09464,O09464,D0117,1.84,35,Medium,Clear,54.6,231.63
DL09465,O09465,D0051,4.12,25,Medium,Clear,56.5,66.2
DL09466,O09466,D0166,14.74,36,High,Rainy,126.2,138.53
DL09467,O09467,D0373,2.37,37,Low,Cloudy,65.0,27.36
DL09468,O09468,D0019,13.38,22,High,Rainy,106.0,145.3
DL09469,O09469,D0106,2.68,42,Medium,Clear,65.3,74.28
DL09470,O09470,D0496,11.32,26,High,Cloudy,100.4,244.43
DL09471,O09471,D0158,9.91,42,High,Cloudy,103.6,4.62
DL09472,O09472,D0497,11.19,30,High,Clear,100.4,51.98
DL09473,O09473,D0074,2.21,25,Medium,Cloudy,57.2,42.09
DL09474,O09474,D0479,11.53,16,High,Clear,80.1,131.84
DL09475,O09475,D0333,5.57,40,High,Clear,95.2,52.53
DL09476,O09476,D0141,4.53,35,Medium,Cloudy,73.5,152.8
DL09477,O09477,D0411,9.74,25,Medium,Clear,73.4,12.27
DL09478,O09478,D0430,2.41,25,High,Rainy,76.1,17.18
DL09479,O09479,D0275,4.38,31,Low,Clear,58.8,114.42
DL09480,O09480,D0147,8.74,26,High,Clear,88.7,15.6
DL09481,O09481,D0485,11.92,41,Medium,Clear,98.0,21.51
DL09482,O09482,D0425,13.16,34,Low,Rainy,101.7,183.64
DL09483,O09483,D0271,6.97,33,Medium,Rainy,85.9,74.83
DL09484,O09484,D0412,14.66,18,Medium,Clear,82.0,174.63
DL09485,O09485,D0108,11.83,13,Low,Rainy,74.7,141.99
DL09486,O09486,D0356,6.63,40,Medium,Clear,76.6,239.86
DL09487,O09487,D0284,6.48,15,High,Clear,67.0,71.24
DL09488,O09488,D0050,7.16,38,High,Rainy,109.1,10.53
DL09489,O09489,D0289,11.46,10,Medium,Rainy,84.8,74.68
DL09490,O09490,D0300,5.48,18,Medium,Clear,52.2,34.87
DL09491,O09491,D0055,2.43,10,Medium,Clear,42.6,49.77
DL09492,O09492,D0121,8.88,11,Low,Rainy,62.7,88.81
DL09493,O09493,D0342,9.64,14,High,Clear,72.9,58.6
DL09494,O09494,D0393,14.16,39,High,Rainy,121.7,78.11
DL09495,O09495,D0036,2.88,20,Low,Cloudy,40.5,83.3
DL09496,O09496,D0198,8.47,27,Medium,Cloudy,74.2,40.34
DL09497,O09497,D0130,4.03,43,Low,Cloudy,68.6,18.64
DL09498,O09498,D0491,11.59,15,Low,Cloudy,66.3,125.63
DL09499,O09499,D0171,5.95,34,Low,Clear,64.7,38.27
DL09500,O09500,D0154,9.93,34,Low,Clear,63.4,61.09
DL09501,O09501,D0069,3.41,17,Medium,Cloudy,51.9,84.05
DL09502,O09502,D0279,9.14,34,High,Clear,95.0,16.93
DL09503,O09503,D0060,1.21,28,Low,Clear,40.6,40.21
DL09504,O09504,D0390,12.77,42,High,Clear,109.3,11.6
DL09505,O09505,D0061,9.27,36,Low,Clear,77.6,51.92
DL09506,O09506,D0321,4.09,39,Low,Clear,60.2,29.9
DL09507,O09507,D0355,5.68,40,Medium,Clear,68.2,173.95
DL09508,O09508,D0383,3.1,42,Medium,Rainy,79.4,15.73
DL09509,O09509,D0041,10.42,35,Medium,Cloudy,93.4,273.6
DL09510,O09510,D0353,6.25,25,Medium,Clear,63.2,2.83
DL09511,O09511,D0282,14.36,35,High,Cloudy,111.7,113.78
DL09512,O09512,D0473,13.53,40,High,Clear,108.9,107.94
DL09513,O09513,D0269,12.4,40,Low,Rainy,92.2,126.61
DL09514,O09514,D0081,4.71,44,Low,Cloudy,67.6,12.38
DL09515,O09515,D0400,5.08,13,Low,Clear,37.5,101.24
DL09516,O09516,D0127,6.72,17,Low,Clear,39.4,35.06
DL09517,O09517,D0300,13.86,15,High,Clear,83.0,83.85
DL09518,O09518,D0158,7.63,25,Low,Clear,60.3,207.86
DL09519,O09519,D0130,2.34,25,Medium,Clear,50.6,20.99
DL09520,O09520,D0324,4.27,23,High,Clear,65.4,95.56
DL09521,O09521,D0205,1.67,15,High,Clear,45.2,25.21
DL09522,O09522,D0038,1.8,27,Low,Clear,39.8,16.89
DL09523,O09523,D0465,13.92,41,High,Rainy,120.1,24.24
DL09524,O09524,D0151,9.64,42,High,Clear,101.8,194.55
DL09525,O09525,D0029,2.42,41,Medium,Clear,56.8,9.49
DL09526,O09526,D0496,9.17,24,Medium,Clear,76.8,208.37
DL09527,O09527,D0057,14.6,35,Medium,Clear,106.7,169.22
DL09528,O09528,D0313,1.21,40,High,Rainy,100.4,116.43
DL09529,O09529,D0201,11.43,12,Medium,Clear,75.0,60.25
DL09530,O09530,D0271,3.47,37,Medium,Clear,74.7,68.2
DL09531,O09531,D0322,6.28,39,High,Cloudy,86.1,104.74
DL09532,O09532,D0221,2.6,44,Low,Cloudy,63.5,57.23
DL09533,O09533,D0354,1.09,35,Medium,Clear,58.7,226.03
DL09534,O09534,D0337,2.41,16,Medium,Cloudy,46.1,147.4
DL09535,O09535,D0078,9.02,11,Medium,Cloudy,61.0,178.33
DL09536,O09536,D0207,13.62,38,Medium,Rainy,116.1,46.3
DL09537,O09537,D0090,1.3,30,Low,Cloudy,45.4,123.41
DL09538,O09538,D0226,1.88,13,Low,Clear,29.4,140.36
DL09539,O09539,D0451,3.28,23,Low,Clear,41.3,96.71
DL09540,O09540,D0402,14.62,15,High,Cloudy,96.7,97.32
DL09541,O09541,D0485,3.38,28,Medium,Cloudy,50.9,123.04
DL09542,O09542,D0484,7.57,19,Low,Clear,50.6,50.06
DL09543,O09543,D0317,1.59,16,Medium,Clear,32.0,5.64
DL09544,O09544,D0295,12.91,35,Medium,Rainy,112.4,199.82
DL09545,O09545,D0263,14.27,41,Low,Cloudy,97.7,10.88
DL09546,O09546,D0087,11.59,25,High,Clear,92.4,33.52
DL09547,O09547,D0101,8.89,34,High,Clear,78.4,30.02
DL09548,O09548,D0380,4.48,33,Medium,Rainy,84.3,46.09
DL09549,O09549,D0282,3.5,33,Medium,Cloudy,69.2,23.7
DL09550,O09550,D0116,8.22,11,Medium,Clear,65.9,141.47
DL09551,O09551,D0335,5.07,13,Medium,Clear,48.9,154.69
DL09552,O09552,D0408,10.39,35,Medium,Clear,97.2,87.08
DL09553,O09553,D0212,4.71,19,High,Clear,59.3,198.75
DL09554,O09554,D0421,3.38,42,Medium,Clear,75.6,66.48
DL09555,O09555,D0216,9.14,25,Low,Cloudy,69.4,79.83
DL09556,O09556,D0462,11.65,30,High,Cloudy,99.5,124.07
DL09557,O09557,D0352,2.03,14,Medium,Cloudy,41.5,6.39
DL09558,O09558,D0227,9.67,15,Medium,Cloudy,66.4,70.06
DL09559,O09559,D0279,12.42,35,Low,Clear,84.1,36.21
DL09560,O09560,D0417,1.09,28,Low,Clear,41.8,162.2
DL09561,O09561,D0386,4.14,24,Low,Clear,51.4,43.93
DL09562,O09562,D0252,5.18,32,Medium,Rainy,79.1,43.03
DL09563,O09563,D0205,1.2,28,Medium,Clear,49.3,25.02
DL09564,O09564,D0158,10.49,23,Medium,Clear,70.0,16.83
DL09565,O09565,D0445,6.87,27,Low,Clear,49.8,160.98
DL09566,O09566,D0482,10.06,30,High,Rainy,106.8,101.05
DL09567,O09567,D0075,6.67,34,High,Cloudy,88.9,34.32
DL09568,O09568,D0485,3.44,12,Medium,Cloudy,49.7,192.83
DL09569,O09569,D0396,8.22,26,Medium,Clear,70.3,119.53
DL09570,O09570,D0082,11.13,24,High,Clear,88.9,91.83
DL09571,O09571,D0468,3.17,23,Medium,Clear,51.0,31.4
DL09572,O09572,D0305,5.95,44,Medium,Rainy,98.2,35.99
DL09573,O09573,D0333,11.28,24,High,Clear,87.0,139.39
DL09574,O09574,D0390,10.19,31,Medium,Rainy,94.2,222.64
DL09575,O09575,D0266,14.99,22,Low,Clear,76.9,95.39
DL09576,O09576,D0445,3.43,25,High,Cloudy,67.4,171.25
DL09577,O09577,D0481,5.82,26,High,Clear,69.2,37.6
DL09578,O09578,D0434,3.77,26,High,Rainy,83.9,55.66
DL09579,O09579,D0447,4.42,15,High,Clear,62.4,26.15
DL09580,O09580,D0004,3.74,37,Medium,Cloudy,72.4,16.51
DL09581,O09581,D0388,14.85,33,High,Clear,106.5,55.53
DL09582,O09582,D0361,10.05,17,High,Clear,91.3,253.6
DL09583,O09583,D0165,2.18,33,Medium,Rainy,78.6,153.61
DL09584,O09584,D0234,8.29,13,Medium,Clear,59.4,197.97
DL09585,O09585,D0204,2.16,41,Medium,Clear,64.4,63.02
DL09586,O09586,D0372,6.47,12,Low,Cloudy,50.3,68.66
DL09587,O09587,D0453,9.96,33,Medium,Rainy,97.2,70.62
DL09588,O09588,D0439,1.66,36,Low,Clear,55.5,121.29
DL09589,O09589,D0217,1.65,32,Medium,Clear,61.0,71.33
DL09590,O09590,D0217,4.51,30,Low,Rainy,72.2,96.17
DL09591,O09591,D0033,10.23,29,Medium,Cloudy,78.7,72.7
DL09592,O09592,D0308,13.94,12,Medium,Rainy,91.1,51.93
DL09593,O09593,D0447,4.81,28,High,Cloudy,63.7,44.94
DL09594,O09594,D0079,14.39,10,Medium,Clear,82.2,20.56
DL09595,O09595,D0468,8.68,30,Medium,Clear,81.2,105.97
DL09596,O09596,D0487,8.04,19,High,Clear,75.3,41.87
DL09597,O09597,D0332,2.44,39,Medium,Clear,66.1,43.15
DL09598,O09598,D0462,14.38,38,Low,Clear,90.6,135.45
DL09599,O09599,D0150,12.08,12,Low,Clear,61.8,34.84
DL09600,O09600,D0216,1.05,21,Medium,Clear,46.9,134.3
DL09601,O09601,D0460,12.1,38,Low,Clear,81.8,23.93
DL09602,O09602,D0212,8.75,14,High,Cloudy,69.8,53.76
DL09603,O09603,D0240,2.4,29,High,Clear,79.7,101.71
DL09604,O09604,D0476,10.82,22,Low,Cloudy,69.6,157.04
DL09605,O09605,D0440,10.33,12,Low,Rainy,75.7,10.04
DL09606,O09606,D0459,10.55,27,Medium,Cloudy,79.8,30.68
DL09607,O09607,D0214,13.26,17,Low,Clear,56.9,61.91
DL09608,O09608,D0370,11.64,24,Low,Clear,66.2,95.41
DL09609,O09609,D0353,13.75,26,High,Clear,91.2,15.68
DL09610,O09610,D0442,6.35,42,Medium,Clear,79.7,50.24
DL09611,O09611,D0462,8.87,25,High,Cloudy,88.4,109.86
DL09612,O09612,D0461,14.8,13,Medium,Cloudy,77.4,70.95
DL09613,O09613,D0153,9.26,31,Medium,Clear,81.9,22.94
DL09614,O09614,D0488,6.91,15,High,Clear,65.1,111.03
DL09615,O09615,D0208,7.54,24,Medium,Clear,72.7,44.81
DL09616,O09616,D0478,11.34,14,Medium,Rainy,76.1,121.52
DL09617,O09617,D0257,6.11,24,Medium,Rainy,82.2,12.6
DL09618,O09618,D0028,1.67,38,Medium,Cloudy,71.4,16.04
DL09619,O09619,D0223,13.8,29,High,Cloudy,104.1,198.86
DL09620,O09620,D0100,7.75,28,High,Clear,69.9,18.59
DL09621,O09621,D0432,8.26,12,Medium,Cloudy,63.9,47.22
DL09622,O09622,D0365,6.07,43,Medium,Clear,82.9,75.29
DL09623,O09623,D0114,13.88,41,Low,Cloudy,92.8,236.68
DL09624,O09624,D0450,3.58,39,Medium,Clear,65.7,41.23
DL09625,O09625,D0311,6.47,42,Medium,Clear,86.3,49.15
DL09626,O09626,D0106,6.31,44,Low,Rainy,79.2,98.3
DL09627,O09627,D0357,8.04,28,High,Rainy,99.4,90.27
DL09628,O09628,D0107,14.57,10,Low,Cloudy,73.9,245.98
DL09629,O09629,D0130,3.8,25,Medium,Clear,64.1,47.79
DL09630,O09630,D0417,9.89,10,High,Cloudy,76.3,63.71
DL09631,O09631,D0305,8.81,35,Medium,Cloudy,75.0,54.73
DL09632,O09632,D0164,4.67,36,Medium,Rainy,85.5,24.01
DL09633,O09633,D0158,6.79,34,Medium,Rainy,91.0,71.68
DL09634,O09634,D0244,6.91,28,Low,Clear,52.0,14.73
DL09635,O09635,D0482,4.24,18,Medium,Clear,56.3,14.98
DL09636,O09636,D0146,7.78,39,Low,Rainy,89.2,13.94
DL09637,O09637,D0420,3.6,20,Low,Rainy,56.4,25.34
DL09638,O09638,D0128,3.89,38,Medium,Clear,78.2,58.3
DL09639,O09639,D0024,12.89,44,Medium,Cloudy,106.9,36.5
DL09640,O09640,D0118,14.07,26,Medium,Clear,88.8,79.64
DL09641,O09641,D0129,6.46,37,Low,Clear,70.3,54.08
DL09642,O09642,D0174,1.15,43,High,Rainy,87.4,39.19
DL09643,O09643,D0024,13.46,11,Low,Cloudy,74.9,19.1
DL09644,O09644,D0277,12.08,22,Medium,Clear,69.2,271.7
DL09645,O09645,D0029,6.82,30,Medium,Clear,69.4,37.39
DL09646,O09646,D0205,9.67,32,High,Rainy,109.0,106.94
DL09647,O09647,D0064,13.8,12,Medium,Cloudy,85.8,241.51
DL09648,O09648,D0266,14.83,21,High,Rainy,117.7,20.28
DL09649,O09649,D0141,7.52,28,Low,Clear,58.8,25.95
DL09650,O09650,D0395,7.57,14,Medium,Clear,47.8,83.46
DL09651,O09651,D0102,13.2,43,Medium,Cloudy,116.3,18.98
DL09652,O09652,D0119,11.44,42,Low,Rainy,97.4,13.28
DL09653,O09653,D0186,12.15,42,Low,Clear,92.5,161.8
DL09654,O09654,D0262,9.67,18,Medium,Cloudy,73.0,15.64
DL09655,O09655,D0435,6.11,37,Medium,Cloudy,83.3,167.01
DL09656,O09656,D0266,3.67,12,Medium,Rainy,50.7,32.73
DL09657,O09657,D0448,14.34,39,Low,Clear,90.4,108.74
DL09658,O09658,D0498,3.13,30,High,Clear,70.1,47.54
DL09659,O09659,D0333,7.27,28,Medium,Clear,75.8,29.77
DL09660,O09660,D0368,7.69,41,Low,Clear,82.7,29.4
DL09661,O09661,D0114,13.47,35,Medium,Cloudy,94.4,58.56
DL09662,O09662,D0419,10.94,12,High,Rainy,88.1,43.98
DL09663,O09663,D0111,4.37,20,Medium,Clear,42.9,103.72
DL09664,O09664,D0470,3.81,34,High,Rainy,94.4,59.47
DL09665,O09665,D0273,14.26,19,High,Clear,88.2,80.71
DL09666,O09666,D0003,1.61,10,High,Clear,39.0,34.88
DL09667,O09667,D0252,13.53,16,Medium,Clear,72.1,129.2
DL09668,O09668,D0256,4.05,26,High,Rainy,88.4,164.02
DL09669,O09669,D0158,2.26,42,Low,Cloudy,65.4,64.27
DL09670,O09670,D0482,4.98,39,Medium,Clear,71.4,247.09
DL09671,O09671,D0283,8.73,40,Low,Clear,79.2,272.66
DL09672,O09672,D0173,13.05,36,Low,Rainy,97.1,92.6
DL09673,O09673,D0388,10.47,40,Medium,Rainy,102.0,110.77
DL09674,O09674,D0417,11.82,35,Medium,Clear,87.1,72.09
DL09675,O09675,D0427,13.79,27,Low,Clear,75.2,40.6
DL09676,O09676,D0415,1.08,18,Low,Rainy,47.7,86.12
DL09677,O09677,D0275,10.12,37,Medium,Rainy,99.2,27.97
DL09678,O09678,D0139,6.4,32,Medium,Rainy,85.2,8.3
DL09679,O09679,D0500,9.58,16,Medium,Rainy,77.4,158.16
DL09680,O09680,D0037,1.74,35,Low,Cloudy,53.2,84.28
DL09681,O09681,D0335,3.11,30,High,Rainy,86.0,177.18
DL09682,O09682,D0340,11.05,41,Medium,Rainy,115.7,94.8
DL09683,O09683,D0445,13.34,38,Medium,Rainy,115.8,100.56
DL09684,O09684,D0357,7.97,44,Medium,Cloudy,93.2,180.87
DL09685,O09685,D0497,3.71,36,Medium,Cloudy,66.7,9.82
DL09686,O09686,D0456,11.31,13,Medium,Cloudy,71.9,100.12
DL09687,O09687,D0258,1.72,40,Low,Rainy,70.2,13.22
DL09688,O09688,D0230,11.21,20,High,Clear,88.0,45.74
DL09689,O09689,D0178,12.32,43,Low,Clear,88.5,42.93
DL09690,O09690,D0027,1.85,22,Medium,Clear,49.5,115.67
DL09691,O09691,D0178,6.65,10,Medium,Cloudy,48.6,31.96
DL09692,O09692,D0206,2.71,29,High,Clear,71.4,111.88
DL09693,O09693,D0280,12.49,43,Low,Clear,95.8,91.46
DL09694,O09694,D0099,12.49,40,Medium,Clear,98.3,47.58
DL09695,O09695,D0284,13.91,36,High,Rainy,121.5,161.43
DL09696,O09696,D0312,2.85,36,Low,Clear,45.5,9.04
DL09697,O09697,D0290,11.08,35,Low,Rainy,105.2,168.54
DL09698,O09698,D0081,13.45,24,Medium,Cloudy,90.7,188.82
DL09699,O09699,D0161,7.17,36,Low,Rainy,81.0,40.5
DL09700,O09700,D0023,5.6,10,High,Rainy,73.0,142.21
DL09701,O09701,D0136,11.0,36,Medium,Rainy,98.3,19.41
DL09702,O09702,D0255,6.69,18,Low,Clear,48.6,45.09
DL09703,O09703,D0417,7.24,39,Medium,Clear,80.5,112.23
DL09704,O09704,D0320,11.11,21,Low,Clear,57.6,174.57
DL09705,O09705,D0124,7.34,18,High,Clear,69.4,53.48
DL09706,O09706,D0275,12.54,13,Low,Cloudy,59.0,155.36
DL09707,O09707,D0396,10.87,40,Medium,Clear,90.4,162.7
DL09708,O09708,D0004,14.26,12,Low,Clear,59.0,263.4
DL09709,O09709,D0223,8.55,26,Medium,Clear,73.0,145.41
DL09710,O09710,D0447,10.22,43,High,Cloudy,108.8,195.33
DL09711,O09711,D0172,1.83,41,Low,Clear,52.8,116.53
DL09712,O09712,D0376,11.82,11,Low,Clear,58.5,20.96
DL09713,O09713,D0119,9.71,20,High,Cloudy,88.3,72.7
DL09714,O09714,D0149,7.73,17,Medium,Cloudy,71.3,47.23
DL09715,O09715,D0012,14.61,44,Medium,Cloudy,112.8,28.02
DL09716,O09716,D0199,6.54,36,High,Clear,91.2,109.61
DL09717,O09717,D0146,2.9,38,High,Cloudy,73.0,157.59
DL09718,O09718,D0295,4.91,18,Medium,Cloudy,65.0,199.13
DL09719,O09719,D0331,13.75,18,Medium,Rainy,94.5,80.91
DL09720,O09720,D0033,3.93,26,Medium,Cloudy,61.7,66.61
DL09721,O09721,D0470,14.52,11,Low,Clear,62.9,20.37
DL09722,O09722,D0456,10.51,31,High,Cloudy,91.5,145.08
DL09723,O09723,D0423,3.83,26,Low,Cloudy,53.9,219.98
DL09724,O09724,D0159,1.93,11,Low,Cloudy,37.5,15.01
DL09725,O09725,D0245,7.62,33,High,Cloudy,96.5,33.45
DL09726,O09726,D0283,8.04,35,Low,Clear,69.3,34.54
DL09727,O09727,D0371,5.88,26,Low,Clear,49.2,160.67
DL09728,O09728,D0220,1.63,12,Medium,Cloudy,34.6,21.88
DL09729,O09729,D0471,13.95,31,Medium,Rainy,102.0,190.94
DL09730,O09730,D0169,9.38,42,Medium,Clear,88.4,73.53
DL09731,O09731,D0283,7.78,15,High,Clear,70.2,9.32
DL09732,O09732,D0266,5.99,21,Low,Rainy,64.4,67.56
DL09733,O09733,D0407,10.48,26,Low,Cloudy,73.6,86.63
DL09734,O09734,D0289,8.39,42,Low,Clear,73.7,182.46
DL09735,O09735,D0410,12.87,34,Low,Clear,83.6,145.47
DL09736,O09736,D0205,8.79,41,Low,Clear,72.4,42.2
DL09737,O09737,D0159,8.31,23,Medium,Clear,65.4,38.8
DL09738,O09738,D0155,3.78,41,High,Rainy,97.0,171.51
DL09739,O09739,D0269,2.03,41,High,Cloudy,88.1,135.8
DL09740,O09740,D0176,3.96,15,High,Rainy,68.9,77.74
DL09741,O09741,D0439,3.26,39,High,Rainy,94.2,62.92
DL09742,O09742,D0058,11.13,43,Low,Cloudy,84.4,97.93
DL09743,O09743,D0253,4.58,21,Low,Clear,45.9,155.82
DL09744,O09744,D0303,10.46,30,Medium,Cloudy,85.7,71.37
DL09745,O09745,D0098,9.14,18,Medium,Rainy,81.3,10.08
DL09746,O09746,D0047,4.51,22,Low,Clear,47.1,73.69
DL09747,O09747,D0455,9.57,22,High,Rainy,98.2,150.84
DL09748,O09748,D0300,10.74,28,Medium,Rainy,104.5,57.06
DL09749,O09749,D0204,1.26,16,High,Clear,54.1,57.47
DL09750,O09750,D0389,8.82,42,Low,Clear,90.5,148.29
DL09751,O09751,D0102,11.81,20,Low,Cloudy,62.2,247.96
DL09752,O09752,D0006,2.6,19,Medium,Cloudy,53.3,13.3
DL09753,O09753,D0346,6.49,23,Low,Clear,51.2,182.71
DL09754,O09754,D0403,5.14,20,High,Clear,58.3,32.58
DL09755,O09755,D0463,9.93,30,High,Clear,96.9,23.64
DL09756,O09756,D0265,11.66,20,Medium,Clear,81.3,56.49
DL09757,O09757,D0077,14.5,36,High,Clear,116.1,36.23
DL09758,O09758,D0035,7.97,33,Low,Rainy,82.4,107.71
DL09759,O09759,D0111,11.06,10,Medium,Cloudy,63.9,50.07
DL09760,O09760,D0418,8.33,23,Low,Clear,61.8,50.57
DL09761,O09761,D0191,6.02,36,Medium,Cloudy,79.2,73.3
DL09762,O09762,D0226,3.86,19,Low,Clear,46.7,63.06
DL09763,O09763,D0221,13.43,41,Medium,Clear,107.9,270.63
DL09764,O09764,D0487,9.18,20,Medium,Rainy,79.4,15.37
DL09765,O09765,D0027,9.97,39,Medium,Clear,89.5,43.59
DL09766,O09766,D0302,9.64,24,Medium,Clear,69.2,75.39
DL09767,O09767,D0429,4.32,10,Medium,Clear,48.4,78.96
DL09768,O09768,D0396,5.52,31,Low,Rainy,73.2,204.31
DL09769,O09769,D0295,12.83,19,Low,Rainy,76.7,46.13
DL09770,O09770,D0386,7.29,39,Medium,Rainy,90.5,35.4
DL09771,O09771,D0431,1.2,33,Medium,Rainy,72.1,31.82
DL09772,O09772,D0100,7.11,16,Low,Clear,42.9,14.21
DL09773,O09773,D0384,4.26,42,High,Cloudy,88.2,132.66
DL09774,O09774,D0309,13.07,21,High,Cloudy,87.5,159.33
DL09775,O09775,D0082,8.17,23,Medium,Rainy,80.3,164.59
DL09776,O09776,D0006,14.92,26,Medium,Cloudy,91.1,77.99
DL09777,O09777,D0222,1.46,18,High,Cloudy,61.7,19.3
DL09778,O09778,D0469,8.73,33,High,Cloudy,91.3,21.32
DL09779,O09779,D0440,1.74,19,High,Cloudy,58.5,88.11
DL09780,O09780,D0022,4.98,35,High,Cloudy,84.3,97.3
DL09781,O09781,D0121,4.22,13,High,Rainy,74.0,85.85
DL09782,O09782,D0139,4.95,13,Medium,Rainy,71.4,237.4
DL09783,O09783,D0103,14.73,36,Medium,Clear,100.9,109.56
DL09784,O09784,D0040,4.9,24,High,Clear,61.8,71.09
DL09785,O09785,D0298,3.3,24,Low,Clear,35.0,11.26
DL09786,O09786,D0263,14.32,21,Low,Cloudy,81.3,31.03
DL09787,O09787,D0327,9.75,40,Medium,Clear,87.1,123.41
DL09788,O09788,D0031,5.01,21,Medium,Clear,55.2,237.68
DL09789,O09789,D0056,10.23,44,High,Clear,109.1,24.06
DL09790,O09790,D0326,12.04,19,Low,Clear,67.3,258.04
DL09791,O09791,D0090,1.24,29,High,Rainy,78.4,73.75
DL09792,O09792,D0420,4.29,32,Low,Clear,46.7,55.08
DL09793,O09793,D0457,8.99,33,Low,Rainy,84.7,155.83
DL09794,O09794,D0248,8.15,25,Medium,Clear,69.0,61.97
DL09795,O09795,D0420,6.9,12,High,Clear,55.2,134.24
DL09796,O09796,D0387,1.43,16,Low,Clear,30.3,37.14
DL09797,O09797,D0185,14.32,12,Low,Cloudy,71.7,84.8
DL09798,O09798,D0108,11.01,35,High,Clear,95.7,250.76
DL09799,O09799,D0415,14.93,24,Low,Cloudy,83.1,80.88
DL09800,O09800,D0448,13.25,11,Low,Cloudy,63.3,190.93
DL09801,O09801,D0158,9.03,21,Medium,Cloudy,80.1,12.13
DL09802,O09802,D0479,5.93,40,High,Cloudy,89.0,64.12
DL09803,O09803,D0427,3.3,15,High,Clear,51.6,21.87
DL09804,O09804,D0491,3.96,41,Medium,Clear,68.3,6.93
DL09805,O09805,D0424,13.15,16,Medium,Clear,77.9,46.45
DL09806,O09806,D0222,13.06,41,High,Clear,109.6,7.79
DL09807,O09807,D0201,13.05,34,Low,Clear,72.0,131.77
DL09808,O09808,D0390,13.05,24,Medium,Clear,91.1,128.53
DL09809,O09809,D0153,3.61,28,Medium,Clear,50.6,209.28
DL09810,O09810,D0350,12.95,29,High,Clear,90.5,53.6
DL09811,O09811,D0026,2.75,29,High,Rainy,82.8,101.76
DL09812,O09812,D0323,6.8,23,Medium,Cloudy,69.3,82.89
DL09813,O09813,D0406,14.9,35,Medium,Cloudy,101.8,14.33
DL09814,O09814,D0426,10.77,15,High,Cloudy,77.4,35.38
DL09815,O09815,D0173,10.05,16,High,Cloudy,83.4,96.17
DL09816,O09816,D0201,4.18,19,Medium,Clear,54.7,15.96
DL09817,O09817,D0370,11.31,35,High,Rainy,112.9,58.49
DL09818,O09818,D0227,8.67,18,Medium,Clear,59.6,32.94
DL09819,O09819,D0263,7.74,13,Medium,Clear,62.0,211.99
DL09820,O09820,D0293,4.28,32,Low,Clear,54.7,74.77
DL09821,O09821,D0112,2.75,20,Medium,Clear,47.6,253.24
DL09822,O09822,D0457,4.2,34,Low,Clear,57.2,30.55
DL09823,O09823,D0091,8.07,42,Medium,Clear,89.4,151.55
DL09824,O09824,D0028,14.5,17,Low,Cloudy,76.1,21.41
DL09825,O09825,D0237,4.54,20,Medium,Clear,52.6,28.68
DL09826,O09826,D0364,10.49,39,High,Clear,97.3,41.8
DL09827,O09827,D0481,3.46,31,Low,Clear,46.4,206.43
DL09828,O09828,D0319,6.71,12,Medium,Clear,49.7,252.79
DL09829,O09829,D0120,4.87,44,Low,Rainy,82.1,85.26
DL09830,O09830,D0123,5.84,15,Medium,Cloudy,58.1,56.19
DL09831,O09831,D0246,4.12,29,Medium,Clear,68.9,60.42
DL09832,O09832,D0061,14.62,22,Low,Clear,68.7,43.31
DL09833,O09833,D0434,5.65,38,Low,Cloudy,78.9,19.44
DL09834,O09834,D0382,13.21,39,Low,Clear,88.1,96.74
DL09835,O09835,D0134,5.72,30,Medium,Clear,69.8,44.12
DL09836,O09836,D0465,8.18,29,Medium,Clear,76.8,169.18
DL09837,O09837,D0320,13.8,28,Medium,Clear,89.8,57.85
DL09838,O09838,D0471,4.06,34,Medium,Clear,69.5,33.98
DL09839,O09839,D0345,7.45,43,Medium,Clear,83.6,35.3
DL09840,O09840,D0211,14.27,13,Medium,Rainy,90.8,44.6
DL09841,O09841,D0116,12.92,22,High,Rainy,107.9,234.81
DL09842,O09842,D0029,8.56,12,Medium,Clear,47.7,52.08
DL09843,O09843,D0287,4.37,20,Medium,Cloudy,62.4,56.45
DL09844,O09844,D0262,8.64,29,Medium,Cloudy,88.4,88.27
DL09845,O09845,D0485,12.7,43,Medium,Clear,107.7,174.77
DL09846,O09846,D0447,10.53,17,Medium,Clear,73.0,272.28
DL09847,O09847,D0162,8.13,23,High,Clear,83.9,41.95
DL09848,O09848,D0152,4.43,32,High,Cloudy,80.2,91.77
DL09849,O09849,D0442,9.92,15,Low,Clear,60.5,129.78
DL09850,O09850,D0202,5.17,17,High,Clear,65.9,87.77
DL09851,O09851,D0378,1.17,23,High,Cloudy,57.7,49.2
DL09852,O09852,D0315,6.32,31,High,Rainy,96.5,133.55
DL09853,O09853,D0331,3.83,31,Low,Rainy,66.0,162.12
DL09854,O09854,D0280,13.51,35,Medium,Rainy,109.0,9.73
DL09855,O09855,D0446,2.69,20,Medium,Rainy,59.7,169.72
DL09856,O09856,D0002,5.75,23,Medium,Clear,60.7,148.37
DL09857,O09857,D0306,4.01,27,Medium,Cloudy,68.2,211.03
DL09858,O09858,D0254,3.36,17,High,Cloudy,54.8,82.72
DL09859,O09859,D0477,7.93,20,Medium,Clear,61.0,32.19
DL09860,O09860,D0336,14.74,43,Medium,Rainy,119.4,101.36
DL09861,O09861,D0087,6.35,11,Medium,Clear,51.0,25.48
DL09862,O09862,D0291,7.84,27,Medium,Cloudy,81.9,157.37
DL09863,O09863,D0377,9.91,21,Medium,Rainy,88.2,4.14
DL09864,O09864,D0299,10.7,12,Low,Clear,44.7,50.59
DL09865,O09865,D0342,7.31,30,Medium,Cloudy,79.9,21.26
DL09866,O09866,D0291,2.12,28,Low,Cloudy,48.9,8.35
DL09867,O09867,D0134,12.75,13,High,Cloudy,89.2,80.02
DL09868,O09868,D0184,8.73,43,High,Clear,93.8,102.37
DL09869,O09869,D0343,7.56,23,High,Rainy,91.9,165.18
DL09870,O09870,D0253,12.78,35,Medium,Cloudy,100.6,75.48
DL09871,O09871,D0279,9.38,37,Medium,Clear,92.3,73.57
DL09872,O09872,D0414,3.97,26,High,Rainy,79.7,129.58
DL09873,O09873,D0357,6.93,29,Medium,Cloudy,78.6,76.22
DL09874,O09874,D0426,10.64,25,Medium,Clear,72.2,135.1
DL09875,O09875,D0404,14.8,36,Medium,Clear,97.7,12.32
DL09876,O09876,D0139,9.57,28,Medium,Clear,83.0,8.22
DL09877,O09877,D0344,3.72,31,High,Clear,82.3,240.29
DL09878,O09878,D0185,1.24,12,Medium,Clear,44.4,203.95
DL09879,O09879,D0466,5.25,41,Medium,Clear,69.8,112.53
DL09880,O09880,D0411,6.99,22,Low,Clear,54.3,87.48
DL09881,O09881,D0437,9.72,22,Medium,Rainy,80.0,113.33
DL09882,O09882,D0263,3.73,35,High,Rainy,99.8,180.61
DL09883,O09883,D0176,2.17,44,Low,Cloudy,68.2,158.51
DL09884,O09884,D0085,4.13,23,High,Cloudy,73.8,185.24
DL09885,O09885,D0248,8.48,44,High,Rainy,114.2,11.92
DL09886,O09886,D0079,2.82,29,Low,Clear,51.3,59.16
DL09887,O09887,D0072,3.15,19,Low,Clear,35.3,41.76
DL09888,O09888,D0220,13.55,29,Low,Cloudy,85.5,212.46
DL09889,O09889,D0341,2.25,32,Low,Rainy,69.0,15.52
DL09890,O09890,D0328,10.79,18,Low,Cloudy,61.2,26.39
DL09891,O09891,D0092,1.35,20,Low,Rainy,46.2,58.46
DL09892,O09892,D0482,9.22,25,Medium,Clear,71.0,80.46
DL09893,O09893,D0367,12.55,30,High,Clear,97.3,152.6
DL09894,O09894,D0463,8.48,21,Low,Cloudy,57.9,83.06
DL09895,O09895,D0108,4.58,14,Low,Clear,36.2,39.46
DL09896,O09896,D0235,1.28,11,High,Clear,49.4,106.63
DL09897,O09897,D0165,1.14,25,Low,Cloudy,39.6,85.46
DL09898,O09898,D0117,12.5,17,Low,Clear,73.8,114.2
DL09899,O09899,D0219,9.79,27,Low,Clear,69.5,29.57
DL09900,O09900,D0425,7.37,15,Low,Clear,50.0,66.01
DL09901,O09901,D0154,8.09,40,Medium,Rainy,98.5,158.88
DL09902,O09902,D0076,8.43,13,Low,Clear,50.4,42.23
DL09903,O09903,D0191,6.02,22,Medium,Clear,70.9,52.65
DL09904,O09904,D0354,12.63,33,Medium,Cloudy,93.8,18.42
DL09905,O09905,D0095,14.91,19,High,Clear,89.4,96.53
DL09906,O09906,D0383,8.16,21,Medium,Cloudy,70.5,35.9
DL09907,O09907,D0003,7.91,12,Low,Cloudy,46.7,133.84
DL09908,O09908,D0090,13.97,27,Medium,Clear,90.4,42.41
DL09909,O09909,D0313,10.27,39,High,Clear,97.2,49.05
DL09910,O09910,D0054,9.94,34,Low,Clear,75.9,227.7
DL09911,O09911,D0198,1.87,10,Low,Clear,19.7,91.8
DL09912,O09912,D0058,7.85,15,High,Clear,67.4,178.33
DL09913,O09913,D0148,9.42,43,High,Clear,96.3,23.99
DL09914,O09914,D0179,12.46,24,Low,Cloudy,71.9,37.9
DL09915,O09915,D0168,11.27,23,Medium,Clear,75.1,106.94
DL09916,O09916,D0401,14.87,15,Low,Clear,71.3,163.23
DL09917,O09917,D0169,2.1,11,Medium,Rainy,48.4,15.57
DL09918,O09918,D0065,8.66,15,High,Clear,71.0,138.77
DL09919,O09919,D0269,2.55,40,High,Cloudy,89.1,17.94
DL09920,O09920,D0466,12.25,21,Low,Rainy,80.8,196.62
DL09921,O09921,D0500,9.05,10,Medium,Clear,48.6,148.17
DL09922,O09922,D0192,4.84,44,Medium,Rainy,94.1,171.94
DL09923,O09923,D0341,7.16,32,Medium,Clear,79.9,71.69
DL09924,O09924,D0436,14.04,28,Low,Cloudy,74.5,232.54
DL09925,O09925,D0012,11.91,15,High,Cloudy,79.0,95.77
DL09926,O09926,D0320,8.45,11,Medium,Cloudy,61.5,55.62
DL09927,O09927,D0172,12.21,32,Low,Cloudy,84.7,75.93
DL09928,O09928,D0268,1.43,37,Medium,Clear,61.7,54.71
DL09929,O09929,D0282,13.56,31,Low,Clear,90.1,15.46
DL09930,O09930,D0298,11.53,11,Low,Rainy,73.2,51.29
DL09931,O09931,D0104,12.15,26,Low,Clear,75.1,207.85
DL09932,O09932,D0156,8.51,44,Low,Clear,77.0,35.51
DL09933,O09933,D0428,10.73,20,Low,Cloudy,65.2,48.84
DL09934,O09934,D0217,9.99,31,Medium,Clear,84.9,54.5
DL09935,O09935,D0469,12.38,18,Medium,Clear,65.5,57.65
DL09936,O09936,D0304,10.86,11,Medium,Cloudy,70.0,65.92
DL09937,O09937,D0434,8.04,15,Medium,Cloudy,58.6,97.32
DL09938,O09938,D0241,2.19,20,Medium,Cloudy,55.0,97.74
DL09939,O09939,D0267,14.92,20,Low,Clear,81.5,169.34
DL09940,O09940,D0457,5.93,31,Medium,Cloudy,67.3,24.82
DL09941,O09941,D0099,11.65,14,High,Clear,81.7,116.11
DL09942,O09942,D0292,9.56,34,Medium,Cloudy,92.8,87.32
DL09943,O09943,D0497,14.69,15,Medium,Rainy,94.2,72.68
DL09944,O09944,D0157,14.49,18,Medium,Cloudy,87.5,91.01
DL09945,O09945,D0040,7.08,12,Medium,Clear,63.5,239.3
DL09946,O09946,D0401,12.93,35,Low,Clear,89.1,167.92
DL09947,O09947,D0293,2.69,26,Medium,Cloudy,66.6,98.15
DL09948,O09948,D0368,3.96,24,Medium,Clear,56.8,23.28
DL09949,O09949,D0177,9.03,12,High,Cloudy,78.0,95.83
DL09950,O09950,D0072,3.97,38,Low,Clear,59.9,81.91
DL09951,O09951,D0181,2.66,38,Medium,Cloudy,71.9,34.93
DL09952,O09952,D0364,3.84,40,Medium,Rainy,80.9,78.59
DL09953,O09953,D0111,5.65,28,Medium,Rainy,72.5,81.74
DL09954,O09954,D0325,14.76,15,Low,Cloudy,74.5,31.9
DL09955,O09955,D0407,2.23,10,Medium,Clear,36.7,6.03
DL09956,O09956,D0054,2.2,19,Low,Clear,35.3,193.54
DL09957,O09957,D0138,1.61,18,Medium,Clear,40.7,68.72
DL09958,O09958,D0495,4.35,24,Medium,Clear,52.4,90.0
DL09959,O09959,D0233,2.56,30,Low,Cloudy,46.7,82.92
DL09960,O09960,D0303,1.62,37,High,Cloudy,70.4,118.1
DL09961,O09961,D0079,7.23,29,Medium,Clear,73.3,105.45
DL09962,O09962,D0208,12.26,42,Low,Clear,102.2,85.66
DL09963,O09963,D0411,2.39,42,Low,Cloudy,72.4,59.84
DL09964,O09964,D0032,2.48,44,Low,Rainy,63.1,14.4
DL09965,O09965,D0312,12.36,13,Medium,Rainy,77.7,64.24
DL09966,O09966,D0232,5.59,37,Medium,Rainy,91.7,70.32
DL09967,O09967,D0179,8.0,30,High,Clear,85.1,202.91
DL09968,O09968,D0365,11.93,14,Low,Clear,66.4,112.18
DL09969,O09969,D0174,6.72,23,Medium,Clear,59.4,38.65
DL09970,O09970,D0035,1.28,21,Low,Cloudy,37.1,107.76
DL09971,O09971,D0485,6.83,15,Low,Cloudy,51.3,51.98
DL09972,O09972,D0088,13.41,36,Low,Rainy,109.1,68.8
DL09973,O09973,D0415,2.71,21,Medium,Clear,51.2,16.78
DL09974,O09974,D0115,10.47,10,Medium,Rainy,74.5,89.41
DL09975,O09975,D0291,7.96,15,Medium,Clear,53.7,43.0
DL09976,O09976,D0464,8.45,33,Low,Clear,74.4,164.04
DL09977,O09977,D0104,12.62,26,Medium,Clear,79.3,168.65
DL09978,O09978,D0190,12.0,44,Medium,Clear,96.4,79.83
DL09979,O09979,D0164,14.79,14,Low,Rainy,82.8,75.04
DL09980,O09980,D0076,3.35,18,Medium,Clear,50.6,121.48
DL09981,O09981,D0188,4.55,25,Low,Clear,47.3,113.25
DL09982,O09982,D0080,11.45,17,Low,Cloudy,62.9,72.03
DL09983,O09983,D0305,12.75,27,High,Clear,88.6,17.6
DL09984,O09984,D0325,12.51,40,Low,Clear,83.7,189.44
DL09985,O09985,D0111,7.39,27,Medium,Clear,73.0,51.31
DL09986,O09986,D0453,2.51,31,Low,Clear,43.7,22.86
DL09987,O09987,D0020,6.14,33,Low,Clear,66.3,60.66
DL09988,O09988,D0176,4.93,29,Medium,Clear,71.2,170.33
DL09989,O09989,D0422,8.15,29,Medium,Rainy,81.2,91.62
DL09990,O09990,D0228,3.3,26,Medium,Cloudy,68.1,183.94
DL09991,O09991,D0384,9.95,11,Medium,Cloudy,61.0,134.11
DL09992,O09992,D0183,14.52,43,High,Clear,108.5,161.92
DL09993,O09993,D0096,11.3,25,Medium,Rainy,91.6,10.97
DL09994,O09994,D0360,14.78,36,High,Rainy,124.1,46.67
DL09995,O09995,D0267,10.96,13,Low,Clear,53.2,27.78
DL09996,O09996,D0331,11.38,27,High,Cloudy,92.0,93.8
DL09997,O09997,D0491,8.45,19,Medium,Cloudy,71.9,106.84
DL09998,O09998,D0177,14.27,11,High,Cloudy,87.9,73.39
DL09999,O09999,D0476,6.03,27,Medium,Rainy,80.3,140.08
DL10000,O10000,D0012,11.7,40,Low,Clear,92.1,65.59
