order_id,customer_id,restaurant_id,order_timestamp,order_amount,number_of_items,weather,traffic_condition,order_status
O00001,C00489,R0048,2025-01-10 17:00:00,1552.79,2,Rainy,Medium,Completed
O00002,C01953,R0077,2025-02-15 05:00:00,1562.78,2,Clear,High,Completed
O00003,C00397,R0024,2025-03-16 02:00:00,1653.23,5,Clear,High,Completed
O00004,C00896,R0054,2025-02-17 01:00:00,1698.19,1,Rainy,Medium,Completed
O00005,C00355,R0095,2025-01-27 20:00:00,898.83,6,Cloudy,Medium,Completed
O00006,C00947,R0091,2025-03-06 21:00:00,1748.34,1,Cloudy,High,Completed
O00007,C00288,R0085,2025-01-17 21:00:00,1099.28,3,Cloudy,High,Cancelled
O00008,C01483,R0001,2025-03-13 02:00:00,994.13,3,Cloudy,High,Completed
O00009,C01648,R0079,2025-01-16 14:00:00,1465.22,3,Rainy,Low,Completed
O00010,C00998,R0067,2025-03-09 04:00:00,506.25,5,Rainy,High,Completed
O00011,C00536,R0006,2025-01-19 22:00:00,1600.05,1,Clear,Low,Completed
O00012,C01315,R0078,2025-01-09 09:00:00,915.99,4,Cloudy,Medium,Completed
O00013,C00851,R0055,2025-03-15 03:00:00,341.86,1,Rainy,Medium,Completed
O00014,C00838,R0038,2025-03-03 11:00:00,326.69,4,Rainy,High,Cancelled
O00015,C00168,R0033,2025-02-05 13:00:00,413.32,2,Clear,Medium,Completed
O00016,C00950,R0008,2025-01-31 03:00:00,1792.09,4,Cloudy,Low,Completed
O00017,C00621,R0090,2025-02-27 23:00:00,1982.78,2,Rainy,Medium,Completed
O00018,C00428,R0079,2025-01-11 21:00:00,778.25,6,Clear,Medium,Completed
O00019,C01726,R0078,2025-01-23 14:00:00,655.07,6,Rainy,High,Completed
O00020,C00490,R0020,2025-01-23 22:00:00,515.66,3,Clear,High,Completed
O00021,C00355,R0055,2025-02-25 09:00:00,1665.25,1,Clear,High,Completed
O00022,C00196,R0048,2025-03-19 21:00:00,497.49,3,Clear,High,Completed
O00023,C00545,R0083,2025-01-27 13:00:00,1855.77,1,Clear,Medium,Completed
O00024,C00717,R0056,2025-01-07 20:00:00,1367.97,4,Clear,Medium,Completed
O00025,C00824,R0097,2025-01-26 20:00:00,1804.54,1,Cloudy,Low,Completed
O00026,C00932,R0100,2025-02-20 23:00:00,1152.62,4,Clear,Medium,Completed
O00027,C01718,R0088,2025-01-03 02:00:00,1412.29,1,Cloudy,Medium,Completed
O00028,C01003,R0010,2025-01-21 08:00:00,1276.97,2,Clear,Low,Completed
O00029,C00659,R0052,2025-02-13 14:00:00,1679.27,4,Rainy,High,Completed
O00030,C00939,R0050,2025-01-28 16:00:00,1688.14,3,Rainy,Medium,Completed
O00031,C00780,R0034,2025-02-21 22:00:00,1220.61,3,Cloudy,High,Completed
O00032,C00011,R0036,2025-03-23 21:00:00,1301.76,3,Rainy,Medium,Completed
O00033,C01606,R0061,2025-02-21 20:00:00,1851.56,3,Rainy,High,Completed
O00034,C01280,R0100,2025-01-12 01:00:00,1866.75,2,Cloudy,Low,Completed
O00035,C00396,R0016,2025-01-04 00:00:00,1362.07,2,Clear,Low,Completed
O00036,C00731,R0079,2025-03-30 12:00:00,114.73,5,Clear,Low,Completed
O00037,C01833,R0018,2025-02-06 16:00:00,298.38,5,Rainy,Medium,Completed
O00038,C00409,R0071,2025-01-19 02:00:00,1730.09,5,Clear,High,Completed
O00039,C00362,R0047,2025-03-26 12:00:00,260.96,6,Clear,High,Completed
O00040,C01283,R0086,2025-02-15 08:00:00,505.69,5,Clear,Medium,Completed
O00041,C01027,R0032,2025-03-24 16:00:00,538.04,1,Clear,High,Completed
O00042,C00084,R0043,2025-01-15 20:00:00,1240.45,6,Cloudy,High,Completed
O00043,C00156,R0083,2025-02-08 23:00:00,1195.6,4,Cloudy,Medium,Completed
O00044,C01687,R0040,2025-01-01 17:00:00,649.89,3,Clear,Medium,Completed
O00045,C01200,R0065,2025-03-08 05:00:00,494.46,1,Clear,Medium,Completed
O00046,C00707,R0035,2025-03-16 16:00:00,1552.61,6,Clear,Medium,Completed
O00047,C01962,R0069,2025-02-11 11:00:00,1877.37,2,Clear,High,Completed
O00048,C00472,R0050,2025-02-13 00:00:00,200.33,3,Cloudy,Low,Completed
O00049,C00619,R0012,2025-03-04 05:00:00,353.04,4,Clear,High,Completed
O00050,C01448,R0076,2025-03-09 17:00:00,1320.11,4,Clear,Medium,Completed
O00051,C00134,R0085,2025-03-18 23:00:00,1628.44,2,Rainy,High,Completed
O00052,C00788,R0058,2025-03-06 02:00:00,1603.26,3,Rainy,Medium,Completed
O00053,C00907,R0083,2025-02-18 01:00:00,1467.4,5,Clear,Medium,Completed
O00054,C00864,R0063,2025-02-24 20:00:00,1786.11,3,Cloudy,High,Completed
O00055,C01404,R0073,2025-03-13 15:00:00,512.96,3,Clear,Medium,Completed
O00056,C00667,R0049,2025-03-23 06:00:00,303.85,4,Clear,Medium,Completed
O00057,C00277,R0036,2025-01-10 07:00:00,1269.19,2,Rainy,Low,Completed
O00058,C01260,R0054,2025-03-26 10:00:00,1662.32,3,Clear,Medium,Completed
O00059,C01776,R0047,2025-03-06 11:00:00,1205.88,1,Clear,High,Cancelled
O00060,C00882,R0032,2025-03-12 09:00:00,1929.7,1,Clear,Low,Completed
O00061,C00013,R0099,2025-03-05 11:00:00,1611.57,2,Rainy,High,Completed
O00062,C00342,R0095,2025-02-16 09:00:00,1431.5,5,Cloudy,Low,Completed
O00063,C00035,R0053,2025-03-24 04:00:00,214.49,6,Cloudy,Low,Completed
O00064,C00559,R0032,2025-02-15 15:00:00,304.71,3,Cloudy,Medium,Completed
O00065,C01238,R0062,2025-01-19 00:00:00,1591.19,6,Clear,High,Completed
O00066,C01436,R0037,2025-02-27 03:00:00,476.65,3,Rainy,High,Completed
O00067,C00405,R0096,2025-02-23 14:00:00,154.79,4,Clear,Medium,Completed
O00068,C01518,R0038,2025-02-23 22:00:00,1830.45,3,Clear,Medium,Completed
O00069,C00658,R0030,2025-01-22 04:00:00,1792.53,6,Rainy,Low,Completed
O00070,C00159,R0058,2025-01-22 03:00:00,515.12,5,Rainy,Medium,Completed
O00071,C00956,R0032,2025-01-26 16:00:00,1582.39,3,Clear,Low,Completed
O00072,C01661,R0066,2025-01-18 11:00:00,191.16,3,Cloudy,High,Completed
O00073,C01134,R0051,2025-02-15 15:00:00,641.61,4,Rainy,Medium,Completed
O00074,C00549,R0011,2025-01-04 01:00:00,1284.97,1,Rainy,Medium,Cancelled
O00075,C01813,R0059,2025-03-11 22:00:00,1550.04,1,Rainy,Low,Completed
O00076,C01550,R0020,2025-01-07 01:00:00,119.76,5,Clear,Medium,Completed
O00077,C00985,R0037,2025-03-29 05:00:00,719.8,2,Rainy,High,Completed
O00078,C01371,R0073,2025-03-15 12:00:00,507.26,2,Clear,Low,Completed
O00079,C01768,R0049,2025-02-17 04:00:00,1997.68,4,Clear,Low,Completed
O00080,C01852,R0019,2025-01-06 00:00:00,1374.87,6,Clear,Medium,Completed
O00081,C01660,R0055,2025-02-14 10:00:00,870.78,6,Clear,High,Completed
O00082,C00279,R0040,2025-03-23 19:00:00,243.74,3,Cloudy,High,Completed
O00083,C00479,R0007,2025-01-30 09:00:00,1237.47,4,Clear,Medium,Completed
O00084,C00111,R0005,2025-02-21 13:00:00,1319.23,6,Clear,High,Completed
O00085,C01660,R0042,2025-03-22 14:00:00,1651.17,1,Clear,Medium,Completed
O00086,C01949,R0088,2025-03-20 10:00:00,648.3,5,Rainy,Medium,Completed
O00087,C00431,R0048,2025-02-16 21:00:00,1964.71,2,Clear,Low,Completed
O00088,C00542,R0007,2025-01-09 17:00:00,934.98,3,Clear,Medium,Completed
O00089,C01139,R0011,2025-01-31 18:00:00,662.29,2,Cloudy,Medium,Completed
O00090,C01114,R0073,2025-02-13 13:00:00,762.05,1,Rainy,Low,Completed
O00091,C01236,R0049,2025-01-07 14:00:00,1087.21,3,Cloudy,Medium,Completed
O00092,C01574,R0030,2025-01-31 20:00:00,1879.73,1,Rainy,Medium,Completed
O00093,C01619,R0041,2025-03-23 09:00:00,1496.8,2,Clear,High,Completed
O00094,C01563,R0003,2025-03-01 07:00:00,1196.51,2,Clear,High,Completed
O00095,C01753,R0086,2025-01-30 02:00:00,409.34,1,Rainy,Medium,Completed
O00096,C00360,R0040,2025-03-20 01:00:00,383.77,3,Cloudy,Low,Completed
O00097,C01510,R0051,2025-01-06 20:00:00,1054.17,1,Clear,Medium,Completed
O00098,C00372,R0084,2025-01-10 23:00:00,1484.55,3,Clear,Low,Completed
O00099,C01239,R0032,2025-01-13 03:00:00,1526.92,4,Rainy,Medium,Completed
O00100,C01757,R0048,2025-01-04 09:00:00,529.24,4,Rainy,Medium,Completed
O00101,C01039,R0071,2025-03-16 21:00:00,290.19,3,Clear,Low,Completed
O00102,C00955,R0071,2025-02-10 16:00:00,830.48,1,Clear,Medium,Completed
O00103,C00259,R0020,2025-01-25 03:00:00,1844.53,3,Rainy,Low,Completed
O00104,C00778,R0089,2025-03-16 23:00:00,1136.2,2,Clear,High,Completed
O00105,C01487,R0035,2025-03-02 21:00:00,708.19,1,Clear,High,Completed
O00106,C00120,R0024,2025-01-14 09:00:00,714.91,6,Clear,High,Completed
O00107,C00976,R0040,2025-01-30 17:00:00,350.97,3,Clear,Medium,Completed
O00108,C00913,R0077,2025-03-30 19:00:00,999.13,2,Rainy,Medium,Completed
O00109,C01152,R0052,2025-03-20 18:00:00,1603.59,5,Cloudy,Medium,Completed
O00110,C00723,R0039,2025-02-23 07:00:00,1940.26,2,Clear,Medium,Completed
O00111,C00523,R0068,2025-03-11 22:00:00,1053.03,6,Clear,Low,Completed
O00112,C01712,R0061,2025-02-08 05:00:00,417.71,3,Rainy,High,Cancelled
O00113,C01669,R0076,2025-03-17 06:00:00,1397.61,1,Clear,Medium,Cancelled
O00114,C00325,R0081,2025-03-28 05:00:00,1537.9,1,Cloudy,Low,Completed
O00115,C01344,R0065,2025-01-24 07:00:00,236.23,4,Clear,High,Completed
O00116,C01530,R0062,2025-01-27 04:00:00,1715.26,6,Clear,Medium,Completed
O00117,C01550,R0081,2025-02-26 08:00:00,1675.71,3,Clear,High,Cancelled
O00118,C01074,R0002,2025-03-21 15:00:00,997.83,2,Cloudy,Medium,Completed
O00119,C01946,R0006,2025-03-17 08:00:00,1164.8,2,Rainy,Low,Completed
O00120,C01608,R0075,2025-03-20 23:00:00,1455.48,6,Clear,Medium,Completed
O00121,C00069,R0043,2025-02-11 22:00:00,1385.82,3,Clear,Medium,Completed
O00122,C00391,R0082,2025-01-03 00:00:00,131.42,2,Clear,High,Completed
O00123,C00383,R0040,2025-03-19 02:00:00,332.63,5,Clear,Medium,Completed
O00124,C00016,R0089,2025-03-22 09:00:00,408.92,6,Rainy,Medium,Completed
O00125,C01463,R0039,2025-03-28 13:00:00,1535.78,4,Clear,High,Completed
O00126,C00846,R0028,2025-03-30 20:00:00,936.16,1,Clear,High,Completed
O00127,C00869,R0080,2025-03-05 13:00:00,1136.45,2,Cloudy,Low,Completed
O00128,C00568,R0063,2025-03-07 09:00:00,1568.11,5,Clear,Medium,Completed
O00129,C01641,R0064,2025-01-14 16:00:00,747.87,3,Rainy,Low,Completed
O00130,C00132,R0012,2025-01-19 01:00:00,1522.89,2,Cloudy,Low,Completed
O00131,C01584,R0041,2025-01-25 11:00:00,940.37,6,Clear,High,Completed
O00132,C01272,R0029,2025-03-13 06:00:00,816.64,3,Clear,High,Completed
O00133,C00273,R0023,2025-03-20 04:00:00,732.77,5,Cloudy,Medium,Completed
O00134,C01647,R0085,2025-02-23 00:00:00,1933.4,5,Rainy,High,Completed
O00135,C01956,R0080,2025-03-20 03:00:00,1566.75,1,Rainy,Low,Completed
O00136,C01862,R0051,2025-03-27 05:00:00,138.37,3,Clear,Medium,Completed
O00137,C01872,R0045,2025-03-08 14:00:00,1919.09,4,Clear,Low,Completed
O00138,C01373,R0090,2025-01-22 07:00:00,1573.34,1,Cloudy,High,Completed
O00139,C00484,R0022,2025-02-28 16:00:00,383.43,3,Clear,High,Completed
O00140,C00550,R0010,2025-02-28 19:00:00,245.04,3,Clear,Medium,Completed
O00141,C00357,R0007,2025-03-18 14:00:00,685.57,5,Rainy,High,Completed
O00142,C01776,R0073,2025-02-12 03:00:00,1285.94,6,Cloudy,High,Completed
O00143,C01342,R0089,2025-03-03 08:00:00,1271.44,5,Cloudy,Low,Completed
O00144,C01657,R0015,2025-01-24 11:00:00,624.12,3,Clear,Medium,Completed
O00145,C01072,R0077,2025-01-13 14:00:00,946.78,6,Clear,Low,Completed
O00146,C01034,R0046,2025-02-25 09:00:00,502.59,6,Cloudy,Medium,Completed
O00147,C00233,R0090,2025-03-29 01:00:00,196.1,5,Cloudy,Medium,Completed
O00148,C00036,R0085,2025-03-26 07:00:00,1082.24,3,Rainy,Medium,Completed
O00149,C00413,R0087,2025-03-28 16:00:00,759.28,3,Cloudy,High,Completed
O00150,C01486,R0061,2025-01-18 03:00:00,1131.48,6,Clear,Medium,Completed
O00151,C01028,R0092,2025-03-10 17:00:00,1898.36,1,Cloudy,High,Completed
O00152,C00044,R0061,2025-01-22 03:00:00,372.4,1,Clear,Medium,Completed
O00153,C00568,R0051,2025-01-03 07:00:00,103.73,4,Cloudy,Low,Completed
O00154,C01578,R0038,2025-03-14 19:00:00,246.07,1,Rainy,Medium,Completed
O00155,C01279,R0012,2025-01-09 03:00:00,979.15,2,Cloudy,Medium,Completed
O00156,C00740,R0088,2025-03-16 14:00:00,1443.17,2,Clear,Low,Completed
O00157,C00114,R0077,2025-03-12 00:00:00,1203.45,5,Cloudy,Low,Completed
O00158,C01773,R0066,2025-02-16 02:00:00,1040.3,6,Cloudy,Medium,Completed
O00159,C00397,R0054,2025-01-23 10:00:00,772.53,2,Clear,High,Completed
O00160,C01198,R0039,2025-01-29 16:00:00,688.95,1,Rainy,Medium,Completed
O00161,C01279,R0076,2025-01-30 22:00:00,814.94,6,Clear,Low,Completed
O00162,C00466,R0039,2025-01-13 17:00:00,1262.11,4,Clear,Medium,Completed
O00163,C01953,R0078,2025-02-25 14:00:00,418.73,3,Rainy,High,Cancelled
O00164,C01301,R0030,2025-01-17 03:00:00,1565.59,4,Cloudy,Medium,Completed
O00165,C01488,R0048,2025-01-31 04:00:00,1192.98,1,Rainy,Low,Completed
O00166,C00847,R0083,2025-03-26 23:00:00,611.4,1,Clear,Medium,Completed
O00167,C00502,R0031,2025-03-20 17:00:00,1052.19,1,Clear,High,Completed
O00168,C00441,R0025,2025-02-08 02:00:00,1929.28,5,Clear,Medium,Completed
O00169,C00069,R0068,2025-01-08 10:00:00,138.93,2,Rainy,Medium,Completed
O00170,C01533,R0051,2025-03-21 07:00:00,479.09,1,Rainy,Low,Completed
O00171,C00326,R0013,2025-03-13 00:00:00,951.92,3,Clear,Low,Completed
O00172,C01766,R0100,2025-01-04 07:00:00,1313.04,2,Clear,Low,Completed
O00173,C00067,R0063,2025-01-19 14:00:00,503.23,2,Clear,Low,Completed
O00174,C00304,R0042,2025-02-01 21:00:00,1869.67,5,Cloudy,Low,Cancelled
O00175,C00972,R0054,2025-02-15 08:00:00,1320.89,4,Clear,Medium,Completed
O00176,C00484,R0067,2025-02-28 03:00:00,1767.12,6,Clear,Medium,Completed
O00177,C00929,R0080,2025-01-24 17:00:00,725.7,2,Clear,Medium,Completed
O00178,C01572,R0090,2025-01-04 23:00:00,1675.01,2,Cloudy,Medium,Completed
O00179,C01441,R0056,2025-03-06 20:00:00,818.62,1,Clear,High,Completed
O00180,C01183,R0019,2025-02-23 11:00:00,580.23,3,Cloudy,Low,Completed
O00181,C00149,R0046,2025-01-11 07:00:00,1832.15,1,Clear,Low,Completed
O00182,C01051,R0015,2025-03-29 05:00:00,275.22,3,Clear,Low,Completed
O00183,C00987,R0032,2025-02-10 21:00:00,1891.49,2,Clear,High,Completed
O00184,C00584,R0049,2025-01-12 03:00:00,971.18,3,Clear,Low,Completed
O00185,C00248,R0021,2025-03-11 07:00:00,1985.99,1,Clear,Low,Completed
O00186,C01125,R0065,2025-03-07 05:00:00,1125.23,1,Clear,Low,Completed
O00187,C00702,R0070,2025-01-31 15:00:00,1539.23,4,Clear,Medium,Completed
O00188,C00096,R0027,2025-03-30 06:00:00,113.43,5,Rainy,Medium,Completed
O00189,C01408,R0023,2025-01-19 16:00:00,1043.67,4,Clear,High,Completed
O00190,C00282,R0047,2025-03-22 13:00:00,1501.16,2,Cloudy,High,Completed
O00191,C00322,R0095,2025-03-18 11:00:00,1587.37,3,Clear,Low,Completed
O00192,C01420,R0012,2025-01-26 19:00:00,400.29,1,Rainy,Medium,Completed
O00193,C01302,R0085,2025-01-26 13:00:00,896.04,1,Rainy,Medium,Completed
O00194,C00529,R0066,2025-03-01 17:00:00,896.24,1,Rainy,Low,Completed
O00195,C00263,R0005,2025-03-05 20:00:00,296.92,6,Cloudy,Medium,Completed
O00196,C01643,R0009,2025-02-06 12:00:00,941.79,1,Clear,Medium,Completed
O00197,C00580,R0020,2025-02-17 05:00:00,1633.48,6,Clear,Low,Completed
O00198,C01664,R0082,2025-02-02 06:00:00,670.34,2,Clear,Low,Completed
O00199,C01317,R0063,2025-01-28 23:00:00,921.89,5,Clear,Low,Completed
O00200,C00294,R0086,2025-03-09 22:00:00,1925.82,4,Clear,High,Completed
O00201,C01632,R0072,2025-03-27 07:00:00,160.25,6,Rainy,Medium,Completed
O00202,C00395,R0098,2025-01-16 00:00:00,1223.89,4,Clear,Medium,Completed
O00203,C00513,R0073,2025-02-03 05:00:00,1512.53,6,Clear,Low,Completed
O00204,C00921,R0071,2025-03-16 07:00:00,1545.68,1,Cloudy,Low,Completed
O00205,C00810,R0030,2025-01-03 18:00:00,1460.28,1,Clear,Low,Completed
O00206,C01204,R0082,2025-03-07 21:00:00,1480.26,3,Clear,Low,Completed
O00207,C00920,R0091,2025-03-29 02:00:00,212.12,1,Clear,High,Completed
O00208,C00693,R0016,2025-03-24 06:00:00,1114.86,4,Rainy,High,Completed
O00209,C00235,R0085,2025-03-18 12:00:00,1587.64,3,Rainy,Medium,Completed
O00210,C00952,R0005,2025-01-10 17:00:00,278.72,3,Clear,High,Completed
O00211,C01855,R0029,2025-02-20 22:00:00,122.89,1,Rainy,Medium,Completed
O00212,C01361,R0047,2025-02-13 23:00:00,1647.67,3,Rainy,Medium,Completed
O00213,C01032,R0022,2025-02-10 12:00:00,1453.36,5,Clear,Medium,Completed
O00214,C01467,R0078,2025-03-19 05:00:00,883.19,1,Clear,High,Completed
O00215,C01965,R0057,2025-01-20 02:00:00,1886.75,5,Rainy,High,Completed
O00216,C00539,R0083,2025-02-18 17:00:00,1556.54,1,Clear,Medium,Completed
O00217,C00820,R0035,2025-02-27 12:00:00,1938.94,6,Cloudy,High,Completed
O00218,C01682,R0088,2025-01-01 05:00:00,1865.7,5,Cloudy,Medium,Completed
O00219,C01115,R0060,2025-01-21 13:00:00,1014.46,1,Clear,High,Completed
O00220,C01878,R0070,2025-03-30 06:00:00,1533.95,4,Cloudy,Medium,Completed
O00221,C00272,R0060,2025-02-09 02:00:00,1371.46,6,Cloudy,High,Completed
O00222,C01858,R0058,2025-02-26 19:00:00,1641.75,6,Clear,Medium,Completed
O00223,C01029,R0003,2025-02-14 00:00:00,1596.61,6,Cloudy,Medium,Completed
O00224,C01618,R0034,2025-01-06 22:00:00,391.14,1,Clear,Low,Cancelled
O00225,C01923,R0045,2025-01-31 15:00:00,544.1,4,Rainy,Low,Completed
O00226,C01243,R0050,2025-03-12 23:00:00,604.89,2,Clear,Medium,Completed
O00227,C01142,R0002,2025-03-20 12:00:00,1655.15,6,Cloudy,Medium,Cancelled
O00228,C00593,R0015,2025-03-22 04:00:00,1640.41,2,Cloudy,High,Completed
O00229,C00976,R0037,2025-03-20 18:00:00,1041.14,1,Clear,Low,Completed
O00230,C01606,R0015,2025-02-09 05:00:00,1203.58,6,Clear,High,Completed
O00231,C00115,R0060,2025-03-09 07:00:00,1671.15,4,Clear,Medium,Completed
O00232,C00263,R0096,2025-03-21 19:00:00,693.93,4,Cloudy,Low,Completed
O00233,C01330,R0085,2025-03-24 00:00:00,195.34,6,Clear,Medium,Completed
O00234,C01678,R0064,2025-01-03 06:00:00,1016.93,3,Cloudy,Medium,Completed
O00235,C01446,R0081,2025-03-03 07:00:00,1836.06,3,Clear,Low,Completed
O00236,C00207,R0098,2025-02-14 02:00:00,1601.89,6,Clear,High,Completed
O00237,C01647,R0096,2025-02-11 22:00:00,796.57,5,Clear,High,Completed
O00238,C00303,R0052,2025-02-20 20:00:00,223.07,3,Clear,Low,Completed
O00239,C00112,R0023,2025-01-24 13:00:00,1310.15,1,Cloudy,Low,Completed
O00240,C01441,R0099,2025-02-02 02:00:00,1685.53,3,Clear,Medium,Completed
O00241,C01579,R0037,2025-03-16 21:00:00,1363.4,3,Cloudy,High,Completed
O00242,C01883,R0041,2025-03-20 06:00:00,907.64,1,Cloudy,Medium,Completed
O00243,C01309,R0057,2025-02-06 13:00:00,334.37,1,Clear,Medium,Completed
O00244,C01664,R0097,2025-01-22 09:00:00,1830.47,5,Clear,High,Completed
O00245,C00185,R0025,2025-03-09 09:00:00,624.32,4,Clear,High,Completed
O00246,C01765,R0037,2025-01-18 13:00:00,526.15,3,Cloudy,Medium,Completed
O00247,C00901,R0040,2025-03-24 07:00:00,1650.36,6,Rainy,Medium,Completed
O00248,C00221,R0085,2025-01-22 12:00:00,1964.32,6,Clear,Low,Cancelled
O00249,C01888,R0046,2025-03-26 16:00:00,1354.3,2,Clear,High,Completed
O00250,C01468,R0060,2025-01-30 08:00:00,1287.14,4,Cloudy,Medium,Completed
O00251,C01141,R0098,2025-03-11 17:00:00,706.92,1,Clear,Medium,Completed
O00252,C01094,R0019,2025-03-29 03:00:00,138.79,6,Clear,Medium,Completed
O00253,C00898,R0091,2025-02-05 17:00:00,464.42,3,Cloudy,Low,Completed
O00254,C01094,R0009,2025-01-10 02:00:00,1210.42,5,Clear,Low,Completed
O00255,C00622,R0069,2025-01-24 15:00:00,387.5,2,Cloudy,Medium,Completed
O00256,C00427,R0005,2025-03-16 01:00:00,1779.29,4,Cloudy,High,Completed
O00257,C00644,R0089,2025-01-11 17:00:00,457.47,3,Clear,High,Completed
O00258,C00568,R0026,2025-03-06 00:00:00,1092.0,1,Clear,Medium,Completed
O00259,C00443,R0019,2025-02-10 00:00:00,1072.83,4,Cloudy,Low,Cancelled
O00260,C00601,R0030,2025-02-28 08:00:00,1247.5,2,Clear,High,Completed
O00261,C01161,R0100,2025-02-07 04:00:00,722.12,1,Clear,Medium,Completed
O00262,C00504,R0048,2025-02-10 11:00:00,1759.71,2,Cloudy,Low,Completed
O00263,C00131,R0016,2025-01-05 06:00:00,944.17,3,Cloudy,Low,Completed
O00264,C00218,R0071,2025-02-16 03:00:00,1430.29,4,Clear,High,Completed
O00265,C00688,R0018,2025-03-23 11:00:00,1308.23,5,Clear,High,Completed
O00266,C00171,R0056,2025-02-13 17:00:00,322.6,3,Clear,Low,Completed
O00267,C01499,R0021,2025-03-15 06:00:00,1283.01,6,Clear,Low,Completed
O00268,C00612,R0031,2025-03-02 05:00:00,1146.34,3,Rainy,High,Completed
O00269,C00992,R0001,2025-03-11 21:00:00,1807.35,5,Cloudy,Low,Completed
O00270,C01153,R0003,2025-02-25 01:00:00,1773.67,5,Clear,Medium,Completed
O00271,C00057,R0095,2025-02-14 22:00:00,386.81,6,Clear,Medium,Completed
O00272,C01205,R0025,2025-01-03 07:00:00,255.2,6,Rainy,Low,Completed
O00273,C00246,R0008,2025-02-12 06:00:00,659.73,1,Clear,Medium,Completed
O00274,C00144,R0065,2025-02-04 14:00:00,1974.56,2,Cloudy,High,Completed
O00275,C01075,R0062,2025-02-08 07:00:00,140.99,3,Clear,Medium,Completed
O00276,C00368,R0007,2025-01-20 00:00:00,1378.5,1,Clear,Medium,Completed
O00277,C01483,R0007,2025-01-06 11:00:00,1256.18,6,Clear,High,Completed
O00278,C00218,R0008,2025-01-21 12:00:00,1328.5,1,Clear,High,Completed
O00279,C00616,R0019,2025-03-07 17:00:00,514.74,3,Clear,Low,Completed
O00280,C01919,R0017,2025-03-20 15:00:00,530.76,2,Rainy,Medium,Completed
O00281,C01591,R0011,2025-01-25 05:00:00,918.22,5,Clear,Medium,Completed
O00282,C01281,R0049,2025-02-03 03:00:00,282.13,3,Clear,Medium,Completed
O00283,C01882,R0011,2025-03-20 11:00:00,241.77,2,Clear,Medium,Completed
O00284,C01180,R0041,2025-02-20 02:00:00,267.88,5,Clear,Medium,Completed
O00285,C01589,R0062,2025-03-23 04:00:00,1188.66,4,Clear,Medium,Cancelled
O00286,C00442,R0052,2025-02-03 17:00:00,855.71,3,Rainy,Low,Completed
O00287,C00841,R0066,2025-02-02 04:00:00,657.87,6,Cloudy,Low,Completed
O00288,C00956,R0068,2025-02-16 20:00:00,700.06,3,Cloudy,Medium,Completed
O00289,C00699,R0092,2025-01-24 20:00:00,493.84,6,Clear,High,Completed
O00290,C00876,R0097,2025-02-20 06:00:00,881.86,2,Clear,Medium,Completed
O00291,C01686,R0075,2025-02-03 16:00:00,485.81,1,Clear,Low,Completed
O00292,C00776,R0067,2025-02-06 14:00:00,1426.29,1,Rainy,Medium,Completed
O00293,C00762,R0040,2025-03-14 13:00:00,335.47,2,Clear,Medium,Completed
O00294,C00945,R0005,2025-02-04 13:00:00,1901.66,3,Rainy,High,Completed
O00295,C01834,R0085,2025-03-13 11:00:00,270.66,3,Clear,High,Completed
O00296,C00923,R0022,2025-02-17 21:00:00,1892.58,6,Rainy,Medium,Completed
O00297,C00935,R0037,2025-03-07 09:00:00,1683.26,3,Clear,Low,Completed
O00298,C01747,R0011,2025-01-29 04:00:00,1393.35,4,Clear,High,Completed
O00299,C00025,R0044,2025-02-09 08:00:00,1833.37,6,Clear,High,Completed
O00300,C00806,R0086,2025-03-18 09:00:00,364.52,1,Clear,High,Completed
O00301,C01877,R0053,2025-02-03 08:00:00,435.0,4,Clear,Low,Completed
O00302,C01688,R0077,2025-02-17 13:00:00,579.09,3,Clear,Medium,Completed
O00303,C01560,R0061,2025-02-16 11:00:00,565.14,1,Clear,Low,Completed
O00304,C00764,R0067,2025-03-10 03:00:00,690.61,6,Clear,Low,Completed
O00305,C01084,R0013,2025-03-26 15:00:00,1193.7,3,Clear,Low,Completed
O00306,C01491,R0092,2025-03-04 20:00:00,153.53,6,Rainy,High,Completed
O00307,C00434,R0011,2025-02-16 06:00:00,826.32,3,Clear,Low,Completed
O00308,C00879,R0011,2025-01-10 17:00:00,568.13,2,Rainy,Medium,Cancelled
O00309,C01090,R0085,2025-02-08 00:00:00,1252.6,1,Rainy,High,Completed
O00310,C00910,R0085,2025-02-17 19:00:00,1971.82,3,Cloudy,Low,Completed
O00311,C00565,R0007,2025-02-21 02:00:00,1083.54,5,Clear,High,Completed
O00312,C01952,R0017,2025-02-13 23:00:00,908.8,5,Clear,Medium,Cancelled
O00313,C00106,R0048,2025-03-07 14:00:00,799.66,6,Cloudy,Medium,Completed
O00314,C00096,R0014,2025-01-04 21:00:00,1591.4,3,Clear,Medium,Completed
O00315,C01712,R0063,2025-03-06 09:00:00,236.76,2,Cloudy,Low,Completed
O00316,C01575,R0064,2025-03-14 22:00:00,1923.56,6,Rainy,Low,Completed
O00317,C00168,R0097,2025-01-03 09:00:00,894.04,3,Rainy,Medium,Completed
O00318,C00042,R0075,2025-02-13 10:00:00,696.03,5,Clear,Medium,Completed
O00319,C01903,R0077,2025-01-15 20:00:00,1950.73,1,Rainy,Low,Completed
O00320,C00104,R0065,2025-02-18 07:00:00,1878.17,2,Clear,Medium,Completed
O00321,C01869,R0034,2025-01-13 07:00:00,1319.67,3,Rainy,Medium,Completed
O00322,C01228,R0009,2025-01-22 20:00:00,135.16,5,Clear,Medium,Completed
O00323,C00520,R0077,2025-02-16 20:00:00,1522.22,1,Clear,Medium,Cancelled
O00324,C01999,R0037,2025-03-09 09:00:00,737.56,5,Clear,Medium,Cancelled
O00325,C00282,R0030,2025-03-09 15:00:00,837.73,6,Clear,Medium,Completed
O00326,C01932,R0041,2025-02-17 00:00:00,401.61,2,Clear,Medium,Completed
O00327,C01067,R0045,2025-03-11 09:00:00,1094.57,6,Rainy,Medium,Cancelled
O00328,C00947,R0047,2025-03-06 13:00:00,1514.65,4,Clear,High,Completed
O00329,C01134,R0007,2025-01-17 16:00:00,618.72,3,Clear,Medium,Completed
O00330,C01234,R0014,2025-03-08 11:00:00,1883.59,6,Clear,Medium,Completed
O00331,C00749,R0048,2025-03-24 21:00:00,470.0,1,Clear,Medium,Completed
O00332,C01892,R0006,2025-01-23 00:00:00,225.9,2,Clear,Low,Completed
O00333,C00831,R0034,2025-01-03 15:00:00,1324.29,2,Rainy,Medium,Cancelled
O00334,C00049,R0080,2025-01-05 05:00:00,1713.71,4,Clear,High,Completed
O00335,C00115,R0100,2025-02-19 04:00:00,1910.95,4,Cloudy,Medium,Completed
O00336,C01179,R0046,2025-03-17 18:00:00,1557.62,3,Clear,Low,Completed
O00337,C01673,R0059,2025-02-28 21:00:00,479.34,6,Cloudy,Medium,Completed
O00338,C00503,R0070,2025-01-17 14:00:00,1957.56,3,Clear,Low,Cancelled
O00339,C01703,R0008,2025-01-17 20:00:00,1846.93,6,Cloudy,Medium,Completed
O00340,C01857,R0024,2025-03-28 18:00:00,410.02,6,Cloudy,Low,Completed
O00341,C01735,R0067,2025-01-16 16:00:00,1161.69,2,Clear,Medium,Completed
O00342,C00986,R0004,2025-01-10 03:00:00,1155.48,6,Clear,High,Completed
O00343,C00071,R0096,2025-03-22 01:00:00,940.82,3,Clear,High,Completed
O00344,C01012,R0001,2025-03-06 04:00:00,1970.13,3,Rainy,Medium,Completed
O00345,C01543,R0034,2025-03-08 22:00:00,213.28,4,Clear,High,Cancelled
O00346,C01736,R0009,2025-02-01 08:00:00,1291.7,2,Cloudy,High,Cancelled
O00347,C01360,R0063,2025-03-20 14:00:00,490.08,5,Clear,Medium,Completed
O00348,C00067,R0076,2025-01-29 07:00:00,1101.93,5,Cloudy,High,Completed
O00349,C01517,R0010,2025-02-01 03:00:00,1581.51,1,Clear,Low,Completed
O00350,C01674,R0010,2025-02-25 01:00:00,568.78,4,Cloudy,High,Completed
O00351,C01778,R0050,2025-03-15 14:00:00,847.38,1,Cloudy,High,Completed
O00352,C00967,R0044,2025-01-03 06:00:00,1906.46,2,Cloudy,Low,Completed
O00353,C01237,R0048,2025-01-29 21:00:00,1546.81,5,Cloudy,Medium,Completed
O00354,C00181,R0087,2025-01-23 05:00:00,1188.17,5,Cloudy,Medium,Completed
O00355,C01790,R0006,2025-03-17 18:00:00,521.8,5,Rainy,Low,Completed
O00356,C00613,R0088,2025-01-05 08:00:00,908.08,1,Clear,Medium,Completed
O00357,C01887,R0024,2025-02-07 22:00:00,1570.72,3,Clear,Medium,Completed
O00358,C01623,R0085,2025-01-19 17:00:00,1659.03,1,Cloudy,Low,Completed
O00359,C00697,R0095,2025-03-03 04:00:00,564.75,5,Clear,Medium,Completed
O00360,C00603,R0058,2025-02-28 23:00:00,1357.91,4,Cloudy,Medium,Completed
O00361,C00248,R0064,2025-02-03 19:00:00,280.51,4,Clear,Low,Completed
O00362,C01238,R0094,2025-01-17 05:00:00,144.1,6,Clear,Low,Completed
O00363,C00359,R0056,2025-02-21 11:00:00,1142.48,1,Clear,High,Completed
O00364,C00249,R0098,2025-03-13 04:00:00,526.32,6,Clear,Medium,Completed
O00365,C00638,R0082,2025-03-14 16:00:00,249.93,6,Clear,Medium,Completed
O00366,C01947,R0012,2025-02-17 17:00:00,1486.67,1,Clear,Low,Completed
O00367,C00950,R0035,2025-03-03 11:00:00,1046.15,6,Cloudy,Medium,Completed
O00368,C01905,R0071,2025-03-19 07:00:00,1612.93,2,Cloudy,Medium,Cancelled
O00369,C01540,R0089,2025-03-14 21:00:00,1361.49,1,Clear,Medium,Completed
O00370,C01112,R0006,2025-03-07 23:00:00,1486.63,6,Clear,Medium,Completed
O00371,C00663,R0065,2025-02-24 23:00:00,683.99,6,Cloudy,High,Completed
O00372,C00176,R0080,2025-02-05 02:00:00,600.22,1,Cloudy,Medium,Completed
O00373,C00723,R0060,2025-03-08 20:00:00,1241.66,5,Cloudy,Medium,Completed
O00374,C00426,R0068,2025-02-24 09:00:00,480.16,6,Cloudy,Medium,Completed
O00375,C01795,R0029,2025-02-09 15:00:00,1649.28,3,Clear,Low,Completed
O00376,C01627,R0038,2025-01-23 23:00:00,1093.55,5,Clear,Low,Cancelled
O00377,C00771,R0092,2025-03-25 12:00:00,531.28,3,Rainy,High,Completed
O00378,C01948,R0022,2025-02-16 15:00:00,1287.82,5,Clear,High,Completed
O00379,C00703,R0008,2025-03-26 05:00:00,1895.57,5,Clear,Medium,Completed
O00380,C00081,R0063,2025-02-15 16:00:00,255.98,2,Rainy,High,Completed
O00381,C00927,R0096,2025-03-18 12:00:00,307.76,6,Clear,High,Completed
O00382,C00138,R0097,2025-03-17 08:00:00,1703.29,3,Clear,High,Completed
O00383,C01457,R0013,2025-03-13 00:00:00,308.23,5,Clear,High,Completed
O00384,C00470,R0027,2025-02-16 20:00:00,174.81,5,Rainy,High,Completed
O00385,C00350,R0018,2025-02-27 14:00:00,761.07,3,Cloudy,High,Completed
O00386,C01150,R0018,2025-03-15 18:00:00,986.74,2,Clear,Medium,Completed
O00387,C01905,R0077,2025-03-10 09:00:00,1181.94,3,Cloudy,Medium,Completed
O00388,C01941,R0086,2025-01-02 10:00:00,1063.87,2,Clear,Medium,Completed
O00389,C01892,R0062,2025-02-07 15:00:00,1835.05,2,Clear,High,Completed
O00390,C01333,R0014,2025-01-17 11:00:00,1560.47,4,Rainy,High,Completed
O00391,C01879,R0011,2025-01-09 14:00:00,1969.24,2,Cloudy,Low,Completed
O00392,C01254,R0086,2025-03-16 04:00:00,1005.27,4,Cloudy,Medium,Completed
O00393,C01484,R0100,2025-03-09 20:00:00,260.23,6,Rainy,Low,Cancelled
O00394,C01369,R0017,2025-02-25 09:00:00,1915.51,1,Cloudy,Low,Completed
O00395,C00310,R0051,2025-03-10 17:00:00,107.82,2,Clear,Medium,Completed
O00396,C01977,R0096,2025-03-06 23:00:00,1574.58,3,Clear,Medium,Completed
O00397,C01044,R0014,2025-02-03 12:00:00,159.44,4,Clear,Medium,Cancelled
O00398,C01905,R0057,2025-01-11 11:00:00,1546.31,1,Clear,Medium,Completed
O00399,C01585,R0093,2025-02-23 18:00:00,1882.08,6,Cloudy,Low,Completed
O00400,C01002,R0006,2025-01-09 16:00:00,839.59,1,Cloudy,Medium,Completed
O00401,C01671,R0057,2025-02-09 18:00:00,557.83,2,Cloudy,Medium,Completed
O00402,C01565,R0004,2025-03-26 11:00:00,529.93,3,Cloudy,Medium,Completed
O00403,C01584,R0011,2025-02-04 18:00:00,1034.26,2,Clear,Medium,Cancelled
O00404,C01501,R0074,2025-02-09 19:00:00,424.69,5,Rainy,Low,Completed
O00405,C00269,R0092,2025-01-22 09:00:00,1378.55,1,Cloudy,Medium,Completed
O00406,C01027,R0011,2025-01-25 03:00:00,799.87,5,Cloudy,High,Completed
O00407,C00770,R0099,2025-03-22 17:00:00,713.91,5,Clear,Medium,Completed
O00408,C00016,R0079,2025-02-18 19:00:00,976.44,4,Cloudy,Medium,Completed
O00409,C00606,R0008,2025-03-25 05:00:00,1130.92,5,Cloudy,Low,Completed
O00410,C01382,R0084,2025-03-11 09:00:00,369.67,1,Cloudy,High,Completed
O00411,C01670,R0059,2025-03-30 18:00:00,1444.75,1,Clear,High,Completed
O00412,C00813,R0021,2025-03-10 10:00:00,1777.6,3,Cloudy,Low,Completed
O00413,C01863,R0065,2025-02-20 11:00:00,628.18,2,Clear,Low,Completed
O00414,C01157,R0093,2025-01-26 16:00:00,442.74,3,Rainy,Low,Completed
O00415,C01336,R0024,2025-03-04 09:00:00,1544.96,3,Clear,Low,Completed
O00416,C01991,R0030,2025-01-22 02:00:00,448.73,2,Clear,Medium,Completed
O00417,C00482,R0099,2025-02-23 22:00:00,178.38,1,Clear,Medium,Completed
O00418,C00895,R0097,2025-01-26 21:00:00,1276.56,4,Clear,High,Completed
O00419,C01568,R0084,2025-03-23 07:00:00,555.53,5,Clear,Medium,Cancelled
O00420,C01329,R0057,2025-03-02 19:00:00,426.44,4,Rainy,High,Completed
O00421,C00269,R0080,2025-01-13 04:00:00,1965.05,5,Clear,Low,Completed
O00422,C00414,R0073,2025-01-28 06:00:00,654.54,2,Cloudy,Medium,Completed
O00423,C00025,R0095,2025-03-29 19:00:00,1816.54,2,Clear,Medium,Completed
O00424,C00316,R0017,2025-03-09 13:00:00,438.62,3,Clear,High,Cancelled
O00425,C00571,R0059,2025-02-02 16:00:00,1656.06,6,Cloudy,Medium,Completed
O00426,C00725,R0031,2025-02-01 22:00:00,1053.84,6,Clear,Low,Completed
O00427,C01692,R0064,2025-01-22 14:00:00,249.33,2,Clear,High,Completed
O00428,C01008,R0048,2025-03-30 18:00:00,1493.85,5,Clear,High,Completed
O00429,C01850,R0023,2025-01-02 03:00:00,1794.94,6,Cloudy,Medium,Completed
O00430,C01300,R0070,2025-01-12 01:00:00,409.73,4,Clear,High,Completed
O00431,C01954,R0030,2025-02-24 10:00:00,1478.62,4,Rainy,High,Completed
O00432,C00389,R0055,2025-02-10 19:00:00,945.6,4,Clear,High,Completed
O00433,C00722,R0007,2025-03-13 19:00:00,1532.35,6,Rainy,Medium,Completed
O00434,C00444,R0075,2025-02-03 18:00:00,1456.46,4,Clear,Medium,Completed
O00435,C00999,R0098,2025-01-25 04:00:00,150.54,3,Clear,Low,Completed
O00436,C01451,R0012,2025-03-19 13:00:00,439.57,6,Clear,Low,Completed
O00437,C01081,R0060,2025-01-26 10:00:00,994.95,4,Clear,High,Completed
O00438,C00697,R0052,2025-01-09 00:00:00,1873.83,5,Rainy,High,Completed
O00439,C00971,R0027,2025-01-19 18:00:00,749.94,3,Cloudy,Low,Completed
O00440,C01590,R0012,2025-02-20 05:00:00,1294.86,3,Clear,Medium,Completed
O00441,C00721,R0013,2025-02-08 19:00:00,122.96,6,Cloudy,Medium,Completed
O00442,C00368,R0072,2025-02-26 06:00:00,1451.14,3,Cloudy,Medium,Completed
O00443,C01965,R0080,2025-03-09 20:00:00,1245.83,2,Clear,Medium,Completed
O00444,C00342,R0062,2025-01-09 10:00:00,1459.25,3,Cloudy,Medium,Completed
O00445,C01829,R0029,2025-01-17 17:00:00,1818.86,5,Clear,Low,Completed
O00446,C01876,R0035,2025-03-26 11:00:00,378.35,6,Cloudy,High,Completed
O00447,C00304,R0060,2025-03-11 11:00:00,597.02,6,Clear,Low,Completed
O00448,C00764,R0029,2025-03-11 13:00:00,1991.98,4,Cloudy,Medium,Cancelled
O00449,C01398,R0031,2025-02-07 01:00:00,396.94,2,Cloudy,Medium,Completed
O00450,C01974,R0077,2025-01-08 10:00:00,1469.19,4,Clear,Medium,Completed
O00451,C00816,R0076,2025-03-13 17:00:00,1477.64,1,Rainy,Medium,Completed
O00452,C00112,R0061,2025-03-24 11:00:00,1397.69,2,Rainy,Low,Completed
O00453,C00878,R0002,2025-03-07 09:00:00,532.14,5,Clear,High,Cancelled
O00454,C01030,R0033,2025-02-08 13:00:00,508.75,2,Clear,Medium,Completed
O00455,C00930,R0072,2025-03-01 10:00:00,1366.05,3,Clear,Medium,Completed
O00456,C00703,R0062,2025-03-27 04:00:00,453.88,2,Clear,Medium,Completed
O00457,C00846,R0059,2025-03-01 00:00:00,1356.97,3,Clear,Medium,Completed
O00458,C00944,R0040,2025-01-15 14:00:00,1035.8,4,Clear,Low,Completed
O00459,C00279,R0049,2025-01-08 18:00:00,834.59,2,Cloudy,Medium,Completed
O00460,C00382,R0032,2025-03-01 16:00:00,670.44,2,Clear,Medium,Completed
O00461,C01876,R0038,2025-03-30 06:00:00,1900.4,5,Clear,Medium,Completed
O00462,C00013,R0092,2025-03-23 23:00:00,1065.38,1,Rainy,Low,Completed
O00463,C00303,R0079,2025-01-13 20:00:00,1166.38,2,Clear,Low,Completed
O00464,C01580,R0087,2025-01-18 18:00:00,1903.59,4,Clear,High,Completed
O00465,C01641,R0088,2025-01-23 02:00:00,1342.37,3,Clear,Medium,Completed
O00466,C00160,R0013,2025-01-11 07:00:00,1919.92,4,Clear,Medium,Completed
O00467,C00154,R0085,2025-01-09 23:00:00,302.1,6,Cloudy,Low,Completed
O00468,C00754,R0054,2025-01-30 16:00:00,1708.62,6,Clear,Medium,Completed
O00469,C00181,R0076,2025-01-19 05:00:00,737.29,5,Cloudy,Low,Completed
O00470,C01550,R0013,2025-03-16 16:00:00,1639.93,6,Cloudy,Medium,Cancelled
O00471,C01204,R0039,2025-03-10 09:00:00,1725.71,2,Cloudy,Low,Completed
O00472,C00377,R0023,2025-01-16 22:00:00,615.83,1,Clear,Medium,Completed
O00473,C01828,R0092,2025-02-10 20:00:00,876.78,1,Clear,Low,Completed
O00474,C00776,R0014,2025-02-23 22:00:00,1479.43,2,Clear,Medium,Completed
O00475,C01192,R0017,2025-01-06 00:00:00,288.21,1,Clear,Medium,Completed
O00476,C01238,R0024,2025-01-17 22:00:00,1535.51,4,Clear,Low,Completed
O00477,C01174,R0058,2025-01-11 04:00:00,309.9,3,Clear,Medium,Completed
O00478,C00016,R0063,2025-01-03 17:00:00,1837.47,2,Clear,Low,Completed
O00479,C01115,R0034,2025-01-10 11:00:00,625.04,6,Clear,High,Completed
O00480,C01144,R0051,2025-02-06 17:00:00,1193.64,3,Cloudy,High,Completed
O00481,C01980,R0086,2025-01-30 09:00:00,322.59,1,Cloudy,High,Cancelled
O00482,C00253,R0010,2025-01-28 09:00:00,612.04,5,Clear,High,Completed
O00483,C01084,R0072,2025-03-05 00:00:00,867.51,3,Clear,High,Completed
O00484,C01290,R0021,2025-02-08 17:00:00,1025.39,5,Clear,High,Completed
O00485,C01433,R0037,2025-03-13 23:00:00,100.13,4,Rainy,Low,Completed
O00486,C00031,R0007,2025-02-19 04:00:00,1788.45,5,Clear,Low,Completed
O00487,C01045,R0090,2025-02-09 21:00:00,114.58,3,Clear,High,Completed
O00488,C00731,R0013,2025-02-13 07:00:00,1570.0,3,Rainy,Medium,Completed
O00489,C01617,R0080,2025-02-15 21:00:00,994.1,2,Clear,High,Completed
O00490,C00289,R0030,2025-03-29 11:00:00,1095.37,6,Rainy,High,Completed
O00491,C01567,R0031,2025-01-22 09:00:00,495.7,5,Clear,High,Completed
O00492,C00498,R0005,2025-01-31 23:00:00,1254.0,4,Clear,Medium,Completed
O00493,C01770,R0032,2025-02-28 13:00:00,1120.74,2,Clear,Low,Completed
O00494,C01498,R0016,2025-03-18 08:00:00,412.05,2,Rainy,Medium,Completed
O00495,C01429,R0073,2025-01-23 14:00:00,552.43,4,Clear,Medium,Completed
O00496,C00548,R0022,2025-03-29 10:00:00,227.12,2,Clear,High,Completed
O00497,C00961,R0064,2025-03-13 07:00:00,225.94,4,Rainy,High,Cancelled
O00498,C00132,R0044,2025-03-22 07:00:00,126.17,1,Cloudy,High,Cancelled
O00499,C01348,R0040,2025-01-15 18:00:00,518.9,2,Clear,Medium,Completed
O00500,C00858,R0037,2025-02-21 04:00:00,1391.36,3,Clear,Medium,Completed
O00501,C01156,R0078,2025-03-15 02:00:00,700.81,1,Clear,High,Completed
O00502,C00521,R0016,2025-01-11 07:00:00,751.2,2,Rainy,Medium,Completed
O00503,C00030,R0043,2025-01-23 04:00:00,350.62,4,Cloudy,High,Completed
O00504,C00627,R0084,2025-03-29 00:00:00,1193.39,1,Clear,Low,Completed
O00505,C01325,R0063,2025-02-02 21:00:00,750.07,6,Clear,Medium,Completed
O00506,C00004,R0015,2025-02-24 04:00:00,1385.0,1,Rainy,High,Completed
O00507,C01349,R0044,2025-03-23 03:00:00,1508.77,3,Clear,Low,Completed
O00508,C00509,R0090,2025-02-15 14:00:00,1210.92,2,Cloudy,Medium,Completed
O00509,C01261,R0009,2025-02-26 14:00:00,624.53,2,Clear,Low,Completed
O00510,C01559,R0065,2025-01-13 19:00:00,1066.35,4,Rainy,Medium,Completed
O00511,C00016,R0099,2025-03-02 10:00:00,578.67,1,Clear,Medium,Completed
O00512,C01558,R0044,2025-03-30 11:00:00,1815.53,3,Rainy,Medium,Completed
O00513,C00997,R0020,2025-02-02 18:00:00,1556.13,4,Clear,Medium,Completed
O00514,C01608,R0070,2025-03-06 12:00:00,1036.71,6,Clear,Medium,Completed
O00515,C01840,R0074,2025-03-21 02:00:00,1934.37,4,Cloudy,Medium,Completed
O00516,C01470,R0033,2025-03-11 08:00:00,1138.84,3,Clear,Medium,Completed
O00517,C01527,R0080,2025-03-30 20:00:00,724.22,2,Cloudy,Medium,Completed
O00518,C00956,R0100,2025-02-19 09:00:00,281.39,3,Clear,Medium,Completed
O00519,C01254,R0006,2025-02-28 02:00:00,1133.12,2,Cloudy,Medium,Completed
O00520,C01131,R0083,2025-01-09 22:00:00,1734.79,5,Cloudy,High,Completed
O00521,C01744,R0031,2025-01-16 16:00:00,1746.77,1,Rainy,High,Completed
O00522,C01413,R0066,2025-02-20 06:00:00,1248.68,3,Rainy,Medium,Completed
O00523,C01744,R0018,2025-01-18 01:00:00,847.53,6,Clear,Medium,Completed
O00524,C00263,R0028,2025-01-09 23:00:00,1335.56,6,Clear,Medium,Completed
O00525,C01587,R0068,2025-02-01 07:00:00,1548.07,4,Cloudy,Low,Completed
O00526,C01089,R0065,2025-01-15 12:00:00,882.09,2,Cloudy,High,Completed
O00527,C00265,R0080,2025-01-28 05:00:00,1004.88,1,Clear,Medium,Completed
O00528,C01362,R0045,2025-03-15 22:00:00,1393.17,6,Clear,Medium,Completed
O00529,C01325,R0058,2025-01-01 02:00:00,1765.64,1,Clear,Low,Completed
O00530,C00378,R0047,2025-02-16 13:00:00,1602.92,3,Clear,High,Completed
O00531,C01199,R0066,2025-02-15 02:00:00,142.54,4,Clear,Low,Cancelled
O00532,C00963,R0052,2025-01-17 22:00:00,336.31,6,Cloudy,High,Completed
O00533,C01176,R0036,2025-03-28 01:00:00,1720.28,3,Clear,Low,Completed
O00534,C00476,R0001,2025-03-05 05:00:00,1684.26,4,Clear,Medium,Completed
O00535,C01290,R0039,2025-02-01 06:00:00,838.73,5,Cloudy,Medium,Completed
O00536,C00329,R0087,2025-03-20 23:00:00,1210.13,3,Clear,Medium,Completed
O00537,C01997,R0090,2025-02-06 23:00:00,1821.11,2,Clear,Medium,Completed
O00538,C01840,R0075,2025-02-12 04:00:00,1831.96,3,Clear,Low,Completed
O00539,C01187,R0001,2025-01-08 00:00:00,1587.88,3,Cloudy,Low,Completed
O00540,C00438,R0075,2025-03-12 15:00:00,498.22,6,Clear,Medium,Completed
O00541,C01367,R0088,2025-02-05 08:00:00,1487.54,5,Clear,Medium,Completed
O00542,C01391,R0074,2025-03-13 00:00:00,292.09,6,Cloudy,Medium,Completed
O00543,C01489,R0014,2025-02-09 04:00:00,1798.48,5,Cloudy,Low,Completed
O00544,C01774,R0078,2025-01-09 13:00:00,383.38,6,Clear,High,Cancelled
O00545,C01223,R0071,2025-03-20 20:00:00,1358.46,3,Clear,High,Completed
O00546,C01524,R0023,2025-01-22 16:00:00,1259.46,4,Clear,High,Completed
O00547,C00016,R0043,2025-02-12 09:00:00,1576.11,5,Clear,Low,Completed
O00548,C01845,R0022,2025-03-30 22:00:00,1148.0,5,Rainy,High,Completed
O00549,C01320,R0060,2025-01-31 22:00:00,213.18,4,Clear,High,Completed
O00550,C00868,R0100,2025-03-13 17:00:00,1441.11,1,Cloudy,Medium,Completed
O00551,C00511,R0027,2025-01-19 17:00:00,827.99,5,Clear,Low,Completed
O00552,C01812,R0056,2025-02-02 17:00:00,708.54,5,Clear,Medium,Completed
O00553,C00984,R0002,2025-01-01 01:00:00,1984.18,4,Rainy,Medium,Completed
O00554,C01263,R0039,2025-02-15 21:00:00,1221.76,4,Rainy,Medium,Completed
O00555,C00581,R0051,2025-02-26 03:00:00,1450.37,3,Cloudy,Low,Cancelled
O00556,C01325,R0019,2025-02-16 17:00:00,1100.02,3,Clear,Medium,Completed
O00557,C00006,R0062,2025-01-29 06:00:00,1562.95,1,Cloudy,Medium,Completed
O00558,C01244,R0071,2025-03-18 08:00:00,1528.94,1,Clear,Medium,Completed
O00559,C01019,R0076,2025-01-16 10:00:00,1348.58,1,Rainy,Medium,Completed
O00560,C01790,R0067,2025-02-13 13:00:00,1995.71,2,Clear,Medium,Completed
O00561,C01477,R0063,2025-01-31 01:00:00,973.61,4,Rainy,Medium,Completed
O00562,C01457,R0005,2025-01-13 16:00:00,1441.77,5,Cloudy,Medium,Completed
O00563,C00807,R0072,2025-02-08 11:00:00,1615.78,4,Clear,Medium,Cancelled
O00564,C01894,R0078,2025-02-23 23:00:00,814.47,4,Clear,Medium,Completed
O00565,C01410,R0061,2025-02-04 19:00:00,968.63,1,Cloudy,Medium,Cancelled
O00566,C00619,R0100,2025-01-18 17:00:00,1941.42,4,Rainy,Medium,Completed
O00567,C01319,R0071,2025-03-25 00:00:00,161.35,2,Clear,Medium,Completed
O00568,C01142,R0007,2025-03-18 02:00:00,737.06,6,Clear,Medium,Completed
O00569,C00405,R0050,2025-03-28 17:00:00,1023.8,5,Clear,High,Completed
O00570,C01704,R0046,2025-01-19 21:00:00,102.78,6,Clear,Medium,Completed
O00571,C00997,R0096,2025-02-01 19:00:00,1808.34,1,Cloudy,Medium,Cancelled
O00572,C01787,R0072,2025-02-17 20:00:00,643.86,3,Rainy,Low,Completed
O00573,C00594,R0076,2025-01-22 18:00:00,589.64,6,Clear,Medium,Completed
O00574,C00566,R0074,2025-01-21 01:00:00,1658.62,5,Cloudy,Low,Completed
O00575,C00752,R0014,2025-01-06 01:00:00,628.17,6,Clear,Medium,Completed
O00576,C01902,R0073,2025-01-25 04:00:00,1349.48,3,Cloudy,Medium,Completed
O00577,C00012,R0094,2025-03-18 10:00:00,1660.86,3,Clear,Medium,Completed
O00578,C01233,R0069,2025-02-15 20:00:00,1605.71,4,Rainy,High,Completed
O00579,C00165,R0065,2025-01-30 21:00:00,1585.71,5,Clear,Low,Cancelled
O00580,C00878,R0065,2025-01-17 21:00:00,268.41,2,Clear,Low,Completed
O00581,C01318,R0057,2025-02-22 18:00:00,251.71,4,Rainy,Low,Completed
O00582,C01935,R0062,2025-03-03 20:00:00,682.86,3,Rainy,High,Completed
O00583,C01543,R0020,2025-01-12 12:00:00,168.3,6,Clear,Low,Completed
O00584,C00078,R0075,2025-03-04 04:00:00,1050.82,5,Clear,High,Completed
O00585,C01458,R0026,2025-02-22 00:00:00,850.09,4,Rainy,High,Completed
O00586,C01601,R0044,2025-02-16 20:00:00,1158.35,5,Cloudy,High,Completed
O00587,C00614,R0067,2025-03-11 01:00:00,667.7,6,Rainy,High,Completed
O00588,C01987,R0070,2025-03-15 01:00:00,1022.93,1,Cloudy,Low,Completed
O00589,C00869,R0062,2025-01-22 02:00:00,736.02,2,Clear,Medium,Completed
O00590,C00812,R0045,2025-01-10 20:00:00,470.9,2,Clear,Medium,Completed
O00591,C01823,R0011,2025-02-01 07:00:00,1333.8,2,Clear,Medium,Completed
O00592,C01707,R0072,2025-01-07 20:00:00,1379.53,3,Rainy,Medium,Completed
O00593,C01101,R0093,2025-03-12 12:00:00,1675.54,3,Cloudy,Medium,Completed
O00594,C01072,R0074,2025-03-23 12:00:00,1762.03,2,Clear,High,Cancelled
O00595,C00767,R0034,2025-03-15 16:00:00,1438.48,5,Cloudy,Medium,Completed
O00596,C00082,R0088,2025-03-02 15:00:00,1406.25,1,Cloudy,Medium,Completed
O00597,C01919,R0046,2025-03-30 18:00:00,207.68,3,Cloudy,Medium,Completed
O00598,C01745,R0081,2025-01-18 22:00:00,308.58,6,Cloudy,Medium,Completed
O00599,C00209,R0032,2025-02-02 14:00:00,1643.87,4,Clear,Medium,Completed
O00600,C01469,R0075,2025-02-09 18:00:00,542.61,4,Clear,Low,Completed
O00601,C01995,R0098,2025-03-25 00:00:00,775.57,3,Cloudy,High,Completed
O00602,C01620,R0088,2025-03-11 03:00:00,376.06,2,Clear,Low,Completed
O00603,C00522,R0005,2025-01-06 20:00:00,470.79,5,Clear,Low,Completed
O00604,C01053,R0063,2025-01-30 23:00:00,1573.29,1,Clear,Low,Completed
O00605,C01328,R0029,2025-03-10 18:00:00,597.53,4,Rainy,High,Cancelled
O00606,C00994,R0048,2025-03-24 08:00:00,953.17,3,Clear,Low,Cancelled
O00607,C00465,R0098,2025-02-12 07:00:00,388.18,5,Clear,Low,Completed
O00608,C01526,R0016,2025-01-12 23:00:00,1388.07,2,Clear,Low,Completed
O00609,C01470,R0025,2025-01-15 06:00:00,1483.71,1,Clear,Low,Completed
O00610,C00628,R0072,2025-02-10 15:00:00,787.22,1,Cloudy,Medium,Completed
O00611,C01514,R0029,2025-03-17 23:00:00,1591.02,4,Cloudy,High,Cancelled
O00612,C00781,R0052,2025-01-14 18:00:00,555.82,4,Rainy,Medium,Cancelled
O00613,C01452,R0046,2025-01-16 04:00:00,1414.62,6,Clear,Low,Completed
O00614,C00559,R0025,2025-01-01 10:00:00,1486.93,3,Cloudy,High,Completed
O00615,C01383,R0023,2025-01-22 04:00:00,1940.45,1,Cloudy,Medium,Completed
O00616,C00960,R0034,2025-03-03 04:00:00,541.41,2,Clear,Low,Completed
O00617,C00091,R0067,2025-02-16 09:00:00,278.05,2,Clear,High,Completed
O00618,C01077,R0094,2025-01-26 21:00:00,599.77,3,Cloudy,Low,Completed
O00619,C01754,R0034,2025-02-07 12:00:00,333.44,1,Cloudy,Low,Completed
O00620,C00860,R0032,2025-03-03 07:00:00,422.42,4,Clear,Medium,Completed
O00621,C01613,R0029,2025-01-14 14:00:00,734.82,6,Clear,Low,Completed
O00622,C01228,R0009,2025-01-04 01:00:00,886.58,2,Clear,Low,Completed
O00623,C00556,R0066,2025-01-11 10:00:00,1817.08,5,Cloudy,Medium,Completed
O00624,C00156,R0057,2025-02-07 17:00:00,471.67,3,Cloudy,Medium,Completed
O00625,C00002,R0039,2025-01-23 04:00:00,1946.34,2,Clear,High,Completed
O00626,C01381,R0007,2025-01-13 07:00:00,1639.29,5,Clear,Medium,Completed
O00627,C00825,R0069,2025-01-13 09:00:00,1774.8,5,Cloudy,Low,Completed
O00628,C01593,R0008,2025-02-26 07:00:00,1865.94,2,Clear,Low,Completed
O00629,C00802,R0096,2025-01-13 13:00:00,1531.16,3,Clear,Medium,Cancelled
O00630,C00983,R0018,2025-01-22 07:00:00,1598.68,5,Clear,Medium,Completed
O00631,C01082,R0082,2025-01-25 08:00:00,931.85,5,Cloudy,Medium,Completed
O00632,C01278,R0049,2025-02-16 13:00:00,1069.86,1,Clear,High,Completed
O00633,C01204,R0016,2025-03-10 02:00:00,1871.72,6,Cloudy,High,Completed
O00634,C00493,R0021,2025-02-07 21:00:00,818.69,6,Clear,Medium,Completed
O00635,C00669,R0010,2025-03-22 13:00:00,179.7,6,Rainy,Medium,Completed
O00636,C01059,R0004,2025-01-03 04:00:00,1549.23,1,Clear,High,Completed
O00637,C00075,R0044,2025-03-05 07:00:00,1189.0,6,Rainy,High,Completed
O00638,C00944,R0008,2025-02-02 22:00:00,1648.26,1,Clear,Low,Completed
O00639,C01313,R0055,2025-03-05 15:00:00,243.55,5,Clear,Medium,Cancelled
O00640,C00371,R0019,2025-01-21 14:00:00,1280.34,5,Clear,Medium,Completed
O00641,C00587,R0064,2025-02-05 12:00:00,570.64,3,Rainy,High,Completed
O00642,C00329,R0040,2025-02-15 14:00:00,1816.21,4,Rainy,Low,Completed
O00643,C00590,R0051,2025-01-28 14:00:00,308.83,1,Clear,High,Completed
O00644,C01791,R0009,2025-01-01 07:00:00,1701.83,6,Cloudy,Medium,Completed
O00645,C00777,R0030,2025-01-28 17:00:00,268.25,4,Cloudy,Low,Completed
O00646,C00304,R0056,2025-01-28 20:00:00,147.68,1,Clear,High,Completed
O00647,C00579,R0081,2025-02-23 13:00:00,546.61,6,Clear,Low,Completed
O00648,C00221,R0044,2025-01-07 16:00:00,732.78,1,Clear,Medium,Completed
O00649,C00979,R0059,2025-02-09 00:00:00,1290.4,6,Cloudy,High,Completed
O00650,C01188,R0015,2025-01-01 17:00:00,350.28,3,Clear,High,Completed
O00651,C01504,R0068,2025-01-15 14:00:00,930.93,3,Clear,Low,Completed
O00652,C01479,R0070,2025-02-06 07:00:00,488.1,2,Clear,High,Completed
O00653,C00375,R0061,2025-03-02 18:00:00,1725.08,1,Rainy,Low,Completed
O00654,C01244,R0080,2025-02-15 11:00:00,185.44,1,Clear,Medium,Cancelled
O00655,C01708,R0090,2025-02-13 21:00:00,776.28,1,Clear,Low,Completed
O00656,C01278,R0023,2025-01-14 03:00:00,1299.61,3,Cloudy,Low,Completed
O00657,C01746,R0077,2025-03-18 20:00:00,1834.87,6,Cloudy,High,Completed
O00658,C00188,R0047,2025-01-31 16:00:00,1749.19,1,Cloudy,High,Completed
O00659,C01215,R0017,2025-01-14 07:00:00,1800.86,2,Cloudy,Medium,Completed
O00660,C01413,R0057,2025-02-13 05:00:00,219.42,5,Clear,High,Completed
O00661,C01239,R0054,2025-01-18 23:00:00,1697.75,2,Clear,Medium,Completed
O00662,C01399,R0091,2025-01-27 09:00:00,1581.83,6,Cloudy,High,Completed
O00663,C01110,R0052,2025-03-13 01:00:00,1814.62,5,Rainy,Low,Completed
O00664,C00474,R0022,2025-02-13 04:00:00,691.99,3,Clear,Medium,Cancelled
O00665,C01642,R0083,2025-01-31 04:00:00,1832.35,6,Clear,Medium,Completed
O00666,C00844,R0039,2025-01-29 00:00:00,865.02,4,Clear,High,Completed
O00667,C01832,R0099,2025-01-20 14:00:00,1304.79,6,Rainy,Medium,Completed
O00668,C00531,R0013,2025-01-26 01:00:00,905.94,3,Clear,High,Completed
O00669,C01071,R0078,2025-02-27 14:00:00,912.53,4,Cloudy,Medium,Completed
O00670,C01089,R0095,2025-03-06 02:00:00,1138.61,5,Clear,Medium,Completed
O00671,C00963,R0066,2025-01-12 15:00:00,776.26,4,Clear,Medium,Completed
O00672,C00475,R0052,2025-02-19 09:00:00,1606.2,5,Rainy,Medium,Cancelled
O00673,C01170,R0014,2025-03-21 14:00:00,1303.91,6,Cloudy,Medium,Completed
O00674,C00946,R0073,2025-03-25 21:00:00,1410.54,4,Cloudy,Medium,Completed
O00675,C01822,R0074,2025-02-08 03:00:00,538.97,5,Clear,Medium,Completed
O00676,C01406,R0063,2025-03-09 09:00:00,1942.19,6,Clear,Medium,Completed
O00677,C01090,R0071,2025-02-27 13:00:00,1354.33,4,Clear,High,Completed
O00678,C00517,R0028,2025-03-12 03:00:00,474.67,5,Cloudy,Low,Completed
O00679,C01117,R0089,2025-01-18 17:00:00,1525.93,2,Cloudy,Medium,Completed
O00680,C01889,R0046,2025-03-16 11:00:00,430.06,1,Clear,Medium,Completed
O00681,C00426,R0028,2025-01-24 00:00:00,220.43,2,Clear,High,Completed
O00682,C01492,R0002,2025-01-08 00:00:00,1102.35,3,Cloudy,Medium,Completed
O00683,C01118,R0017,2025-01-22 10:00:00,1151.7,4,Rainy,High,Completed
O00684,C01642,R0059,2025-03-13 02:00:00,459.03,6,Clear,High,Completed
O00685,C00133,R0052,2025-01-18 21:00:00,761.92,5,Clear,Low,Completed
O00686,C01458,R0004,2025-03-30 18:00:00,1896.96,2,Cloudy,Medium,Completed
O00687,C01365,R0077,2025-01-29 18:00:00,641.51,2,Clear,High,Completed
O00688,C00314,R0082,2025-01-15 16:00:00,395.58,6,Rainy,High,Completed
O00689,C00591,R0003,2025-02-16 13:00:00,1985.87,5,Rainy,Low,Completed
O00690,C01236,R0037,2025-02-28 13:00:00,674.38,4,Cloudy,Medium,Completed
O00691,C01544,R0097,2025-02-24 22:00:00,1392.48,6,Clear,Low,Completed
O00692,C01009,R0024,2025-01-04 06:00:00,539.96,3,Rainy,High,Completed
O00693,C00159,R0072,2025-01-29 05:00:00,1145.23,3,Cloudy,Low,Completed
O00694,C01292,R0035,2025-01-23 22:00:00,833.94,6,Cloudy,Low,Completed
O00695,C00661,R0002,2025-02-04 03:00:00,1927.0,3,Rainy,Medium,Completed
O00696,C01886,R0033,2025-01-09 21:00:00,922.33,5,Cloudy,Low,Completed
O00697,C01982,R0076,2025-03-11 10:00:00,1209.93,2,Clear,High,Completed
O00698,C01627,R0086,2025-01-28 20:00:00,1895.06,6,Clear,Low,Completed
O00699,C00748,R0077,2025-02-11 04:00:00,1979.55,3,Clear,Medium,Completed
O00700,C01498,R0010,2025-02-07 05:00:00,293.15,2,Clear,Low,Completed
O00701,C00801,R0081,2025-01-07 14:00:00,1685.21,6,Rainy,High,Completed
O00702,C00410,R0062,2025-01-01 21:00:00,826.02,3,Clear,Medium,Completed
O00703,C01498,R0043,2025-03-15 12:00:00,1230.17,3,Cloudy,Low,Completed
O00704,C01380,R0069,2025-03-22 09:00:00,812.59,6,Clear,Low,Completed
O00705,C00680,R0059,2025-02-22 13:00:00,862.12,4,Rainy,Medium,Completed
O00706,C01217,R0009,2025-02-18 20:00:00,401.83,5,Clear,High,Completed
O00707,C01723,R0077,2025-02-02 16:00:00,1188.26,4,Cloudy,High,Completed
O00708,C01295,R0060,2025-03-08 18:00:00,1138.76,2,Cloudy,High,Completed
O00709,C00114,R0063,2025-03-27 14:00:00,459.78,2,Clear,Medium,Completed
O00710,C00897,R0052,2025-02-22 08:00:00,1129.29,6,Rainy,High,Completed
O00711,C01547,R0023,2025-03-20 20:00:00,1948.89,5,Clear,Medium,Completed
O00712,C01079,R0030,2025-01-25 02:00:00,1457.38,3,Clear,Medium,Completed
O00713,C01794,R0043,2025-02-15 20:00:00,1013.87,5,Cloudy,Medium,Cancelled
O00714,C00065,R0068,2025-01-21 08:00:00,1840.56,3,Clear,Low,Completed
O00715,C00684,R0021,2025-02-08 13:00:00,1193.1,1,Cloudy,Low,Completed
O00716,C01296,R0043,2025-03-30 22:00:00,356.59,1,Clear,High,Completed
O00717,C01526,R0073,2025-03-16 11:00:00,1140.27,5,Clear,High,Completed
O00718,C01686,R0007,2025-03-24 22:00:00,443.85,1,Cloudy,Low,Completed
O00719,C01386,R0016,2025-01-10 05:00:00,1558.26,1,Clear,Medium,Completed
O00720,C00146,R0023,2025-03-14 20:00:00,1937.63,2,Clear,High,Completed
O00721,C00943,R0058,2025-02-22 18:00:00,785.56,3,Clear,Low,Completed
O00722,C01233,R0087,2025-02-19 19:00:00,926.34,6,Clear,High,Completed
O00723,C01310,R0031,2025-03-05 14:00:00,900.84,1,Clear,High,Completed
O00724,C01034,R0069,2025-03-04 15:00:00,642.07,4,Rainy,High,Completed
O00725,C00739,R0006,2025-02-06 12:00:00,1608.94,2,Cloudy,High,Completed
O00726,C00186,R0065,2025-01-07 18:00:00,1273.68,3,Clear,High,Completed
O00727,C01598,R0059,2025-02-09 18:00:00,221.7,2,Clear,High,Completed
O00728,C01621,R0028,2025-01-01 23:00:00,1693.73,4,Clear,High,Completed
O00729,C01488,R0018,2025-01-09 00:00:00,455.47,6,Cloudy,Medium,Completed
O00730,C01158,R0088,2025-02-06 13:00:00,1960.39,3,Rainy,Low,Completed
O00731,C00835,R0077,2025-01-17 05:00:00,815.66,5,Rainy,Medium,Completed
O00732,C00809,R0097,2025-02-10 03:00:00,1271.25,5,Cloudy,High,Completed
O00733,C00171,R0010,2025-02-01 20:00:00,247.86,2,Clear,High,Completed
O00734,C00213,R0007,2025-03-24 05:00:00,754.86,6,Clear,Medium,Cancelled
O00735,C01997,R0037,2025-02-21 14:00:00,1624.47,5,Clear,Medium,Completed
O00736,C01554,R0096,2025-02-01 23:00:00,1006.7,3,Clear,High,Completed
O00737,C01850,R0045,2025-03-04 04:00:00,1818.75,4,Clear,Low,Completed
O00738,C01526,R0086,2025-02-07 10:00:00,1192.76,4,Clear,Low,Completed
O00739,C01596,R0016,2025-02-15 04:00:00,1864.29,5,Rainy,Low,Completed
O00740,C01624,R0088,2025-02-02 19:00:00,1966.96,1,Cloudy,High,Completed
O00741,C00027,R0014,2025-01-05 14:00:00,962.4,1,Clear,Low,Completed
O00742,C01014,R0011,2025-03-19 04:00:00,1173.8,6,Clear,Low,Completed
O00743,C01092,R0083,2025-01-06 20:00:00,1686.35,1,Cloudy,Low,Completed
O00744,C00790,R0087,2025-02-01 00:00:00,520.91,5,Clear,Medium,Completed
O00745,C00408,R0034,2025-01-04 06:00:00,1737.1,5,Clear,High,Completed
O00746,C01576,R0060,2025-03-05 05:00:00,1224.65,5,Clear,Medium,Completed
O00747,C01133,R0013,2025-02-10 10:00:00,1478.45,3,Clear,Low,Cancelled
O00748,C00074,R0039,2025-01-03 17:00:00,251.72,1,Clear,Medium,Completed
O00749,C00578,R0044,2025-03-05 21:00:00,1555.76,2,Clear,Medium,Completed
O00750,C00680,R0028,2025-02-28 02:00:00,690.5,6,Clear,Medium,Completed
O00751,C01286,R0040,2025-01-12 22:00:00,1629.94,3,Clear,High,Completed
O00752,C01392,R0016,2025-01-06 02:00:00,1067.39,6,Clear,Medium,Completed
O00753,C00786,R0050,2025-02-11 19:00:00,621.77,6,Cloudy,Medium,Completed
O00754,C00849,R0028,2025-01-01 03:00:00,1910.24,3,Cloudy,Low,Completed
O00755,C00870,R0068,2025-03-18 15:00:00,1553.62,5,Cloudy,Medium,Completed
O00756,C00237,R0092,2025-01-18 03:00:00,1972.8,5,Cloudy,Low,Completed
O00757,C00727,R0060,2025-01-11 09:00:00,792.49,3,Clear,Medium,Completed
O00758,C01390,R0012,2025-03-04 22:00:00,1333.52,5,Clear,Medium,Completed
O00759,C01310,R0016,2025-03-21 21:00:00,1262.02,1,Rainy,Low,Cancelled
O00760,C00378,R0053,2025-02-26 12:00:00,1406.36,3,Rainy,High,Completed
O00761,C00661,R0054,2025-01-07 13:00:00,172.8,6,Clear,Medium,Completed
O00762,C00830,R0049,2025-03-08 16:00:00,654.27,3,Rainy,High,Completed
O00763,C00906,R0036,2025-03-09 02:00:00,1827.74,3,Rainy,Medium,Completed
O00764,C00376,R0062,2025-03-02 23:00:00,905.26,5,Rainy,Low,Completed
O00765,C00619,R0084,2025-02-10 17:00:00,1925.22,3,Clear,Medium,Completed
O00766,C00653,R0026,2025-02-22 13:00:00,505.66,2,Rainy,Low,Completed
O00767,C01100,R0056,2025-01-07 08:00:00,1995.11,2,Cloudy,High,Completed
O00768,C01033,R0090,2025-03-09 21:00:00,1425.4,1,Clear,High,Completed
O00769,C00196,R0022,2025-02-13 23:00:00,1575.15,3,Cloudy,Medium,Cancelled
O00770,C00807,R0073,2025-01-03 04:00:00,854.04,3,Clear,High,Completed
O00771,C01816,R0069,2025-03-15 02:00:00,1823.32,6,Clear,Low,Completed
O00772,C00893,R0081,2025-02-25 08:00:00,1136.38,5,Rainy,Medium,Completed
O00773,C01654,R0049,2025-01-01 00:00:00,1393.78,6,Rainy,Medium,Completed
O00774,C01314,R0098,2025-01-07 22:00:00,280.14,4,Rainy,Low,Completed
O00775,C01085,R0002,2025-02-10 04:00:00,1300.19,6,Rainy,High,Completed
O00776,C00937,R0053,2025-03-20 13:00:00,1770.25,4,Cloudy,Medium,Completed
O00777,C01413,R0007,2025-01-12 08:00:00,438.74,3,Cloudy,Medium,Completed
O00778,C00847,R0100,2025-03-12 12:00:00,1501.68,1,Rainy,Medium,Completed
O00779,C00818,R0077,2025-02-07 11:00:00,148.26,2,Clear,Low,Completed
O00780,C01924,R0020,2025-02-20 19:00:00,1859.79,3,Rainy,High,Completed
O00781,C01587,R0094,2025-01-15 23:00:00,1967.54,3,Clear,Medium,Completed
O00782,C00564,R0030,2025-03-26 23:00:00,772.94,1,Rainy,Low,Completed
O00783,C00634,R0075,2025-01-14 21:00:00,303.44,1,Cloudy,Low,Cancelled
O00784,C00679,R0095,2025-01-31 10:00:00,1351.3,4,Clear,Low,Completed
O00785,C01018,R0067,2025-03-04 09:00:00,156.69,3,Rainy,Low,Cancelled
O00786,C00008,R0059,2025-03-01 01:00:00,1016.72,3,Cloudy,Low,Completed
O00787,C01393,R0066,2025-03-14 15:00:00,616.38,5,Clear,High,Cancelled
O00788,C01069,R0003,2025-03-08 16:00:00,999.34,2,Clear,Medium,Completed
O00789,C00344,R0056,2025-02-28 11:00:00,134.72,5,Clear,Medium,Completed
O00790,C01781,R0079,2025-01-01 20:00:00,198.06,5,Clear,Low,Completed
O00791,C00796,R0017,2025-03-24 05:00:00,130.35,2,Rainy,Low,Cancelled
O00792,C01399,R0052,2025-02-06 14:00:00,1276.35,3,Clear,Medium,Completed
O00793,C01643,R0007,2025-01-08 08:00:00,1164.18,4,Cloudy,High,Completed
O00794,C01051,R0005,2025-02-27 18:00:00,543.0,2,Clear,Medium,Completed
O00795,C01217,R0098,2025-03-28 05:00:00,1328.62,1,Clear,Low,Completed
O00796,C01954,R0097,2025-01-28 12:00:00,1779.99,3,Clear,High,Completed
O00797,C00849,R0054,2025-02-19 23:00:00,626.91,2,Clear,Low,Completed
O00798,C01381,R0061,2025-01-06 05:00:00,1680.79,2,Cloudy,Medium,Completed
O00799,C00062,R0016,2025-02-22 21:00:00,1358.77,6,Cloudy,High,Completed
O00800,C01086,R0067,2025-01-26 10:00:00,164.26,2,Rainy,Low,Completed
O00801,C00422,R0059,2025-02-23 22:00:00,812.78,4,Cloudy,High,Completed
O00802,C01818,R0047,2025-02-12 01:00:00,1064.74,5,Cloudy,High,Completed
O00803,C00633,R0048,2025-03-29 03:00:00,1490.23,5,Clear,Medium,Completed
O00804,C00792,R0064,2025-03-15 05:00:00,645.55,6,Clear,High,Completed
O00805,C00551,R0050,2025-03-23 20:00:00,1967.19,2,Clear,Medium,Completed
O00806,C01404,R0085,2025-01-23 19:00:00,1400.63,2,Clear,Medium,Completed
O00807,C01301,R0041,2025-02-19 15:00:00,808.35,5,Clear,Low,Completed
O00808,C00606,R0072,2025-02-13 21:00:00,284.35,4,Clear,Medium,Completed
O00809,C01455,R0022,2025-03-09 12:00:00,444.6,3,Rainy,Low,Completed
O00810,C01139,R0054,2025-03-17 22:00:00,1026.45,5,Cloudy,Medium,Completed
O00811,C01712,R0005,2025-02-22 23:00:00,1039.92,2,Rainy,Low,Completed
O00812,C01145,R0017,2025-03-13 15:00:00,1558.67,4,Rainy,Medium,Completed
O00813,C00525,R0078,2025-01-11 12:00:00,1479.74,4,Rainy,Low,Completed
O00814,C00899,R0041,2025-03-06 23:00:00,482.42,6,Clear,Low,Completed
O00815,C01440,R0092,2025-01-31 16:00:00,1230.42,2,Clear,High,Completed
O00816,C00163,R0095,2025-03-27 06:00:00,139.18,1,Clear,Medium,Completed
O00817,C00787,R0081,2025-02-07 11:00:00,857.24,4,Rainy,Medium,Completed
O00818,C00910,R0035,2025-03-22 08:00:00,1551.8,5,Clear,Medium,Cancelled
O00819,C01712,R0040,2025-02-24 21:00:00,859.07,1,Clear,Medium,Completed
O00820,C00982,R0022,2025-02-11 18:00:00,1687.63,6,Clear,Low,Completed
O00821,C01361,R0048,2025-03-22 02:00:00,1954.7,3,Clear,Medium,Completed
O00822,C00379,R0053,2025-03-24 03:00:00,1253.7,5,Cloudy,Medium,Completed
O00823,C01348,R0093,2025-03-29 16:00:00,375.51,6,Cloudy,Medium,Completed
O00824,C00173,R0010,2025-01-02 17:00:00,821.39,6,Cloudy,Low,Cancelled
O00825,C01000,R0018,2025-03-18 23:00:00,118.02,6,Cloudy,Medium,Cancelled
O00826,C01811,R0099,2025-01-15 06:00:00,1245.18,2,Clear,High,Cancelled
O00827,C00064,R0080,2025-01-14 19:00:00,1660.98,1,Clear,Medium,Completed
O00828,C01125,R0049,2025-03-02 20:00:00,1296.89,6,Cloudy,Medium,Completed
O00829,C01346,R0071,2025-01-15 04:00:00,1593.56,6,Clear,Low,Completed
O00830,C00975,R0030,2025-03-12 20:00:00,1619.82,6,Clear,Medium,Completed
O00831,C00066,R0019,2025-02-23 15:00:00,1716.92,5,Rainy,Medium,Completed
O00832,C01867,R0055,2025-02-21 09:00:00,606.66,6,Cloudy,High,Completed
O00833,C01581,R0060,2025-03-03 03:00:00,1755.41,4,Clear,Low,Completed
O00834,C01623,R0087,2025-01-06 17:00:00,1342.78,2,Rainy,Low,Completed
O00835,C00458,R0072,2025-01-04 14:00:00,650.48,1,Clear,High,Completed
O00836,C01603,R0081,2025-03-18 09:00:00,1975.86,4,Cloudy,Medium,Completed
O00837,C00453,R0021,2025-01-09 15:00:00,1905.35,6,Cloudy,Medium,Cancelled
O00838,C01283,R0026,2025-03-19 02:00:00,1191.44,2,Cloudy,High,Completed
O00839,C01958,R0028,2025-03-12 07:00:00,1702.1,2,Clear,Low,Completed
O00840,C01741,R0039,2025-03-04 20:00:00,596.84,1,Rainy,Medium,Completed
O00841,C01450,R0033,2025-03-05 14:00:00,890.47,1,Clear,Low,Completed
O00842,C00979,R0040,2025-02-05 10:00:00,449.55,1,Clear,Medium,Completed
O00843,C01960,R0083,2025-03-28 18:00:00,1088.2,5,Clear,High,Completed
O00844,C00178,R0029,2025-01-10 07:00:00,1042.4,2,Clear,Low,Completed
O00845,C01955,R0020,2025-02-28 19:00:00,504.35,6,Clear,Low,Cancelled
O00846,C00280,R0020,2025-03-13 15:00:00,1378.32,3,Clear,High,Completed
O00847,C00344,R0074,2025-01-13 08:00:00,323.8,4,Clear,Low,Completed
O00848,C01041,R0012,2025-01-14 10:00:00,217.21,1,Rainy,Low,Completed
O00849,C00296,R0097,2025-03-20 05:00:00,831.32,2,Clear,Low,Completed
O00850,C00202,R0025,2025-03-04 23:00:00,878.67,6,Clear,High,Completed
O00851,C00962,R0025,2025-03-28 22:00:00,707.51,4,Rainy,High,Cancelled
O00852,C00684,R0004,2025-01-22 00:00:00,590.1,3,Clear,High,Completed
O00853,C01943,R0004,2025-03-07 00:00:00,743.68,4,Clear,High,Completed
O00854,C01798,R0009,2025-02-26 21:00:00,410.41,3,Clear,High,Completed
O00855,C01218,R0015,2025-01-29 14:00:00,866.56,6,Clear,High,Completed
O00856,C01173,R0026,2025-03-26 01:00:00,1818.75,1,Cloudy,Medium,Completed
O00857,C00375,R0079,2025-03-03 04:00:00,526.41,5,Clear,Medium,Completed
O00858,C01912,R0090,2025-01-31 19:00:00,1400.46,3,Clear,Medium,Cancelled
O00859,C00035,R0092,2025-02-11 12:00:00,369.39,1,Clear,Medium,Completed
O00860,C01393,R0071,2025-03-01 18:00:00,772.42,4,Clear,High,Completed
O00861,C00029,R0032,2025-03-21 19:00:00,710.23,6,Clear,High,Completed
O00862,C00775,R0076,2025-01-26 22:00:00,1880.36,4,Clear,Low,Completed
O00863,C00221,R0099,2025-01-13 09:00:00,913.17,4,Cloudy,Low,Completed
O00864,C00053,R0052,2025-02-14 19:00:00,1411.89,6,Cloudy,Medium,Completed
O00865,C01957,R0032,2025-01-13 15:00:00,1244.68,6,Cloudy,Medium,Completed
O00866,C00791,R0009,2025-02-24 15:00:00,367.96,5,Rainy,Low,Completed
O00867,C01377,R0078,2025-01-28 15:00:00,1885.13,2,Cloudy,High,Completed
O00868,C01416,R0013,2025-02-17 13:00:00,757.15,3,Clear,Low,Completed
O00869,C00076,R0056,2025-03-25 00:00:00,185.04,6,Clear,Medium,Completed
O00870,C00494,R0044,2025-01-09 16:00:00,670.84,2,Clear,Low,Completed
O00871,C01712,R0097,2025-02-24 20:00:00,737.7,4,Clear,Medium,Completed
O00872,C01546,R0096,2025-01-22 14:00:00,276.22,5,Rainy,Medium,Completed
O00873,C01999,R0083,2025-03-30 12:00:00,1277.96,1,Cloudy,High,Completed
O00874,C00117,R0030,2025-01-15 01:00:00,758.85,5,Clear,Medium,Completed
O00875,C00280,R0016,2025-03-17 13:00:00,1295.36,6,Clear,High,Completed
O00876,C01754,R0012,2025-03-19 21:00:00,112.81,2,Cloudy,Medium,Completed
O00877,C01199,R0074,2025-02-08 00:00:00,1965.89,4,Clear,High,Completed
O00878,C00746,R0066,2025-02-03 14:00:00,423.98,3,Clear,Medium,Completed
O00879,C00949,R0018,2025-02-24 19:00:00,1352.73,5,Clear,High,Completed
O00880,C00764,R0013,2025-02-23 22:00:00,1459.99,2,Clear,Medium,Cancelled
O00881,C00295,R0093,2025-01-24 19:00:00,426.06,2,Rainy,Medium,Completed
O00882,C01018,R0024,2025-03-11 23:00:00,312.25,1,Clear,Medium,Completed
O00883,C01475,R0012,2025-02-13 07:00:00,389.9,3,Cloudy,Low,Completed
O00884,C01858,R0060,2025-02-08 13:00:00,568.95,2,Cloudy,Medium,Completed
O00885,C01542,R0060,2025-03-16 08:00:00,419.64,3,Cloudy,Low,Completed
O00886,C01045,R0093,2025-01-05 01:00:00,1380.6,4,Clear,Medium,Completed
O00887,C01097,R0086,2025-03-10 07:00:00,899.58,6,Cloudy,Low,Completed
O00888,C00842,R0100,2025-02-01 02:00:00,1121.8,5,Cloudy,High,Completed
O00889,C01060,R0001,2025-03-02 05:00:00,189.94,2,Clear,Low,Completed
O00890,C01531,R0043,2025-02-25 10:00:00,1736.37,4,Clear,Low,Completed
O00891,C01923,R0055,2025-01-11 20:00:00,424.09,1,Rainy,High,Completed
O00892,C01257,R0040,2025-02-22 14:00:00,784.29,3,Clear,Medium,Completed
O00893,C01752,R0064,2025-02-08 23:00:00,236.61,6,Cloudy,Medium,Completed
O00894,C00497,R0034,2025-03-16 21:00:00,359.91,4,Cloudy,High,Completed
O00895,C00206,R0034,2025-01-14 19:00:00,1365.02,3,Clear,Medium,Completed
O00896,C00426,R0048,2025-01-05 18:00:00,1415.92,6,Cloudy,Medium,Completed
O00897,C01965,R0033,2025-01-12 03:00:00,1386.23,3,Clear,Medium,Completed
O00898,C00044,R0068,2025-03-27 19:00:00,1149.06,2,Clear,Low,Completed
O00899,C01115,R0030,2025-01-04 00:00:00,1909.79,3,Cloudy,Medium,Completed
O00900,C01953,R0084,2025-02-12 07:00:00,1063.64,4,Rainy,Medium,Completed
O00901,C01852,R0090,2025-01-08 09:00:00,953.88,1,Cloudy,Low,Completed
O00902,C01494,R0079,2025-03-25 07:00:00,570.34,2,Rainy,Low,Completed
O00903,C00605,R0071,2025-02-02 03:00:00,287.81,5,Clear,High,Completed
O00904,C01491,R0071,2025-02-09 09:00:00,1141.49,1,Cloudy,Medium,Completed
O00905,C01875,R0029,2025-01-17 15:00:00,698.29,4,Clear,High,Completed
O00906,C00454,R0023,2025-01-12 05:00:00,1095.65,2,Clear,Medium,Completed
O00907,C00595,R0034,2025-03-19 07:00:00,491.63,6,Cloudy,High,Completed
O00908,C01357,R0084,2025-03-10 23:00:00,1692.53,6,Clear,Medium,Completed
O00909,C00507,R0015,2025-01-03 10:00:00,1999.42,3,Clear,Medium,Completed
O00910,C00794,R0097,2025-02-06 22:00:00,712.57,1,Rainy,Low,Completed
O00911,C01494,R0053,2025-01-12 01:00:00,1700.42,2,Rainy,Low,Completed
O00912,C00021,R0017,2025-03-30 10:00:00,1758.67,5,Clear,High,Completed
O00913,C01252,R0064,2025-03-26 06:00:00,1992.54,5,Clear,High,Completed
O00914,C01400,R0084,2025-01-22 00:00:00,751.17,5,Clear,Medium,Cancelled
O00915,C01154,R0061,2025-03-22 03:00:00,1536.48,6,Rainy,Low,Completed
O00916,C01711,R0057,2025-01-21 05:00:00,534.74,2,Clear,High,Completed
O00917,C00620,R0077,2025-03-07 03:00:00,1287.11,1,Clear,High,Completed
O00918,C00414,R0088,2025-02-18 01:00:00,1439.2,3,Cloudy,Low,Completed
O00919,C01819,R0037,2025-01-03 17:00:00,1508.13,1,Clear,Low,Completed
O00920,C01095,R0007,2025-02-25 16:00:00,493.63,3,Clear,Low,Completed
O00921,C01428,R0008,2025-01-17 22:00:00,1712.58,1,Clear,Medium,Completed
O00922,C01586,R0087,2025-01-12 12:00:00,899.85,1,Rainy,Medium,Completed
O00923,C01631,R0078,2025-02-23 00:00:00,511.1,2,Rainy,Low,Completed
O00924,C01815,R0068,2025-03-24 00:00:00,1130.81,5,Rainy,Medium,Completed
O00925,C01421,R0021,2025-01-20 04:00:00,1740.38,5,Clear,High,Completed
O00926,C00337,R0061,2025-03-11 11:00:00,1937.47,5,Rainy,Medium,Completed
O00927,C01668,R0074,2025-03-07 22:00:00,1521.59,5,Cloudy,High,Completed
O00928,C01529,R0086,2025-02-09 19:00:00,110.68,1,Clear,High,Completed
O00929,C00910,R0094,2025-01-30 10:00:00,355.93,5,Rainy,High,Completed
O00930,C00276,R0094,2025-01-05 06:00:00,244.92,1,Cloudy,Low,Completed
O00931,C00892,R0080,2025-02-10 11:00:00,292.31,3,Cloudy,Low,Completed
O00932,C00013,R0075,2025-02-25 05:00:00,827.77,4,Cloudy,Medium,Completed
O00933,C01027,R0086,2025-01-07 08:00:00,743.14,4,Rainy,Medium,Completed
O00934,C00978,R0029,2025-02-09 20:00:00,316.0,3,Rainy,Medium,Completed
O00935,C01248,R0025,2025-02-17 01:00:00,1776.25,1,Clear,Low,Cancelled
O00936,C00974,R0058,2025-01-31 09:00:00,1269.31,5,Rainy,Low,Completed
O00937,C00175,R0014,2025-01-04 01:00:00,1613.28,2,Rainy,Medium,Completed
O00938,C01923,R0078,2025-02-05 15:00:00,805.94,1,Clear,Low,Completed
O00939,C01409,R0066,2025-03-07 13:00:00,879.45,1,Clear,High,Completed
O00940,C01626,R0054,2025-01-12 15:00:00,703.48,3,Clear,High,Cancelled
O00941,C01944,R0077,2025-02-02 18:00:00,933.01,3,Cloudy,Low,Completed
O00942,C00241,R0067,2025-01-29 13:00:00,1259.72,2,Cloudy,Medium,Completed
O00943,C00547,R0030,2025-03-07 19:00:00,1036.67,5,Clear,Low,Completed
O00944,C00014,R0018,2025-02-10 08:00:00,1692.04,4,Clear,Medium,Completed
O00945,C01219,R0054,2025-03-26 17:00:00,1810.26,6,Rainy,High,Completed
O00946,C01421,R0100,2025-02-18 13:00:00,992.4,5,Rainy,Low,Completed
O00947,C01455,R0021,2025-02-01 23:00:00,555.52,5,Clear,Medium,Completed
O00948,C01330,R0053,2025-01-27 21:00:00,1895.87,6,Clear,High,Completed
O00949,C01358,R0083,2025-01-02 01:00:00,1496.57,6,Rainy,Low,Cancelled
O00950,C00725,R0016,2025-03-22 14:00:00,1316.24,1,Clear,Low,Completed
O00951,C01434,R0028,2025-03-15 06:00:00,1516.29,2,Clear,Medium,Completed
O00952,C00003,R0004,2025-02-14 23:00:00,244.37,1,Cloudy,Medium,Completed
O00953,C00691,R0055,2025-01-27 12:00:00,228.49,3,Cloudy,High,Completed
O00954,C01576,R0015,2025-01-10 13:00:00,390.93,6,Clear,Medium,Completed
O00955,C01476,R0064,2025-03-29 12:00:00,380.16,4,Rainy,Medium,Completed
O00956,C01700,R0065,2025-01-05 04:00:00,899.27,2,Cloudy,Medium,Completed
O00957,C01843,R0016,2025-03-04 02:00:00,399.07,2,Clear,Low,Completed
O00958,C00747,R0020,2025-02-03 11:00:00,1723.6,5,Clear,Low,Completed
O00959,C00769,R0064,2025-02-06 04:00:00,1198.38,1,Cloudy,Medium,Completed
O00960,C00872,R0033,2025-03-17 18:00:00,799.7,5,Clear,Low,Completed
O00961,C00495,R0081,2025-01-01 01:00:00,232.28,5,Cloudy,High,Completed
O00962,C00417,R0069,2025-01-01 21:00:00,1222.95,2,Clear,Medium,Completed
O00963,C01415,R0069,2025-03-21 07:00:00,321.41,4,Cloudy,High,Completed
O00964,C01397,R0058,2025-01-01 13:00:00,1512.12,3,Rainy,Low,Completed
O00965,C00628,R0039,2025-01-22 14:00:00,1625.24,5,Rainy,Medium,Cancelled
O00966,C01076,R0077,2025-03-22 15:00:00,1133.55,6,Rainy,Low,Cancelled
O00967,C01400,R0036,2025-01-26 15:00:00,384.25,4,Clear,Low,Cancelled
O00968,C01419,R0094,2025-02-10 01:00:00,1595.04,6,Clear,Medium,Completed
O00969,C01947,R0068,2025-01-12 22:00:00,684.87,5,Rainy,Low,Completed
O00970,C01021,R0087,2025-03-22 03:00:00,523.04,4,Clear,High,Completed
O00971,C00142,R0021,2025-02-16 10:00:00,994.06,1,Clear,High,Cancelled
O00972,C01110,R0063,2025-02-04 09:00:00,1853.03,6,Clear,Low,Cancelled
O00973,C01488,R0085,2025-03-29 02:00:00,665.01,3,Rainy,High,Completed
O00974,C00046,R0006,2025-02-15 17:00:00,1820.6,2,Rainy,Low,Completed
O00975,C00844,R0024,2025-02-11 08:00:00,201.94,1,Cloudy,Medium,Cancelled
O00976,C01009,R0053,2025-03-08 00:00:00,258.7,5,Rainy,Low,Cancelled
O00977,C01262,R0095,2025-03-21 07:00:00,1427.27,5,Cloudy,High,Completed
O00978,C00010,R0083,2025-02-06 11:00:00,462.13,3,Clear,High,Completed
O00979,C00664,R0076,2025-01-31 13:00:00,701.58,6,Clear,Medium,Completed
O00980,C00573,R0078,2025-03-20 13:00:00,359.11,6,Clear,Low,Completed
O00981,C01554,R0050,2025-01-06 23:00:00,731.27,3,Rainy,High,Completed
O00982,C01622,R0012,2025-02-16 18:00:00,632.87,3,Clear,Medium,Completed
O00983,C00649,R0056,2025-01-30 03:00:00,1499.04,5,Cloudy,Medium,Completed
O00984,C00913,R0015,2025-01-05 17:00:00,1433.84,5,Rainy,Medium,Completed
O00985,C01766,R0083,2025-01-12 06:00:00,1914.36,2,Clear,Medium,Completed
O00986,C00640,R0092,2025-01-03 14:00:00,1476.4,3,Clear,Low,Completed
O00987,C00616,R0040,2025-02-11 23:00:00,1420.15,4,Cloudy,Medium,Completed
O00988,C00698,R0041,2025-03-01 11:00:00,1418.99,2,Clear,Medium,Completed
O00989,C00909,R0069,2025-03-24 14:00:00,1777.64,4,Cloudy,Medium,Completed
O00990,C00178,R0069,2025-01-14 05:00:00,662.85,1,Clear,High,Completed
O00991,C00869,R0006,2025-02-23 20:00:00,670.18,3,Cloudy,Medium,Completed
O00992,C01030,R0087,2025-02-14 07:00:00,1508.31,2,Clear,Medium,Completed
O00993,C00853,R0067,2025-01-18 05:00:00,534.54,6,Clear,Low,Completed
O00994,C00307,R0033,2025-02-21 21:00:00,1832.84,2,Clear,Medium,Completed
O00995,C00548,R0043,2025-02-24 08:00:00,1116.09,1,Clear,Low,Completed
O00996,C00327,R0021,2025-01-10 08:00:00,670.24,1,Clear,Low,Completed
O00997,C01380,R0084,2025-03-03 16:00:00,1574.59,1,Clear,Medium,Completed
O00998,C01817,R0065,2025-02-19 01:00:00,693.41,2,Cloudy,High,Completed
O00999,C00395,R0017,2025-02-27 08:00:00,1930.23,5,Clear,Medium,Completed
O01000,C00300,R0093,2025-01-26 20:00:00,1967.68,4,Cloudy,Medium,Completed
O01001,C01550,R0008,2025-02-11 23:00:00,1366.91,6,Rainy,Low,Completed
O01002,C00749,R0064,2025-03-24 00:00:00,315.9,6,Clear,High,Completed
O01003,C00285,R0090,2025-02-20 21:00:00,600.1,4,Clear,Low,Completed
O01004,C00330,R0028,2025-02-24 03:00:00,1079.29,6,Clear,High,Completed
O01005,C00050,R0098,2025-02-19 19:00:00,1717.75,1,Cloudy,Low,Completed
O01006,C00773,R0090,2025-01-22 03:00:00,451.28,6,Rainy,Low,Cancelled
O01007,C01992,R0013,2025-01-17 20:00:00,298.37,5,Cloudy,Medium,Completed
O01008,C01646,R0013,2025-02-23 22:00:00,241.51,5,Clear,High,Completed
O01009,C01733,R0038,2025-03-23 14:00:00,1063.24,1,Cloudy,Low,Completed
O01010,C00378,R0025,2025-01-28 15:00:00,1780.93,3,Cloudy,Low,Completed
O01011,C01788,R0062,2025-03-10 17:00:00,180.48,2,Clear,Low,Completed
O01012,C01624,R0023,2025-02-28 16:00:00,503.41,3,Clear,Medium,Completed
O01013,C01000,R0086,2025-03-15 05:00:00,1417.19,5,Cloudy,Medium,Completed
O01014,C01849,R0021,2025-03-20 01:00:00,1669.14,1,Rainy,Low,Completed
O01015,C01562,R0054,2025-02-24 23:00:00,1634.06,2,Cloudy,Medium,Completed
O01016,C00774,R0063,2025-02-28 14:00:00,1591.63,4,Cloudy,Medium,Completed
O01017,C01168,R0030,2025-03-01 02:00:00,346.62,6,Rainy,Medium,Completed
O01018,C01084,R0075,2025-03-07 17:00:00,854.75,5,Cloudy,Low,Completed
O01019,C00868,R0068,2025-02-23 11:00:00,1971.01,2,Clear,Medium,Cancelled
O01020,C01804,R0097,2025-01-12 16:00:00,1978.89,2,Rainy,Medium,Completed
O01021,C01099,R0076,2025-02-20 15:00:00,1244.61,3,Clear,High,Completed
O01022,C00003,R0073,2025-01-27 12:00:00,1447.61,4,Clear,Medium,Completed
O01023,C01599,R0032,2025-03-02 11:00:00,1907.44,3,Rainy,Low,Completed
O01024,C00748,R0075,2025-02-03 15:00:00,954.86,3,Rainy,High,Completed
O01025,C01472,R0024,2025-01-18 20:00:00,360.05,3,Rainy,High,Completed
O01026,C01982,R0007,2025-02-28 23:00:00,1371.0,3,Clear,Low,Completed
O01027,C01765,R0072,2025-01-28 16:00:00,1924.19,5,Cloudy,High,Completed
O01028,C01926,R0097,2025-02-01 05:00:00,1424.69,4,Clear,High,Completed
O01029,C00275,R0089,2025-01-27 12:00:00,1626.31,3,Clear,Medium,Completed
O01030,C01554,R0001,2025-03-30 22:00:00,903.22,5,Clear,Low,Completed
O01031,C01616,R0003,2025-01-22 10:00:00,283.28,6,Clear,High,Completed
O01032,C00215,R0028,2025-02-11 19:00:00,420.88,5,Clear,Low,Completed
O01033,C01707,R0043,2025-02-25 00:00:00,1967.04,2,Rainy,Medium,Completed
O01034,C01509,R0097,2025-02-26 22:00:00,1037.05,2,Clear,Medium,Completed
O01035,C00329,R0046,2025-01-15 04:00:00,122.84,1,Clear,Medium,Completed
O01036,C00255,R0001,2025-03-03 20:00:00,1915.2,5,Cloudy,High,Completed
O01037,C01411,R0038,2025-02-28 23:00:00,1045.78,1,Rainy,High,Completed
O01038,C00126,R0091,2025-03-07 00:00:00,1688.91,5,Clear,High,Completed
O01039,C00767,R0035,2025-03-07 14:00:00,1142.07,3,Clear,Medium,Completed
O01040,C01608,R0074,2025-03-27 12:00:00,293.23,3,Clear,Low,Completed
O01041,C01574,R0076,2025-03-26 11:00:00,1269.58,1,Cloudy,Low,Cancelled
O01042,C01348,R0074,2025-01-14 03:00:00,1995.06,3,Clear,Medium,Completed
O01043,C01228,R0054,2025-03-18 21:00:00,166.0,3,Cloudy,High,Completed
O01044,C01196,R0098,2025-02-15 21:00:00,1699.41,2,Clear,Medium,Completed
O01045,C01759,R0024,2025-01-23 02:00:00,547.41,3,Cloudy,Medium,Cancelled
O01046,C00217,R0028,2025-03-19 11:00:00,848.35,2,Cloudy,Low,Completed
O01047,C01269,R0022,2025-01-28 13:00:00,808.15,4,Clear,Medium,Cancelled
O01048,C01360,R0016,2025-02-23 23:00:00,1807.71,5,Clear,Low,Completed
O01049,C01727,R0013,2025-02-20 19:00:00,1058.52,2,Cloudy,High,Completed
O01050,C01322,R0100,2025-01-06 06:00:00,949.63,6,Rainy,High,Completed
O01051,C00832,R0100,2025-01-15 12:00:00,1654.25,6,Clear,Low,Completed
O01052,C00182,R0062,2025-03-15 14:00:00,192.92,2,Clear,Medium,Completed
O01053,C00334,R0043,2025-02-14 11:00:00,264.27,2,Clear,Low,Completed
O01054,C00511,R0087,2025-01-31 07:00:00,141.21,6,Clear,Medium,Completed
O01055,C00383,R0078,2025-01-11 03:00:00,1407.17,5,Rainy,Low,Completed
O01056,C01741,R0032,2025-03-27 16:00:00,1098.67,5,Cloudy,High,Completed
O01057,C01897,R0067,2025-03-16 09:00:00,1764.44,5,Clear,Low,Completed
O01058,C01223,R0091,2025-01-30 15:00:00,1047.21,6,Rainy,Medium,Completed
O01059,C00332,R0083,2025-01-04 13:00:00,521.46,3,Clear,Medium,Completed
O01060,C01189,R0086,2025-03-04 20:00:00,1629.78,2,Clear,Medium,Completed
O01061,C01266,R0057,2025-01-12 06:00:00,659.22,5,Clear,Low,Completed
O01062,C00900,R0065,2025-03-16 21:00:00,1877.81,4,Clear,Medium,Completed
O01063,C00642,R0069,2025-02-13 11:00:00,575.81,6,Clear,Medium,Completed
O01064,C01251,R0049,2025-02-04 21:00:00,418.67,5,Clear,High,Cancelled
O01065,C00634,R0033,2025-03-16 00:00:00,1037.32,1,Cloudy,Medium,Cancelled
O01066,C01580,R0019,2025-02-09 00:00:00,195.98,1,Clear,Low,Cancelled
O01067,C00451,R0036,2025-02-25 13:00:00,169.18,2,Clear,Low,Completed
O01068,C00196,R0070,2025-03-18 08:00:00,1042.43,2,Cloudy,Low,Completed
O01069,C01894,R0015,2025-03-10 18:00:00,508.7,2,Cloudy,Medium,Completed
O01070,C01228,R0100,2025-01-14 06:00:00,117.77,3,Clear,Low,Completed
O01071,C00458,R0097,2025-03-06 00:00:00,662.51,6,Clear,Low,Completed
O01072,C00830,R0024,2025-02-13 16:00:00,1007.0,1,Clear,Low,Completed
O01073,C00257,R0027,2025-01-06 22:00:00,849.15,1,Clear,Medium,Completed
O01074,C01553,R0049,2025-03-14 04:00:00,357.39,2,Clear,Medium,Completed
O01075,C01296,R0075,2025-02-18 20:00:00,1201.38,6,Clear,Medium,Completed
O01076,C00009,R0023,2025-03-13 12:00:00,1449.63,1,Clear,Low,Completed
O01077,C00761,R0033,2025-01-16 02:00:00,1383.52,1,Cloudy,Low,Completed
O01078,C00949,R0041,2025-01-28 01:00:00,848.15,3,Clear,High,Completed
O01079,C01225,R0056,2025-01-23 20:00:00,361.43,4,Cloudy,Low,Completed
O01080,C01083,R0029,2025-02-17 07:00:00,1049.02,2,Clear,Low,Completed
O01081,C00887,R0031,2025-01-11 22:00:00,1791.82,4,Clear,Medium,Completed
O01082,C00393,R0065,2025-02-20 01:00:00,990.57,4,Cloudy,Low,Completed
O01083,C01676,R0098,2025-02-01 21:00:00,471.79,3,Clear,Low,Completed
O01084,C01143,R0018,2025-03-27 08:00:00,276.8,1,Clear,Medium,Cancelled
O01085,C01577,R0082,2025-02-06 11:00:00,1893.46,2,Rainy,Low,Completed
O01086,C00399,R0006,2025-03-19 11:00:00,1511.72,5,Rainy,Medium,Completed
O01087,C01858,R0052,2025-02-18 00:00:00,694.64,4,Cloudy,Medium,Completed
O01088,C00331,R0040,2025-03-22 02:00:00,661.17,6,Clear,Low,Cancelled
O01089,C01291,R0065,2025-01-27 04:00:00,1800.92,4,Clear,Low,Completed
O01090,C01544,R0042,2025-03-05 13:00:00,437.38,3,Clear,Medium,Completed
O01091,C01719,R0094,2025-03-13 20:00:00,1116.57,4,Clear,High,Completed
O01092,C00480,R0068,2025-01-28 04:00:00,1455.66,4,Clear,Medium,Completed
O01093,C00134,R0032,2025-03-26 20:00:00,853.14,4,Cloudy,Medium,Completed
O01094,C01717,R0010,2025-02-17 00:00:00,175.81,3,Rainy,Low,Completed
O01095,C00916,R0069,2025-01-20 09:00:00,532.74,1,Rainy,Medium,Completed
O01096,C00935,R0009,2025-02-01 19:00:00,1813.44,6,Rainy,Low,Completed
O01097,C00355,R0069,2025-02-12 11:00:00,1093.93,4,Clear,Medium,Completed
O01098,C00584,R0061,2025-02-08 16:00:00,1649.34,2,Cloudy,Medium,Completed
O01099,C01522,R0011,2025-02-27 13:00:00,1155.8,6,Rainy,Low,Completed
O01100,C00625,R0099,2025-01-29 02:00:00,1892.84,4,Cloudy,Medium,Completed
O01101,C01131,R0091,2025-02-12 00:00:00,1827.35,4,Clear,Medium,Cancelled
O01102,C00290,R0068,2025-02-21 02:00:00,1017.49,2,Rainy,High,Completed
O01103,C00825,R0074,2025-03-10 03:00:00,704.72,3,Cloudy,Medium,Completed
O01104,C00629,R0097,2025-01-12 16:00:00,1243.17,5,Clear,Medium,Completed
O01105,C01019,R0008,2025-02-23 08:00:00,1382.29,2,Clear,Low,Completed
O01106,C00632,R0049,2025-01-14 11:00:00,1046.87,5,Clear,High,Completed
O01107,C01171,R0024,2025-03-12 05:00:00,1662.34,1,Cloudy,Low,Completed
O01108,C00327,R0033,2025-02-15 05:00:00,448.32,1,Clear,Low,Completed
O01109,C01439,R0019,2025-01-23 13:00:00,735.38,4,Clear,Low,Completed
O01110,C00210,R0002,2025-02-25 07:00:00,1404.12,6,Rainy,High,Completed
O01111,C01320,R0055,2025-03-17 10:00:00,568.7,4,Rainy,Low,Completed
O01112,C01422,R0011,2025-01-27 14:00:00,935.71,3,Cloudy,High,Completed
O01113,C01127,R0099,2025-01-19 03:00:00,1931.09,5,Cloudy,Low,Completed
O01114,C00636,R0017,2025-03-01 13:00:00,1289.16,1,Cloudy,High,Completed
O01115,C01781,R0042,2025-02-10 01:00:00,1903.21,1,Rainy,Low,Completed
O01116,C01532,R0061,2025-02-18 05:00:00,1472.64,4,Rainy,Medium,Completed
O01117,C01915,R0003,2025-02-08 04:00:00,1476.87,4,Cloudy,Low,Completed
O01118,C00868,R0086,2025-03-04 11:00:00,1224.53,3,Clear,Medium,Completed
O01119,C01233,R0035,2025-01-06 08:00:00,370.2,4,Clear,Medium,Completed
O01120,C01957,R0085,2025-01-13 15:00:00,1087.46,6,Cloudy,Low,Completed
O01121,C00428,R0089,2025-02-08 04:00:00,580.07,4,Rainy,Low,Completed
O01122,C00393,R0066,2025-02-19 09:00:00,1997.48,6,Cloudy,Low,Completed
O01123,C00826,R0001,2025-02-08 09:00:00,607.23,6,Cloudy,Medium,Completed
O01124,C00916,R0007,2025-02-14 03:00:00,538.3,3,Clear,Low,Completed
O01125,C01133,R0020,2025-02-22 02:00:00,1285.38,4,Clear,High,Completed
O01126,C01913,R0043,2025-01-25 16:00:00,1070.8,6,Clear,High,Completed
O01127,C00348,R0006,2025-03-29 06:00:00,140.57,6,Rainy,Low,Completed
O01128,C00050,R0055,2025-02-09 03:00:00,346.11,4,Cloudy,Low,Completed
O01129,C00916,R0100,2025-03-07 02:00:00,1640.98,4,Clear,High,Completed
O01130,C01129,R0021,2025-02-11 17:00:00,1019.01,5,Clear,Low,Completed
O01131,C01444,R0051,2025-03-09 02:00:00,377.43,1,Clear,Medium,Completed
O01132,C01397,R0046,2025-03-09 19:00:00,983.96,2,Clear,Medium,Completed
O01133,C01051,R0035,2025-03-08 13:00:00,580.98,1,Clear,Medium,Completed
O01134,C00968,R0100,2025-02-15 23:00:00,524.82,5,Rainy,High,Completed
O01135,C00800,R0008,2025-03-23 11:00:00,1919.68,2,Rainy,Medium,Completed
O01136,C01793,R0068,2025-01-06 09:00:00,787.85,1,Clear,Medium,Cancelled
O01137,C01297,R0016,2025-01-02 04:00:00,188.22,3,Clear,Medium,Completed
O01138,C01017,R0067,2025-02-21 01:00:00,1943.62,5,Rainy,Low,Completed
O01139,C00649,R0071,2025-02-22 12:00:00,1610.2,3,Cloudy,High,Completed
O01140,C01364,R0064,2025-03-09 23:00:00,583.39,3,Cloudy,Medium,Completed
O01141,C00301,R0002,2025-02-03 06:00:00,876.89,1,Cloudy,Low,Completed
O01142,C01504,R0001,2025-02-26 18:00:00,1738.35,6,Clear,High,Completed
O01143,C01858,R0058,2025-03-01 06:00:00,779.09,2,Rainy,Medium,Cancelled
O01144,C01568,R0001,2025-01-05 03:00:00,1178.07,6,Cloudy,Low,Completed
O01145,C01581,R0007,2025-03-22 19:00:00,1116.23,4,Cloudy,Low,Completed
O01146,C01289,R0088,2025-01-18 13:00:00,862.46,4,Clear,Medium,Completed
O01147,C01566,R0069,2025-01-29 21:00:00,1315.05,5,Rainy,Low,Completed
O01148,C01620,R0085,2025-01-30 09:00:00,999.25,3,Clear,High,Completed
O01149,C00166,R0092,2025-01-01 17:00:00,140.34,5,Rainy,High,Completed
O01150,C00316,R0018,2025-02-12 22:00:00,1647.33,1,Rainy,Medium,Completed
O01151,C00001,R0088,2025-01-16 19:00:00,315.0,3,Rainy,Medium,Completed
O01152,C01020,R0032,2025-01-05 17:00:00,981.77,4,Cloudy,High,Completed
O01153,C01785,R0045,2025-03-09 11:00:00,1201.81,1,Cloudy,Low,Completed
O01154,C01285,R0033,2025-02-05 10:00:00,1440.46,1,Rainy,Medium,Completed
O01155,C00063,R0074,2025-03-21 00:00:00,880.51,6,Rainy,Low,Completed
O01156,C00483,R0073,2025-02-10 15:00:00,1497.54,5,Rainy,Medium,Completed
O01157,C01700,R0049,2025-01-04 20:00:00,349.57,5,Clear,High,Completed
O01158,C01345,R0033,2025-03-05 03:00:00,1341.55,6,Clear,Low,Completed
O01159,C01870,R0097,2025-02-16 21:00:00,1670.04,2,Rainy,High,Completed
O01160,C01225,R0071,2025-01-21 12:00:00,1789.94,4,Cloudy,Medium,Completed
O01161,C00222,R0068,2025-03-04 20:00:00,1201.18,4,Clear,High,Completed
O01162,C00152,R0028,2025-03-26 19:00:00,694.5,5,Clear,High,Cancelled
O01163,C00644,R0087,2025-01-07 22:00:00,410.38,4,Clear,High,Completed
O01164,C00626,R0053,2025-01-06 19:00:00,756.56,4,Rainy,High,Completed
O01165,C01486,R0096,2025-01-04 21:00:00,1125.95,1,Cloudy,Low,Completed
O01166,C00217,R0044,2025-01-24 23:00:00,473.03,6,Clear,Medium,Completed
O01167,C00196,R0080,2025-01-26 05:00:00,1909.78,6,Cloudy,Low,Completed
O01168,C01817,R0055,2025-03-17 18:00:00,1804.56,3,Rainy,Medium,Completed
O01169,C01226,R0010,2025-02-18 03:00:00,162.62,3,Clear,Medium,Completed
O01170,C00995,R0014,2025-01-25 07:00:00,1167.73,2,Clear,High,Completed
O01171,C01015,R0036,2025-02-03 23:00:00,1599.69,3,Clear,Medium,Completed
O01172,C00647,R0034,2025-03-22 07:00:00,566.24,6,Cloudy,Medium,Completed
O01173,C01258,R0088,2025-03-05 23:00:00,1095.4,4,Rainy,Low,Completed
O01174,C01165,R0018,2025-02-10 02:00:00,871.38,6,Clear,High,Completed
O01175,C00708,R0016,2025-02-14 19:00:00,473.44,1,Clear,Medium,Completed
O01176,C01522,R0037,2025-03-27 07:00:00,1268.0,6,Clear,High,Completed
O01177,C01579,R0041,2025-02-24 17:00:00,1988.02,3,Cloudy,High,Completed
O01178,C01081,R0025,2025-01-19 13:00:00,794.05,4,Rainy,High,Completed
O01179,C01956,R0008,2025-03-05 02:00:00,1149.52,6,Clear,Medium,Completed
O01180,C01528,R0088,2025-02-14 11:00:00,722.92,4,Cloudy,High,Completed
O01181,C01166,R0084,2025-02-06 17:00:00,1766.2,5,Rainy,Medium,Completed
O01182,C00722,R0094,2025-02-09 00:00:00,1742.75,6,Clear,Medium,Completed
O01183,C01608,R0084,2025-03-23 04:00:00,439.67,5,Cloudy,Medium,Completed
O01184,C01760,R0018,2025-03-06 13:00:00,1809.9,3,Clear,Low,Completed
O01185,C01563,R0068,2025-01-20 05:00:00,387.87,5,Clear,Medium,Cancelled
O01186,C00640,R0048,2025-01-05 04:00:00,281.34,4,Clear,Medium,Cancelled
O01187,C00106,R0100,2025-01-17 23:00:00,1340.58,4,Cloudy,High,Completed
O01188,C00165,R0070,2025-03-14 11:00:00,833.22,5,Clear,Medium,Completed
O01189,C00215,R0067,2025-01-11 18:00:00,1108.41,1,Cloudy,Medium,Completed
O01190,C01095,R0018,2025-01-22 04:00:00,1339.88,5,Clear,Medium,Completed
O01191,C01740,R0018,2025-03-12 10:00:00,200.39,1,Cloudy,Low,Completed
O01192,C01689,R0056,2025-01-13 20:00:00,656.61,5,Rainy,Medium,Completed
O01193,C01603,R0023,2025-01-27 00:00:00,975.72,4,Clear,Medium,Cancelled
O01194,C00090,R0035,2025-01-29 06:00:00,606.52,6,Cloudy,High,Completed
O01195,C01796,R0006,2025-02-23 11:00:00,193.05,4,Cloudy,Medium,Completed
O01196,C00874,R0026,2025-03-12 00:00:00,264.69,5,Clear,Medium,Completed
O01197,C01252,R0085,2025-01-31 21:00:00,1623.32,2,Clear,Low,Completed
O01198,C01103,R0061,2025-02-07 18:00:00,1831.63,1,Clear,Low,Completed
O01199,C00608,R0088,2025-01-12 03:00:00,389.24,2,Clear,Medium,Completed
O01200,C00349,R0015,2025-03-26 14:00:00,573.6,4,Clear,High,Completed
O01201,C01866,R0091,2025-02-09 03:00:00,1339.27,1,Rainy,High,Completed
O01202,C00894,R0032,2025-02-03 18:00:00,1913.12,6,Clear,Medium,Cancelled
O01203,C00246,R0012,2025-02-20 00:00:00,669.22,5,Clear,Medium,Completed
O01204,C00272,R0005,2025-02-22 11:00:00,1724.91,1,Clear,Low,Completed
O01205,C00403,R0064,2025-02-16 12:00:00,1061.45,1,Rainy,Low,Completed
O01206,C01693,R0071,2025-03-18 10:00:00,1917.46,3,Clear,High,Completed
O01207,C01140,R0086,2025-02-07 10:00:00,358.89,6,Rainy,High,Completed
O01208,C01459,R0027,2025-02-08 12:00:00,1949.98,1,Clear,Low,Completed
O01209,C01554,R0079,2025-03-16 14:00:00,937.86,6,Cloudy,Medium,Cancelled
O01210,C01466,R0045,2025-02-14 02:00:00,1910.58,4,Clear,Medium,Completed
O01211,C01196,R0035,2025-01-29 15:00:00,971.51,6,Clear,Low,Completed
O01212,C01040,R0026,2025-03-03 17:00:00,1107.16,2,Cloudy,High,Completed
O01213,C00961,R0023,2025-03-04 06:00:00,1629.07,2,Clear,Low,Completed
O01214,C01776,R0013,2025-03-23 14:00:00,1472.99,6,Clear,High,Completed
O01215,C00898,R0090,2025-02-02 19:00:00,1277.25,5,Cloudy,High,Completed
O01216,C01080,R0003,2025-01-17 14:00:00,892.26,3,Rainy,Medium,Completed
O01217,C01615,R0029,2025-01-16 01:00:00,1605.63,2,Clear,High,Completed
O01218,C01127,R0066,2025-01-09 11:00:00,1901.63,2,Clear,Low,Completed
O01219,C00284,R0064,2025-01-31 06:00:00,118.64,1,Cloudy,Medium,Completed
O01220,C01729,R0028,2025-03-26 22:00:00,1216.91,6,Cloudy,Medium,Completed
O01221,C00517,R0087,2025-03-10 08:00:00,1745.36,4,Cloudy,High,Completed
O01222,C00618,R0036,2025-03-08 20:00:00,1340.91,6,Cloudy,Medium,Completed
O01223,C01302,R0006,2025-02-01 22:00:00,1621.58,6,Cloudy,Medium,Completed
O01224,C01909,R0011,2025-02-22 06:00:00,1800.62,4,Clear,Low,Completed
O01225,C00612,R0038,2025-02-21 02:00:00,1526.81,5,Rainy,High,Completed
O01226,C00750,R0034,2025-01-17 10:00:00,1462.33,4,Clear,High,Completed
O01227,C01293,R0081,2025-01-11 07:00:00,1933.02,2,Clear,High,Completed
O01228,C01857,R0067,2025-02-08 01:00:00,1741.0,1,Clear,High,Completed
O01229,C00400,R0046,2025-03-01 03:00:00,1649.22,4,Clear,Low,Completed
O01230,C01527,R0098,2025-03-17 18:00:00,264.17,3,Clear,Low,Completed
O01231,C00086,R0086,2025-01-15 19:00:00,554.16,3,Cloudy,High,Completed
O01232,C00320,R0029,2025-01-11 00:00:00,1157.84,3,Clear,High,Completed
O01233,C01056,R0060,2025-03-21 14:00:00,1448.16,4,Rainy,Medium,Completed
O01234,C00336,R0054,2025-01-26 20:00:00,676.11,1,Cloudy,Medium,Completed
O01235,C00051,R0093,2025-03-07 02:00:00,277.32,4,Clear,Medium,Completed
O01236,C01103,R0069,2025-02-05 14:00:00,691.09,2,Clear,Medium,Completed
O01237,C01722,R0074,2025-02-16 01:00:00,1564.96,4,Clear,Medium,Completed
O01238,C00174,R0074,2025-02-26 06:00:00,1767.06,6,Clear,Low,Completed
O01239,C01972,R0009,2025-02-14 04:00:00,1834.52,3,Rainy,Low,Completed
O01240,C01642,R0085,2025-01-16 21:00:00,819.85,3,Clear,Medium,Completed
O01241,C00501,R0077,2025-03-22 15:00:00,807.82,6,Cloudy,Low,Completed
O01242,C01599,R0010,2025-03-28 22:00:00,872.74,1,Rainy,High,Completed
O01243,C00076,R0075,2025-02-17 04:00:00,814.04,5,Clear,High,Completed
O01244,C00316,R0068,2025-03-28 15:00:00,1365.77,3,Cloudy,Medium,Completed
O01245,C01857,R0058,2025-02-09 08:00:00,780.81,3,Cloudy,Low,Completed
O01246,C01397,R0095,2025-03-14 16:00:00,138.65,5,Rainy,Medium,Completed
O01247,C01105,R0052,2025-01-05 09:00:00,934.15,4,Clear,Medium,Completed
O01248,C01897,R0034,2025-01-09 13:00:00,525.89,3,Rainy,Low,Completed
O01249,C01664,R0035,2025-02-04 18:00:00,154.73,1,Clear,Medium,Completed
O01250,C01719,R0033,2025-01-04 16:00:00,994.6,4,Cloudy,Medium,Completed
O01251,C01779,R0072,2025-02-14 16:00:00,491.31,4,Clear,High,Completed
O01252,C00697,R0032,2025-02-07 07:00:00,960.21,3,Rainy,Medium,Completed
O01253,C01010,R0055,2025-03-08 12:00:00,627.72,4,Clear,Medium,Cancelled
O01254,C00732,R0097,2025-02-19 18:00:00,1247.05,4,Cloudy,High,Completed
O01255,C01095,R0008,2025-01-06 22:00:00,1982.67,1,Rainy,Medium,Completed
O01256,C00969,R0046,2025-01-09 14:00:00,1139.74,4,Clear,High,Completed
O01257,C00854,R0014,2025-03-27 12:00:00,1329.1,6,Clear,Low,Completed
O01258,C00666,R0098,2025-01-09 18:00:00,1846.62,3,Clear,Medium,Completed
O01259,C01781,R0008,2025-01-02 04:00:00,810.6,3,Clear,Low,Completed
O01260,C00652,R0071,2025-02-20 13:00:00,416.44,6,Clear,Medium,Completed
O01261,C01095,R0077,2025-01-08 19:00:00,637.31,6,Clear,High,Completed
O01262,C00046,R0054,2025-03-19 12:00:00,865.31,6,Clear,High,Completed
O01263,C01071,R0021,2025-02-18 21:00:00,1325.53,5,Cloudy,High,Completed
O01264,C01615,R0096,2025-03-26 16:00:00,108.72,2,Clear,Medium,Completed
O01265,C01446,R0075,2025-02-27 21:00:00,1721.43,5,Rainy,Low,Completed
O01266,C00149,R0014,2025-01-07 12:00:00,244.58,1,Rainy,Low,Completed
O01267,C00910,R0075,2025-03-30 15:00:00,1811.24,1,Cloudy,Low,Completed
O01268,C01154,R0002,2025-03-20 19:00:00,1903.93,3,Rainy,Medium,Completed
O01269,C00456,R0098,2025-02-24 00:00:00,1981.2,2,Rainy,Medium,Completed
O01270,C01663,R0061,2025-03-14 13:00:00,1638.07,5,Cloudy,Medium,Completed
O01271,C00877,R0017,2025-03-17 13:00:00,369.53,2,Rainy,High,Completed
O01272,C01655,R0078,2025-01-10 15:00:00,1441.72,3,Rainy,Medium,Completed
O01273,C00966,R0089,2025-01-07 15:00:00,486.31,4,Clear,Low,Completed
O01274,C00869,R0048,2025-01-15 07:00:00,1804.54,3,Clear,Low,Completed
O01275,C01529,R0091,2025-01-09 12:00:00,701.55,3,Clear,High,Completed
O01276,C00929,R0008,2025-01-13 16:00:00,720.91,2,Cloudy,High,Completed
O01277,C01024,R0056,2025-02-27 15:00:00,1843.54,1,Cloudy,Low,Completed
O01278,C01001,R0017,2025-01-17 15:00:00,125.14,4,Rainy,High,Completed
O01279,C00774,R0069,2025-02-11 01:00:00,468.54,4,Cloudy,Medium,Completed
O01280,C00244,R0012,2025-03-17 05:00:00,901.67,1,Clear,High,Completed
O01281,C00474,R0038,2025-02-09 15:00:00,1431.37,2,Clear,High,Completed
O01282,C00382,R0018,2025-03-02 04:00:00,1330.38,2,Clear,High,Cancelled
O01283,C01127,R0026,2025-03-29 08:00:00,1371.88,1,Clear,Medium,Completed
O01284,C00489,R0095,2025-01-09 13:00:00,1772.04,5,Rainy,Low,Completed
O01285,C01061,R0037,2025-02-21 17:00:00,329.96,2,Cloudy,Low,Completed
O01286,C01678,R0070,2025-03-18 17:00:00,1092.11,1,Rainy,Medium,Completed
O01287,C01573,R0041,2025-03-02 19:00:00,1478.41,5,Rainy,Low,Completed
O01288,C01544,R0079,2025-02-26 01:00:00,1308.63,3,Clear,Low,Completed
O01289,C01767,R0042,2025-01-10 14:00:00,951.8,4,Clear,Low,Completed
O01290,C01357,R0090,2025-03-04 22:00:00,132.52,1,Clear,Medium,Cancelled
O01291,C00397,R0076,2025-02-06 18:00:00,214.86,2,Clear,Medium,Completed
O01292,C00296,R0041,2025-03-04 21:00:00,325.99,4,Clear,High,Completed
O01293,C00107,R0047,2025-01-19 00:00:00,752.13,5,Clear,High,Completed
O01294,C00860,R0014,2025-02-20 08:00:00,323.54,4,Clear,High,Completed
O01295,C00954,R0001,2025-02-17 14:00:00,909.56,6,Cloudy,High,Completed
O01296,C00530,R0017,2025-03-17 17:00:00,439.42,1,Clear,High,Completed
O01297,C01849,R0097,2025-02-11 23:00:00,1580.42,3,Clear,High,Completed
O01298,C01107,R0055,2025-01-26 17:00:00,1755.83,5,Clear,High,Completed
O01299,C00934,R0093,2025-01-17 12:00:00,840.33,5,Clear,Low,Completed
O01300,C00288,R0053,2025-01-14 05:00:00,1071.53,5,Cloudy,High,Completed
O01301,C00706,R0031,2025-01-20 00:00:00,1911.64,4,Rainy,Low,Completed
O01302,C01485,R0062,2025-01-21 20:00:00,1117.46,3,Clear,Medium,Completed
O01303,C00215,R0008,2025-01-14 10:00:00,1990.64,1,Clear,Medium,Completed
O01304,C01305,R0030,2025-02-11 15:00:00,370.05,1,Cloudy,Medium,Completed
O01305,C00732,R0077,2025-02-06 13:00:00,1738.23,4,Clear,Medium,Completed
O01306,C01978,R0080,2025-01-29 06:00:00,1044.69,6,Clear,Medium,Completed
O01307,C01483,R0066,2025-03-27 21:00:00,143.16,1,Rainy,Medium,Completed
O01308,C01825,R0045,2025-02-11 19:00:00,1947.22,1,Clear,Medium,Completed
O01309,C00344,R0018,2025-01-07 10:00:00,1933.59,3,Clear,Low,Completed
O01310,C00194,R0099,2025-01-05 04:00:00,828.21,4,Clear,Medium,Completed
O01311,C00158,R0045,2025-02-14 10:00:00,1912.87,4,Clear,Medium,Completed
O01312,C00465,R0019,2025-02-25 14:00:00,367.92,5,Clear,Medium,Cancelled
O01313,C00104,R0077,2025-01-26 20:00:00,1392.21,1,Clear,Low,Cancelled
O01314,C00034,R0068,2025-03-09 20:00:00,464.67,2,Cloudy,Medium,Completed
O01315,C01126,R0083,2025-02-12 06:00:00,568.63,6,Clear,High,Completed
O01316,C00639,R0050,2025-03-23 07:00:00,1580.74,3,Clear,Medium,Completed
O01317,C01750,R0025,2025-01-17 18:00:00,816.98,3,Cloudy,Medium,Cancelled
O01318,C00325,R0038,2025-02-18 19:00:00,113.54,6,Clear,Low,Cancelled
O01319,C01968,R0095,2025-03-28 11:00:00,887.05,6,Clear,Medium,Cancelled
O01320,C01832,R0036,2025-01-11 18:00:00,533.33,2,Clear,Medium,Completed
O01321,C00691,R0068,2025-01-26 19:00:00,1398.33,5,Cloudy,High,Completed
O01322,C00592,R0056,2025-03-03 01:00:00,469.45,2,Cloudy,Low,Completed
O01323,C00141,R0039,2025-03-24 05:00:00,1700.28,6,Clear,High,Completed
O01324,C00474,R0063,2025-03-23 17:00:00,607.48,6,Clear,Medium,Completed
O01325,C01055,R0007,2025-03-10 20:00:00,846.75,2,Rainy,Medium,Completed
O01326,C00884,R0058,2025-02-06 11:00:00,666.27,5,Clear,High,Completed
O01327,C01959,R0080,2025-03-06 14:00:00,1323.45,2,Rainy,Low,Completed
O01328,C00063,R0059,2025-02-21 10:00:00,292.21,5,Clear,Low,Completed
O01329,C01584,R0048,2025-01-23 14:00:00,1008.39,6,Cloudy,High,Completed
O01330,C01111,R0005,2025-01-19 20:00:00,735.46,6,Clear,High,Completed
O01331,C00304,R0087,2025-01-17 19:00:00,1779.86,6,Clear,High,Completed
O01332,C01085,R0036,2025-02-12 10:00:00,239.48,1,Cloudy,Low,Completed
O01333,C00396,R0096,2025-03-01 12:00:00,1676.42,5,Clear,Medium,Completed
O01334,C00334,R0088,2025-02-06 18:00:00,418.59,6,Clear,Medium,Completed
O01335,C01976,R0025,2025-03-19 03:00:00,268.3,4,Clear,High,Completed
O01336,C00786,R0045,2025-01-24 22:00:00,484.41,4,Clear,Low,Completed
O01337,C00411,R0092,2025-03-02 18:00:00,295.04,2,Clear,High,Completed
O01338,C00284,R0019,2025-03-04 11:00:00,1089.87,4,Clear,Medium,Completed
O01339,C00466,R0007,2025-03-04 03:00:00,1977.61,5,Rainy,Medium,Completed
O01340,C00080,R0058,2025-02-18 10:00:00,165.22,1,Clear,Low,Completed
O01341,C01716,R0081,2025-01-05 14:00:00,976.14,5,Cloudy,Low,Completed
O01342,C00784,R0066,2025-01-29 09:00:00,833.53,3,Cloudy,Medium,Cancelled
O01343,C01101,R0080,2025-02-02 00:00:00,745.25,2,Rainy,Low,Completed
O01344,C01978,R0039,2025-01-12 14:00:00,730.54,6,Cloudy,Medium,Completed
O01345,C00733,R0018,2025-01-16 02:00:00,1800.52,1,Cloudy,High,Completed
O01346,C01929,R0001,2025-03-10 16:00:00,136.05,2,Clear,High,Completed
O01347,C01818,R0063,2025-03-01 15:00:00,1572.34,3,Cloudy,Low,Completed
O01348,C01564,R0003,2025-02-19 22:00:00,580.57,4,Cloudy,Medium,Completed
O01349,C01385,R0021,2025-01-26 00:00:00,828.26,3,Clear,Low,Completed
O01350,C00077,R0030,2025-02-18 06:00:00,898.28,4,Clear,Medium,Completed
O01351,C00509,R0011,2025-03-05 06:00:00,678.99,2,Clear,High,Completed
O01352,C01188,R0022,2025-03-18 14:00:00,277.76,2,Clear,Medium,Completed
O01353,C01033,R0057,2025-02-06 06:00:00,317.23,6,Clear,High,Completed
O01354,C01199,R0089,2025-03-02 02:00:00,666.45,6,Clear,High,Completed
O01355,C00462,R0003,2025-02-25 21:00:00,1661.44,2,Cloudy,Low,Completed
O01356,C01331,R0030,2025-03-30 08:00:00,355.79,6,Clear,Low,Completed
O01357,C01612,R0088,2025-02-27 13:00:00,1511.02,5,Clear,Medium,Completed
O01358,C00245,R0045,2025-02-18 19:00:00,648.85,1,Cloudy,Medium,Completed
O01359,C00122,R0036,2025-02-22 00:00:00,1778.58,5,Clear,Medium,Completed
O01360,C00185,R0087,2025-02-17 00:00:00,913.82,3,Rainy,Medium,Completed
O01361,C00032,R0072,2025-03-07 01:00:00,426.27,1,Clear,Low,Completed
O01362,C00998,R0064,2025-02-23 12:00:00,1973.1,2,Clear,High,Completed
O01363,C01987,R0054,2025-01-24 18:00:00,435.61,2,Clear,Low,Completed
O01364,C00762,R0068,2025-03-23 05:00:00,1178.48,2,Clear,Low,Completed
O01365,C00569,R0050,2025-03-24 09:00:00,1181.64,4,Clear,High,Completed
O01366,C00310,R0031,2025-03-24 12:00:00,808.35,3,Cloudy,Medium,Completed
O01367,C01396,R0029,2025-01-19 14:00:00,1907.83,5,Rainy,High,Completed
O01368,C01680,R0059,2025-02-02 14:00:00,1703.36,6,Clear,High,Completed
O01369,C00830,R0036,2025-02-23 08:00:00,1676.66,3,Rainy,Medium,Completed
O01370,C01620,R0077,2025-02-09 07:00:00,1950.89,4,Cloudy,Low,Completed
O01371,C00992,R0073,2025-01-27 12:00:00,968.51,4,Clear,Low,Completed
O01372,C01080,R0085,2025-01-23 02:00:00,284.65,3,Cloudy,Low,Completed
O01373,C00791,R0067,2025-01-05 22:00:00,1554.37,4,Clear,Low,Completed
O01374,C01297,R0089,2025-01-03 17:00:00,823.54,6,Cloudy,High,Completed
O01375,C00464,R0089,2025-03-29 16:00:00,461.66,1,Rainy,High,Completed
O01376,C00678,R0076,2025-02-14 11:00:00,1018.17,2,Rainy,Medium,Completed
O01377,C01480,R0093,2025-03-21 17:00:00,1858.87,5,Clear,Medium,Cancelled
O01378,C00979,R0011,2025-01-18 15:00:00,425.58,4,Clear,Medium,Completed
O01379,C00670,R0011,2025-01-17 10:00:00,1712.53,5,Rainy,Low,Completed
O01380,C01273,R0026,2025-02-23 08:00:00,894.59,2,Cloudy,Low,Completed
O01381,C00698,R0053,2025-03-27 00:00:00,359.92,6,Cloudy,Medium,Completed
O01382,C00994,R0014,2025-02-09 17:00:00,1711.93,3,Cloudy,Low,Completed
O01383,C00078,R0064,2025-03-17 19:00:00,1942.28,6,Cloudy,High,Completed
O01384,C00534,R0080,2025-03-19 11:00:00,653.41,2,Cloudy,Medium,Completed
O01385,C00108,R0010,2025-02-01 18:00:00,676.72,5,Rainy,Low,Completed
O01386,C01297,R0031,2025-03-09 21:00:00,842.04,1,Clear,Medium,Completed
O01387,C00764,R0095,2025-02-28 11:00:00,1646.85,3,Cloudy,Medium,Completed
O01388,C00015,R0036,2025-01-19 10:00:00,119.79,4,Cloudy,Medium,Completed
O01389,C00370,R0010,2025-03-04 09:00:00,525.52,1,Rainy,High,Completed
O01390,C01328,R0026,2025-01-07 12:00:00,1441.21,2,Rainy,Medium,Completed
O01391,C01696,R0020,2025-01-04 16:00:00,870.71,5,Clear,Medium,Completed
O01392,C00205,R0044,2025-02-10 19:00:00,727.56,5,Cloudy,Medium,Completed
O01393,C01137,R0062,2025-01-20 05:00:00,1757.34,5,Rainy,High,Completed
O01394,C01704,R0073,2025-01-16 19:00:00,1842.93,2,Clear,Low,Completed
O01395,C00865,R0079,2025-01-17 16:00:00,1901.17,3,Rainy,Low,Completed
O01396,C01277,R0009,2025-02-15 22:00:00,617.85,4,Cloudy,Low,Completed
O01397,C00441,R0071,2025-01-23 22:00:00,1833.77,1,Clear,Low,Completed
O01398,C01210,R0090,2025-02-28 17:00:00,1500.23,2,Rainy,High,Completed
O01399,C00859,R0024,2025-01-19 12:00:00,393.01,5,Rainy,High,Completed
O01400,C00227,R0012,2025-03-29 11:00:00,1259.51,4,Clear,Medium,Completed
O01401,C00528,R0060,2025-03-23 23:00:00,150.04,5,Cloudy,Medium,Completed
O01402,C01692,R0084,2025-03-21 21:00:00,1445.92,2,Clear,Medium,Completed
O01403,C00354,R0078,2025-01-14 16:00:00,1493.78,5,Clear,High,Cancelled
O01404,C00623,R0086,2025-03-22 11:00:00,1599.74,2,Clear,Medium,Completed
O01405,C01025,R0016,2025-03-24 22:00:00,427.8,5,Clear,Medium,Completed
O01406,C01577,R0029,2025-02-02 01:00:00,1293.67,2,Rainy,Medium,Completed
O01407,C01584,R0032,2025-03-03 18:00:00,439.83,5,Cloudy,Medium,Completed
O01408,C00927,R0083,2025-01-06 04:00:00,1898.64,4,Cloudy,High,Completed
O01409,C01444,R0035,2025-01-09 11:00:00,1382.52,4,Clear,High,Completed
O01410,C01644,R0043,2025-01-27 18:00:00,281.12,5,Cloudy,Medium,Completed
O01411,C01185,R0096,2025-02-13 12:00:00,455.36,5,Clear,Low,Completed
O01412,C00161,R0053,2025-01-25 13:00:00,1360.57,2,Cloudy,Medium,Completed
O01413,C00871,R0020,2025-03-08 02:00:00,1005.67,2,Clear,Medium,Completed
O01414,C01152,R0084,2025-02-17 11:00:00,1498.97,2,Clear,Low,Completed
O01415,C01746,R0008,2025-01-03 06:00:00,633.5,3,Rainy,Medium,Completed
O01416,C01175,R0099,2025-02-14 18:00:00,1350.04,5,Clear,Medium,Completed
O01417,C00444,R0042,2025-02-05 01:00:00,436.22,6,Cloudy,Medium,Completed
O01418,C01791,R0077,2025-01-21 11:00:00,1133.05,5,Clear,High,Completed
O01419,C01495,R0070,2025-02-11 00:00:00,1919.82,5,Clear,High,Completed
O01420,C00463,R0016,2025-02-11 08:00:00,1293.62,5,Clear,Low,Completed
O01421,C01754,R0069,2025-03-25 02:00:00,194.99,2,Rainy,Medium,Completed
O01422,C01054,R0053,2025-03-22 12:00:00,1978.65,2,Rainy,Low,Completed
O01423,C00473,R0045,2025-02-10 00:00:00,398.05,3,Clear,High,Completed
O01424,C00557,R0051,2025-03-20 14:00:00,1464.33,2,Cloudy,Low,Completed
O01425,C00080,R0098,2025-03-27 05:00:00,1111.81,6,Clear,Low,Completed
O01426,C01063,R0006,2025-01-05 06:00:00,659.29,5,Clear,Low,Completed
O01427,C00240,R0033,2025-02-10 09:00:00,436.89,5,Clear,Low,Completed
O01428,C00557,R0079,2025-02-14 15:00:00,437.63,1,Clear,Low,Completed
O01429,C00590,R0015,2025-01-31 16:00:00,1730.96,2,Cloudy,High,Cancelled
O01430,C01361,R0014,2025-02-26 21:00:00,1758.53,1,Clear,Low,Completed
O01431,C01932,R0039,2025-01-10 11:00:00,983.78,5,Cloudy,Low,Completed
O01432,C01885,R0063,2025-03-13 16:00:00,296.88,2,Rainy,High,Completed
O01433,C01824,R0005,2025-03-09 07:00:00,1779.91,5,Clear,Medium,Completed
O01434,C01976,R0090,2025-03-27 20:00:00,1025.33,1,Clear,Medium,Completed
O01435,C01304,R0081,2025-01-19 12:00:00,933.65,1,Rainy,Low,Completed
O01436,C01140,R0052,2025-02-26 03:00:00,873.98,4,Clear,Low,Completed
O01437,C00269,R0016,2025-03-09 11:00:00,793.53,4,Cloudy,Medium,Completed
O01438,C01940,R0099,2025-01-25 21:00:00,1099.41,2,Cloudy,Medium,Completed
O01439,C00335,R0038,2025-02-19 05:00:00,1248.63,2,Clear,Low,Completed
O01440,C00312,R0053,2025-02-03 05:00:00,986.22,2,Clear,Medium,Completed
O01441,C01077,R0087,2025-02-04 18:00:00,1803.63,2,Clear,Low,Completed
O01442,C01092,R0077,2025-03-26 16:00:00,703.56,2,Clear,Medium,Completed
O01443,C00694,R0097,2025-01-15 20:00:00,1198.79,2,Rainy,Low,Completed
O01444,C00034,R0093,2025-01-01 07:00:00,669.91,6,Clear,Low,Completed
O01445,C01820,R0053,2025-02-25 09:00:00,1531.37,2,Clear,Medium,Completed
O01446,C01842,R0046,2025-03-24 05:00:00,294.03,1,Clear,Medium,Completed
O01447,C00386,R0098,2025-03-04 00:00:00,458.53,1,Rainy,High,Completed
O01448,C00249,R0098,2025-01-26 13:00:00,1622.28,1,Cloudy,Low,Completed
O01449,C01135,R0091,2025-01-29 16:00:00,448.08,6,Cloudy,Medium,Completed
O01450,C01118,R0015,2025-02-07 09:00:00,1288.92,5,Clear,Low,Completed
O01451,C01434,R0059,2025-02-26 07:00:00,1943.46,3,Cloudy,Medium,Completed
O01452,C01203,R0050,2025-01-05 13:00:00,1093.49,5,Rainy,Medium,Completed
O01453,C01071,R0009,2025-01-30 13:00:00,456.05,2,Cloudy,Medium,Completed
O01454,C00794,R0026,2025-02-18 08:00:00,709.31,3,Clear,Medium,Completed
O01455,C00852,R0003,2025-01-28 00:00:00,1664.57,1,Rainy,Medium,Cancelled
O01456,C00874,R0100,2025-03-25 11:00:00,768.16,1,Clear,Medium,Completed
O01457,C01628,R0047,2025-03-11 10:00:00,1474.67,4,Cloudy,Low,Completed
O01458,C00376,R0005,2025-03-05 15:00:00,1576.97,2,Rainy,Low,Completed
O01459,C00724,R0062,2025-03-21 17:00:00,1052.25,2,Rainy,Low,Completed
O01460,C01611,R0084,2025-01-11 05:00:00,1588.11,4,Cloudy,Low,Cancelled
O01461,C01914,R0084,2025-03-09 00:00:00,702.12,5,Rainy,High,Completed
O01462,C00202,R0005,2025-02-03 05:00:00,1080.7,4,Cloudy,High,Completed
O01463,C00445,R0010,2025-02-14 17:00:00,1404.46,6,Clear,Low,Completed
O01464,C01943,R0080,2025-01-22 10:00:00,419.34,2,Clear,Low,Completed
O01465,C01957,R0063,2025-01-22 01:00:00,619.88,6,Clear,Low,Completed
O01466,C00297,R0025,2025-01-07 10:00:00,1338.87,6,Clear,High,Completed
O01467,C01332,R0044,2025-03-25 14:00:00,1345.18,6,Clear,High,Completed
O01468,C01747,R0025,2025-03-21 01:00:00,1037.28,1,Rainy,Medium,Completed
O01469,C00493,R0030,2025-03-04 15:00:00,1611.61,4,Clear,Medium,Cancelled
O01470,C00338,R0014,2025-01-05 14:00:00,1015.9,3,Cloudy,Medium,Completed
O01471,C01969,R0086,2025-03-11 18:00:00,1774.51,1,Rainy,Low,Completed
O01472,C00923,R0043,2025-02-19 14:00:00,1498.22,5,Cloudy,Low,Completed
O01473,C01670,R0028,2025-02-13 10:00:00,697.92,1,Clear,Medium,Completed
O01474,C01866,R0094,2025-03-22 01:00:00,850.98,5,Rainy,High,Completed
O01475,C01090,R0019,2025-01-13 05:00:00,1368.6,1,Clear,Medium,Completed
O01476,C00792,R0042,2025-03-03 21:00:00,1799.46,2,Clear,High,Completed
O01477,C01446,R0020,2025-01-15 01:00:00,439.55,6,Clear,High,Completed
O01478,C01564,R0099,2025-03-18 03:00:00,1077.86,5,Cloudy,Low,Completed
O01479,C01948,R0086,2025-01-30 20:00:00,325.69,5,Rainy,Low,Completed
O01480,C01653,R0079,2025-01-27 06:00:00,630.96,4,Clear,Medium,Completed
O01481,C01517,R0011,2025-02-01 20:00:00,1403.36,1,Rainy,Medium,Cancelled
O01482,C01906,R0054,2025-01-04 12:00:00,247.7,5,Clear,Medium,Completed
O01483,C00962,R0098,2025-01-31 16:00:00,1358.48,5,Clear,Low,Completed
O01484,C00317,R0024,2025-02-28 20:00:00,1811.54,1,Clear,High,Completed
O01485,C00942,R0070,2025-01-10 10:00:00,1941.8,1,Rainy,High,Completed
O01486,C01861,R0017,2025-02-24 11:00:00,511.6,3,Clear,Low,Completed
O01487,C00626,R0028,2025-01-05 12:00:00,1522.91,4,Clear,Medium,Completed
O01488,C00075,R0050,2025-01-06 14:00:00,1860.1,5,Clear,High,Completed
O01489,C01738,R0095,2025-02-09 01:00:00,273.6,1,Clear,Low,Completed
O01490,C00939,R0100,2025-01-13 02:00:00,886.64,5,Clear,Medium,Completed
O01491,C00059,R0055,2025-03-18 01:00:00,1846.88,3,Clear,Medium,Completed
O01492,C00386,R0073,2025-03-14 08:00:00,485.3,3,Clear,Low,Cancelled
O01493,C00015,R0010,2025-03-10 20:00:00,1874.15,5,Cloudy,Low,Cancelled
O01494,C01255,R0021,2025-03-19 19:00:00,1101.66,4,Clear,Medium,Completed
O01495,C01641,R0058,2025-01-02 02:00:00,289.8,2,Clear,Medium,Completed
O01496,C01701,R0034,2025-03-27 20:00:00,954.77,5,Clear,Medium,Completed
O01497,C00199,R0095,2025-01-24 01:00:00,719.9,3,Clear,Low,Completed
O01498,C01940,R0093,2025-02-08 20:00:00,636.19,4,Clear,Medium,Completed
O01499,C01378,R0043,2025-03-28 04:00:00,1128.8,6,Clear,Medium,Completed
O01500,C00035,R0011,2025-03-11 15:00:00,1018.83,1,Clear,Medium,Completed
O01501,C00162,R0033,2025-02-26 05:00:00,1015.74,6,Clear,High,Completed
O01502,C01781,R0058,2025-03-15 04:00:00,267.47,4,Cloudy,Medium,Completed
O01503,C00982,R0046,2025-01-20 10:00:00,1624.4,4,Clear,Medium,Completed
O01504,C00799,R0061,2025-02-22 00:00:00,1014.73,5,Clear,Medium,Completed
O01505,C00895,R0062,2025-03-04 10:00:00,1659.72,4,Clear,High,Completed
O01506,C00471,R0001,2025-01-26 17:00:00,1666.73,1,Cloudy,Medium,Completed
O01507,C00531,R0021,2025-01-20 01:00:00,702.56,6,Clear,Medium,Completed
O01508,C01988,R0062,2025-02-21 12:00:00,108.26,5,Clear,Low,Completed
O01509,C00792,R0064,2025-02-10 00:00:00,1831.37,3,Rainy,Medium,Completed
O01510,C00852,R0087,2025-03-04 16:00:00,1545.32,1,Clear,Medium,Cancelled
O01511,C01447,R0073,2025-01-08 11:00:00,303.78,5,Cloudy,Medium,Completed
O01512,C00348,R0056,2025-03-28 05:00:00,1433.28,5,Rainy,Low,Completed
O01513,C00694,R0001,2025-02-27 00:00:00,138.04,2,Rainy,Low,Completed
O01514,C00935,R0021,2025-02-01 18:00:00,152.74,1,Cloudy,Low,Completed
O01515,C00913,R0022,2025-02-08 09:00:00,1099.06,4,Clear,High,Completed
O01516,C00147,R0054,2025-02-01 00:00:00,282.47,1,Cloudy,Low,Completed
O01517,C01398,R0004,2025-03-01 15:00:00,1932.24,1,Clear,Low,Completed
O01518,C01712,R0065,2025-03-04 22:00:00,1798.28,2,Clear,Medium,Completed
O01519,C00675,R0051,2025-03-01 23:00:00,1334.64,4,Clear,Low,Completed
O01520,C01440,R0074,2025-02-23 23:00:00,221.05,6,Clear,Low,Completed
O01521,C00687,R0063,2025-01-27 12:00:00,717.19,2,Clear,Medium,Completed
O01522,C01518,R0015,2025-02-12 15:00:00,806.27,2,Clear,Medium,Completed
O01523,C01583,R0036,2025-01-07 07:00:00,1013.67,2,Cloudy,Low,Completed
O01524,C01280,R0029,2025-01-01 12:00:00,420.92,1,Rainy,Low,Completed
O01525,C00960,R0052,2025-01-30 18:00:00,1197.27,6,Clear,Low,Completed
O01526,C00686,R0046,2025-01-11 08:00:00,927.96,2,Clear,High,Completed
O01527,C01127,R0069,2025-02-17 16:00:00,1899.86,3,Rainy,Medium,Completed
O01528,C00121,R0029,2025-01-17 02:00:00,1878.77,4,Clear,High,Completed
O01529,C00419,R0047,2025-01-19 06:00:00,1174.4,6,Clear,High,Completed
O01530,C00350,R0091,2025-01-31 00:00:00,1324.26,4,Clear,High,Completed
O01531,C01681,R0025,2025-01-20 16:00:00,361.81,6,Clear,High,Completed
O01532,C00042,R0080,2025-02-11 22:00:00,524.31,2,Cloudy,Low,Completed
O01533,C01391,R0016,2025-01-27 08:00:00,1811.36,6,Rainy,Low,Completed
O01534,C00029,R0100,2025-01-01 23:00:00,1428.42,1,Clear,Medium,Completed
O01535,C00966,R0089,2025-01-23 09:00:00,459.92,6,Rainy,Low,Completed
O01536,C01916,R0041,2025-03-24 12:00:00,1183.4,5,Clear,Medium,Cancelled
O01537,C00785,R0065,2025-03-17 10:00:00,1876.05,5,Rainy,Low,Completed
O01538,C00014,R0069,2025-01-23 11:00:00,755.83,1,Clear,High,Completed
O01539,C00920,R0020,2025-03-13 22:00:00,453.06,2,Clear,High,Completed
O01540,C01977,R0069,2025-01-18 12:00:00,1889.85,2,Clear,Medium,Completed
O01541,C00818,R0036,2025-01-21 03:00:00,976.4,3,Rainy,Medium,Completed
O01542,C00825,R0093,2025-02-12 20:00:00,892.76,5,Cloudy,Medium,Completed
O01543,C01509,R0098,2025-01-03 03:00:00,608.38,5,Clear,Medium,Completed
O01544,C01213,R0058,2025-01-11 02:00:00,1794.01,4,Clear,Medium,Completed
O01545,C00872,R0048,2025-03-12 06:00:00,1706.67,2,Rainy,Medium,Completed
O01546,C00295,R0082,2025-03-18 16:00:00,865.68,1,Rainy,Medium,Completed
O01547,C01207,R0002,2025-01-18 16:00:00,158.17,2,Cloudy,High,Completed
O01548,C00864,R0080,2025-03-30 15:00:00,948.64,2,Clear,Medium,Completed
O01549,C00548,R0029,2025-01-29 22:00:00,443.63,3,Clear,Medium,Completed
O01550,C01906,R0097,2025-01-15 17:00:00,371.19,6,Clear,Medium,Completed
O01551,C01061,R0016,2025-03-12 09:00:00,846.88,6,Clear,Low,Completed
O01552,C01008,R0035,2025-01-13 04:00:00,288.25,1,Clear,Medium,Completed
O01553,C01038,R0062,2025-01-30 20:00:00,1919.18,3,Clear,High,Completed
O01554,C01947,R0081,2025-01-23 00:00:00,190.32,3,Clear,Low,Completed
O01555,C00635,R0004,2025-01-20 23:00:00,862.6,3,Rainy,Low,Completed
O01556,C00595,R0068,2025-01-20 20:00:00,409.14,6,Rainy,High,Completed
O01557,C01183,R0051,2025-01-02 00:00:00,1408.74,3,Clear,Medium,Completed
O01558,C01518,R0089,2025-01-27 13:00:00,249.74,2,Clear,Medium,Completed
O01559,C01353,R0033,2025-02-24 03:00:00,1138.93,6,Clear,Medium,Completed
O01560,C00614,R0078,2025-01-29 17:00:00,1568.89,6,Rainy,Medium,Completed
O01561,C01873,R0024,2025-01-15 07:00:00,1905.11,4,Clear,High,Completed
O01562,C01107,R0075,2025-03-02 14:00:00,1427.2,2,Clear,High,Completed
O01563,C01580,R0025,2025-01-30 15:00:00,289.03,3,Clear,High,Completed
O01564,C01604,R0028,2025-01-19 06:00:00,268.19,3,Clear,High,Completed
O01565,C01584,R0007,2025-03-02 14:00:00,1490.04,4,Clear,Low,Completed
O01566,C01593,R0036,2025-01-06 22:00:00,509.13,5,Clear,Medium,Completed
O01567,C01611,R0010,2025-03-16 07:00:00,949.75,1,Cloudy,Medium,Completed
O01568,C01046,R0036,2025-02-06 03:00:00,1955.58,3,Clear,Medium,Completed
O01569,C01156,R0095,2025-03-04 00:00:00,1657.82,3,Clear,Medium,Completed
O01570,C00465,R0083,2025-01-20 11:00:00,1708.53,2,Clear,High,Completed
O01571,C01480,R0018,2025-03-03 23:00:00,1735.46,3,Clear,High,Completed
O01572,C01326,R0006,2025-02-06 12:00:00,1277.14,3,Clear,High,Completed
O01573,C00955,R0092,2025-03-01 01:00:00,1513.47,1,Clear,Medium,Completed
O01574,C00930,R0007,2025-02-08 06:00:00,782.03,2,Clear,Low,Completed
O01575,C01291,R0012,2025-03-17 09:00:00,1997.05,5,Rainy,Medium,Completed
O01576,C00799,R0041,2025-03-16 00:00:00,631.28,3,Clear,Medium,Completed
O01577,C00395,R0063,2025-02-15 01:00:00,1221.01,3,Clear,Medium,Completed
O01578,C01144,R0098,2025-02-17 21:00:00,635.92,5,Rainy,Low,Completed
O01579,C00246,R0025,2025-02-05 00:00:00,312.93,4,Cloudy,High,Completed
O01580,C00568,R0081,2025-03-29 11:00:00,1178.41,5,Rainy,Low,Completed
O01581,C00038,R0053,2025-02-12 03:00:00,771.36,5,Clear,High,Completed
O01582,C00245,R0033,2025-02-03 21:00:00,1208.12,2,Clear,High,Completed
O01583,C00021,R0087,2025-01-12 08:00:00,1161.49,6,Clear,High,Cancelled
O01584,C01134,R0073,2025-03-13 12:00:00,1130.29,5,Rainy,High,Completed
O01585,C01630,R0006,2025-03-31 00:00:00,334.27,2,Clear,Low,Cancelled
O01586,C00394,R0062,2025-01-01 04:00:00,936.34,6,Clear,Medium,Completed
O01587,C01434,R0066,2025-01-15 20:00:00,1642.81,5,Cloudy,High,Completed
O01588,C00987,R0009,2025-02-26 22:00:00,698.77,3,Cloudy,Low,Completed
O01589,C01672,R0067,2025-01-09 11:00:00,943.28,3,Rainy,Medium,Completed
O01590,C01767,R0016,2025-03-08 12:00:00,1038.28,6,Rainy,Medium,Completed
O01591,C00008,R0089,2025-01-21 16:00:00,1739.19,4,Cloudy,Medium,Completed
O01592,C01468,R0088,2025-01-30 05:00:00,1345.64,6,Clear,High,Completed
O01593,C00328,R0093,2025-02-04 20:00:00,290.38,5,Clear,Medium,Completed
O01594,C01911,R0055,2025-01-03 14:00:00,1743.82,1,Clear,Low,Completed
O01595,C00290,R0040,2025-03-07 19:00:00,1680.93,5,Clear,Medium,Completed
O01596,C01787,R0026,2025-01-10 22:00:00,1531.93,6,Clear,Medium,Completed
O01597,C00511,R0038,2025-01-23 11:00:00,985.51,1,Clear,Medium,Completed
O01598,C00912,R0035,2025-01-09 05:00:00,1539.34,6,Clear,High,Completed
O01599,C00361,R0087,2025-02-02 12:00:00,1009.61,5,Rainy,Medium,Completed
O01600,C01933,R0068,2025-01-02 05:00:00,1499.58,2,Rainy,Medium,Completed
O01601,C01623,R0059,2025-02-21 08:00:00,1772.21,3,Cloudy,Medium,Completed
O01602,C00716,R0014,2025-02-15 06:00:00,1792.03,1,Clear,High,Cancelled
O01603,C00219,R0047,2025-02-15 00:00:00,963.7,1,Rainy,Medium,Completed
O01604,C00406,R0071,2025-03-19 07:00:00,1732.75,5,Clear,Low,Completed
O01605,C00753,R0072,2025-03-08 14:00:00,292.77,3,Clear,High,Completed
O01606,C00923,R0042,2025-03-09 20:00:00,293.46,4,Rainy,Medium,Completed
O01607,C00832,R0051,2025-02-12 09:00:00,1141.71,1,Clear,Low,Completed
O01608,C01794,R0019,2025-02-14 13:00:00,1338.5,3,Rainy,Low,Completed
O01609,C01645,R0066,2025-03-30 12:00:00,390.69,3,Clear,Low,Cancelled
O01610,C01792,R0047,2025-02-19 16:00:00,997.14,1,Rainy,High,Cancelled
O01611,C00794,R0065,2025-02-03 21:00:00,279.29,2,Clear,Low,Completed
O01612,C01244,R0042,2025-02-18 00:00:00,1243.99,6,Clear,High,Completed
O01613,C00595,R0038,2025-03-14 08:00:00,1724.68,2,Cloudy,Medium,Completed
O01614,C00107,R0013,2025-03-20 11:00:00,1501.51,5,Clear,Low,Completed
O01615,C00581,R0044,2025-01-12 03:00:00,818.75,6,Clear,Medium,Completed
O01616,C00609,R0024,2025-03-15 21:00:00,1988.21,6,Clear,Low,Completed
O01617,C01748,R0096,2025-01-25 08:00:00,1359.58,5,Clear,High,Completed
O01618,C01310,R0030,2025-03-20 18:00:00,1648.97,3,Rainy,Medium,Completed
O01619,C01773,R0070,2025-02-19 08:00:00,1372.43,1,Clear,Medium,Cancelled
O01620,C00008,R0038,2025-02-15 01:00:00,1979.89,2,Clear,High,Completed
O01621,C00806,R0097,2025-01-16 23:00:00,1660.58,3,Rainy,Medium,Completed
O01622,C00189,R0023,2025-01-18 21:00:00,1086.9,2,Clear,Medium,Completed
O01623,C00081,R0074,2025-02-13 17:00:00,797.07,1,Clear,High,Completed
O01624,C00108,R0057,2025-03-18 09:00:00,1396.09,2,Clear,Medium,Completed
O01625,C01345,R0079,2025-02-03 05:00:00,1221.42,4,Cloudy,Medium,Completed
O01626,C01603,R0023,2025-01-16 11:00:00,1295.77,5,Cloudy,Medium,Completed
O01627,C00686,R0036,2025-02-14 03:00:00,751.72,6,Clear,Low,Completed
O01628,C00346,R0057,2025-03-17 13:00:00,914.58,2,Rainy,Low,Completed
O01629,C01887,R0001,2025-03-19 00:00:00,1160.38,1,Cloudy,Medium,Completed
O01630,C00328,R0072,2025-02-23 18:00:00,1694.64,1,Cloudy,Low,Completed
O01631,C00555,R0003,2025-01-03 18:00:00,1549.53,4,Rainy,Low,Completed
O01632,C01723,R0014,2025-02-12 06:00:00,325.45,1,Clear,Low,Completed
O01633,C00302,R0081,2025-03-06 17:00:00,566.55,4,Cloudy,Medium,Completed
O01634,C00200,R0034,2025-02-28 00:00:00,150.65,3,Rainy,Medium,Completed
O01635,C00893,R0070,2025-03-12 21:00:00,115.13,2,Clear,High,Completed
O01636,C01443,R0069,2025-01-25 02:00:00,526.31,1,Cloudy,Medium,Completed
O01637,C01063,R0051,2025-03-08 21:00:00,1618.71,5,Rainy,Medium,Completed
O01638,C01756,R0029,2025-02-21 02:00:00,1819.02,2,Cloudy,Low,Completed
O01639,C00307,R0099,2025-03-23 14:00:00,844.36,4,Clear,High,Completed
O01640,C01028,R0082,2025-03-24 10:00:00,1170.08,2,Clear,Medium,Completed
O01641,C01657,R0048,2025-01-18 01:00:00,1441.5,2,Cloudy,High,Completed
O01642,C01872,R0094,2025-03-13 07:00:00,1910.58,1,Cloudy,High,Completed
O01643,C01101,R0079,2025-02-04 23:00:00,1834.57,5,Cloudy,Medium,Completed
O01644,C00468,R0079,2025-01-08 20:00:00,208.67,3,Clear,Medium,Completed
O01645,C00179,R0016,2025-01-12 12:00:00,571.52,5,Clear,High,Completed
O01646,C00645,R0057,2025-03-15 08:00:00,193.37,6,Cloudy,Medium,Cancelled
O01647,C01847,R0097,2025-03-22 19:00:00,1271.43,4,Cloudy,Medium,Completed
O01648,C01765,R0010,2025-03-24 09:00:00,1449.94,6,Cloudy,Medium,Completed
O01649,C00276,R0019,2025-02-11 14:00:00,685.74,5,Rainy,Medium,Completed
O01650,C01176,R0067,2025-01-31 01:00:00,1722.32,5,Clear,Low,Completed
O01651,C01188,R0036,2025-02-20 14:00:00,960.34,4,Clear,High,Completed
O01652,C01314,R0004,2025-03-12 13:00:00,1996.92,5,Clear,High,Completed
O01653,C01402,R0075,2025-03-13 03:00:00,100.76,3,Rainy,High,Completed
O01654,C00621,R0033,2025-02-14 04:00:00,308.03,2,Rainy,Medium,Completed
O01655,C00638,R0028,2025-03-30 10:00:00,673.41,3,Clear,Medium,Completed
O01656,C01776,R0096,2025-01-30 20:00:00,148.46,6,Cloudy,Medium,Cancelled
O01657,C01334,R0080,2025-01-20 02:00:00,1586.44,2,Cloudy,Low,Completed
O01658,C00930,R0009,2025-03-12 21:00:00,200.27,2,Clear,Low,Completed
O01659,C01937,R0075,2025-01-27 02:00:00,1523.06,5,Clear,High,Completed
O01660,C01413,R0006,2025-01-09 14:00:00,199.88,2,Clear,High,Completed
O01661,C01881,R0049,2025-02-26 12:00:00,580.18,4,Clear,Low,Completed
O01662,C01682,R0091,2025-01-29 00:00:00,1698.43,3,Cloudy,Low,Cancelled
O01663,C01788,R0076,2025-03-24 09:00:00,1907.08,2,Clear,High,Completed
O01664,C00183,R0022,2025-03-22 19:00:00,887.6,5,Cloudy,Medium,Completed
O01665,C01845,R0048,2025-01-12 08:00:00,1942.88,5,Clear,High,Completed
O01666,C01330,R0021,2025-02-13 17:00:00,1291.07,5,Clear,Medium,Completed
O01667,C00072,R0033,2025-03-20 05:00:00,890.09,1,Clear,High,Completed
O01668,C01243,R0081,2025-01-04 18:00:00,1625.32,3,Clear,Medium,Completed
O01669,C00719,R0056,2025-01-20 19:00:00,661.12,5,Clear,Medium,Completed
O01670,C01197,R0029,2025-03-27 06:00:00,605.01,4,Clear,Low,Completed
O01671,C01677,R0053,2025-01-31 05:00:00,1347.44,5,Rainy,Low,Completed
O01672,C01296,R0040,2025-02-20 11:00:00,841.93,1,Rainy,High,Completed
O01673,C00726,R0074,2025-01-23 05:00:00,358.24,3,Rainy,Low,Completed
O01674,C01492,R0018,2025-01-04 12:00:00,227.23,2,Clear,Low,Completed
O01675,C00269,R0047,2025-02-05 00:00:00,1596.9,3,Cloudy,Low,Completed
O01676,C01044,R0013,2025-01-04 04:00:00,1384.23,2,Clear,Low,Completed
O01677,C00578,R0027,2025-02-20 00:00:00,882.42,2,Clear,Medium,Completed
O01678,C00995,R0062,2025-03-24 22:00:00,1802.83,5,Rainy,High,Completed
O01679,C00815,R0074,2025-01-17 21:00:00,880.63,6,Cloudy,Low,Completed
O01680,C01527,R0096,2025-03-30 17:00:00,1449.56,4,Clear,High,Completed
O01681,C00147,R0045,2025-01-01 20:00:00,1827.32,4,Cloudy,Low,Completed
O01682,C01453,R0003,2025-01-17 13:00:00,1697.36,6,Clear,High,Completed
O01683,C01189,R0022,2025-03-17 00:00:00,1071.1,5,Clear,Medium,Completed
O01684,C00890,R0027,2025-03-17 08:00:00,1393.21,1,Cloudy,High,Completed
O01685,C00310,R0055,2025-02-07 05:00:00,885.96,2,Clear,Low,Completed
O01686,C00518,R0067,2025-03-23 00:00:00,1329.67,6,Cloudy,High,Completed
O01687,C00014,R0033,2025-01-19 05:00:00,589.35,4,Clear,Low,Completed
O01688,C00132,R0002,2025-02-23 23:00:00,926.01,3,Clear,Low,Completed
O01689,C01878,R0075,2025-02-24 07:00:00,498.14,1,Rainy,Medium,Completed
O01690,C00755,R0046,2025-01-10 06:00:00,172.55,5,Clear,Low,Cancelled
O01691,C00439,R0074,2025-03-09 02:00:00,1218.23,1,Cloudy,High,Completed
O01692,C00743,R0033,2025-03-23 16:00:00,1742.42,4,Clear,Medium,Completed
O01693,C00740,R0058,2025-01-22 04:00:00,148.6,6,Clear,Medium,Completed
O01694,C01698,R0007,2025-02-14 09:00:00,472.46,5,Clear,Low,Completed
O01695,C00795,R0015,2025-02-19 23:00:00,974.35,4,Clear,Low,Completed
O01696,C00263,R0026,2025-02-22 20:00:00,1365.2,2,Clear,Medium,Completed
O01697,C00643,R0011,2025-02-23 04:00:00,425.34,1,Clear,High,Completed
O01698,C01967,R0038,2025-02-24 01:00:00,207.72,6,Rainy,High,Completed
O01699,C01249,R0027,2025-01-26 03:00:00,1086.19,2,Cloudy,Medium,Completed
O01700,C00258,R0007,2025-02-13 02:00:00,1655.55,3,Clear,Low,Completed
O01701,C01258,R0001,2025-01-08 20:00:00,166.95,2,Clear,High,Completed
O01702,C01360,R0074,2025-01-29 03:00:00,763.8,1,Rainy,High,Completed
O01703,C00409,R0021,2025-01-27 13:00:00,1360.68,3,Clear,Low,Cancelled
O01704,C01852,R0079,2025-03-25 04:00:00,348.41,4,Clear,Medium,Completed
O01705,C00975,R0030,2025-03-18 20:00:00,548.3,6,Clear,Low,Completed
O01706,C01048,R0094,2025-01-02 22:00:00,1117.44,3,Rainy,High,Completed
O01707,C00271,R0008,2025-02-04 03:00:00,1911.14,1,Clear,Low,Completed
O01708,C01119,R0088,2025-02-15 00:00:00,645.95,5,Clear,Medium,Completed
O01709,C00142,R0083,2025-02-23 05:00:00,1026.3,3,Cloudy,Medium,Completed
O01710,C01718,R0003,2025-02-18 17:00:00,859.87,4,Rainy,Low,Completed
O01711,C01742,R0055,2025-02-14 00:00:00,1805.05,3,Cloudy,Low,Completed
O01712,C00902,R0015,2025-03-06 02:00:00,236.59,6,Clear,High,Completed
O01713,C00974,R0036,2025-02-03 03:00:00,1175.68,2,Rainy,Low,Cancelled
O01714,C01105,R0006,2025-01-02 23:00:00,1707.63,5,Clear,Medium,Completed
O01715,C00274,R0042,2025-03-01 05:00:00,1977.42,1,Rainy,Medium,Cancelled
O01716,C00276,R0050,2025-02-20 18:00:00,1427.58,5,Clear,Medium,Completed
O01717,C01907,R0018,2025-03-15 08:00:00,821.88,2,Rainy,Low,Completed
O01718,C01982,R0083,2025-01-31 04:00:00,882.47,5,Clear,Low,Cancelled
O01719,C00465,R0050,2025-02-26 00:00:00,768.2,2,Clear,Medium,Completed
O01720,C01232,R0030,2025-03-17 17:00:00,1246.86,6,Clear,Low,Completed
O01721,C01320,R0077,2025-01-06 17:00:00,1504.87,3,Clear,Medium,Completed
O01722,C01063,R0039,2025-01-15 18:00:00,1656.99,1,Cloudy,Medium,Completed
O01723,C01972,R0012,2025-03-19 20:00:00,891.53,2,Cloudy,Medium,Completed
O01724,C00288,R0098,2025-02-15 13:00:00,1461.75,2,Rainy,Medium,Completed
O01725,C01148,R0059,2025-02-03 18:00:00,1840.82,3,Clear,Medium,Completed
O01726,C00876,R0076,2025-03-08 21:00:00,1849.57,2,Clear,High,Completed
O01727,C01993,R0044,2025-03-14 15:00:00,1437.66,1,Rainy,High,Completed
O01728,C01307,R0088,2025-01-03 10:00:00,1310.11,4,Cloudy,Low,Completed
O01729,C00878,R0004,2025-02-02 02:00:00,1109.9,5,Clear,Medium,Completed
O01730,C00180,R0036,2025-01-17 04:00:00,448.08,6,Clear,Medium,Completed
O01731,C01121,R0048,2025-01-15 02:00:00,334.9,6,Clear,Medium,Completed
O01732,C01215,R0014,2025-02-01 12:00:00,1022.85,2,Clear,Low,Completed
O01733,C01098,R0081,2025-01-25 19:00:00,402.94,5,Clear,Low,Completed
O01734,C00447,R0049,2025-01-19 03:00:00,1196.3,6,Cloudy,Medium,Completed
O01735,C00785,R0067,2025-03-03 09:00:00,1326.84,5,Cloudy,Low,Completed
O01736,C01521,R0087,2025-01-16 16:00:00,1098.67,6,Clear,High,Completed
O01737,C00561,R0077,2025-03-24 14:00:00,169.21,4,Rainy,High,Completed
O01738,C00484,R0009,2025-01-05 17:00:00,209.68,2,Rainy,Low,Completed
O01739,C00849,R0021,2025-02-02 05:00:00,315.35,1,Cloudy,Medium,Completed
O01740,C00722,R0072,2025-03-22 06:00:00,391.93,2,Clear,Medium,Completed
O01741,C00116,R0081,2025-01-01 17:00:00,1980.78,5,Clear,High,Cancelled
O01742,C00535,R0016,2025-01-10 18:00:00,754.54,3,Cloudy,High,Completed
O01743,C01122,R0016,2025-02-25 13:00:00,654.75,4,Clear,Low,Completed
O01744,C01352,R0028,2025-03-12 12:00:00,199.31,1,Cloudy,Medium,Cancelled
O01745,C01933,R0051,2025-01-12 16:00:00,1307.11,1,Clear,High,Completed
O01746,C00407,R0056,2025-02-04 14:00:00,1339.16,5,Cloudy,High,Completed
O01747,C01337,R0080,2025-02-17 10:00:00,433.35,1,Clear,Medium,Cancelled
O01748,C01726,R0057,2025-03-12 15:00:00,1846.56,5,Clear,Low,Completed
O01749,C00694,R0052,2025-03-12 10:00:00,1620.94,1,Clear,Medium,Completed
O01750,C01172,R0046,2025-03-08 02:00:00,537.61,1,Cloudy,Medium,Completed
O01751,C01366,R0078,2025-01-18 09:00:00,1023.11,6,Clear,Medium,Completed
O01752,C00495,R0038,2025-01-25 08:00:00,970.94,6,Clear,Medium,Completed
O01753,C00948,R0084,2025-02-26 07:00:00,762.19,5,Rainy,Low,Completed
O01754,C00023,R0048,2025-02-26 20:00:00,1653.51,4,Clear,Medium,Completed
O01755,C01129,R0041,2025-03-27 16:00:00,307.6,1,Rainy,Medium,Completed
O01756,C01699,R0098,2025-03-22 12:00:00,889.1,2,Rainy,Medium,Cancelled
O01757,C01603,R0059,2025-02-04 15:00:00,913.26,3,Clear,Medium,Cancelled
O01758,C01826,R0093,2025-01-23 05:00:00,990.58,6,Clear,High,Completed
O01759,C01825,R0067,2025-02-16 18:00:00,1736.56,5,Clear,Low,Completed
O01760,C00558,R0074,2025-03-13 01:00:00,514.52,1,Cloudy,Medium,Cancelled
O01761,C01617,R0084,2025-02-28 13:00:00,295.55,6,Rainy,Medium,Completed
O01762,C00941,R0066,2025-03-20 14:00:00,1273.84,4,Cloudy,High,Completed
O01763,C01683,R0027,2025-01-19 14:00:00,430.29,6,Clear,Medium,Completed
O01764,C01246,R0032,2025-01-27 00:00:00,242.37,2,Clear,Low,Completed
O01765,C00855,R0056,2025-03-19 15:00:00,910.63,5,Clear,Low,Completed
O01766,C01039,R0010,2025-01-31 11:00:00,517.33,2,Cloudy,Low,Completed
O01767,C00891,R0040,2025-02-09 01:00:00,786.31,6,Rainy,Medium,Completed
O01768,C01657,R0017,2025-03-28 16:00:00,593.45,3,Cloudy,Low,Completed
O01769,C00078,R0058,2025-03-15 03:00:00,276.01,4,Cloudy,Low,Completed
O01770,C01346,R0097,2025-03-05 12:00:00,1164.66,5,Clear,Low,Completed
O01771,C00807,R0006,2025-03-13 16:00:00,151.33,5,Cloudy,Medium,Completed
O01772,C01265,R0039,2025-02-20 16:00:00,1936.11,1,Clear,High,Completed
O01773,C01042,R0018,2025-02-20 03:00:00,748.53,2,Rainy,High,Completed
O01774,C00768,R0073,2025-03-20 18:00:00,1420.8,5,Clear,Medium,Completed
O01775,C00454,R0072,2025-03-06 05:00:00,1639.69,2,Cloudy,Medium,Completed
O01776,C01467,R0089,2025-01-17 06:00:00,630.3,3,Cloudy,Medium,Completed
O01777,C00928,R0095,2025-01-05 02:00:00,1522.6,1,Cloudy,Medium,Completed
O01778,C00277,R0042,2025-01-24 17:00:00,1681.6,3,Clear,Medium,Completed
O01779,C01448,R0004,2025-01-31 06:00:00,558.5,1,Clear,Medium,Cancelled
O01780,C01500,R0020,2025-02-11 17:00:00,1985.74,1,Cloudy,High,Completed
O01781,C01051,R0028,2025-03-07 10:00:00,139.31,2,Rainy,High,Completed
O01782,C00514,R0040,2025-01-13 14:00:00,512.3,6,Clear,High,Completed
O01783,C01889,R0065,2025-03-27 11:00:00,1582.04,1,Clear,High,Completed
O01784,C00464,R0044,2025-03-30 10:00:00,468.85,3,Clear,Medium,Completed
O01785,C00807,R0023,2025-02-14 07:00:00,1426.69,6,Clear,Low,Completed
O01786,C00824,R0057,2025-01-27 14:00:00,1725.51,3,Rainy,High,Completed
O01787,C00363,R0047,2025-02-17 14:00:00,1922.51,6,Cloudy,Medium,Completed
O01788,C01407,R0013,2025-03-30 08:00:00,1001.07,3,Clear,Medium,Completed
O01789,C00751,R0016,2025-01-23 23:00:00,1945.11,2,Rainy,Medium,Completed
O01790,C00525,R0090,2025-02-10 16:00:00,882.08,2,Clear,Medium,Completed
O01791,C01406,R0055,2025-01-04 23:00:00,514.44,4,Clear,Medium,Completed
O01792,C01208,R0095,2025-02-19 15:00:00,1076.45,5,Clear,Medium,Completed
O01793,C01218,R0065,2025-01-02 21:00:00,1334.66,4,Cloudy,Medium,Completed
O01794,C01486,R0081,2025-01-15 09:00:00,970.13,4,Rainy,Low,Completed
O01795,C00056,R0016,2025-02-05 06:00:00,1177.25,1,Clear,Low,Completed
O01796,C01254,R0037,2025-02-14 20:00:00,891.18,1,Clear,Low,Completed
O01797,C00489,R0052,2025-02-18 19:00:00,1097.05,4,Cloudy,High,Completed
O01798,C01052,R0010,2025-03-06 20:00:00,1909.93,5,Clear,Low,Completed
O01799,C01856,R0038,2025-01-10 16:00:00,1049.68,4,Clear,Medium,Completed
O01800,C01607,R0044,2025-01-03 02:00:00,581.04,2,Clear,Low,Completed
O01801,C00722,R0095,2025-01-28 16:00:00,1541.62,3,Clear,Medium,Completed
O01802,C01984,R0074,2025-01-19 18:00:00,741.41,4,Cloudy,High,Completed
O01803,C01208,R0054,2025-02-26 18:00:00,1650.79,1,Clear,Low,Completed
O01804,C01449,R0098,2025-01-15 14:00:00,208.0,5,Clear,Medium,Completed
O01805,C01399,R0051,2025-02-24 12:00:00,731.14,1,Clear,Low,Completed
O01806,C01892,R0052,2025-01-25 06:00:00,279.28,2,Cloudy,Low,Completed
O01807,C00041,R0070,2025-01-11 04:00:00,262.1,6,Clear,Low,Completed
O01808,C01508,R0092,2025-01-23 21:00:00,1350.94,1,Rainy,Medium,Completed
O01809,C01004,R0092,2025-01-31 07:00:00,832.14,6,Clear,Medium,Completed
O01810,C00260,R0059,2025-01-27 14:00:00,1755.81,1,Clear,Medium,Completed
O01811,C00441,R0013,2025-01-25 07:00:00,1081.17,5,Clear,Medium,Completed
O01812,C00926,R0041,2025-01-19 08:00:00,661.15,6,Clear,High,Cancelled
O01813,C00856,R0012,2025-03-03 03:00:00,1469.69,5,Clear,Low,Completed
O01814,C00084,R0050,2025-03-17 19:00:00,1285.63,1,Rainy,High,Completed
O01815,C00046,R0057,2025-01-18 03:00:00,1619.23,1,Clear,Medium,Completed
O01816,C00440,R0050,2025-02-03 21:00:00,1322.82,4,Clear,High,Completed
O01817,C01695,R0057,2025-01-11 05:00:00,417.33,2,Clear,Medium,Completed
O01818,C01880,R0054,2025-01-25 06:00:00,1373.59,6,Cloudy,Medium,Completed
O01819,C01543,R0066,2025-03-14 02:00:00,843.94,4,Clear,Medium,Completed
O01820,C00986,R0008,2025-02-10 21:00:00,979.97,5,Clear,Low,Completed
O01821,C01869,R0063,2025-03-24 06:00:00,1850.97,4,Clear,Low,Completed
O01822,C01462,R0009,2025-01-23 21:00:00,783.93,4,Clear,Medium,Completed
O01823,C00136,R0060,2025-02-27 19:00:00,1262.72,6,Clear,Medium,Cancelled
O01824,C01207,R0063,2025-03-22 17:00:00,790.62,1,Clear,Medium,Completed
O01825,C01733,R0072,2025-01-09 11:00:00,279.98,1,Clear,Low,Completed
O01826,C01196,R0003,2025-01-15 14:00:00,961.7,6,Clear,Medium,Completed
O01827,C00909,R0073,2025-01-14 06:00:00,1234.42,2,Clear,Low,Completed
O01828,C00861,R0013,2025-03-12 12:00:00,874.26,3,Cloudy,Medium,Completed
O01829,C00788,R0009,2025-01-05 10:00:00,842.27,3,Rainy,Low,Completed
O01830,C00590,R0095,2025-03-20 06:00:00,1658.72,6,Rainy,High,Completed
O01831,C01952,R0089,2025-02-09 21:00:00,156.4,6,Clear,Medium,Completed
O01832,C00956,R0052,2025-02-14 04:00:00,661.61,4,Cloudy,High,Completed
O01833,C00690,R0062,2025-03-12 11:00:00,1642.34,2,Cloudy,Low,Completed
O01834,C00539,R0008,2025-03-11 16:00:00,1849.01,2,Clear,Low,Completed
O01835,C01144,R0095,2025-01-17 17:00:00,883.37,5,Clear,Low,Completed
O01836,C01305,R0045,2025-01-26 01:00:00,1788.71,1,Clear,Medium,Completed
O01837,C01332,R0053,2025-01-10 01:00:00,477.97,6,Rainy,High,Completed
O01838,C00708,R0063,2025-01-08 17:00:00,520.71,6,Cloudy,High,Completed
O01839,C01301,R0095,2025-01-12 23:00:00,1707.76,6,Clear,Medium,Completed
O01840,C01554,R0081,2025-01-04 15:00:00,1816.19,6,Cloudy,Low,Completed
O01841,C00295,R0057,2025-01-07 10:00:00,523.33,5,Cloudy,Low,Cancelled
O01842,C01807,R0054,2025-01-10 03:00:00,212.72,3,Cloudy,Medium,Completed
O01843,C00053,R0019,2025-03-03 18:00:00,271.62,2,Cloudy,Medium,Cancelled
O01844,C00806,R0067,2025-01-14 09:00:00,596.62,3,Cloudy,Medium,Completed
O01845,C01456,R0046,2025-02-05 00:00:00,1546.75,1,Rainy,Medium,Completed
O01846,C00052,R0094,2025-03-08 01:00:00,1068.98,1,Clear,High,Completed
O01847,C00728,R0010,2025-03-18 12:00:00,965.62,6,Cloudy,Low,Cancelled
O01848,C00072,R0093,2025-03-30 22:00:00,1209.87,1,Clear,High,Completed
O01849,C00028,R0018,2025-03-07 08:00:00,1791.42,3,Cloudy,Low,Completed
O01850,C00469,R0012,2025-03-15 07:00:00,271.82,2,Rainy,Medium,Completed
O01851,C01936,R0049,2025-01-27 00:00:00,1419.98,5,Clear,High,Completed
O01852,C00764,R0023,2025-01-15 16:00:00,1860.9,2,Clear,Low,Completed
O01853,C00886,R0062,2025-02-12 20:00:00,505.37,2,Clear,Medium,Completed
O01854,C00912,R0011,2025-02-26 13:00:00,1691.77,4,Clear,Medium,Completed
O01855,C00547,R0073,2025-01-20 18:00:00,1426.25,2,Rainy,High,Completed
O01856,C01425,R0056,2025-03-25 17:00:00,127.49,5,Clear,Low,Completed
O01857,C00201,R0088,2025-02-08 15:00:00,540.06,4,Clear,High,Completed
O01858,C01785,R0089,2025-01-02 05:00:00,1251.11,2,Rainy,High,Completed
O01859,C01635,R0055,2025-01-21 14:00:00,1054.56,4,Clear,Low,Cancelled
O01860,C00820,R0025,2025-01-17 03:00:00,1103.08,2,Clear,Medium,Completed
O01861,C01490,R0009,2025-02-06 08:00:00,540.67,1,Clear,Low,Completed
O01862,C01676,R0012,2025-02-04 18:00:00,1382.51,1,Rainy,Medium,Completed
O01863,C01619,R0011,2025-01-27 05:00:00,606.19,2,Clear,High,Completed
O01864,C00560,R0038,2025-01-02 05:00:00,839.93,4,Clear,Low,Completed
O01865,C01814,R0028,2025-02-03 14:00:00,800.94,5,Clear,Low,Completed
O01866,C00379,R0008,2025-03-18 08:00:00,1376.85,1,Cloudy,High,Completed
O01867,C01784,R0074,2025-02-24 14:00:00,271.48,4,Cloudy,Medium,Completed
O01868,C01919,R0089,2025-03-24 00:00:00,490.53,5,Clear,Medium,Completed
O01869,C01201,R0047,2025-03-23 16:00:00,480.94,4,Rainy,Medium,Completed
O01870,C01076,R0036,2025-01-11 03:00:00,306.01,2,Clear,Low,Completed
O01871,C00079,R0050,2025-01-10 04:00:00,494.43,1,Clear,Medium,Completed
O01872,C01409,R0009,2025-02-19 03:00:00,1253.41,1,Clear,High,Completed
O01873,C00834,R0060,2025-02-28 14:00:00,1491.12,1,Cloudy,Medium,Completed
O01874,C01600,R0072,2025-03-15 19:00:00,1354.58,2,Clear,Medium,Completed
O01875,C01032,R0067,2025-02-25 23:00:00,1002.86,5,Rainy,Low,Completed
O01876,C01238,R0053,2025-01-23 02:00:00,199.63,5,Cloudy,Medium,Completed
O01877,C00025,R0082,2025-01-02 00:00:00,1922.11,6,Rainy,Medium,Completed
O01878,C00450,R0099,2025-02-17 16:00:00,419.35,6,Clear,Low,Completed
O01879,C00768,R0017,2025-03-15 13:00:00,1370.0,1,Rainy,Medium,Completed
O01880,C00755,R0100,2025-02-05 17:00:00,1834.49,6,Clear,High,Completed
O01881,C01993,R0053,2025-02-12 18:00:00,1425.78,5,Clear,Low,Completed
O01882,C01481,R0028,2025-02-07 09:00:00,514.29,6,Clear,Medium,Completed
O01883,C01485,R0063,2025-02-02 04:00:00,700.01,6,Clear,Low,Completed
O01884,C00198,R0015,2025-01-01 19:00:00,157.39,1,Rainy,Medium,Completed
O01885,C01118,R0019,2025-02-21 03:00:00,1264.24,5,Clear,Medium,Completed
O01886,C01743,R0086,2025-02-03 13:00:00,1264.69,1,Clear,Medium,Completed
O01887,C01971,R0070,2025-02-27 12:00:00,1478.45,5,Clear,High,Completed
O01888,C00437,R0047,2025-02-06 16:00:00,120.89,4,Rainy,Medium,Completed
O01889,C01551,R0071,2025-02-25 13:00:00,1653.9,1,Clear,Low,Completed
O01890,C00690,R0048,2025-03-12 04:00:00,1503.55,6,Clear,High,Completed
O01891,C01991,R0073,2025-03-08 21:00:00,367.68,6,Rainy,Low,Completed
O01892,C01402,R0020,2025-02-16 03:00:00,760.49,1,Rainy,Medium,Completed
O01893,C00587,R0037,2025-01-19 11:00:00,1313.2,6,Cloudy,Medium,Completed
O01894,C00104,R0075,2025-03-27 02:00:00,1042.01,3,Clear,Low,Completed
O01895,C01830,R0002,2025-02-21 04:00:00,318.68,1,Clear,High,Completed
O01896,C01704,R0064,2025-03-04 23:00:00,265.96,5,Cloudy,Medium,Completed
O01897,C01986,R0086,2025-02-02 10:00:00,1584.77,4,Rainy,Medium,Completed
O01898,C00627,R0036,2025-03-14 18:00:00,396.34,4,Rainy,Medium,Completed
O01899,C01063,R0005,2025-03-20 06:00:00,426.98,5,Cloudy,Low,Completed
O01900,C00458,R0064,2025-02-13 22:00:00,1678.75,2,Cloudy,High,Completed
O01901,C00364,R0007,2025-01-18 12:00:00,1263.07,6,Cloudy,Low,Completed
O01902,C01809,R0070,2025-03-19 03:00:00,1248.96,1,Rainy,Low,Completed
O01903,C00135,R0022,2025-03-29 20:00:00,1010.76,4,Clear,Low,Completed
O01904,C00374,R0074,2025-01-25 02:00:00,1181.09,5,Cloudy,Low,Completed
O01905,C01256,R0046,2025-02-22 01:00:00,1243.36,4,Clear,High,Completed
O01906,C00039,R0040,2025-03-24 18:00:00,1938.87,4,Rainy,High,Completed
O01907,C01988,R0061,2025-02-26 14:00:00,523.65,5,Clear,Medium,Completed
O01908,C01827,R0046,2025-01-05 14:00:00,507.67,3,Rainy,High,Completed
O01909,C00819,R0084,2025-01-21 10:00:00,208.72,4,Clear,Medium,Completed
O01910,C00047,R0028,2025-02-23 23:00:00,1350.58,4,Clear,Medium,Completed
O01911,C00036,R0087,2025-03-18 12:00:00,1143.18,2,Clear,High,Completed
O01912,C01856,R0035,2025-03-28 17:00:00,311.35,3,Rainy,Low,Completed
O01913,C00095,R0001,2025-02-28 04:00:00,792.62,2,Cloudy,Low,Completed
O01914,C00985,R0029,2025-03-14 13:00:00,439.46,5,Clear,Low,Completed
O01915,C01385,R0009,2025-02-07 05:00:00,729.82,6,Clear,Medium,Completed
O01916,C01549,R0009,2025-03-20 03:00:00,1907.4,1,Clear,High,Completed
O01917,C01170,R0022,2025-03-23 05:00:00,1398.31,5,Clear,High,Completed
O01918,C01941,R0063,2025-03-08 09:00:00,114.38,3,Clear,High,Cancelled
O01919,C00368,R0066,2025-01-18 03:00:00,579.77,6,Clear,Medium,Completed
O01920,C00065,R0080,2025-03-01 06:00:00,119.69,5,Cloudy,High,Completed
O01921,C01252,R0058,2025-03-11 20:00:00,1458.25,3,Clear,Low,Completed
O01922,C00754,R0070,2025-02-19 10:00:00,991.9,6,Rainy,Medium,Completed
O01923,C01544,R0055,2025-03-10 14:00:00,1988.64,2,Clear,Medium,Cancelled
O01924,C00816,R0013,2025-02-15 08:00:00,1493.81,4,Clear,Low,Completed
O01925,C01877,R0097,2025-02-21 15:00:00,1084.03,5,Cloudy,High,Completed
O01926,C01579,R0019,2025-01-26 02:00:00,1628.94,5,Clear,Medium,Completed
O01927,C00756,R0079,2025-03-22 17:00:00,1439.13,6,Clear,Medium,Completed
O01928,C00181,R0033,2025-01-02 01:00:00,563.17,4,Clear,Low,Completed
O01929,C01525,R0074,2025-01-25 07:00:00,1107.49,5,Cloudy,Medium,Completed
O01930,C00597,R0065,2025-02-14 11:00:00,1156.4,5,Clear,Medium,Completed
O01931,C01179,R0060,2025-02-16 09:00:00,957.34,6,Clear,Medium,Completed
O01932,C00787,R0012,2025-02-18 04:00:00,440.47,1,Cloudy,Low,Completed
O01933,C01559,R0043,2025-02-19 08:00:00,524.4,6,Clear,Medium,Completed
O01934,C00627,R0093,2025-03-15 15:00:00,633.99,6,Clear,Medium,Completed
O01935,C01842,R0017,2025-01-16 19:00:00,119.48,6,Clear,Medium,Completed
O01936,C01459,R0068,2025-02-23 12:00:00,1842.19,1,Cloudy,Medium,Completed
O01937,C01835,R0029,2025-02-28 14:00:00,1403.58,4,Cloudy,Low,Completed
O01938,C01123,R0055,2025-01-16 08:00:00,1410.27,2,Cloudy,High,Completed
O01939,C00616,R0007,2025-02-15 20:00:00,1187.43,5,Cloudy,Medium,Cancelled
O01940,C01396,R0044,2025-02-13 04:00:00,1409.69,6,Cloudy,Low,Completed
O01941,C01587,R0077,2025-03-23 00:00:00,1965.54,5,Clear,Low,Completed
O01942,C01386,R0005,2025-03-08 09:00:00,831.8,2,Cloudy,Low,Completed
O01943,C00112,R0060,2025-03-22 01:00:00,1453.8,5,Rainy,Low,Completed
O01944,C00453,R0006,2025-01-02 00:00:00,783.11,2,Cloudy,Medium,Completed
O01945,C00756,R0098,2025-01-23 17:00:00,1723.15,4,Cloudy,Medium,Completed
O01946,C01193,R0007,2025-02-18 11:00:00,1730.25,4,Clear,Low,Completed
O01947,C00584,R0046,2025-01-12 10:00:00,1814.31,2,Cloudy,High,Completed
O01948,C00139,R0057,2025-02-18 00:00:00,110.38,2,Clear,High,Completed
O01949,C01872,R0054,2025-02-26 02:00:00,666.56,3,Clear,Medium,Completed
O01950,C00231,R0092,2025-03-02 16:00:00,354.46,1,Clear,Low,Completed
O01951,C01263,R0046,2025-03-19 22:00:00,962.57,1,Clear,High,Completed
O01952,C00984,R0010,2025-02-22 23:00:00,1041.35,6,Clear,Medium,Completed
O01953,C00253,R0004,2025-01-05 14:00:00,586.22,5,Cloudy,Medium,Completed
O01954,C01460,R0067,2025-03-15 03:00:00,1474.55,5,Clear,Medium,Completed
O01955,C01943,R0025,2025-01-30 11:00:00,612.56,2,Rainy,Low,Completed
O01956,C00561,R0087,2025-02-26 23:00:00,1722.39,6,Clear,Low,Cancelled
O01957,C01446,R0091,2025-03-05 16:00:00,437.55,2,Rainy,Medium,Completed
O01958,C01327,R0078,2025-01-23 23:00:00,797.75,1,Clear,High,Completed
O01959,C00072,R0061,2025-01-06 13:00:00,1282.25,6,Rainy,High,Cancelled
O01960,C01287,R0038,2025-03-25 21:00:00,1250.14,6,Clear,High,Completed
O01961,C01858,R0032,2025-02-19 10:00:00,248.26,5,Clear,Medium,Completed
O01962,C00222,R0023,2025-02-15 04:00:00,1707.89,1,Cloudy,Medium,Completed
O01963,C01101,R0037,2025-02-12 20:00:00,1236.32,4,Clear,Low,Completed
O01964,C00062,R0003,2025-02-14 04:00:00,1752.73,1,Cloudy,Medium,Completed
O01965,C01495,R0099,2025-03-15 08:00:00,1748.51,1,Clear,Medium,Completed
O01966,C01181,R0013,2025-03-26 06:00:00,1137.25,2,Clear,Medium,Completed
O01967,C00806,R0034,2025-03-14 23:00:00,1830.48,5,Clear,Medium,Completed
O01968,C00125,R0088,2025-01-25 19:00:00,1711.97,4,Clear,Medium,Completed
O01969,C00741,R0065,2025-01-01 10:00:00,1920.43,1,Clear,Medium,Completed
O01970,C01876,R0076,2025-03-13 17:00:00,1715.95,1,Rainy,High,Completed
O01971,C00161,R0008,2025-02-18 12:00:00,1660.29,2,Cloudy,High,Cancelled
O01972,C00541,R0083,2025-01-26 17:00:00,991.78,6,Rainy,Medium,Completed
O01973,C00626,R0009,2025-02-01 20:00:00,502.86,3,Rainy,Medium,Completed
O01974,C01615,R0028,2025-01-03 00:00:00,1830.35,5,Clear,Low,Completed
O01975,C01559,R0078,2025-01-19 18:00:00,1472.84,5,Clear,Low,Completed
O01976,C00106,R0091,2025-03-16 22:00:00,635.32,5,Rainy,Low,Completed
O01977,C01155,R0018,2025-01-21 10:00:00,747.89,1,Clear,Low,Completed
O01978,C01381,R0042,2025-03-20 20:00:00,1403.55,1,Rainy,Medium,Completed
O01979,C01709,R0041,2025-03-01 16:00:00,1007.85,1,Clear,High,Completed
O01980,C00776,R0070,2025-02-14 18:00:00,254.82,6,Clear,Medium,Completed
O01981,C01878,R0033,2025-02-23 12:00:00,368.75,3,Clear,Medium,Completed
O01982,C01909,R0089,2025-03-15 05:00:00,1516.73,1,Clear,Medium,Completed
O01983,C01821,R0077,2025-01-10 06:00:00,724.28,5,Clear,Medium,Completed
O01984,C00002,R0054,2025-01-12 04:00:00,1064.53,6,Clear,Low,Completed
O01985,C00233,R0087,2025-02-07 12:00:00,1556.58,5,Clear,Low,Completed
O01986,C00369,R0036,2025-02-08 06:00:00,1527.23,2,Clear,High,Completed
O01987,C01275,R0097,2025-01-17 00:00:00,417.33,3,Clear,Medium,Cancelled
O01988,C00946,R0085,2025-03-09 01:00:00,286.95,4,Cloudy,Low,Completed
O01989,C01857,R0098,2025-01-27 01:00:00,1223.19,1,Rainy,Medium,Completed
O01990,C01132,R0056,2025-02-20 23:00:00,1509.1,4,Rainy,Medium,Completed
O01991,C01300,R0100,2025-03-21 11:00:00,383.18,1,Rainy,High,Completed
O01992,C00180,R0017,2025-02-26 18:00:00,806.72,3,Cloudy,Low,Completed
O01993,C01749,R0010,2025-03-13 10:00:00,1753.53,3,Cloudy,Medium,Completed
O01994,C00293,R0087,2025-03-15 23:00:00,1894.02,5,Rainy,High,Completed
O01995,C00584,R0044,2025-02-22 20:00:00,962.73,3,Clear,High,Completed
O01996,C00795,R0002,2025-02-05 01:00:00,251.08,6,Clear,Medium,Completed
O01997,C00175,R0099,2025-03-10 20:00:00,589.62,6,Clear,Medium,Completed
O01998,C00123,R0014,2025-02-21 07:00:00,542.64,4,Rainy,High,Completed
O01999,C00227,R0041,2025-03-14 19:00:00,554.03,4,Clear,Medium,Completed
O02000,C01926,R0002,2025-02-23 10:00:00,1038.38,3,Clear,High,Completed
O02001,C00444,R0019,2025-01-31 17:00:00,1208.13,4,Rainy,Medium,Completed
O02002,C01837,R0080,2025-01-15 04:00:00,332.77,6,Clear,High,Completed
O02003,C00428,R0089,2025-03-23 07:00:00,1789.78,1,Rainy,High,Completed
O02004,C01107,R0001,2025-03-16 05:00:00,1277.95,2,Clear,Medium,Cancelled
O02005,C00765,R0002,2025-01-23 01:00:00,1234.78,6,Cloudy,Low,Completed
O02006,C01682,R0027,2025-01-02 09:00:00,1975.83,5,Cloudy,Low,Cancelled
O02007,C00632,R0002,2025-01-14 10:00:00,1293.47,2,Clear,High,Completed
O02008,C00065,R0094,2025-02-20 04:00:00,1865.02,4,Clear,Low,Completed
O02009,C01305,R0051,2025-03-24 18:00:00,643.89,5,Clear,High,Completed
O02010,C01819,R0010,2025-01-15 10:00:00,556.25,2,Cloudy,Low,Completed
O02011,C01415,R0019,2025-03-14 01:00:00,1081.39,2,Clear,High,Completed
O02012,C00428,R0080,2025-02-20 15:00:00,1066.36,4,Cloudy,High,Completed
O02013,C00618,R0013,2025-03-08 18:00:00,530.32,5,Cloudy,High,Completed
O02014,C00925,R0048,2025-03-12 22:00:00,1429.35,6,Clear,Low,Completed
O02015,C00812,R0056,2025-01-11 04:00:00,156.3,6,Cloudy,High,Completed
O02016,C00107,R0072,2025-03-18 07:00:00,1412.2,5,Clear,Medium,Completed
O02017,C01572,R0056,2025-01-06 12:00:00,968.64,2,Rainy,Low,Completed
O02018,C00659,R0050,2025-02-27 02:00:00,1409.11,5,Clear,High,Completed
O02019,C01286,R0095,2025-03-29 08:00:00,1006.45,6,Clear,Low,Completed
O02020,C01945,R0045,2025-02-15 07:00:00,1956.93,5,Rainy,Low,Completed
O02021,C01183,R0089,2025-03-10 15:00:00,735.9,1,Rainy,Medium,Completed
O02022,C00265,R0059,2025-03-20 19:00:00,1966.89,4,Cloudy,Medium,Completed
O02023,C01492,R0039,2025-03-13 16:00:00,223.45,6,Clear,High,Completed
O02024,C01226,R0021,2025-02-16 23:00:00,1399.15,4,Cloudy,Medium,Completed
O02025,C01957,R0055,2025-03-06 04:00:00,963.02,1,Clear,Low,Completed
O02026,C00155,R0057,2025-01-05 22:00:00,1662.06,2,Clear,High,Completed
O02027,C01037,R0041,2025-02-07 06:00:00,1600.27,3,Cloudy,Medium,Completed
O02028,C01321,R0093,2025-02-22 17:00:00,1620.4,6,Rainy,Low,Completed
O02029,C00896,R0070,2025-01-16 02:00:00,280.0,2,Clear,High,Completed
O02030,C01858,R0082,2025-03-15 21:00:00,1662.49,1,Cloudy,Medium,Completed
O02031,C01522,R0049,2025-03-14 12:00:00,506.68,5,Clear,Low,Completed
O02032,C01621,R0044,2025-01-14 01:00:00,148.79,1,Clear,High,Completed
O02033,C00993,R0035,2025-03-06 00:00:00,513.7,4,Cloudy,High,Cancelled
O02034,C01816,R0091,2025-03-13 02:00:00,1010.64,5,Clear,High,Completed
O02035,C00245,R0005,2025-02-15 06:00:00,1510.01,2,Rainy,Low,Completed
O02036,C01324,R0071,2025-01-12 07:00:00,515.4,5,Rainy,Low,Completed
O02037,C01386,R0074,2025-02-14 04:00:00,314.71,4,Cloudy,Medium,Completed
O02038,C01378,R0074,2025-03-16 13:00:00,1327.34,1,Rainy,Medium,Completed
O02039,C01852,R0051,2025-02-11 05:00:00,1969.41,2,Clear,Medium,Completed
O02040,C01545,R0057,2025-02-07 16:00:00,1241.65,3,Rainy,High,Completed
O02041,C00386,R0058,2025-01-31 23:00:00,1413.01,3,Clear,Low,Completed
O02042,C00759,R0092,2025-02-07 22:00:00,1166.22,1,Cloudy,Medium,Completed
O02043,C01336,R0036,2025-03-20 13:00:00,1586.46,2,Clear,High,Completed
O02044,C00414,R0010,2025-03-14 17:00:00,1954.03,2,Clear,Medium,Completed
O02045,C01302,R0050,2025-03-30 11:00:00,1133.85,5,Cloudy,Medium,Completed
O02046,C01774,R0099,2025-01-11 06:00:00,891.9,6,Clear,Medium,Completed
O02047,C00715,R0099,2025-03-19 03:00:00,1734.65,1,Clear,Low,Completed
O02048,C00759,R0037,2025-01-24 23:00:00,1942.48,5,Clear,Medium,Completed
O02049,C00747,R0020,2025-03-09 07:00:00,345.45,1,Cloudy,Low,Completed
O02050,C00593,R0013,2025-02-20 05:00:00,1198.52,4,Cloudy,Low,Completed
O02051,C01380,R0075,2025-02-10 23:00:00,1605.67,1,Clear,High,Completed
O02052,C01549,R0019,2025-02-08 11:00:00,1113.34,5,Clear,Low,Completed
O02053,C00839,R0092,2025-01-13 03:00:00,877.47,2,Clear,Medium,Completed
O02054,C00016,R0056,2025-03-29 13:00:00,1344.94,1,Cloudy,High,Completed
O02055,C00993,R0045,2025-02-27 11:00:00,613.24,2,Cloudy,Low,Completed
O02056,C01069,R0060,2025-01-01 21:00:00,763.35,4,Rainy,Medium,Completed
O02057,C01345,R0068,2025-02-24 19:00:00,1985.33,3,Cloudy,Medium,Completed
O02058,C00651,R0057,2025-02-13 20:00:00,1309.28,3,Clear,Medium,Completed
O02059,C01350,R0054,2025-03-23 17:00:00,1758.56,5,Rainy,Low,Completed
O02060,C00148,R0037,2025-02-07 21:00:00,1634.76,1,Rainy,Low,Completed
O02061,C00355,R0083,2025-01-23 01:00:00,1339.32,4,Clear,Low,Cancelled
O02062,C01260,R0037,2025-01-05 04:00:00,1697.39,4,Rainy,Low,Completed
O02063,C00703,R0014,2025-02-24 17:00:00,645.6,2,Cloudy,Medium,Completed
O02064,C00613,R0095,2025-03-23 07:00:00,1310.52,6,Clear,High,Completed
O02065,C00105,R0092,2025-03-21 05:00:00,1222.15,5,Clear,Medium,Completed
O02066,C01498,R0100,2025-01-25 02:00:00,1282.6,4,Clear,Low,Completed
O02067,C01786,R0044,2025-02-20 14:00:00,420.4,1,Cloudy,High,Completed
O02068,C00396,R0083,2025-02-02 21:00:00,626.76,4,Clear,Medium,Completed
O02069,C01470,R0042,2025-02-26 22:00:00,644.65,3,Clear,Medium,Completed
O02070,C00606,R0001,2025-03-09 23:00:00,1243.7,5,Clear,Medium,Completed
O02071,C01244,R0023,2025-02-27 15:00:00,1947.84,2,Clear,High,Completed
O02072,C01834,R0064,2025-01-21 22:00:00,1912.73,1,Cloudy,Medium,Completed
O02073,C00851,R0028,2025-01-08 04:00:00,531.66,3,Rainy,Medium,Completed
O02074,C01989,R0004,2025-02-06 22:00:00,679.21,4,Cloudy,High,Completed
O02075,C00442,R0041,2025-03-01 01:00:00,168.52,5,Rainy,Medium,Completed
O02076,C01669,R0060,2025-01-12 08:00:00,857.75,5,Cloudy,Low,Completed
O02077,C00873,R0018,2025-02-28 17:00:00,1685.88,1,Clear,High,Completed
O02078,C00667,R0063,2025-02-05 17:00:00,1839.93,2,Rainy,Low,Completed
O02079,C01052,R0061,2025-03-21 14:00:00,549.34,3,Clear,Medium,Completed
O02080,C00794,R0049,2025-03-23 13:00:00,605.01,6,Rainy,Medium,Completed
O02081,C00475,R0047,2025-01-11 20:00:00,519.61,2,Cloudy,Low,Completed
O02082,C00628,R0039,2025-02-26 08:00:00,765.2,1,Rainy,High,Completed
O02083,C01329,R0089,2025-02-17 19:00:00,1629.04,1,Clear,Medium,Completed
O02084,C01770,R0082,2025-03-04 11:00:00,1329.03,3,Rainy,Medium,Completed
O02085,C01429,R0006,2025-01-12 13:00:00,1593.29,5,Cloudy,Medium,Completed
O02086,C01537,R0083,2025-02-04 06:00:00,1207.76,5,Clear,Medium,Completed
O02087,C00502,R0053,2025-01-23 03:00:00,589.69,3,Rainy,Low,Completed
O02088,C00348,R0076,2025-01-07 22:00:00,533.19,2,Rainy,Low,Completed
O02089,C01264,R0025,2025-02-04 14:00:00,117.1,3,Cloudy,High,Completed
O02090,C01018,R0099,2025-01-10 19:00:00,1583.87,6,Clear,Medium,Completed
O02091,C00570,R0065,2025-02-13 23:00:00,1709.53,5,Clear,Medium,Completed
O02092,C01871,R0005,2025-02-22 06:00:00,1559.74,2,Cloudy,Medium,Completed
O02093,C00695,R0065,2025-01-08 22:00:00,241.36,4,Rainy,Low,Completed
O02094,C01361,R0008,2025-01-26 12:00:00,1548.22,2,Cloudy,High,Completed
O02095,C00026,R0039,2025-03-05 19:00:00,186.96,5,Clear,High,Completed
O02096,C01433,R0043,2025-03-13 19:00:00,300.63,1,Clear,High,Completed
O02097,C01101,R0082,2025-02-10 12:00:00,936.9,2,Cloudy,High,Completed
O02098,C01953,R0073,2025-01-28 00:00:00,1004.68,2,Cloudy,Medium,Completed
O02099,C00217,R0005,2025-01-05 09:00:00,1650.63,1,Clear,Medium,Cancelled
O02100,C01352,R0004,2025-03-08 20:00:00,1391.1,5,Clear,Medium,Completed
O02101,C00837,R0093,2025-01-08 23:00:00,391.31,4,Clear,High,Completed
O02102,C00774,R0001,2025-02-11 18:00:00,529.68,4,Clear,High,Completed
O02103,C01047,R0094,2025-02-24 05:00:00,642.78,3,Clear,Medium,Cancelled
O02104,C01780,R0056,2025-03-07 07:00:00,334.98,4,Clear,Medium,Completed
O02105,C00670,R0045,2025-03-16 17:00:00,646.53,4,Rainy,High,Completed
O02106,C00718,R0065,2025-01-27 10:00:00,1484.34,2,Clear,Medium,Cancelled
O02107,C00310,R0003,2025-01-04 12:00:00,558.66,3,Clear,High,Completed
O02108,C00599,R0022,2025-03-25 19:00:00,1687.18,4,Clear,Medium,Completed
O02109,C00267,R0072,2025-01-31 07:00:00,992.08,2,Cloudy,Medium,Completed
O02110,C01439,R0056,2025-02-14 04:00:00,713.58,3,Clear,Medium,Cancelled
O02111,C00646,R0018,2025-03-12 07:00:00,883.59,2,Rainy,Low,Completed
O02112,C01291,R0025,2025-03-08 15:00:00,1448.04,1,Clear,Low,Completed
O02113,C01357,R0048,2025-01-03 21:00:00,1081.91,5,Cloudy,Low,Completed
O02114,C01023,R0084,2025-01-07 09:00:00,113.83,5,Cloudy,Low,Cancelled
O02115,C01804,R0031,2025-03-02 21:00:00,1852.42,5,Clear,Medium,Completed
O02116,C00450,R0030,2025-03-26 03:00:00,225.39,4,Rainy,Medium,Completed
O02117,C00565,R0080,2025-02-15 17:00:00,1883.38,5,Clear,Low,Completed
O02118,C01635,R0066,2025-01-24 18:00:00,153.49,5,Clear,Low,Completed
O02119,C01271,R0081,2025-01-07 04:00:00,1564.86,3,Clear,Medium,Completed
O02120,C01060,R0010,2025-03-27 17:00:00,1115.88,3,Rainy,Medium,Completed
O02121,C01425,R0071,2025-03-29 21:00:00,1060.88,6,Clear,Low,Completed
O02122,C00028,R0059,2025-02-28 19:00:00,238.28,3,Cloudy,Medium,Completed
O02123,C00220,R0051,2025-03-21 22:00:00,553.62,4,Clear,Low,Cancelled
O02124,C00406,R0009,2025-02-02 05:00:00,1577.34,6,Cloudy,Medium,Completed
O02125,C01638,R0054,2025-03-15 01:00:00,1793.39,6,Cloudy,Low,Completed
O02126,C01799,R0062,2025-03-19 23:00:00,1105.33,5,Clear,Low,Completed
O02127,C00271,R0081,2025-03-07 13:00:00,771.35,4,Clear,Low,Completed
O02128,C01760,R0009,2025-03-13 08:00:00,213.89,4,Clear,Medium,Completed
O02129,C01675,R0009,2025-02-26 00:00:00,1396.14,4,Rainy,Medium,Completed
O02130,C00792,R0024,2025-02-16 02:00:00,629.05,4,Rainy,Low,Completed
O02131,C01535,R0039,2025-01-01 16:00:00,204.53,4,Clear,Medium,Completed
O02132,C00963,R0075,2025-03-12 11:00:00,1365.12,4,Rainy,High,Completed
O02133,C01310,R0008,2025-01-25 06:00:00,1022.87,6,Clear,Low,Completed
O02134,C01478,R0025,2025-01-11 14:00:00,122.73,5,Clear,Medium,Completed
O02135,C01786,R0066,2025-01-24 08:00:00,310.76,3,Clear,Medium,Completed
O02136,C00834,R0010,2025-02-28 23:00:00,1428.48,6,Cloudy,Low,Completed
O02137,C00317,R0024,2025-01-14 07:00:00,220.98,2,Clear,Medium,Cancelled
O02138,C01614,R0080,2025-01-10 03:00:00,1745.33,2,Clear,Medium,Completed
O02139,C01321,R0083,2025-01-30 02:00:00,691.52,2,Rainy,Medium,Completed
O02140,C00338,R0059,2025-03-01 21:00:00,268.47,1,Rainy,High,Completed
O02141,C01331,R0031,2025-01-02 07:00:00,1543.54,3,Clear,Medium,Completed
O02142,C01452,R0011,2025-01-30 18:00:00,1096.41,5,Cloudy,Medium,Completed
O02143,C00351,R0006,2025-02-13 07:00:00,682.62,4,Clear,Medium,Completed
O02144,C00511,R0070,2025-01-18 00:00:00,871.59,2,Clear,High,Completed
O02145,C00525,R0032,2025-02-08 23:00:00,140.68,3,Clear,Medium,Completed
O02146,C01882,R0039,2025-02-16 23:00:00,1359.13,5,Clear,Medium,Completed
O02147,C00492,R0048,2025-02-25 20:00:00,794.97,2,Clear,Medium,Cancelled
O02148,C01932,R0013,2025-01-30 10:00:00,1456.67,3,Clear,Medium,Completed
O02149,C01618,R0059,2025-02-02 14:00:00,1293.53,6,Clear,Medium,Completed
O02150,C00009,R0067,2025-02-20 04:00:00,1337.38,5,Clear,High,Completed
O02151,C01521,R0056,2025-02-19 02:00:00,1606.5,6,Clear,High,Completed
O02152,C01749,R0041,2025-02-22 10:00:00,1299.2,3,Clear,Medium,Completed
O02153,C01584,R0056,2025-01-07 20:00:00,895.58,4,Rainy,High,Completed
O02154,C00561,R0035,2025-01-09 20:00:00,840.86,3,Clear,High,Completed
O02155,C01845,R0038,2025-03-23 04:00:00,327.21,3,Cloudy,High,Completed
O02156,C00440,R0081,2025-02-01 21:00:00,1580.94,1,Clear,Low,Completed
O02157,C01576,R0067,2025-02-20 01:00:00,1546.11,4,Clear,Low,Completed
O02158,C01899,R0034,2025-03-17 19:00:00,567.97,6,Clear,Medium,Completed
O02159,C00792,R0076,2025-01-27 20:00:00,1739.1,3,Rainy,Medium,Completed
O02160,C01762,R0088,2025-03-11 04:00:00,1219.11,4,Clear,Medium,Completed
O02161,C01992,R0070,2025-03-19 07:00:00,1009.51,3,Rainy,Medium,Cancelled
O02162,C01132,R0011,2025-01-06 06:00:00,133.24,4,Cloudy,Medium,Completed
O02163,C01269,R0027,2025-01-16 16:00:00,827.21,5,Rainy,Medium,Completed
O02164,C01279,R0048,2025-01-10 08:00:00,1317.27,2,Rainy,Medium,Completed
O02165,C00033,R0024,2025-01-21 16:00:00,270.52,1,Rainy,Low,Completed
O02166,C01047,R0018,2025-03-26 00:00:00,973.18,2,Clear,High,Completed
O02167,C00845,R0027,2025-01-20 16:00:00,1987.53,3,Clear,Medium,Completed
O02168,C00566,R0054,2025-03-20 16:00:00,1461.42,3,Clear,Low,Completed
O02169,C01845,R0055,2025-02-18 08:00:00,1139.05,5,Cloudy,Medium,Completed
O02170,C00049,R0021,2025-01-10 00:00:00,1112.76,3,Cloudy,Medium,Completed
O02171,C00462,R0059,2025-01-09 03:00:00,183.15,6,Clear,Medium,Completed
O02172,C00590,R0034,2025-01-16 05:00:00,1918.9,4,Cloudy,Medium,Completed
O02173,C00336,R0097,2025-03-06 15:00:00,1863.54,6,Clear,Low,Completed
O02174,C01969,R0058,2025-03-06 12:00:00,1396.57,2,Clear,Medium,Cancelled
O02175,C01382,R0048,2025-01-09 21:00:00,288.12,3,Cloudy,Medium,Completed
O02176,C01146,R0054,2025-01-05 22:00:00,494.88,5,Rainy,Low,Completed
O02177,C01468,R0018,2025-03-13 12:00:00,449.43,1,Cloudy,High,Completed
O02178,C00359,R0003,2025-02-05 01:00:00,1087.2,6,Rainy,Medium,Completed
O02179,C01626,R0024,2025-03-11 16:00:00,494.83,2,Rainy,High,Completed
O02180,C00346,R0001,2025-02-20 02:00:00,1422.02,5,Clear,Medium,Completed
O02181,C00193,R0006,2025-03-02 15:00:00,1135.94,5,Clear,Medium,Completed
O02182,C01440,R0019,2025-03-14 15:00:00,133.55,2,Clear,High,Completed
O02183,C01401,R0086,2025-02-09 08:00:00,1513.71,5,Rainy,Medium,Completed
O02184,C01487,R0043,2025-01-24 13:00:00,458.77,1,Clear,Medium,Completed
O02185,C00756,R0008,2025-01-05 21:00:00,1667.28,1,Clear,Low,Completed
O02186,C01685,R0069,2025-01-16 07:00:00,774.59,3,Clear,Low,Completed
O02187,C01170,R0052,2025-02-17 01:00:00,743.38,4,Clear,Medium,Completed
O02188,C00478,R0073,2025-03-21 21:00:00,122.45,3,Clear,Medium,Cancelled
O02189,C00828,R0047,2025-03-20 17:00:00,1976.69,4,Clear,Medium,Completed
O02190,C00890,R0085,2025-02-03 23:00:00,1262.81,2,Cloudy,High,Completed
O02191,C00653,R0028,2025-03-30 17:00:00,903.19,5,Clear,High,Completed
O02192,C00408,R0046,2025-03-27 23:00:00,283.58,3,Rainy,Low,Completed
O02193,C00286,R0004,2025-02-07 12:00:00,1428.38,5,Cloudy,Medium,Completed
O02194,C01922,R0088,2025-01-09 00:00:00,637.19,3,Rainy,Medium,Completed
O02195,C00851,R0008,2025-02-15 17:00:00,1977.73,3,Clear,Low,Completed
O02196,C00111,R0061,2025-02-15 04:00:00,1906.04,1,Clear,Medium,Completed
O02197,C00620,R0017,2025-02-09 14:00:00,1497.06,4,Clear,High,Completed
O02198,C01903,R0034,2025-02-09 06:00:00,1945.04,2,Rainy,Low,Completed
O02199,C00793,R0020,2025-01-11 17:00:00,300.7,5,Clear,Medium,Completed
O02200,C00050,R0080,2025-02-20 21:00:00,631.84,3,Rainy,Medium,Completed
O02201,C01038,R0074,2025-03-29 12:00:00,581.16,5,Rainy,Medium,Completed
O02202,C01158,R0034,2025-01-28 02:00:00,236.82,1,Clear,High,Completed
O02203,C00588,R0043,2025-01-17 11:00:00,1947.23,2,Clear,Medium,Cancelled
O02204,C00596,R0010,2025-03-21 18:00:00,213.95,4,Cloudy,Medium,Completed
O02205,C01367,R0094,2025-02-08 10:00:00,1727.71,4,Cloudy,Low,Cancelled
O02206,C00670,R0030,2025-01-17 13:00:00,1559.51,3,Cloudy,Low,Completed
O02207,C01310,R0025,2025-02-20 05:00:00,814.15,2,Clear,Medium,Completed
O02208,C01958,R0057,2025-02-24 10:00:00,135.73,4,Cloudy,Medium,Completed
O02209,C00314,R0063,2025-01-24 08:00:00,111.58,2,Clear,Medium,Cancelled
O02210,C00606,R0071,2025-01-08 21:00:00,487.59,5,Clear,Medium,Completed
O02211,C00297,R0047,2025-01-09 12:00:00,1038.37,1,Clear,Low,Completed
O02212,C01630,R0084,2025-01-02 19:00:00,970.03,2,Rainy,Medium,Completed
O02213,C00569,R0081,2025-02-11 19:00:00,1212.06,2,Clear,Low,Completed
O02214,C01188,R0003,2025-03-13 01:00:00,1566.72,4,Clear,Medium,Completed
O02215,C00832,R0046,2025-02-24 06:00:00,816.97,6,Clear,High,Completed
O02216,C01521,R0036,2025-01-30 16:00:00,404.69,3,Rainy,Medium,Completed
O02217,C00610,R0026,2025-01-13 22:00:00,1620.09,3,Clear,Low,Completed
O02218,C00016,R0010,2025-02-06 13:00:00,732.11,6,Clear,Medium,Completed
O02219,C01368,R0034,2025-02-05 16:00:00,645.08,6,Rainy,Medium,Completed
O02220,C01102,R0078,2025-03-06 19:00:00,1552.19,6,Clear,High,Cancelled
O02221,C01370,R0008,2025-01-23 02:00:00,1874.86,5,Cloudy,High,Completed
O02222,C00072,R0055,2025-01-01 16:00:00,1838.43,4,Clear,Medium,Completed
O02223,C00270,R0091,2025-01-20 13:00:00,361.14,4,Clear,Low,Completed
O02224,C00287,R0010,2025-02-03 18:00:00,1056.0,1,Clear,Low,Completed
O02225,C00066,R0057,2025-02-25 07:00:00,276.45,3,Rainy,Low,Completed
O02226,C00880,R0079,2025-01-24 02:00:00,1925.85,4,Clear,Low,Completed
O02227,C00068,R0086,2025-02-06 17:00:00,508.93,6,Clear,High,Completed
O02228,C01217,R0045,2025-02-04 04:00:00,475.12,5,Rainy,Medium,Completed
O02229,C01079,R0050,2025-01-25 07:00:00,1788.88,1,Rainy,Medium,Completed
O02230,C00980,R0064,2025-02-05 05:00:00,1938.92,3,Clear,Medium,Completed
O02231,C01403,R0095,2025-03-25 04:00:00,1425.5,3,Clear,High,Completed
O02232,C00974,R0002,2025-02-05 01:00:00,329.91,3,Clear,Low,Completed
O02233,C01192,R0045,2025-03-17 04:00:00,1023.13,1,Cloudy,Medium,Completed
O02234,C01433,R0095,2025-01-31 09:00:00,1651.55,5,Clear,Medium,Completed
O02235,C00508,R0062,2025-01-11 13:00:00,1187.71,5,Cloudy,Medium,Completed
O02236,C01561,R0014,2025-03-02 23:00:00,351.93,4,Clear,Medium,Completed
O02237,C01667,R0074,2025-02-05 10:00:00,426.59,4,Clear,Medium,Completed
O02238,C00837,R0094,2025-02-04 05:00:00,1741.87,3,Cloudy,High,Cancelled
O02239,C01126,R0100,2025-03-07 12:00:00,1101.36,6,Cloudy,Medium,Completed
O02240,C00886,R0015,2025-02-10 18:00:00,1441.09,2,Cloudy,Low,Completed
O02241,C00794,R0014,2025-02-06 06:00:00,808.82,4,Cloudy,Medium,Completed
O02242,C01832,R0031,2025-02-28 01:00:00,1111.72,5,Clear,High,Completed
O02243,C01830,R0029,2025-01-11 16:00:00,1956.5,3,Cloudy,High,Completed
O02244,C00422,R0027,2025-01-06 07:00:00,726.44,5,Rainy,Low,Completed
O02245,C01988,R0085,2025-02-27 14:00:00,1382.1,3,Clear,Medium,Completed
O02246,C00775,R0009,2025-02-19 03:00:00,427.76,1,Clear,Medium,Completed
O02247,C00478,R0020,2025-03-29 16:00:00,331.31,4,Cloudy,Medium,Completed
O02248,C00926,R0099,2025-03-24 03:00:00,1588.92,6,Clear,High,Completed
O02249,C00120,R0058,2025-01-24 03:00:00,1703.81,1,Clear,Low,Completed
O02250,C01939,R0079,2025-01-04 12:00:00,1369.79,4,Rainy,Medium,Completed
O02251,C01767,R0088,2025-01-14 09:00:00,400.57,6,Clear,High,Cancelled
O02252,C01315,R0049,2025-03-06 17:00:00,557.12,6,Rainy,Medium,Completed
O02253,C00488,R0057,2025-01-12 19:00:00,1831.23,6,Clear,Low,Completed
O02254,C01185,R0016,2025-03-21 21:00:00,648.54,5,Clear,High,Completed
O02255,C01697,R0100,2025-01-26 13:00:00,1655.83,5,Rainy,Medium,Completed
O02256,C00078,R0075,2025-03-01 11:00:00,643.28,2,Clear,Medium,Completed
O02257,C01062,R0008,2025-03-05 04:00:00,1884.98,5,Rainy,Medium,Completed
O02258,C01418,R0067,2025-01-10 12:00:00,1837.46,3,Clear,Medium,Completed
O02259,C00441,R0019,2025-03-18 05:00:00,182.2,2,Rainy,Medium,Completed
O02260,C01564,R0067,2025-02-25 09:00:00,1563.79,3,Rainy,Medium,Completed
O02261,C00462,R0036,2025-03-22 12:00:00,421.98,2,Clear,Medium,Completed
O02262,C00612,R0089,2025-01-05 22:00:00,509.02,3,Cloudy,Low,Completed
O02263,C01318,R0060,2025-02-08 08:00:00,973.71,2,Cloudy,Low,Completed
O02264,C01424,R0036,2025-01-14 07:00:00,1195.0,4,Rainy,Low,Completed
O02265,C01660,R0011,2025-01-30 04:00:00,719.02,6,Clear,Low,Completed
O02266,C00917,R0051,2025-02-12 09:00:00,1193.23,4,Rainy,Low,Completed
O02267,C01116,R0080,2025-01-17 21:00:00,424.25,2,Clear,Low,Completed
O02268,C01791,R0055,2025-02-20 04:00:00,142.44,1,Cloudy,Medium,Completed
O02269,C00609,R0054,2025-03-28 04:00:00,1185.33,2,Clear,Medium,Completed
O02270,C00006,R0017,2025-03-12 18:00:00,1083.09,1,Clear,High,Completed
O02271,C00681,R0062,2025-03-08 22:00:00,1410.34,6,Clear,Medium,Completed
O02272,C00895,R0042,2025-01-07 10:00:00,1334.66,3,Clear,Low,Completed
O02273,C00271,R0024,2025-03-19 03:00:00,1805.22,2,Clear,Medium,Completed
O02274,C01644,R0017,2025-02-06 02:00:00,972.99,1,Clear,Medium,Completed
O02275,C01923,R0048,2025-01-24 06:00:00,115.9,6,Rainy,Medium,Completed
O02276,C00811,R0084,2025-01-09 01:00:00,1298.24,2,Clear,Medium,Completed
O02277,C00559,R0086,2025-02-13 01:00:00,1382.75,4,Clear,High,Completed
O02278,C00099,R0070,2025-02-28 07:00:00,1090.84,4,Rainy,Low,Completed
O02279,C00526,R0007,2025-03-26 15:00:00,1409.68,2,Clear,Medium,Completed
O02280,C00194,R0014,2025-02-03 09:00:00,714.81,2,Clear,High,Completed
O02281,C01181,R0011,2025-01-24 00:00:00,382.74,5,Cloudy,High,Completed
O02282,C01924,R0012,2025-03-02 07:00:00,1362.65,6,Clear,Low,Completed
O02283,C01690,R0005,2025-03-06 10:00:00,565.85,4,Clear,High,Completed
O02284,C01139,R0005,2025-01-31 09:00:00,967.0,3,Clear,Low,Completed
O02285,C00396,R0020,2025-02-12 04:00:00,1034.08,2,Clear,High,Completed
O02286,C00770,R0054,2025-01-08 02:00:00,1006.68,5,Cloudy,Low,Completed
O02287,C01681,R0055,2025-02-05 09:00:00,1237.05,6,Clear,Low,Completed
O02288,C01827,R0058,2025-02-03 01:00:00,155.96,2,Cloudy,Low,Cancelled
O02289,C01024,R0079,2025-03-08 04:00:00,1980.4,4,Cloudy,Medium,Cancelled
O02290,C01546,R0090,2025-01-06 04:00:00,1460.99,1,Clear,Medium,Completed
O02291,C00880,R0097,2025-01-08 06:00:00,908.24,6,Clear,Medium,Completed
O02292,C01238,R0030,2025-03-17 00:00:00,463.53,1,Clear,Medium,Completed
O02293,C00745,R0024,2025-01-05 09:00:00,252.34,4,Cloudy,Medium,Cancelled
O02294,C00683,R0087,2025-03-24 02:00:00,1377.16,3,Rainy,High,Completed
O02295,C01557,R0073,2025-03-11 04:00:00,702.22,6,Clear,Low,Completed
O02296,C00015,R0003,2025-01-02 13:00:00,536.01,5,Rainy,Low,Completed
O02297,C01443,R0100,2025-01-17 10:00:00,821.91,2,Clear,Medium,Cancelled
O02298,C00368,R0048,2025-02-08 08:00:00,1226.55,2,Rainy,Medium,Completed
O02299,C00638,R0071,2025-03-04 02:00:00,1376.24,2,Rainy,Low,Completed
O02300,C00853,R0022,2025-01-31 01:00:00,1325.82,5,Clear,High,Completed
O02301,C01877,R0014,2025-03-26 14:00:00,1740.2,5,Clear,Low,Completed
O02302,C01237,R0048,2025-02-24 12:00:00,515.64,4,Clear,Medium,Completed
O02303,C00700,R0029,2025-03-26 13:00:00,1309.82,5,Clear,Low,Completed
O02304,C01708,R0050,2025-03-12 23:00:00,292.12,2,Cloudy,High,Completed
O02305,C01783,R0080,2025-03-10 01:00:00,1141.08,6,Cloudy,Low,Completed
O02306,C00005,R0098,2025-03-02 12:00:00,1209.52,2,Cloudy,Medium,Completed
O02307,C00231,R0010,2025-01-16 04:00:00,510.85,5,Clear,High,Completed
O02308,C01225,R0071,2025-01-31 13:00:00,844.22,5,Clear,Low,Cancelled
O02309,C01909,R0089,2025-01-11 03:00:00,1671.67,4,Rainy,Low,Completed
O02310,C01426,R0027,2025-01-14 00:00:00,381.98,1,Clear,Medium,Completed
O02311,C01173,R0079,2025-01-04 03:00:00,925.56,5,Rainy,Medium,Completed
O02312,C01608,R0096,2025-01-10 14:00:00,1872.19,1,Clear,Medium,Completed
O02313,C01516,R0028,2025-02-28 19:00:00,1057.81,3,Clear,Medium,Completed
O02314,C01012,R0009,2025-02-26 04:00:00,1477.75,1,Clear,High,Completed
O02315,C01250,R0071,2025-02-05 01:00:00,1671.05,5,Clear,Medium,Completed
O02316,C00586,R0080,2025-03-03 15:00:00,487.17,2,Clear,Low,Completed
O02317,C01843,R0026,2025-01-22 11:00:00,514.61,2,Clear,High,Completed
O02318,C00169,R0099,2025-03-07 12:00:00,1541.32,5,Clear,Low,Completed
O02319,C00761,R0081,2025-02-04 02:00:00,1531.28,4,Clear,Medium,Completed
O02320,C00792,R0087,2025-01-26 07:00:00,214.35,6,Clear,Low,Completed
O02321,C01000,R0008,2025-01-22 18:00:00,712.75,5,Cloudy,High,Completed
O02322,C00152,R0002,2025-03-17 01:00:00,857.21,5,Cloudy,Medium,Cancelled
O02323,C01016,R0095,2025-02-20 12:00:00,1675.18,6,Rainy,Medium,Completed
O02324,C00224,R0057,2025-02-13 04:00:00,901.54,4,Clear,Medium,Completed
O02325,C00504,R0052,2025-01-07 17:00:00,1859.26,4,Rainy,High,Cancelled
O02326,C01761,R0058,2025-03-05 04:00:00,1993.55,3,Clear,High,Cancelled
O02327,C01574,R0096,2025-03-27 12:00:00,1583.38,3,Clear,Medium,Completed
O02328,C00044,R0093,2025-03-26 15:00:00,1366.13,3,Cloudy,Medium,Completed
O02329,C00697,R0003,2025-01-09 09:00:00,844.6,4,Clear,Low,Completed
O02330,C00504,R0008,2025-02-13 03:00:00,227.37,1,Clear,Medium,Completed
O02331,C01979,R0059,2025-02-09 11:00:00,1188.96,5,Clear,Low,Completed
O02332,C01265,R0002,2025-03-01 04:00:00,787.24,3,Cloudy,Medium,Completed
O02333,C00930,R0095,2025-02-26 20:00:00,766.71,1,Clear,Medium,Completed
O02334,C00843,R0062,2025-02-01 07:00:00,1406.65,5,Clear,Low,Completed
O02335,C00351,R0049,2025-02-09 13:00:00,980.91,6,Rainy,Low,Completed
O02336,C01746,R0020,2025-02-22 00:00:00,1528.98,6,Clear,High,Completed
O02337,C00023,R0029,2025-02-20 05:00:00,856.53,6,Clear,Medium,Completed
O02338,C01660,R0017,2025-02-25 00:00:00,386.64,1,Clear,Medium,Completed
O02339,C00598,R0074,2025-02-25 10:00:00,976.56,6,Clear,Medium,Completed
O02340,C01067,R0022,2025-01-18 22:00:00,1906.92,2,Clear,Medium,Completed
O02341,C00466,R0006,2025-01-25 11:00:00,1622.9,2,Rainy,High,Completed
O02342,C00040,R0062,2025-02-22 15:00:00,490.92,6,Clear,Low,Completed
O02343,C00303,R0098,2025-01-06 20:00:00,843.47,5,Cloudy,High,Completed
O02344,C01705,R0031,2025-01-09 11:00:00,1862.8,1,Clear,Medium,Completed
O02345,C00175,R0062,2025-02-11 19:00:00,335.03,1,Clear,High,Completed
O02346,C00999,R0012,2025-03-11 09:00:00,582.51,6,Clear,High,Completed
O02347,C01556,R0012,2025-02-05 20:00:00,598.22,4,Clear,Medium,Completed
O02348,C01485,R0063,2025-02-05 04:00:00,1184.77,3,Clear,High,Completed
O02349,C00621,R0016,2025-03-22 18:00:00,880.39,5,Clear,Medium,Completed
O02350,C01217,R0025,2025-01-06 16:00:00,251.75,1,Cloudy,Low,Completed
O02351,C00244,R0022,2025-03-10 19:00:00,1295.44,3,Cloudy,High,Completed
O02352,C00836,R0091,2025-03-12 10:00:00,288.25,6,Cloudy,Low,Cancelled
O02353,C00280,R0088,2025-02-18 01:00:00,1252.19,5,Clear,Medium,Cancelled
O02354,C01764,R0076,2025-01-04 06:00:00,1063.32,1,Clear,Medium,Completed
O02355,C01060,R0018,2025-02-10 18:00:00,1037.97,6,Rainy,Medium,Completed
O02356,C00557,R0045,2025-01-24 16:00:00,228.24,2,Clear,High,Completed
O02357,C00898,R0080,2025-03-29 16:00:00,1314.52,1,Clear,Low,Completed
O02358,C01564,R0068,2025-01-06 13:00:00,919.51,2,Clear,Medium,Completed
O02359,C01178,R0012,2025-03-27 21:00:00,881.1,6,Clear,Medium,Completed
O02360,C01047,R0049,2025-01-12 18:00:00,1233.26,2,Clear,High,Completed
O02361,C00719,R0033,2025-01-06 06:00:00,1251.87,4,Clear,Low,Completed
O02362,C00932,R0086,2025-03-26 10:00:00,128.56,6,Cloudy,Low,Completed
O02363,C00091,R0063,2025-03-16 19:00:00,337.93,6,Clear,Low,Completed
O02364,C00390,R0018,2025-03-19 01:00:00,549.38,4,Clear,High,Completed
O02365,C01955,R0054,2025-01-10 01:00:00,1388.16,3,Rainy,Low,Completed
O02366,C01383,R0097,2025-02-01 00:00:00,1195.81,5,Clear,Medium,Completed
O02367,C00550,R0027,2025-01-11 19:00:00,1539.5,3,Cloudy,High,Completed
O02368,C00931,R0083,2025-02-21 17:00:00,1507.15,4,Clear,Low,Completed
O02369,C01252,R0078,2025-03-18 19:00:00,1721.05,3,Rainy,High,Completed
O02370,C01226,R0025,2025-03-12 01:00:00,815.95,5,Cloudy,Low,Completed
O02371,C01374,R0034,2025-03-05 00:00:00,755.62,5,Clear,High,Completed
O02372,C01845,R0088,2025-03-03 02:00:00,1678.93,1,Rainy,High,Completed
O02373,C01790,R0060,2025-01-05 02:00:00,551.44,3,Cloudy,Medium,Completed
O02374,C01062,R0054,2025-01-08 13:00:00,976.23,4,Clear,Medium,Completed
O02375,C00733,R0087,2025-02-09 19:00:00,469.22,1,Rainy,Medium,Completed
O02376,C00500,R0005,2025-02-16 12:00:00,1836.3,3,Clear,Medium,Completed
O02377,C01723,R0036,2025-01-20 15:00:00,874.83,6,Clear,Medium,Completed
O02378,C01067,R0054,2025-03-06 03:00:00,503.73,5,Rainy,High,Completed
O02379,C00871,R0088,2025-02-16 04:00:00,1414.83,4,Cloudy,Low,Completed
O02380,C01650,R0036,2025-01-29 06:00:00,564.82,6,Clear,High,Completed
O02381,C01796,R0069,2025-03-06 06:00:00,1892.66,3,Clear,Low,Completed
O02382,C00517,R0039,2025-01-16 20:00:00,798.47,5,Clear,Medium,Completed
O02383,C00068,R0070,2025-02-22 07:00:00,1362.82,5,Clear,Low,Completed
O02384,C01764,R0100,2025-03-11 02:00:00,755.97,6,Clear,High,Cancelled
O02385,C00123,R0004,2025-03-07 20:00:00,1633.77,3,Clear,Medium,Completed
O02386,C01709,R0074,2025-02-01 20:00:00,1804.15,3,Cloudy,Medium,Completed
O02387,C00336,R0065,2025-02-11 06:00:00,1597.04,4,Clear,Low,Completed
O02388,C01177,R0085,2025-03-08 02:00:00,1712.15,1,Clear,Medium,Completed
O02389,C00974,R0040,2025-03-30 00:00:00,293.57,5,Clear,Low,Completed
O02390,C00779,R0037,2025-01-20 09:00:00,1855.72,1,Rainy,Low,Completed
O02391,C01693,R0067,2025-03-30 07:00:00,1286.17,1,Clear,Low,Completed
O02392,C01186,R0031,2025-02-06 23:00:00,1751.51,5,Clear,High,Completed
O02393,C01238,R0091,2025-01-01 18:00:00,1400.43,3,Clear,Medium,Completed
O02394,C01934,R0081,2025-02-02 15:00:00,483.51,5,Cloudy,Medium,Completed
O02395,C01400,R0087,2025-03-13 02:00:00,1258.15,6,Clear,High,Completed
O02396,C01944,R0077,2025-01-18 06:00:00,272.8,1,Rainy,Medium,Cancelled
O02397,C01467,R0047,2025-01-16 03:00:00,1421.87,4,Cloudy,Medium,Cancelled
O02398,C00423,R0027,2025-02-15 23:00:00,877.1,5,Clear,Medium,Completed
O02399,C01562,R0051,2025-02-03 03:00:00,388.29,4,Cloudy,Low,Completed
O02400,C00939,R0020,2025-02-20 13:00:00,1960.54,3,Clear,Medium,Completed
O02401,C00804,R0013,2025-02-18 19:00:00,1812.06,3,Clear,High,Completed
O02402,C01959,R0063,2025-03-12 18:00:00,1797.73,6,Clear,High,Completed
O02403,C01725,R0044,2025-01-19 10:00:00,1598.76,4,Rainy,Medium,Completed
O02404,C01936,R0024,2025-01-28 01:00:00,1414.76,4,Clear,Low,Completed
O02405,C00634,R0003,2025-01-22 04:00:00,1344.65,5,Cloudy,Medium,Completed
O02406,C01254,R0010,2025-01-20 09:00:00,301.58,3,Rainy,Low,Completed
O02407,C01083,R0065,2025-03-01 06:00:00,1811.08,4,Cloudy,Low,Completed
O02408,C00096,R0049,2025-03-18 15:00:00,1774.14,2,Clear,Low,Completed
O02409,C01286,R0058,2025-03-04 15:00:00,1520.92,5,Cloudy,Low,Completed
O02410,C00354,R0077,2025-03-09 18:00:00,1861.9,5,Clear,Low,Completed
O02411,C01336,R0078,2025-02-16 10:00:00,1150.86,2,Cloudy,Medium,Completed
O02412,C01160,R0097,2025-01-31 02:00:00,950.52,3,Clear,Low,Completed
O02413,C01886,R0002,2025-02-05 01:00:00,1939.1,4,Clear,Low,Completed
O02414,C01819,R0066,2025-01-27 21:00:00,981.85,4,Cloudy,Low,Completed
O02415,C00967,R0031,2025-01-01 23:00:00,1318.52,3,Clear,Medium,Completed
O02416,C00923,R0068,2025-01-31 10:00:00,808.82,2,Clear,Medium,Cancelled
O02417,C00473,R0098,2025-01-01 06:00:00,1309.02,2,Rainy,Medium,Completed
O02418,C01656,R0083,2025-03-09 12:00:00,1468.19,2,Rainy,High,Completed
O02419,C00430,R0037,2025-02-22 23:00:00,1286.85,5,Cloudy,High,Completed
O02420,C01961,R0073,2025-01-07 21:00:00,1077.67,4,Rainy,Medium,Completed
O02421,C00975,R0024,2025-01-18 19:00:00,670.21,1,Rainy,High,Completed
O02422,C00537,R0077,2025-03-05 22:00:00,1323.31,5,Rainy,Low,Completed
O02423,C01878,R0044,2025-02-08 20:00:00,1826.01,5,Clear,Low,Completed
O02424,C01170,R0094,2025-03-08 15:00:00,113.13,4,Clear,Medium,Cancelled
O02425,C01548,R0083,2025-03-30 11:00:00,354.47,3,Clear,Low,Completed
O02426,C00087,R0041,2025-03-11 10:00:00,327.57,6,Rainy,Medium,Completed
O02427,C01971,R0074,2025-02-04 07:00:00,1854.09,4,Rainy,Medium,Completed
O02428,C00109,R0051,2025-02-25 22:00:00,1359.22,3,Cloudy,Low,Cancelled
O02429,C01447,R0042,2025-02-14 05:00:00,1908.4,4,Clear,Low,Completed
O02430,C01369,R0078,2025-01-24 13:00:00,1207.35,5,Clear,Medium,Completed
O02431,C01290,R0040,2025-03-11 09:00:00,977.29,6,Clear,Low,Completed
O02432,C01758,R0048,2025-03-06 01:00:00,1605.45,2,Cloudy,Medium,Completed
O02433,C01610,R0084,2025-02-18 11:00:00,405.79,5,Rainy,High,Completed
O02434,C00994,R0004,2025-02-23 09:00:00,824.54,5,Clear,Medium,Completed
O02435,C01518,R0060,2025-02-20 08:00:00,985.92,1,Cloudy,Medium,Completed
O02436,C01357,R0039,2025-01-13 14:00:00,667.07,5,Rainy,Medium,Completed
O02437,C00822,R0005,2025-03-05 05:00:00,805.44,5,Clear,Medium,Completed
O02438,C01437,R0096,2025-02-01 11:00:00,248.4,5,Rainy,Medium,Completed
O02439,C01638,R0006,2025-01-07 19:00:00,476.17,6,Cloudy,Medium,Completed
O02440,C00937,R0014,2025-03-11 11:00:00,737.44,1,Cloudy,High,Completed
O02441,C01005,R0070,2025-02-21 02:00:00,1612.19,3,Cloudy,High,Completed
O02442,C00649,R0078,2025-02-21 09:00:00,446.74,6,Clear,Medium,Completed
O02443,C00191,R0012,2025-03-20 10:00:00,758.62,6,Cloudy,Medium,Completed
O02444,C01997,R0062,2025-02-07 09:00:00,223.35,1,Clear,Medium,Completed
O02445,C00933,R0027,2025-02-02 14:00:00,1158.5,2,Clear,Low,Completed
O02446,C00142,R0054,2025-03-25 02:00:00,1261.38,3,Cloudy,High,Completed
O02447,C01893,R0090,2025-03-08 00:00:00,1744.48,6,Clear,Low,Cancelled
O02448,C01097,R0012,2025-01-31 06:00:00,1656.32,6,Cloudy,Low,Completed
O02449,C00840,R0008,2025-03-02 14:00:00,642.22,1,Clear,Medium,Completed
O02450,C01191,R0074,2025-03-25 20:00:00,360.21,2,Cloudy,Medium,Completed
O02451,C00168,R0016,2025-02-15 20:00:00,396.56,2,Rainy,Medium,Completed
O02452,C00566,R0052,2025-02-03 23:00:00,1941.03,4,Clear,Medium,Completed
O02453,C01283,R0026,2025-01-07 06:00:00,1379.13,4,Clear,High,Completed
O02454,C01463,R0008,2025-02-12 00:00:00,180.88,6,Clear,Medium,Completed
O02455,C01135,R0045,2025-03-05 07:00:00,359.88,6,Cloudy,Medium,Completed
O02456,C00744,R0093,2025-02-25 00:00:00,1023.02,5,Rainy,Medium,Completed
O02457,C00673,R0084,2025-01-28 20:00:00,494.87,3,Clear,Medium,Completed
O02458,C00864,R0081,2025-01-17 22:00:00,1626.95,1,Cloudy,Medium,Completed
O02459,C00839,R0019,2025-01-21 11:00:00,1189.11,5,Clear,Medium,Completed
O02460,C00531,R0017,2025-02-13 00:00:00,1264.0,3,Cloudy,Low,Completed
O02461,C01314,R0065,2025-03-22 21:00:00,979.37,6,Clear,Medium,Completed
O02462,C00974,R0029,2025-02-18 03:00:00,586.52,4,Clear,Medium,Completed
O02463,C00562,R0014,2025-02-15 20:00:00,1219.87,1,Clear,Medium,Completed
O02464,C01534,R0017,2025-02-11 12:00:00,1462.24,2,Clear,Medium,Completed
O02465,C00175,R0013,2025-03-21 15:00:00,804.8,2,Rainy,High,Completed
O02466,C00302,R0093,2025-03-01 19:00:00,1059.39,5,Clear,Medium,Cancelled
O02467,C01720,R0098,2025-02-16 09:00:00,1695.4,5,Clear,Low,Completed
O02468,C00185,R0091,2025-02-07 00:00:00,382.5,1,Rainy,Low,Completed
O02469,C01363,R0063,2025-01-15 17:00:00,1135.93,2,Clear,Low,Completed
O02470,C00510,R0033,2025-02-28 23:00:00,761.98,5,Clear,Low,Completed
O02471,C00819,R0029,2025-01-18 23:00:00,1435.31,2,Cloudy,Medium,Completed
O02472,C01334,R0037,2025-01-31 18:00:00,135.74,4,Clear,Medium,Completed
O02473,C01531,R0083,2025-03-16 03:00:00,1373.9,5,Rainy,High,Completed
O02474,C01370,R0046,2025-02-25 11:00:00,295.51,6,Clear,High,Completed
O02475,C01105,R0024,2025-01-22 03:00:00,223.06,3,Rainy,Medium,Completed
O02476,C01398,R0014,2025-01-03 06:00:00,1476.78,5,Clear,Medium,Completed
O02477,C00156,R0005,2025-03-28 20:00:00,1316.65,4,Clear,Medium,Completed
O02478,C00787,R0053,2025-02-07 11:00:00,1800.38,1,Cloudy,Low,Completed
O02479,C00795,R0088,2025-03-29 14:00:00,1087.34,2,Clear,High,Cancelled
O02480,C00432,R0098,2025-01-22 19:00:00,1107.05,6,Clear,Low,Completed
O02481,C01524,R0095,2025-01-20 06:00:00,1443.33,1,Rainy,High,Completed
O02482,C00761,R0030,2025-01-30 00:00:00,714.46,5,Clear,Medium,Completed
O02483,C00147,R0060,2025-03-04 13:00:00,170.13,3,Clear,Low,Completed
O02484,C00481,R0073,2025-03-15 20:00:00,537.09,1,Cloudy,Medium,Completed
O02485,C00435,R0091,2025-01-30 19:00:00,552.23,3,Clear,Medium,Completed
O02486,C01543,R0028,2025-02-21 10:00:00,737.75,5,Clear,Low,Completed
O02487,C01693,R0026,2025-03-18 22:00:00,1892.58,3,Clear,Medium,Completed
O02488,C01707,R0018,2025-02-11 04:00:00,1629.2,3,Clear,Low,Completed
O02489,C00069,R0036,2025-03-18 04:00:00,1878.32,4,Clear,Medium,Completed
O02490,C01630,R0008,2025-01-09 19:00:00,1997.36,1,Rainy,Medium,Completed
O02491,C01905,R0018,2025-02-01 09:00:00,924.18,5,Cloudy,Medium,Completed
O02492,C00875,R0084,2025-01-19 03:00:00,531.44,4,Rainy,Low,Completed
O02493,C01912,R0058,2025-03-21 05:00:00,1164.01,3,Rainy,High,Completed
O02494,C00186,R0032,2025-01-04 11:00:00,1774.16,4,Clear,Medium,Completed
O02495,C00904,R0093,2025-02-21 11:00:00,984.89,4,Clear,Medium,Completed
O02496,C00682,R0049,2025-02-02 10:00:00,1060.26,3,Clear,Medium,Completed
O02497,C00204,R0048,2025-02-04 17:00:00,355.43,5,Rainy,High,Cancelled
O02498,C00554,R0082,2025-03-23 16:00:00,898.87,2,Cloudy,Medium,Completed
O02499,C00013,R0071,2025-01-08 08:00:00,835.29,4,Clear,Low,Completed
O02500,C00666,R0065,2025-03-17 06:00:00,768.21,1,Rainy,Medium,Completed
O02501,C01298,R0092,2025-03-13 13:00:00,1785.87,3,Cloudy,Medium,Completed
O02502,C01322,R0033,2025-03-13 20:00:00,212.67,2,Cloudy,Low,Completed
O02503,C00051,R0050,2025-01-08 17:00:00,1947.08,4,Clear,Medium,Cancelled
O02504,C00500,R0004,2025-03-04 06:00:00,115.67,3,Clear,High,Completed
O02505,C00369,R0084,2025-03-24 11:00:00,1896.63,3,Cloudy,Medium,Completed
O02506,C00724,R0036,2025-02-25 12:00:00,1141.29,4,Cloudy,High,Completed
O02507,C01680,R0095,2025-01-11 05:00:00,1434.65,6,Cloudy,Medium,Completed
O02508,C00357,R0028,2025-03-19 04:00:00,455.55,6,Rainy,Low,Completed
O02509,C01027,R0003,2025-01-16 23:00:00,1343.0,1,Clear,Medium,Cancelled
O02510,C01278,R0006,2025-01-12 20:00:00,1775.72,3,Clear,High,Completed
O02511,C01499,R0045,2025-02-11 03:00:00,365.01,3,Cloudy,Low,Completed
O02512,C00847,R0023,2025-01-13 11:00:00,341.46,4,Clear,Low,Completed
O02513,C01530,R0007,2025-02-07 12:00:00,677.56,2,Clear,Low,Completed
O02514,C00256,R0061,2025-03-02 19:00:00,407.28,3,Rainy,High,Completed
O02515,C01634,R0100,2025-02-28 00:00:00,310.23,3,Cloudy,Medium,Completed
O02516,C01709,R0065,2025-02-03 13:00:00,1388.81,4,Cloudy,Low,Completed
O02517,C01174,R0006,2025-03-22 01:00:00,506.27,6,Clear,High,Completed
O02518,C01512,R0024,2025-02-06 12:00:00,1367.33,3,Clear,Medium,Completed
O02519,C00279,R0037,2025-01-29 21:00:00,1737.67,4,Rainy,High,Completed
O02520,C01083,R0045,2025-03-25 04:00:00,1338.85,1,Cloudy,Medium,Cancelled
O02521,C00446,R0051,2025-01-31 09:00:00,326.8,4,Rainy,Medium,Completed
O02522,C00113,R0100,2025-02-19 10:00:00,1189.8,6,Clear,Low,Completed
O02523,C00836,R0088,2025-03-07 21:00:00,847.89,2,Clear,Low,Completed
O02524,C00755,R0045,2025-01-05 08:00:00,752.4,3,Clear,Medium,Completed
O02525,C01846,R0063,2025-01-19 06:00:00,705.21,1,Clear,Medium,Completed
O02526,C01593,R0029,2025-03-05 09:00:00,1865.92,3,Cloudy,Medium,Completed
O02527,C01513,R0096,2025-02-26 07:00:00,1510.76,3,Clear,High,Cancelled
O02528,C01431,R0025,2025-01-22 04:00:00,354.31,6,Clear,High,Completed
O02529,C00367,R0010,2025-01-11 10:00:00,1004.41,4,Clear,Medium,Completed
O02530,C01084,R0035,2025-02-20 14:00:00,704.62,3,Clear,Low,Completed
O02531,C00329,R0055,2025-03-29 06:00:00,1958.08,6,Rainy,Low,Completed
O02532,C00728,R0025,2025-02-06 14:00:00,1958.26,1,Clear,Low,Completed
O02533,C01493,R0091,2025-02-23 02:00:00,707.12,6,Clear,High,Completed
O02534,C01769,R0045,2025-02-12 09:00:00,769.01,6,Cloudy,Medium,Completed
O02535,C01006,R0096,2025-01-03 15:00:00,1238.89,6,Cloudy,Medium,Completed
O02536,C01591,R0012,2025-01-14 07:00:00,1010.68,5,Clear,Low,Completed
O02537,C01909,R0004,2025-02-05 19:00:00,504.89,6,Clear,Medium,Completed
O02538,C00720,R0090,2025-03-06 11:00:00,1354.78,3,Rainy,Medium,Completed
O02539,C01087,R0067,2025-03-28 12:00:00,734.84,6,Rainy,Low,Completed
O02540,C00184,R0017,2025-03-11 18:00:00,1342.06,4,Cloudy,Medium,Completed
O02541,C01023,R0073,2025-01-19 04:00:00,828.99,2,Clear,Low,Completed
O02542,C00311,R0093,2025-03-24 21:00:00,1430.4,3,Clear,Low,Completed
O02543,C01817,R0065,2025-03-09 12:00:00,1368.82,6,Clear,Low,Completed
O02544,C01562,R0082,2025-02-01 18:00:00,1066.74,6,Clear,High,Completed
O02545,C00177,R0053,2025-01-31 15:00:00,1439.01,4,Clear,Low,Completed
O02546,C01599,R0084,2025-01-27 08:00:00,975.83,3,Rainy,Medium,Completed
O02547,C01453,R0057,2025-03-07 18:00:00,320.66,5,Rainy,Low,Completed
O02548,C01097,R0098,2025-02-14 20:00:00,446.0,5,Rainy,Medium,Completed
O02549,C00847,R0028,2025-03-18 06:00:00,567.39,1,Cloudy,Low,Completed
O02550,C01191,R0099,2025-03-21 02:00:00,220.13,5,Cloudy,High,Completed
O02551,C01249,R0016,2025-01-09 07:00:00,1451.62,4,Clear,Medium,Completed
O02552,C01601,R0021,2025-01-29 01:00:00,798.04,5,Rainy,High,Cancelled
O02553,C01605,R0077,2025-01-23 20:00:00,277.69,4,Clear,Medium,Completed
O02554,C01976,R0099,2025-02-09 00:00:00,1657.92,3,Clear,Medium,Completed
O02555,C00009,R0042,2025-01-03 00:00:00,1398.94,1,Cloudy,Medium,Completed
O02556,C00236,R0054,2025-02-07 07:00:00,959.23,6,Clear,Low,Cancelled
O02557,C00710,R0032,2025-03-28 23:00:00,570.11,6,Clear,High,Completed
O02558,C00924,R0038,2025-02-08 01:00:00,388.32,6,Clear,Low,Completed
O02559,C00685,R0070,2025-02-19 00:00:00,970.91,1,Clear,Low,Cancelled
O02560,C00794,R0038,2025-01-29 03:00:00,1781.97,6,Clear,Medium,Completed
O02561,C01052,R0054,2025-02-02 01:00:00,457.95,5,Clear,Low,Completed
O02562,C00808,R0060,2025-01-09 18:00:00,1180.45,6,Clear,Low,Completed
O02563,C01935,R0077,2025-01-07 02:00:00,1927.2,6,Clear,Medium,Cancelled
O02564,C01670,R0077,2025-03-05 10:00:00,1310.52,2,Clear,Low,Completed
O02565,C00027,R0047,2025-01-21 14:00:00,935.93,5,Rainy,Low,Completed
O02566,C00550,R0012,2025-03-10 17:00:00,1461.11,6,Rainy,Medium,Completed
O02567,C01220,R0053,2025-02-17 15:00:00,1666.7,2,Clear,Low,Completed
O02568,C01227,R0033,2025-01-02 21:00:00,1221.98,5,Clear,Medium,Completed
O02569,C00085,R0028,2025-01-13 22:00:00,1756.48,4,Cloudy,Medium,Cancelled
O02570,C01856,R0003,2025-01-14 18:00:00,1077.72,4,Rainy,High,Cancelled
O02571,C01054,R0082,2025-01-01 10:00:00,1677.06,6,Clear,High,Completed
O02572,C00466,R0026,2025-02-07 19:00:00,1908.84,6,Clear,Low,Cancelled
O02573,C01123,R0054,2025-02-28 08:00:00,1052.36,2,Clear,High,Completed
O02574,C01923,R0040,2025-03-08 07:00:00,1249.5,1,Cloudy,High,Completed
O02575,C01214,R0066,2025-01-01 07:00:00,1257.99,2,Clear,Medium,Completed
O02576,C00012,R0068,2025-02-10 23:00:00,1584.73,3,Clear,Medium,Completed
O02577,C01627,R0092,2025-03-14 22:00:00,1663.64,1,Clear,High,Cancelled
O02578,C01013,R0092,2025-02-28 01:00:00,151.74,2,Clear,Medium,Completed
O02579,C01054,R0089,2025-01-24 13:00:00,1493.38,3,Rainy,Medium,Completed
O02580,C01749,R0090,2025-02-07 12:00:00,1589.25,3,Cloudy,Medium,Completed
O02581,C01062,R0047,2025-01-05 17:00:00,1430.82,6,Cloudy,Low,Completed
O02582,C01877,R0002,2025-01-23 03:00:00,1456.02,5,Clear,Medium,Completed
O02583,C00572,R0042,2025-03-05 10:00:00,178.67,6,Clear,Low,Completed
O02584,C01318,R0034,2025-02-13 12:00:00,939.87,2,Rainy,Low,Completed
O02585,C01384,R0094,2025-03-14 15:00:00,1654.54,4,Clear,High,Completed
O02586,C01679,R0021,2025-01-02 08:00:00,1874.61,6,Cloudy,Medium,Completed
O02587,C00914,R0044,2025-01-06 12:00:00,535.99,5,Cloudy,Medium,Completed
O02588,C00180,R0087,2025-03-13 22:00:00,1200.47,6,Rainy,Low,Completed
O02589,C00797,R0097,2025-02-10 14:00:00,1628.23,6,Clear,Low,Completed
O02590,C01136,R0002,2025-01-02 01:00:00,1529.57,1,Cloudy,Medium,Completed
O02591,C01766,R0091,2025-01-23 16:00:00,1275.89,4,Clear,High,Completed
O02592,C01468,R0059,2025-02-22 13:00:00,135.51,3,Clear,High,Completed
O02593,C01045,R0086,2025-03-28 01:00:00,1475.38,1,Rainy,High,Completed
O02594,C01169,R0098,2025-02-08 21:00:00,1569.16,5,Rainy,High,Completed
O02595,C01523,R0016,2025-02-13 18:00:00,1473.41,6,Clear,High,Completed
O02596,C01170,R0020,2025-02-04 00:00:00,1555.04,3,Cloudy,Medium,Completed
O02597,C00441,R0026,2025-03-22 14:00:00,918.74,6,Clear,Low,Completed
O02598,C00887,R0016,2025-01-05 11:00:00,1988.13,3,Cloudy,High,Completed
O02599,C00421,R0070,2025-02-09 11:00:00,1564.5,3,Cloudy,High,Completed
O02600,C01340,R0023,2025-01-31 17:00:00,1199.49,4,Cloudy,Medium,Completed
O02601,C01190,R0042,2025-02-03 00:00:00,1874.96,5,Clear,Low,Cancelled
O02602,C01676,R0037,2025-03-19 19:00:00,1825.58,5,Cloudy,Low,Completed
O02603,C01227,R0072,2025-02-26 11:00:00,1647.68,6,Clear,Medium,Completed
O02604,C01520,R0006,2025-02-27 17:00:00,1171.02,4,Cloudy,Medium,Cancelled
O02605,C01780,R0037,2025-01-13 00:00:00,1101.49,5,Clear,Low,Completed
O02606,C01649,R0022,2025-03-03 03:00:00,724.55,3,Cloudy,High,Completed
O02607,C00468,R0006,2025-02-14 04:00:00,576.67,3,Rainy,Medium,Completed
O02608,C00713,R0032,2025-02-27 03:00:00,1073.48,6,Clear,Medium,Completed
O02609,C00385,R0017,2025-01-02 18:00:00,1197.79,3,Cloudy,Medium,Completed
O02610,C00314,R0038,2025-02-17 21:00:00,564.6,5,Clear,Medium,Completed
O02611,C00771,R0017,2025-03-27 16:00:00,1852.94,2,Cloudy,High,Completed
O02612,C01279,R0037,2025-02-14 20:00:00,1158.82,1,Cloudy,Low,Completed
O02613,C00959,R0023,2025-03-20 01:00:00,1100.36,2,Clear,Medium,Completed
O02614,C00917,R0049,2025-01-23 04:00:00,927.71,4,Clear,Medium,Completed
O02615,C00023,R0061,2025-02-24 22:00:00,210.34,2,Rainy,Low,Completed
O02616,C01929,R0049,2025-02-21 07:00:00,1776.56,6,Rainy,Medium,Completed
O02617,C01782,R0061,2025-03-04 12:00:00,702.29,2,Cloudy,Low,Completed
O02618,C00339,R0077,2025-03-25 01:00:00,1320.67,6,Clear,High,Completed
O02619,C01517,R0032,2025-02-09 17:00:00,1254.12,4,Clear,High,Cancelled
O02620,C00823,R0086,2025-01-03 20:00:00,1210.52,2,Cloudy,High,Completed
O02621,C01535,R0063,2025-03-19 18:00:00,1098.85,1,Clear,High,Completed
O02622,C00366,R0007,2025-03-23 04:00:00,444.74,5,Rainy,High,Cancelled
O02623,C01396,R0022,2025-01-13 12:00:00,633.15,4,Clear,Medium,Completed
O02624,C00915,R0085,2025-01-02 02:00:00,1095.96,2,Cloudy,High,Completed
O02625,C01854,R0006,2025-01-25 09:00:00,1599.75,3,Clear,Low,Completed
O02626,C01623,R0061,2025-02-03 17:00:00,920.78,3,Cloudy,Low,Completed
O02627,C01243,R0014,2025-01-27 09:00:00,487.45,4,Clear,Low,Cancelled
O02628,C00475,R0016,2025-03-14 10:00:00,267.09,3,Clear,Low,Completed
O02629,C01447,R0003,2025-01-28 10:00:00,1359.72,1,Clear,Low,Completed
O02630,C01380,R0009,2025-02-21 15:00:00,904.35,2,Clear,Medium,Completed
O02631,C01484,R0047,2025-01-20 03:00:00,338.2,1,Rainy,Medium,Completed
O02632,C01527,R0085,2025-01-07 15:00:00,1381.49,1,Rainy,Medium,Completed
O02633,C00027,R0094,2025-01-20 07:00:00,494.4,5,Clear,Medium,Completed
O02634,C00942,R0094,2025-02-11 13:00:00,1067.13,2,Clear,High,Completed
O02635,C00802,R0042,2025-03-06 09:00:00,681.76,4,Cloudy,High,Completed
O02636,C00801,R0042,2025-02-08 23:00:00,1870.21,3,Cloudy,Medium,Completed
O02637,C00860,R0096,2025-03-11 22:00:00,533.75,5,Rainy,Low,Completed
O02638,C01247,R0023,2025-02-06 00:00:00,897.85,1,Clear,Medium,Completed
O02639,C00864,R0003,2025-02-19 14:00:00,1923.04,3,Cloudy,Medium,Completed
O02640,C00690,R0001,2025-02-06 00:00:00,705.58,2,Clear,Low,Completed
O02641,C01172,R0067,2025-02-24 00:00:00,1324.73,1,Cloudy,Low,Completed
O02642,C01448,R0071,2025-03-22 15:00:00,701.78,1,Clear,Low,Completed
O02643,C00739,R0003,2025-01-14 21:00:00,310.28,2,Cloudy,High,Completed
O02644,C01375,R0100,2025-03-10 11:00:00,1292.34,4,Clear,Medium,Completed
O02645,C01210,R0049,2025-03-13 14:00:00,1840.46,5,Clear,Medium,Completed
O02646,C00415,R0067,2025-03-12 09:00:00,959.87,2,Clear,High,Completed
O02647,C01830,R0055,2025-03-16 06:00:00,1289.74,3,Rainy,High,Completed
O02648,C00982,R0004,2025-03-30 11:00:00,1256.91,3,Cloudy,Medium,Completed
O02649,C00429,R0031,2025-02-16 00:00:00,888.67,1,Cloudy,Medium,Completed
O02650,C00041,R0066,2025-01-03 23:00:00,1268.3,6,Cloudy,Low,Cancelled
O02651,C00905,R0078,2025-01-19 19:00:00,592.7,5,Cloudy,Medium,Completed
O02652,C01012,R0064,2025-03-16 02:00:00,818.27,4,Clear,Medium,Cancelled
O02653,C01417,R0031,2025-02-04 09:00:00,940.41,4,Clear,Low,Completed
O02654,C00703,R0063,2025-02-25 15:00:00,1741.62,6,Clear,Low,Completed
O02655,C00079,R0066,2025-01-03 03:00:00,761.83,3,Clear,High,Completed
O02656,C00717,R0031,2025-03-23 18:00:00,1306.76,4,Clear,Low,Completed
O02657,C01920,R0047,2025-01-20 10:00:00,505.47,3,Cloudy,High,Cancelled
O02658,C01814,R0022,2025-03-11 18:00:00,579.88,5,Clear,Low,Completed
O02659,C01808,R0074,2025-03-22 12:00:00,1332.01,6,Clear,Medium,Completed
O02660,C00544,R0094,2025-02-26 17:00:00,1548.39,1,Rainy,Medium,Completed
O02661,C01474,R0097,2025-02-02 18:00:00,978.02,3,Rainy,Low,Completed
O02662,C00474,R0083,2025-01-24 03:00:00,736.69,5,Clear,Medium,Completed
O02663,C01166,R0046,2025-03-26 23:00:00,1829.52,6,Cloudy,Medium,Cancelled
O02664,C01275,R0089,2025-03-15 10:00:00,358.03,3,Clear,High,Completed
O02665,C00294,R0058,2025-03-30 00:00:00,1469.36,2,Clear,High,Completed
O02666,C00610,R0061,2025-03-12 21:00:00,1411.32,3,Cloudy,High,Completed
O02667,C00136,R0046,2025-03-28 22:00:00,1411.47,5,Rainy,Low,Completed
O02668,C00484,R0001,2025-03-09 02:00:00,1877.3,4,Clear,Low,Completed
O02669,C01813,R0096,2025-01-11 16:00:00,1483.56,3,Clear,Low,Completed
O02670,C01336,R0025,2025-01-26 09:00:00,672.97,1,Cloudy,High,Completed
O02671,C00814,R0061,2025-02-16 23:00:00,771.48,5,Cloudy,Medium,Completed
O02672,C00555,R0081,2025-02-28 03:00:00,843.11,4,Rainy,Low,Completed
O02673,C01656,R0014,2025-02-07 16:00:00,158.54,5,Cloudy,Medium,Completed
O02674,C01756,R0045,2025-01-07 19:00:00,1835.67,3,Clear,High,Completed
O02675,C00046,R0077,2025-02-17 08:00:00,239.75,2,Clear,Medium,Completed
O02676,C01260,R0039,2025-01-26 14:00:00,1429.61,2,Clear,High,Completed
O02677,C01072,R0066,2025-03-26 09:00:00,1487.31,1,Clear,High,Completed
O02678,C00198,R0032,2025-01-05 09:00:00,1703.06,6,Clear,Medium,Completed
O02679,C00084,R0096,2025-01-30 02:00:00,1151.39,6,Clear,High,Completed
O02680,C00543,R0058,2025-01-16 03:00:00,1478.0,1,Clear,Medium,Completed
O02681,C01185,R0056,2025-03-26 05:00:00,675.17,4,Rainy,Medium,Completed
O02682,C01452,R0006,2025-02-18 00:00:00,1516.61,2,Clear,Medium,Completed
O02683,C00071,R0089,2025-01-30 02:00:00,752.49,3,Rainy,Low,Completed
O02684,C00520,R0067,2025-02-01 02:00:00,1815.39,5,Clear,Medium,Completed
O02685,C01993,R0082,2025-03-24 07:00:00,410.43,5,Rainy,High,Completed
O02686,C00898,R0050,2025-03-10 11:00:00,699.94,2,Clear,High,Completed
O02687,C00913,R0038,2025-02-10 00:00:00,1047.66,2,Clear,High,Cancelled
O02688,C01076,R0003,2025-01-09 16:00:00,1574.12,5,Clear,High,Completed
O02689,C01069,R0005,2025-02-24 15:00:00,1522.72,4,Clear,Medium,Completed
O02690,C00293,R0024,2025-03-20 19:00:00,500.36,5,Clear,Low,Cancelled
O02691,C00938,R0054,2025-02-19 00:00:00,374.05,1,Cloudy,Medium,Completed
O02692,C00812,R0034,2025-03-26 23:00:00,677.54,3,Clear,Low,Cancelled
O02693,C01489,R0039,2025-03-02 12:00:00,1019.13,2,Rainy,Low,Completed
O02694,C01909,R0088,2025-01-28 17:00:00,1124.11,6,Rainy,Low,Completed
O02695,C01574,R0100,2025-03-09 09:00:00,915.36,2,Cloudy,Low,Completed
O02696,C00867,R0092,2025-01-19 02:00:00,1359.87,4,Rainy,Medium,Completed
O02697,C00380,R0048,2025-03-10 14:00:00,912.36,1,Clear,High,Completed
O02698,C01007,R0049,2025-03-27 00:00:00,1898.03,5,Clear,High,Completed
O02699,C01767,R0034,2025-02-18 10:00:00,595.84,1,Clear,Low,Completed
O02700,C01502,R0080,2025-01-28 18:00:00,1292.01,1,Clear,High,Completed
O02701,C00262,R0100,2025-03-02 00:00:00,1261.62,4,Cloudy,High,Completed
O02702,C00580,R0007,2025-03-25 07:00:00,634.99,4,Rainy,Low,Completed
O02703,C01203,R0018,2025-01-15 11:00:00,882.21,6,Clear,Medium,Completed
O02704,C00357,R0070,2025-02-01 20:00:00,794.4,5,Clear,Medium,Completed
O02705,C01443,R0092,2025-02-08 21:00:00,427.75,6,Clear,Medium,Completed
O02706,C00698,R0034,2025-01-08 14:00:00,1006.86,5,Clear,High,Completed
O02707,C01977,R0051,2025-03-13 01:00:00,834.66,3,Clear,Medium,Completed
O02708,C01225,R0093,2025-02-17 18:00:00,438.8,1,Clear,Low,Completed
O02709,C01926,R0068,2025-01-16 20:00:00,954.77,5,Clear,Medium,Cancelled
O02710,C01037,R0014,2025-02-04 08:00:00,901.5,4,Rainy,Medium,Completed
O02711,C00443,R0069,2025-03-06 02:00:00,349.59,3,Clear,High,Completed
O02712,C00726,R0089,2025-03-10 05:00:00,349.26,6,Clear,Medium,Completed
O02713,C01756,R0008,2025-01-08 23:00:00,1330.26,3,Rainy,High,Completed
O02714,C00286,R0015,2025-01-22 20:00:00,1442.5,4,Cloudy,Medium,Completed
O02715,C01780,R0083,2025-02-15 13:00:00,1888.24,5,Cloudy,Medium,Completed
O02716,C01892,R0059,2025-01-05 08:00:00,265.31,4,Rainy,Medium,Completed
O02717,C01282,R0011,2025-03-14 11:00:00,323.94,5,Clear,High,Completed
O02718,C00570,R0020,2025-03-11 20:00:00,198.45,4,Clear,High,Completed
O02719,C01572,R0055,2025-02-04 04:00:00,1111.23,4,Clear,Low,Completed
O02720,C00840,R0036,2025-01-02 11:00:00,1283.22,2,Cloudy,Low,Completed
O02721,C01965,R0082,2025-02-13 16:00:00,866.69,5,Clear,Low,Completed
O02722,C01514,R0014,2025-03-20 00:00:00,1616.01,1,Clear,Medium,Completed
O02723,C00498,R0058,2025-02-14 04:00:00,1404.73,2,Rainy,Medium,Completed
O02724,C01929,R0038,2025-02-13 10:00:00,1973.1,2,Clear,High,Completed
O02725,C01918,R0089,2025-03-28 18:00:00,362.0,2,Clear,High,Completed
O02726,C00705,R0080,2025-03-02 01:00:00,210.8,2,Clear,High,Completed
O02727,C01357,R0082,2025-03-18 21:00:00,622.13,1,Clear,Low,Completed
O02728,C00562,R0001,2025-03-06 05:00:00,136.2,2,Clear,High,Completed
O02729,C01999,R0065,2025-01-20 10:00:00,1871.96,6,Clear,Low,Completed
O02730,C00032,R0001,2025-01-09 06:00:00,677.51,1,Rainy,Medium,Completed
O02731,C01634,R0085,2025-03-08 07:00:00,1149.62,6,Clear,Low,Completed
O02732,C00043,R0060,2025-02-21 10:00:00,704.33,1,Clear,Low,Completed
O02733,C01917,R0025,2025-01-11 00:00:00,567.04,6,Clear,Low,Completed
O02734,C01375,R0091,2025-02-19 17:00:00,389.49,2,Clear,Medium,Completed
O02735,C01358,R0010,2025-03-20 10:00:00,708.7,3,Clear,Low,Completed
O02736,C01846,R0050,2025-01-13 05:00:00,1269.3,1,Clear,Low,Completed
O02737,C00559,R0012,2025-02-08 09:00:00,1946.08,2,Rainy,Medium,Cancelled
O02738,C00270,R0092,2025-03-15 10:00:00,1160.37,4,Clear,Medium,Completed
O02739,C01968,R0032,2025-02-25 18:00:00,1112.15,4,Rainy,Low,Completed
O02740,C01847,R0033,2025-01-20 11:00:00,167.0,5,Rainy,Medium,Completed
O02741,C01437,R0072,2025-02-01 13:00:00,1696.19,1,Cloudy,Medium,Completed
O02742,C00943,R0026,2025-02-16 09:00:00,185.2,1,Rainy,Low,Completed
O02743,C01599,R0042,2025-03-06 05:00:00,1821.84,6,Rainy,High,Completed
O02744,C01043,R0050,2025-02-07 19:00:00,1123.48,4,Cloudy,High,Cancelled
O02745,C01371,R0061,2025-03-10 00:00:00,420.09,1,Clear,Low,Cancelled
O02746,C01929,R0041,2025-02-09 20:00:00,958.24,1,Rainy,Medium,Completed
O02747,C01637,R0057,2025-03-30 15:00:00,1990.47,4,Rainy,Medium,Completed
O02748,C00037,R0002,2025-03-05 19:00:00,679.66,2,Clear,Medium,Completed
O02749,C01643,R0099,2025-01-23 23:00:00,611.97,6,Clear,High,Cancelled
O02750,C00092,R0098,2025-03-30 09:00:00,324.21,4,Clear,Medium,Cancelled
O02751,C01844,R0070,2025-03-29 09:00:00,1234.57,3,Clear,High,Completed
O02752,C00185,R0031,2025-01-17 03:00:00,269.53,4,Clear,Low,Completed
O02753,C00728,R0023,2025-01-13 10:00:00,1555.42,6,Clear,Medium,Completed
O02754,C01052,R0076,2025-01-15 02:00:00,1846.52,4,Clear,High,Completed
O02755,C01572,R0054,2025-01-20 17:00:00,1870.56,6,Cloudy,High,Completed
O02756,C00372,R0028,2025-01-26 15:00:00,305.04,2,Clear,Medium,Completed
O02757,C00832,R0079,2025-02-10 01:00:00,1160.7,4,Cloudy,Low,Completed
O02758,C01554,R0019,2025-02-02 23:00:00,284.51,4,Cloudy,Medium,Completed
O02759,C00345,R0076,2025-02-19 17:00:00,1186.83,2,Clear,Medium,Completed
O02760,C01443,R0048,2025-01-01 12:00:00,1648.46,4,Clear,Medium,Cancelled
O02761,C01220,R0002,2025-01-19 16:00:00,1121.8,2,Cloudy,Low,Completed
O02762,C00078,R0011,2025-03-12 17:00:00,1756.9,3,Clear,Medium,Completed
O02763,C00167,R0044,2025-03-24 14:00:00,1623.18,2,Cloudy,High,Completed
O02764,C01114,R0059,2025-02-18 03:00:00,625.44,1,Rainy,Medium,Completed
O02765,C00264,R0059,2025-03-22 00:00:00,1297.19,1,Clear,Medium,Completed
O02766,C01496,R0038,2025-03-21 02:00:00,114.08,6,Clear,Medium,Completed
O02767,C01232,R0025,2025-02-23 02:00:00,852.48,2,Clear,Low,Completed
O02768,C00724,R0021,2025-02-28 01:00:00,552.12,4,Cloudy,Medium,Completed
O02769,C01295,R0042,2025-02-02 04:00:00,1880.52,5,Clear,Medium,Completed
O02770,C01287,R0036,2025-03-09 07:00:00,870.24,5,Clear,Low,Completed
O02771,C01530,R0009,2025-02-06 23:00:00,1342.72,3,Clear,High,Completed
O02772,C01809,R0012,2025-01-11 19:00:00,1490.77,3,Cloudy,Low,Completed
O02773,C00512,R0010,2025-03-05 00:00:00,1569.1,5,Cloudy,Low,Completed
O02774,C01878,R0059,2025-01-27 18:00:00,1497.97,5,Rainy,Medium,Completed
O02775,C01750,R0005,2025-03-30 16:00:00,649.41,2,Cloudy,Low,Completed
O02776,C01910,R0033,2025-02-15 02:00:00,1403.53,5,Clear,Low,Completed
O02777,C00576,R0069,2025-02-22 14:00:00,1143.12,1,Clear,Medium,Completed
O02778,C01548,R0080,2025-01-18 03:00:00,1235.01,3,Rainy,High,Completed
O02779,C00722,R0063,2025-01-26 14:00:00,101.55,6,Clear,Medium,Cancelled
O02780,C01336,R0029,2025-02-07 10:00:00,590.69,3,Cloudy,Low,Cancelled
O02781,C01198,R0018,2025-01-10 15:00:00,1868.3,1,Clear,Medium,Completed
O02782,C00431,R0093,2025-01-31 09:00:00,651.14,3,Clear,Low,Completed
O02783,C00768,R0006,2025-03-01 04:00:00,932.23,5,Clear,Medium,Completed
O02784,C00463,R0053,2025-03-15 20:00:00,454.68,3,Rainy,Medium,Completed
O02785,C00101,R0082,2025-03-12 23:00:00,363.34,1,Clear,Low,Completed
O02786,C01040,R0032,2025-03-08 13:00:00,496.47,3,Cloudy,Medium,Cancelled
O02787,C01733,R0042,2025-01-14 05:00:00,1151.93,6,Clear,High,Completed
O02788,C01282,R0047,2025-03-05 18:00:00,1846.15,6,Rainy,Medium,Completed
O02789,C01920,R0031,2025-02-16 06:00:00,719.78,6,Rainy,High,Cancelled
O02790,C00244,R0062,2025-01-30 19:00:00,714.48,6,Clear,Medium,Completed
O02791,C01372,R0056,2025-02-25 21:00:00,1171.87,5,Clear,High,Completed
O02792,C01273,R0011,2025-02-17 05:00:00,777.81,6,Clear,High,Completed
O02793,C00105,R0026,2025-03-16 02:00:00,1829.79,6,Clear,High,Completed
O02794,C00694,R0092,2025-02-15 16:00:00,817.91,2,Cloudy,Medium,Completed
O02795,C01691,R0027,2025-01-09 09:00:00,1031.84,6,Cloudy,High,Completed
O02796,C01311,R0083,2025-03-11 16:00:00,1113.44,5,Clear,High,Completed
O02797,C01193,R0057,2025-02-14 00:00:00,1585.93,6,Clear,Medium,Completed
O02798,C01444,R0027,2025-01-18 10:00:00,1171.42,3,Clear,Medium,Completed
O02799,C01071,R0059,2025-01-27 01:00:00,554.39,6,Rainy,Medium,Completed
O02800,C01067,R0062,2025-02-05 04:00:00,335.58,4,Clear,Low,Completed
O02801,C01345,R0020,2025-03-20 06:00:00,1881.77,3,Cloudy,Low,Completed
O02802,C00818,R0003,2025-03-23 00:00:00,1622.97,6,Clear,Medium,Completed
O02803,C00221,R0016,2025-01-17 09:00:00,143.63,6,Clear,Medium,Cancelled
O02804,C01537,R0044,2025-01-27 07:00:00,1660.91,3,Clear,High,Completed
O02805,C01736,R0093,2025-01-14 09:00:00,1222.14,1,Clear,High,Cancelled
O02806,C01465,R0079,2025-01-24 21:00:00,1085.9,4,Clear,High,Completed
O02807,C00144,R0030,2025-03-12 13:00:00,123.24,1,Clear,High,Completed
O02808,C00890,R0040,2025-02-14 07:00:00,1583.64,6,Clear,Medium,Completed
O02809,C01052,R0065,2025-03-03 12:00:00,476.32,1,Clear,High,Completed
O02810,C01878,R0029,2025-02-17 19:00:00,1483.16,5,Clear,Medium,Completed
O02811,C01874,R0030,2025-02-09 22:00:00,130.15,2,Clear,Medium,Completed
O02812,C00790,R0032,2025-01-02 23:00:00,1613.07,3,Clear,Low,Completed
O02813,C00553,R0010,2025-03-07 22:00:00,143.77,4,Cloudy,Medium,Completed
O02814,C00844,R0091,2025-01-20 03:00:00,548.2,3,Rainy,Low,Completed
O02815,C00659,R0051,2025-02-21 05:00:00,609.73,1,Clear,Low,Completed
O02816,C01881,R0008,2025-03-05 18:00:00,399.27,2,Rainy,Low,Completed
O02817,C01714,R0051,2025-01-23 01:00:00,1014.01,1,Clear,High,Completed
O02818,C01851,R0036,2025-02-27 19:00:00,639.01,3,Clear,Medium,Completed
O02819,C00837,R0055,2025-02-26 19:00:00,1987.25,5,Rainy,High,Completed
O02820,C01019,R0035,2025-01-17 22:00:00,1201.94,3,Clear,High,Completed
O02821,C01954,R0036,2025-01-19 20:00:00,1176.31,1,Clear,Medium,Completed
O02822,C01191,R0056,2025-03-21 04:00:00,519.65,4,Rainy,Medium,Completed
O02823,C01659,R0036,2025-02-03 21:00:00,876.51,4,Cloudy,High,Completed
O02824,C01610,R0089,2025-01-25 01:00:00,335.56,4,Rainy,Medium,Completed
O02825,C00751,R0084,2025-03-22 11:00:00,1548.81,4,Clear,High,Cancelled
O02826,C00249,R0061,2025-01-07 02:00:00,729.2,4,Rainy,Low,Completed
O02827,C00775,R0062,2025-01-17 21:00:00,1528.74,6,Cloudy,Medium,Completed
O02828,C00764,R0081,2025-01-08 14:00:00,806.22,2,Cloudy,Low,Completed
O02829,C01381,R0087,2025-01-10 19:00:00,1978.64,2,Clear,Medium,Completed
O02830,C01135,R0025,2025-01-27 13:00:00,425.13,5,Clear,Medium,Completed
O02831,C00692,R0064,2025-01-08 10:00:00,102.9,4,Clear,Medium,Completed
O02832,C01724,R0060,2025-01-22 20:00:00,1230.17,1,Cloudy,Medium,Cancelled
O02833,C00820,R0057,2025-03-07 03:00:00,1910.61,1,Cloudy,Medium,Completed
O02834,C00719,R0095,2025-03-21 18:00:00,1329.4,3,Clear,Low,Completed
O02835,C00234,R0070,2025-02-23 12:00:00,262.87,4,Cloudy,High,Completed
O02836,C00024,R0099,2025-03-10 03:00:00,1126.91,1,Cloudy,Medium,Completed
O02837,C01050,R0052,2025-03-13 19:00:00,1828.03,6,Cloudy,High,Completed
O02838,C01405,R0056,2025-01-15 00:00:00,112.36,5,Clear,Medium,Completed
O02839,C01754,R0063,2025-01-05 22:00:00,417.13,1,Clear,Medium,Cancelled
O02840,C01006,R0068,2025-03-07 21:00:00,1647.67,6,Cloudy,Medium,Completed
O02841,C01370,R0020,2025-01-25 03:00:00,1798.42,6,Rainy,Medium,Completed
O02842,C01402,R0054,2025-01-09 03:00:00,1443.61,5,Clear,Low,Completed
O02843,C00522,R0001,2025-01-14 20:00:00,1983.96,4,Rainy,Low,Completed
O02844,C00017,R0090,2025-01-26 22:00:00,271.41,3,Clear,Low,Completed
O02845,C00245,R0098,2025-01-28 09:00:00,1136.79,3,Clear,Low,Completed
O02846,C00718,R0010,2025-01-30 07:00:00,1401.49,2,Clear,Low,Completed
O02847,C00770,R0023,2025-03-02 16:00:00,1435.02,4,Clear,Medium,Completed
O02848,C01648,R0051,2025-02-06 18:00:00,1607.62,1,Clear,Medium,Completed
O02849,C00717,R0024,2025-03-02 09:00:00,1843.49,3,Clear,High,Completed
O02850,C01563,R0013,2025-02-22 04:00:00,787.12,6,Clear,Medium,Completed
O02851,C01993,R0029,2025-01-22 19:00:00,181.63,5,Clear,High,Completed
O02852,C01607,R0058,2025-02-11 05:00:00,788.64,6,Clear,Low,Completed
O02853,C01712,R0091,2025-01-02 11:00:00,1376.07,5,Rainy,High,Completed
O02854,C01226,R0095,2025-02-02 07:00:00,505.57,1,Cloudy,High,Completed
O02855,C01272,R0043,2025-01-02 03:00:00,1638.95,1,Rainy,Medium,Completed
O02856,C00118,R0010,2025-01-04 13:00:00,517.55,4,Clear,Medium,Completed
O02857,C00009,R0031,2025-03-30 15:00:00,119.12,1,Clear,High,Completed
O02858,C00598,R0074,2025-01-08 17:00:00,1065.35,1,Rainy,Medium,Completed
O02859,C00023,R0088,2025-02-12 20:00:00,1480.28,1,Rainy,Low,Completed
O02860,C01991,R0097,2025-01-24 05:00:00,764.35,3,Rainy,Medium,Completed
O02861,C00240,R0014,2025-03-10 05:00:00,1522.9,4,Cloudy,Low,Completed
O02862,C01609,R0099,2025-02-10 10:00:00,932.97,1,Clear,Medium,Completed
O02863,C00027,R0034,2025-02-12 17:00:00,426.26,1,Cloudy,Medium,Completed
O02864,C00984,R0017,2025-01-10 00:00:00,272.06,6,Cloudy,Medium,Completed
O02865,C01885,R0021,2025-01-11 16:00:00,1450.12,6,Rainy,Low,Completed
O02866,C01105,R0096,2025-03-03 12:00:00,832.86,5,Clear,Low,Completed
O02867,C01620,R0067,2025-03-02 07:00:00,1834.27,3,Clear,High,Completed
O02868,C00199,R0058,2025-01-14 11:00:00,1126.48,1,Clear,Medium,Completed
O02869,C01579,R0079,2025-03-08 20:00:00,762.02,3,Clear,Medium,Completed
O02870,C00775,R0008,2025-01-21 23:00:00,763.08,4,Cloudy,High,Completed
O02871,C00092,R0096,2025-01-29 21:00:00,349.73,4,Rainy,High,Completed
O02872,C00851,R0038,2025-02-09 22:00:00,1228.2,6,Clear,Medium,Cancelled
O02873,C01983,R0026,2025-03-28 01:00:00,1206.12,2,Clear,Low,Completed
O02874,C01108,R0064,2025-01-06 04:00:00,1619.99,5,Clear,Medium,Completed
O02875,C00300,R0030,2025-01-21 02:00:00,482.27,2,Clear,High,Completed
O02876,C01959,R0009,2025-01-15 14:00:00,652.5,3,Cloudy,High,Completed
O02877,C00296,R0032,2025-01-28 00:00:00,284.75,5,Clear,High,Completed
O02878,C00647,R0011,2025-01-10 11:00:00,661.15,6,Clear,Low,Completed
O02879,C01478,R0086,2025-03-27 23:00:00,913.39,1,Rainy,Medium,Completed
O02880,C01305,R0034,2025-03-18 09:00:00,1931.65,6,Clear,Low,Cancelled
O02881,C01001,R0018,2025-01-18 16:00:00,1340.83,6,Clear,Medium,Completed
O02882,C01083,R0019,2025-01-31 03:00:00,1587.46,5,Rainy,Low,Completed
O02883,C00909,R0054,2025-03-17 21:00:00,718.47,5,Rainy,Medium,Completed
O02884,C00871,R0082,2025-02-03 01:00:00,374.57,4,Rainy,Medium,Completed
O02885,C01366,R0037,2025-01-08 08:00:00,587.77,2,Clear,Medium,Completed
O02886,C00753,R0082,2025-03-08 01:00:00,587.29,4,Rainy,Low,Completed
O02887,C01489,R0012,2025-03-11 22:00:00,1207.92,4,Clear,Low,Completed
O02888,C01904,R0004,2025-01-24 11:00:00,748.8,2,Clear,Medium,Completed
O02889,C00342,R0043,2025-02-12 08:00:00,1729.06,4,Rainy,Medium,Completed
O02890,C01634,R0027,2025-01-19 11:00:00,1978.23,5,Clear,Medium,Completed
O02891,C00062,R0051,2025-03-28 03:00:00,752.27,3,Rainy,High,Completed
O02892,C00776,R0005,2025-01-05 14:00:00,1439.61,1,Clear,Medium,Completed
O02893,C00625,R0006,2025-01-04 16:00:00,1349.22,1,Clear,Low,Completed
O02894,C01453,R0077,2025-02-17 13:00:00,469.48,4,Clear,Medium,Completed
O02895,C01682,R0087,2025-03-22 21:00:00,1844.22,2,Rainy,High,Completed
O02896,C01752,R0056,2025-01-03 23:00:00,478.94,5,Clear,Medium,Completed
O02897,C00256,R0089,2025-02-04 05:00:00,1500.22,4,Cloudy,Medium,Completed
O02898,C00828,R0068,2025-02-03 23:00:00,760.46,5,Cloudy,High,Completed
O02899,C01014,R0096,2025-01-17 19:00:00,797.45,5,Cloudy,High,Completed
O02900,C01852,R0044,2025-03-12 18:00:00,965.35,6,Cloudy,Medium,Completed
O02901,C01898,R0015,2025-01-11 10:00:00,1742.57,1,Clear,Low,Cancelled
O02902,C01794,R0090,2025-03-27 02:00:00,366.48,3,Clear,Medium,Completed
O02903,C01730,R0042,2025-03-08 11:00:00,203.68,3,Clear,High,Completed
O02904,C01371,R0011,2025-03-10 01:00:00,863.88,2,Rainy,High,Completed
O02905,C01550,R0073,2025-03-23 09:00:00,205.61,3,Cloudy,Low,Completed
O02906,C01328,R0011,2025-02-06 03:00:00,1406.44,4,Cloudy,Low,Completed
O02907,C00615,R0066,2025-03-20 18:00:00,1544.62,1,Clear,Medium,Completed
O02908,C00245,R0027,2025-02-07 07:00:00,1723.95,1,Rainy,Low,Completed
O02909,C00757,R0058,2025-01-11 15:00:00,1513.3,5,Clear,High,Completed
O02910,C00824,R0090,2025-03-22 11:00:00,1841.07,4,Clear,Low,Completed
O02911,C00780,R0072,2025-02-16 07:00:00,1521.77,4,Cloudy,Low,Completed
O02912,C01760,R0021,2025-02-06 08:00:00,1878.54,5,Clear,Low,Completed
O02913,C00732,R0021,2025-01-21 11:00:00,466.91,6,Clear,Low,Completed
O02914,C01847,R0072,2025-03-07 01:00:00,1049.74,6,Clear,Low,Completed
O02915,C01436,R0001,2025-03-01 14:00:00,1988.47,5,Clear,Medium,Completed
O02916,C00878,R0058,2025-01-27 08:00:00,1395.0,1,Clear,Medium,Completed
O02917,C01241,R0013,2025-02-24 16:00:00,1769.42,4,Clear,Low,Completed
O02918,C00516,R0073,2025-01-16 01:00:00,157.75,3,Clear,Low,Completed
O02919,C00474,R0092,2025-03-03 00:00:00,1756.34,3,Rainy,Low,Completed
O02920,C00036,R0006,2025-02-08 06:00:00,1425.66,1,Clear,High,Cancelled
O02921,C01202,R0087,2025-02-07 05:00:00,424.44,3,Rainy,Low,Completed
O02922,C01411,R0100,2025-02-21 22:00:00,148.79,3,Clear,Low,Completed
O02923,C01793,R0058,2025-02-01 02:00:00,593.86,4,Clear,Medium,Completed
O02924,C01041,R0017,2025-02-17 19:00:00,1839.97,4,Clear,High,Completed
O02925,C01735,R0073,2025-02-11 18:00:00,1369.45,2,Clear,Low,Completed
O02926,C00830,R0012,2025-03-26 05:00:00,1846.99,4,Clear,Low,Cancelled
O02927,C01072,R0086,2025-02-11 22:00:00,947.69,2,Cloudy,Medium,Completed
O02928,C01086,R0052,2025-01-09 22:00:00,1879.59,6,Clear,Medium,Completed
O02929,C01093,R0076,2025-01-10 10:00:00,979.62,4,Clear,Medium,Completed
O02930,C01683,R0070,2025-02-07 02:00:00,488.08,5,Clear,Medium,Completed
O02931,C01895,R0073,2025-03-09 23:00:00,387.65,4,Clear,Low,Completed
O02932,C00366,R0052,2025-03-26 10:00:00,1988.24,2,Cloudy,Medium,Completed
O02933,C01186,R0037,2025-03-02 20:00:00,734.34,3,Clear,High,Completed
O02934,C01763,R0003,2025-01-01 11:00:00,404.1,4,Clear,Low,Completed
O02935,C00945,R0098,2025-02-17 17:00:00,115.98,3,Rainy,Medium,Completed
O02936,C00976,R0008,2025-03-07 13:00:00,642.58,3,Cloudy,High,Completed
O02937,C01512,R0010,2025-02-24 07:00:00,1789.32,4,Clear,Medium,Completed
O02938,C00431,R0047,2025-01-31 21:00:00,1114.62,4,Clear,Medium,Completed
O02939,C00859,R0041,2025-02-26 16:00:00,1301.63,5,Clear,Low,Completed
O02940,C01513,R0064,2025-03-24 08:00:00,1852.54,6,Rainy,High,Completed
O02941,C00230,R0042,2025-02-25 04:00:00,1074.4,2,Cloudy,Low,Completed
O02942,C00370,R0043,2025-03-21 20:00:00,1692.73,4,Cloudy,Medium,Cancelled
O02943,C00178,R0009,2025-02-27 21:00:00,715.28,3,Clear,Low,Completed
O02944,C01881,R0014,2025-03-14 14:00:00,1956.49,3,Rainy,Medium,Completed
O02945,C01434,R0091,2025-02-02 05:00:00,249.75,4,Clear,High,Completed
O02946,C00568,R0096,2025-03-30 06:00:00,1477.18,2,Clear,Medium,Cancelled
O02947,C01614,R0004,2025-02-11 08:00:00,1355.08,6,Cloudy,Low,Completed
O02948,C01294,R0002,2025-03-18 14:00:00,464.18,3,Clear,High,Completed
O02949,C01230,R0097,2025-03-20 12:00:00,838.8,6,Rainy,High,Completed
O02950,C00793,R0085,2025-02-03 19:00:00,694.38,6,Rainy,High,Completed
O02951,C01764,R0001,2025-03-20 03:00:00,279.54,5,Clear,High,Completed
O02952,C00900,R0075,2025-01-01 03:00:00,1211.1,3,Cloudy,High,Completed
O02953,C01775,R0065,2025-03-03 22:00:00,1987.97,2,Clear,Medium,Completed
O02954,C00975,R0046,2025-01-07 20:00:00,1163.22,1,Cloudy,Medium,Completed
O02955,C01824,R0059,2025-01-15 07:00:00,1135.99,5,Cloudy,Medium,Completed
O02956,C00082,R0075,2025-03-21 01:00:00,176.6,5,Clear,Medium,Completed
O02957,C00846,R0007,2025-02-17 00:00:00,364.52,1,Cloudy,Low,Completed
O02958,C00762,R0066,2025-02-25 17:00:00,1075.12,5,Cloudy,Medium,Completed
O02959,C01217,R0015,2025-03-09 13:00:00,1971.84,5,Clear,High,Completed
O02960,C00618,R0072,2025-02-25 18:00:00,1765.55,5,Clear,Medium,Completed
O02961,C01213,R0047,2025-01-23 13:00:00,746.4,3,Clear,High,Completed
O02962,C01300,R0090,2025-01-26 12:00:00,1131.71,3,Clear,Low,Completed
O02963,C01098,R0040,2025-02-07 11:00:00,1150.13,4,Clear,High,Completed
O02964,C01034,R0042,2025-03-20 12:00:00,1402.19,4,Cloudy,High,Completed
O02965,C01659,R0051,2025-02-13 23:00:00,1406.79,3,Cloudy,High,Completed
O02966,C00216,R0035,2025-03-09 14:00:00,1600.61,5,Clear,Medium,Completed
O02967,C00290,R0041,2025-03-03 22:00:00,147.44,2,Clear,High,Completed
O02968,C00445,R0085,2025-02-22 07:00:00,1892.99,1,Clear,High,Completed
O02969,C00923,R0057,2025-01-06 08:00:00,233.12,4,Clear,High,Completed
O02970,C00552,R0038,2025-02-13 10:00:00,1004.7,5,Cloudy,Medium,Cancelled
O02971,C00193,R0072,2025-01-15 20:00:00,1847.2,4,Clear,High,Completed
O02972,C01663,R0096,2025-03-02 02:00:00,1026.57,6,Clear,Medium,Completed
O02973,C00289,R0008,2025-01-04 08:00:00,220.91,2,Clear,Medium,Completed
O02974,C01988,R0074,2025-03-21 08:00:00,535.56,6,Clear,Medium,Cancelled
O02975,C00583,R0063,2025-02-17 13:00:00,1199.47,5,Cloudy,Low,Completed
O02976,C01673,R0087,2025-03-20 05:00:00,266.94,3,Cloudy,Medium,Completed
O02977,C01168,R0004,2025-02-02 22:00:00,904.99,2,Clear,Medium,Completed
O02978,C01413,R0048,2025-03-21 02:00:00,725.28,4,Cloudy,High,Completed
O02979,C01890,R0052,2025-01-10 08:00:00,1648.89,5,Cloudy,Medium,Completed
O02980,C01916,R0038,2025-02-02 11:00:00,309.25,6,Clear,High,Completed
O02981,C01431,R0094,2025-01-06 16:00:00,1397.32,5,Clear,Medium,Completed
O02982,C01835,R0087,2025-01-10 09:00:00,872.52,1,Clear,Medium,Completed
O02983,C01394,R0005,2025-02-22 04:00:00,1216.73,1,Clear,Medium,Completed
O02984,C00857,R0085,2025-02-03 19:00:00,490.51,6,Cloudy,High,Completed
O02985,C01465,R0070,2025-03-22 20:00:00,1258.44,1,Clear,Medium,Completed
O02986,C01971,R0081,2025-01-01 06:00:00,1380.56,3,Cloudy,Medium,Completed
O02987,C00781,R0089,2025-01-06 07:00:00,233.44,5,Cloudy,High,Completed
O02988,C00896,R0024,2025-01-12 02:00:00,1666.25,5,Clear,Medium,Completed
O02989,C00920,R0086,2025-02-08 15:00:00,1736.38,4,Clear,Low,Completed
O02990,C01675,R0077,2025-01-09 21:00:00,220.75,3,Clear,Low,Completed
O02991,C00564,R0017,2025-01-11 06:00:00,1246.06,1,Cloudy,High,Completed
O02992,C01553,R0078,2025-03-10 09:00:00,1228.62,5,Clear,Medium,Cancelled
O02993,C01701,R0098,2025-03-09 10:00:00,123.67,1,Cloudy,Low,Completed
O02994,C00013,R0090,2025-03-18 03:00:00,750.46,2,Clear,Low,Completed
O02995,C01726,R0083,2025-01-18 12:00:00,1940.96,3,Clear,Medium,Completed
O02996,C00987,R0026,2025-03-14 10:00:00,1155.36,1,Rainy,High,Completed
O02997,C00340,R0003,2025-02-14 08:00:00,1873.1,3,Rainy,Low,Completed
O02998,C00865,R0002,2025-02-27 03:00:00,1383.72,6,Clear,Medium,Completed
O02999,C01898,R0092,2025-01-06 22:00:00,153.94,5,Clear,High,Completed
O03000,C01888,R0002,2025-03-28 16:00:00,247.66,2,Clear,Medium,Completed
O03001,C01800,R0022,2025-03-17 23:00:00,1472.14,4,Rainy,Medium,Cancelled
O03002,C00312,R0071,2025-01-10 12:00:00,1153.68,2,Clear,High,Completed
O03003,C00733,R0004,2025-03-24 19:00:00,341.59,3,Rainy,High,Completed
O03004,C01128,R0038,2025-02-04 13:00:00,1266.72,2,Clear,High,Completed
O03005,C00339,R0084,2025-02-05 09:00:00,1639.55,5,Clear,High,Completed
O03006,C01222,R0070,2025-02-21 14:00:00,1530.67,3,Rainy,Low,Completed
O03007,C00300,R0073,2025-02-18 01:00:00,567.71,3,Rainy,Medium,Completed
O03008,C01468,R0052,2025-02-05 04:00:00,590.57,5,Cloudy,High,Completed
O03009,C00359,R0031,2025-01-17 18:00:00,1938.89,6,Clear,Medium,Completed
O03010,C01392,R0026,2025-03-08 18:00:00,1786.07,1,Cloudy,Medium,Completed
O03011,C00169,R0036,2025-01-27 02:00:00,704.84,4,Cloudy,High,Completed
O03012,C01173,R0026,2025-03-17 23:00:00,1665.7,6,Cloudy,Medium,Completed
O03013,C00761,R0028,2025-02-10 20:00:00,407.3,6,Cloudy,Medium,Completed
O03014,C00768,R0005,2025-02-14 20:00:00,474.0,2,Clear,Low,Completed
O03015,C00982,R0074,2025-01-02 08:00:00,444.27,6,Clear,Medium,Completed
O03016,C00042,R0018,2025-02-03 06:00:00,266.67,4,Clear,Medium,Completed
O03017,C00202,R0015,2025-02-26 22:00:00,1723.89,4,Clear,High,Completed
O03018,C00970,R0057,2025-02-22 14:00:00,1199.73,6,Cloudy,Medium,Completed
O03019,C01268,R0097,2025-03-29 03:00:00,592.02,5,Clear,Low,Completed
O03020,C01693,R0005,2025-01-13 15:00:00,1712.44,1,Clear,Medium,Completed
O03021,C00464,R0037,2025-03-12 13:00:00,1625.03,4,Clear,Medium,Completed
O03022,C00449,R0086,2025-03-26 14:00:00,291.81,3,Clear,High,Completed
O03023,C00913,R0086,2025-03-15 04:00:00,1323.86,6,Rainy,Low,Completed
O03024,C00798,R0022,2025-01-17 15:00:00,1471.48,1,Rainy,Medium,Completed
O03025,C00794,R0052,2025-02-08 09:00:00,1460.07,5,Rainy,Medium,Completed
O03026,C00437,R0015,2025-01-18 12:00:00,1473.97,6,Cloudy,Medium,Completed
O03027,C01917,R0017,2025-03-01 17:00:00,421.97,4,Clear,High,Completed
O03028,C01774,R0051,2025-02-22 00:00:00,698.66,6,Rainy,Medium,Completed
O03029,C00531,R0045,2025-02-18 14:00:00,1703.94,5,Clear,Low,Cancelled
O03030,C00565,R0063,2025-01-25 01:00:00,1806.94,2,Rainy,Medium,Completed
O03031,C01621,R0028,2025-01-23 11:00:00,630.46,5,Clear,Medium,Completed
O03032,C01297,R0059,2025-02-21 11:00:00,143.74,3,Cloudy,High,Completed
O03033,C01454,R0086,2025-02-08 21:00:00,1733.56,5,Cloudy,Low,Completed
O03034,C00872,R0021,2025-03-02 20:00:00,816.47,1,Cloudy,Low,Completed
O03035,C00213,R0042,2025-01-25 15:00:00,725.98,2,Rainy,Low,Completed
O03036,C00949,R0081,2025-02-22 13:00:00,759.3,6,Clear,Medium,Completed
O03037,C01897,R0069,2025-01-27 19:00:00,889.82,6,Clear,Low,Completed
O03038,C01128,R0082,2025-01-14 15:00:00,818.71,3,Clear,Low,Completed
O03039,C00192,R0017,2025-02-17 14:00:00,1176.22,2,Cloudy,Medium,Completed
O03040,C01965,R0068,2025-03-29 05:00:00,249.99,3,Clear,High,Completed
O03041,C01713,R0007,2025-03-30 19:00:00,1945.93,6,Rainy,Low,Completed
O03042,C01683,R0089,2025-01-15 15:00:00,1879.26,2,Clear,Medium,Completed
O03043,C01404,R0040,2025-02-13 04:00:00,1875.37,4,Clear,Medium,Completed
O03044,C01991,R0040,2025-01-27 12:00:00,1770.63,5,Clear,High,Completed
O03045,C01105,R0043,2025-02-19 19:00:00,1354.62,1,Cloudy,Medium,Cancelled
O03046,C00705,R0073,2025-01-10 17:00:00,520.11,1,Clear,Medium,Completed
O03047,C00549,R0083,2025-02-02 12:00:00,194.02,4,Rainy,Low,Completed
O03048,C01401,R0051,2025-03-01 02:00:00,288.71,2,Clear,Medium,Completed
O03049,C01862,R0073,2025-02-08 20:00:00,715.59,5,Clear,Low,Completed
O03050,C00154,R0023,2025-03-17 23:00:00,1057.38,4,Clear,High,Cancelled
O03051,C01666,R0095,2025-02-05 20:00:00,1987.18,2,Cloudy,Medium,Completed
O03052,C00571,R0032,2025-02-21 06:00:00,927.34,5,Cloudy,Low,Completed
O03053,C01760,R0031,2025-01-13 11:00:00,1096.83,2,Rainy,Medium,Completed
O03054,C01785,R0017,2025-03-23 11:00:00,1420.8,1,Clear,Medium,Completed
O03055,C00240,R0058,2025-03-03 12:00:00,443.39,5,Cloudy,Low,Completed
O03056,C00374,R0086,2025-03-26 07:00:00,1872.37,1,Rainy,Low,Completed
O03057,C01925,R0035,2025-03-24 02:00:00,1105.17,1,Rainy,Low,Completed
O03058,C00805,R0030,2025-01-23 05:00:00,624.89,5,Clear,Low,Completed
O03059,C00799,R0064,2025-02-22 08:00:00,1876.71,4,Clear,Medium,Completed
O03060,C01228,R0053,2025-03-11 01:00:00,1288.36,2,Rainy,High,Completed
O03061,C00611,R0051,2025-02-18 00:00:00,1019.01,5,Cloudy,High,Completed
O03062,C01374,R0037,2025-03-15 00:00:00,1202.3,6,Clear,High,Cancelled
O03063,C00688,R0090,2025-03-12 03:00:00,1521.77,1,Cloudy,Medium,Completed
O03064,C00774,R0006,2025-01-10 20:00:00,393.62,2,Clear,Medium,Completed
O03065,C01807,R0034,2025-01-30 04:00:00,1743.18,5,Cloudy,Medium,Completed
O03066,C00143,R0056,2025-01-24 22:00:00,1923.06,4,Clear,High,Completed
O03067,C01213,R0096,2025-03-13 16:00:00,1177.3,5,Clear,Medium,Completed
O03068,C00272,R0025,2025-02-02 02:00:00,1396.31,5,Rainy,Low,Completed
O03069,C01556,R0013,2025-03-15 12:00:00,1733.68,3,Clear,High,Cancelled
O03070,C01869,R0063,2025-01-10 06:00:00,812.14,6,Clear,Medium,Completed
O03071,C01324,R0066,2025-02-16 18:00:00,1986.38,2,Clear,Medium,Cancelled
O03072,C00426,R0005,2025-03-01 06:00:00,1392.95,5,Clear,Low,Completed
O03073,C00046,R0075,2025-03-06 04:00:00,905.6,1,Clear,Low,Completed
O03074,C00095,R0011,2025-03-25 13:00:00,1386.94,1,Cloudy,Low,Completed
O03075,C01954,R0088,2025-01-18 21:00:00,1091.19,3,Clear,High,Completed
O03076,C00064,R0078,2025-01-22 18:00:00,312.12,1,Clear,High,Completed
O03077,C00413,R0094,2025-02-27 03:00:00,1612.14,5,Rainy,Low,Completed
O03078,C01667,R0044,2025-03-07 14:00:00,1172.31,2,Clear,Medium,Completed
O03079,C01033,R0099,2025-03-24 06:00:00,1612.11,3,Rainy,High,Completed
O03080,C00459,R0085,2025-03-29 01:00:00,394.33,6,Clear,Medium,Completed
O03081,C01739,R0069,2025-03-14 10:00:00,1122.88,3,Cloudy,Medium,Completed
O03082,C01433,R0002,2025-01-04 21:00:00,1556.59,4,Clear,High,Cancelled
O03083,C00470,R0040,2025-02-18 21:00:00,1977.78,4,Clear,Low,Completed
O03084,C00810,R0037,2025-01-21 18:00:00,1780.35,2,Cloudy,High,Completed
O03085,C00506,R0049,2025-02-10 20:00:00,1742.26,2,Clear,Medium,Completed
O03086,C01710,R0098,2025-01-21 04:00:00,570.17,3,Clear,Low,Completed
O03087,C01097,R0075,2025-01-28 16:00:00,1692.17,5,Cloudy,High,Completed
O03088,C00084,R0036,2025-01-27 03:00:00,421.63,5,Clear,Low,Cancelled
O03089,C00059,R0075,2025-03-12 04:00:00,476.4,4,Clear,Medium,Completed
O03090,C01045,R0073,2025-01-31 11:00:00,309.22,2,Clear,Low,Completed
O03091,C01482,R0070,2025-01-08 23:00:00,1729.43,2,Rainy,High,Completed
O03092,C00918,R0034,2025-03-15 16:00:00,305.68,5,Clear,Medium,Completed
O03093,C00157,R0058,2025-02-21 20:00:00,362.41,4,Clear,Medium,Completed
O03094,C01855,R0037,2025-02-14 14:00:00,567.19,5,Clear,Medium,Completed
O03095,C01353,R0096,2025-01-29 23:00:00,1188.06,5,Clear,Low,Completed
O03096,C01597,R0060,2025-02-17 11:00:00,1772.34,3,Clear,Medium,Completed
O03097,C00576,R0012,2025-01-24 11:00:00,894.63,2,Clear,High,Completed
O03098,C00837,R0032,2025-01-01 22:00:00,1137.94,3,Rainy,High,Completed
O03099,C00680,R0081,2025-01-19 12:00:00,416.33,3,Clear,Medium,Completed
O03100,C00203,R0004,2025-02-02 08:00:00,605.3,5,Clear,High,Completed
O03101,C01665,R0033,2025-03-27 04:00:00,354.46,4,Cloudy,Medium,Completed
O03102,C01781,R0043,2025-01-30 11:00:00,878.85,5,Clear,Low,Completed
O03103,C01130,R0009,2025-01-19 00:00:00,1221.64,6,Clear,Medium,Completed
O03104,C01857,R0098,2025-01-20 16:00:00,639.64,4,Clear,Medium,Completed
O03105,C01146,R0051,2025-01-02 23:00:00,1707.39,2,Rainy,Medium,Completed
O03106,C00318,R0094,2025-03-21 18:00:00,1964.35,6,Cloudy,Low,Completed
O03107,C01206,R0020,2025-02-16 01:00:00,328.29,6,Clear,Medium,Completed
O03108,C01639,R0039,2025-03-20 18:00:00,133.93,6,Rainy,Medium,Completed
O03109,C01340,R0023,2025-01-15 21:00:00,1600.58,1,Rainy,Medium,Cancelled
O03110,C01838,R0041,2025-01-24 15:00:00,462.22,2,Clear,Medium,Completed
O03111,C01797,R0044,2025-01-20 23:00:00,770.98,5,Clear,Low,Completed
O03112,C01649,R0035,2025-02-06 02:00:00,849.04,4,Clear,Medium,Completed
O03113,C00406,R0023,2025-02-12 20:00:00,1841.54,6,Clear,High,Completed
O03114,C00986,R0058,2025-03-17 13:00:00,1351.79,1,Cloudy,Low,Completed
O03115,C00949,R0048,2025-03-01 01:00:00,177.16,6,Cloudy,Medium,Cancelled
O03116,C01094,R0087,2025-01-30 11:00:00,128.14,4,Clear,Low,Completed
O03117,C01184,R0058,2025-02-13 18:00:00,479.18,4,Clear,High,Completed
O03118,C01264,R0057,2025-01-06 06:00:00,704.53,1,Cloudy,Low,Completed
O03119,C01547,R0087,2025-03-10 20:00:00,1020.6,1,Clear,Low,Completed
O03120,C01162,R0039,2025-01-01 07:00:00,1691.89,2,Clear,Medium,Completed
O03121,C00495,R0028,2025-01-26 12:00:00,698.15,3,Clear,Low,Completed
O03122,C00679,R0064,2025-02-23 12:00:00,815.42,6,Cloudy,Medium,Completed
O03123,C01271,R0062,2025-02-20 22:00:00,725.74,1,Clear,Medium,Completed
O03124,C01890,R0083,2025-01-25 21:00:00,117.03,6,Clear,High,Completed
O03125,C01567,R0062,2025-03-15 11:00:00,1914.88,3,Clear,Medium,Completed
O03126,C01548,R0094,2025-01-17 01:00:00,364.09,3,Rainy,Medium,Completed
O03127,C01267,R0085,2025-01-08 10:00:00,646.57,3,Clear,Medium,Completed
O03128,C01644,R0088,2025-02-03 22:00:00,345.68,3,Clear,Low,Completed
O03129,C01360,R0085,2025-03-17 17:00:00,1032.03,1,Cloudy,Low,Completed
O03130,C01446,R0026,2025-01-15 21:00:00,1871.12,6,Clear,Low,Completed
O03131,C00835,R0051,2025-01-30 05:00:00,291.33,4,Cloudy,High,Completed
O03132,C00194,R0050,2025-03-14 22:00:00,937.7,6,Clear,Medium,Completed
O03133,C00308,R0036,2025-02-02 13:00:00,142.51,6,Clear,Medium,Completed
O03134,C01669,R0026,2025-01-04 09:00:00,1564.71,1,Clear,Medium,Completed
O03135,C01931,R0033,2025-01-08 16:00:00,1318.33,1,Clear,Medium,Completed
O03136,C00506,R0100,2025-02-06 18:00:00,1429.43,5,Cloudy,High,Completed
O03137,C00281,R0068,2025-01-22 02:00:00,997.44,5,Cloudy,High,Completed
O03138,C01827,R0073,2025-03-27 01:00:00,1824.5,2,Cloudy,Medium,Completed
O03139,C00675,R0008,2025-03-03 21:00:00,878.16,3,Cloudy,Medium,Completed
O03140,C01814,R0066,2025-01-02 05:00:00,1076.76,3,Clear,Low,Completed
O03141,C00933,R0093,2025-03-22 12:00:00,1421.05,5,Rainy,Medium,Completed
O03142,C01463,R0023,2025-03-28 14:00:00,1089.07,4,Cloudy,High,Completed
O03143,C00715,R0070,2025-02-24 20:00:00,459.74,2,Cloudy,Medium,Completed
O03144,C00608,R0055,2025-02-19 20:00:00,702.43,6,Clear,Medium,Completed
O03145,C00483,R0043,2025-02-17 23:00:00,275.36,4,Clear,Low,Completed
O03146,C01247,R0100,2025-01-04 13:00:00,921.97,5,Rainy,High,Completed
O03147,C01773,R0021,2025-02-25 18:00:00,1257.84,6,Clear,Low,Completed
O03148,C00117,R0022,2025-03-28 11:00:00,325.21,4,Cloudy,Medium,Completed
O03149,C00968,R0009,2025-02-23 02:00:00,1298.12,3,Clear,Low,Cancelled
O03150,C00192,R0034,2025-01-29 10:00:00,1796.46,5,Clear,Medium,Completed
O03151,C00788,R0059,2025-01-12 07:00:00,741.68,6,Rainy,Medium,Completed
O03152,C00618,R0026,2025-03-18 11:00:00,521.86,4,Rainy,Medium,Completed
O03153,C00516,R0001,2025-03-14 01:00:00,1796.71,2,Cloudy,Medium,Completed
O03154,C01554,R0100,2025-03-01 01:00:00,1414.7,2,Clear,Medium,Completed
O03155,C00307,R0005,2025-01-01 18:00:00,300.25,1,Rainy,Medium,Completed
O03156,C01988,R0041,2025-03-20 03:00:00,875.41,6,Rainy,Low,Completed
O03157,C00532,R0063,2025-01-20 08:00:00,1380.77,5,Rainy,Low,Completed
O03158,C00122,R0022,2025-01-29 18:00:00,1191.33,5,Rainy,Low,Completed
O03159,C00649,R0068,2025-02-12 02:00:00,1275.24,6,Clear,Medium,Completed
O03160,C00592,R0048,2025-02-20 14:00:00,1177.56,5,Clear,High,Completed
O03161,C01178,R0066,2025-03-05 04:00:00,1616.32,3,Clear,Medium,Completed
O03162,C00870,R0016,2025-01-07 18:00:00,708.81,3,Cloudy,Low,Completed
O03163,C01561,R0080,2025-03-10 03:00:00,1446.08,5,Cloudy,High,Completed
O03164,C01476,R0053,2025-01-13 06:00:00,1983.05,6,Clear,Medium,Completed
O03165,C01193,R0086,2025-01-25 02:00:00,840.92,4,Clear,High,Completed
O03166,C00059,R0065,2025-03-15 15:00:00,1602.99,3,Clear,Low,Completed
O03167,C00301,R0079,2025-03-08 01:00:00,567.61,6,Cloudy,Medium,Completed
O03168,C00553,R0064,2025-02-25 11:00:00,635.6,5,Clear,High,Completed
O03169,C01574,R0088,2025-01-09 02:00:00,1876.24,3,Clear,Medium,Completed
O03170,C01141,R0068,2025-02-05 01:00:00,149.28,6,Rainy,Medium,Completed
O03171,C01811,R0063,2025-03-19 18:00:00,513.11,1,Rainy,Medium,Completed
O03172,C01806,R0062,2025-03-16 15:00:00,1017.55,2,Clear,High,Completed
O03173,C01151,R0082,2025-01-21 08:00:00,863.51,1,Clear,High,Completed
O03174,C01429,R0081,2025-03-08 19:00:00,1295.42,5,Rainy,Low,Completed
O03175,C00399,R0071,2025-01-19 13:00:00,466.17,6,Rainy,Low,Completed
O03176,C00515,R0045,2025-01-04 07:00:00,234.04,2,Clear,Medium,Cancelled
O03177,C00805,R0052,2025-02-01 00:00:00,801.73,4,Clear,Low,Completed
O03178,C01909,R0074,2025-03-19 12:00:00,1096.27,5,Clear,Low,Completed
O03179,C00498,R0065,2025-03-03 01:00:00,1167.8,4,Clear,High,Completed
O03180,C00942,R0002,2025-02-08 18:00:00,1242.84,4,Rainy,Medium,Completed
O03181,C00528,R0049,2025-03-22 14:00:00,1142.46,3,Clear,Medium,Completed
O03182,C00398,R0022,2025-01-12 07:00:00,566.93,3,Clear,Low,Completed
O03183,C01289,R0096,2025-02-26 22:00:00,1552.64,2,Clear,Medium,Completed
O03184,C01775,R0029,2025-03-05 01:00:00,266.78,2,Clear,Low,Completed
O03185,C01287,R0035,2025-01-29 13:00:00,476.87,6,Cloudy,Medium,Completed
O03186,C01422,R0081,2025-03-13 22:00:00,1504.82,3,Cloudy,Medium,Completed
O03187,C01670,R0076,2025-01-28 03:00:00,631.48,2,Clear,High,Completed
O03188,C01749,R0024,2025-01-13 08:00:00,1037.6,6,Clear,Medium,Completed
O03189,C01551,R0094,2025-02-17 14:00:00,721.68,1,Rainy,Medium,Completed
O03190,C00436,R0030,2025-01-26 20:00:00,1063.26,5,Clear,High,Completed
O03191,C00840,R0084,2025-03-10 22:00:00,758.65,1,Clear,Medium,Completed
O03192,C01954,R0042,2025-03-10 22:00:00,1989.0,5,Clear,Medium,Completed
O03193,C00360,R0071,2025-03-11 16:00:00,779.21,6,Clear,Medium,Completed
O03194,C01153,R0050,2025-01-11 14:00:00,1291.39,3,Clear,Medium,Completed
O03195,C00864,R0071,2025-02-23 15:00:00,1787.85,1,Cloudy,Low,Completed
O03196,C00634,R0060,2025-01-02 04:00:00,1312.08,4,Rainy,Low,Completed
O03197,C01265,R0030,2025-02-14 02:00:00,1175.13,1,Clear,Low,Completed
O03198,C01651,R0012,2025-02-01 04:00:00,1181.54,2,Rainy,Medium,Completed
O03199,C01733,R0049,2025-02-24 21:00:00,1043.28,1,Clear,Medium,Completed
O03200,C01246,R0095,2025-01-26 01:00:00,1634.4,3,Clear,Low,Completed
O03201,C00214,R0082,2025-02-15 11:00:00,195.81,3,Clear,High,Completed
O03202,C00916,R0046,2025-01-06 10:00:00,1781.75,2,Rainy,Low,Cancelled
O03203,C00592,R0043,2025-01-05 14:00:00,1213.96,5,Clear,High,Cancelled
O03204,C01799,R0002,2025-02-04 14:00:00,1712.86,2,Rainy,Low,Completed
O03205,C00135,R0097,2025-01-28 17:00:00,119.75,6,Clear,High,Completed
O03206,C01842,R0075,2025-02-14 10:00:00,1751.63,5,Rainy,Low,Completed
O03207,C00754,R0098,2025-02-06 10:00:00,328.26,3,Clear,High,Cancelled
O03208,C00386,R0080,2025-02-24 21:00:00,1470.31,3,Rainy,Medium,Completed
O03209,C01327,R0054,2025-01-12 20:00:00,891.39,6,Cloudy,Low,Completed
O03210,C01806,R0035,2025-01-24 11:00:00,1394.04,5,Clear,Low,Completed
O03211,C01311,R0052,2025-01-01 18:00:00,1293.56,1,Clear,High,Completed
O03212,C01586,R0033,2025-01-23 18:00:00,410.45,1,Clear,Low,Cancelled
O03213,C01213,R0085,2025-01-02 23:00:00,1077.77,2,Clear,Medium,Completed
O03214,C01321,R0084,2025-03-15 16:00:00,626.74,3,Cloudy,Low,Completed
O03215,C01550,R0072,2025-03-27 02:00:00,1164.83,1,Clear,Low,Cancelled
O03216,C00389,R0051,2025-01-10 02:00:00,1502.21,3,Clear,Low,Completed
O03217,C01483,R0026,2025-02-01 21:00:00,254.39,2,Cloudy,Medium,Completed
O03218,C00744,R0097,2025-03-28 14:00:00,1079.95,4,Clear,Medium,Cancelled
O03219,C01285,R0062,2025-01-13 19:00:00,1273.5,3,Clear,Low,Cancelled
O03220,C00704,R0061,2025-01-24 15:00:00,661.2,4,Clear,High,Completed
O03221,C00925,R0026,2025-02-16 18:00:00,1910.71,3,Rainy,Medium,Completed
O03222,C01739,R0037,2025-03-28 04:00:00,1088.58,5,Clear,Low,Completed
O03223,C00773,R0030,2025-01-10 14:00:00,446.78,6,Rainy,Low,Completed
O03224,C01137,R0095,2025-01-04 09:00:00,304.8,4,Clear,High,Cancelled
O03225,C01910,R0097,2025-01-10 00:00:00,1129.15,5,Clear,Medium,Completed
O03226,C00864,R0011,2025-01-14 22:00:00,812.95,6,Rainy,High,Completed
O03227,C01060,R0053,2025-01-24 06:00:00,465.84,5,Clear,Low,Completed
O03228,C00079,R0041,2025-02-06 09:00:00,158.33,2,Rainy,Medium,Completed
O03229,C01299,R0005,2025-02-01 08:00:00,1176.54,2,Clear,Low,Cancelled
O03230,C01984,R0066,2025-01-25 17:00:00,1237.34,1,Clear,Medium,Completed
O03231,C01302,R0013,2025-03-17 22:00:00,369.42,4,Rainy,Low,Completed
O03232,C00674,R0063,2025-03-11 22:00:00,1243.3,1,Clear,Medium,Completed
O03233,C00312,R0082,2025-01-24 00:00:00,1908.75,4,Rainy,High,Completed
O03234,C01553,R0090,2025-03-03 18:00:00,1958.76,2,Cloudy,Medium,Completed
O03235,C00204,R0025,2025-02-02 14:00:00,1788.14,2,Cloudy,Medium,Cancelled
O03236,C00985,R0044,2025-03-30 22:00:00,1633.45,6,Cloudy,Low,Completed
O03237,C01976,R0014,2025-01-22 08:00:00,497.8,6,Cloudy,Medium,Completed
O03238,C00017,R0069,2025-02-10 23:00:00,397.23,2,Clear,Medium,Completed
O03239,C01738,R0059,2025-01-25 10:00:00,945.4,4,Clear,Medium,Completed
O03240,C00476,R0056,2025-03-04 13:00:00,1277.3,2,Clear,High,Completed
O03241,C01535,R0052,2025-02-09 19:00:00,1716.29,1,Clear,High,Completed
O03242,C01017,R0066,2025-01-31 22:00:00,540.73,5,Cloudy,Medium,Completed
O03243,C00210,R0068,2025-01-19 16:00:00,1011.33,6,Cloudy,Low,Completed
O03244,C00499,R0012,2025-01-25 11:00:00,1330.14,4,Cloudy,High,Completed
O03245,C01426,R0075,2025-01-11 19:00:00,946.63,5,Clear,Medium,Cancelled
O03246,C00429,R0068,2025-01-04 21:00:00,962.97,1,Cloudy,Low,Completed
O03247,C01102,R0043,2025-02-12 12:00:00,527.72,3,Cloudy,Low,Cancelled
O03248,C01592,R0073,2025-03-23 15:00:00,1974.66,6,Rainy,High,Completed
O03249,C01104,R0074,2025-02-27 07:00:00,1002.87,2,Rainy,Low,Completed
O03250,C01330,R0091,2025-02-17 03:00:00,1112.21,6,Clear,Medium,Completed
O03251,C00058,R0006,2025-02-06 03:00:00,515.26,6,Clear,Low,Completed
O03252,C01554,R0015,2025-01-04 18:00:00,1076.86,6,Clear,Low,Completed
O03253,C01232,R0042,2025-03-03 15:00:00,585.16,1,Rainy,Medium,Completed
O03254,C01535,R0031,2025-02-09 18:00:00,484.44,3,Clear,Medium,Completed
O03255,C01159,R0086,2025-01-01 22:00:00,623.87,4,Clear,High,Completed
O03256,C01868,R0053,2025-03-13 21:00:00,105.24,1,Cloudy,Medium,Completed
O03257,C00994,R0006,2025-01-01 22:00:00,1183.29,4,Clear,Low,Completed
O03258,C00522,R0033,2025-03-13 17:00:00,836.21,5,Cloudy,Medium,Completed
O03259,C00581,R0029,2025-03-02 00:00:00,1807.51,5,Cloudy,High,Cancelled
O03260,C01877,R0021,2025-02-26 12:00:00,177.34,4,Cloudy,Low,Cancelled
O03261,C00899,R0054,2025-01-24 22:00:00,182.08,5,Cloudy,Low,Completed
O03262,C01107,R0056,2025-02-04 11:00:00,1783.16,5,Rainy,Medium,Completed
O03263,C00621,R0094,2025-01-08 20:00:00,340.62,2,Clear,Medium,Completed
O03264,C01068,R0021,2025-01-20 03:00:00,104.1,4,Cloudy,Medium,Completed
O03265,C01507,R0100,2025-01-15 14:00:00,439.94,4,Cloudy,Medium,Completed
O03266,C00966,R0055,2025-01-25 04:00:00,1665.36,3,Clear,Low,Completed
O03267,C00910,R0058,2025-01-26 19:00:00,1625.16,6,Cloudy,High,Completed
O03268,C01668,R0064,2025-03-05 19:00:00,746.25,2,Cloudy,High,Completed
O03269,C00493,R0086,2025-02-27 00:00:00,1369.26,1,Clear,Low,Completed
O03270,C00499,R0046,2025-03-17 01:00:00,1063.77,2,Cloudy,Medium,Completed
O03271,C01042,R0084,2025-02-21 08:00:00,1819.0,1,Rainy,Medium,Completed
O03272,C00605,R0022,2025-01-20 16:00:00,207.2,4,Clear,Medium,Completed
O03273,C00948,R0060,2025-02-05 18:00:00,1645.04,2,Rainy,Medium,Completed
O03274,C00294,R0011,2025-03-13 08:00:00,424.14,3,Clear,High,Completed
O03275,C02000,R0047,2025-01-22 11:00:00,844.08,6,Clear,Medium,Completed
O03276,C01172,R0031,2025-02-27 07:00:00,464.72,5,Clear,Low,Completed
O03277,C01496,R0077,2025-03-29 06:00:00,1434.97,1,Clear,Medium,Completed
O03278,C00172,R0018,2025-01-23 14:00:00,1388.82,5,Clear,Medium,Completed
O03279,C01587,R0022,2025-02-14 03:00:00,1141.01,6,Cloudy,Low,Completed
O03280,C00531,R0056,2025-02-01 12:00:00,1426.51,4,Clear,Low,Completed
O03281,C01144,R0017,2025-01-08 19:00:00,1315.17,4,Clear,Low,Completed
O03282,C01860,R0038,2025-01-21 02:00:00,1575.24,4,Clear,High,Completed
O03283,C01761,R0025,2025-02-21 15:00:00,554.87,5,Clear,Medium,Completed
O03284,C00066,R0032,2025-02-19 05:00:00,914.93,6,Clear,High,Completed
O03285,C00141,R0015,2025-01-13 07:00:00,388.09,4,Clear,High,Completed
O03286,C00446,R0013,2025-01-02 20:00:00,916.23,4,Clear,Low,Completed
O03287,C01530,R0058,2025-03-27 02:00:00,1433.21,5,Cloudy,Low,Completed
O03288,C00189,R0090,2025-01-08 06:00:00,1413.64,4,Clear,Medium,Completed
O03289,C00158,R0050,2025-02-27 01:00:00,1447.91,6,Clear,Medium,Completed
O03290,C01634,R0011,2025-03-29 15:00:00,686.66,1,Clear,Medium,Completed
O03291,C00670,R0013,2025-03-17 00:00:00,1358.21,2,Cloudy,Medium,Completed
O03292,C01971,R0097,2025-03-21 13:00:00,798.19,1,Clear,High,Completed
O03293,C00246,R0050,2025-03-15 22:00:00,1894.53,4,Clear,High,Completed
O03294,C00856,R0038,2025-03-22 00:00:00,752.4,6,Cloudy,Low,Completed
O03295,C00944,R0001,2025-03-05 10:00:00,1245.73,6,Cloudy,High,Completed
O03296,C00748,R0039,2025-02-01 13:00:00,1525.28,4,Clear,High,Completed
O03297,C01057,R0027,2025-03-01 04:00:00,1822.17,4,Cloudy,Medium,Completed
O03298,C01385,R0036,2025-01-21 16:00:00,932.06,4,Clear,Medium,Completed
O03299,C01777,R0032,2025-01-05 08:00:00,784.92,5,Clear,Low,Completed
O03300,C00330,R0041,2025-01-20 22:00:00,917.05,6,Cloudy,Low,Completed
O03301,C00512,R0015,2025-03-01 06:00:00,715.02,2,Cloudy,Medium,Completed
O03302,C00850,R0031,2025-01-29 20:00:00,1342.46,5,Rainy,Medium,Completed
O03303,C01811,R0006,2025-01-09 01:00:00,1872.16,5,Clear,Medium,Completed
O03304,C01095,R0089,2025-03-04 01:00:00,339.53,6,Clear,Medium,Completed
O03305,C01337,R0052,2025-01-03 10:00:00,1165.75,4,Rainy,Medium,Completed
O03306,C01939,R0082,2025-03-20 14:00:00,1805.53,1,Clear,Low,Completed
O03307,C01752,R0022,2025-01-20 21:00:00,290.22,6,Rainy,Low,Completed
O03308,C00079,R0031,2025-02-16 22:00:00,1038.34,1,Clear,High,Completed
O03309,C00169,R0100,2025-03-24 00:00:00,1743.94,3,Clear,Low,Completed
O03310,C00810,R0073,2025-01-25 15:00:00,1810.86,6,Clear,Low,Completed
O03311,C00983,R0046,2025-02-04 22:00:00,1077.27,2,Clear,Low,Completed
O03312,C00180,R0067,2025-02-26 01:00:00,147.41,6,Clear,Medium,Completed
O03313,C01652,R0097,2025-01-23 20:00:00,300.71,3,Clear,Medium,Completed
O03314,C00260,R0091,2025-01-10 04:00:00,1214.76,5,Clear,Medium,Completed
O03315,C01510,R0043,2025-02-06 11:00:00,335.33,3,Clear,Medium,Completed
O03316,C01796,R0001,2025-02-19 20:00:00,383.89,3,Clear,Low,Completed
O03317,C01029,R0044,2025-01-14 23:00:00,1567.02,6,Clear,Medium,Cancelled
O03318,C00297,R0057,2025-01-10 08:00:00,1526.31,3,Clear,Medium,Completed
O03319,C00620,R0009,2025-03-28 18:00:00,1701.27,2,Cloudy,Medium,Completed
O03320,C00855,R0005,2025-01-08 19:00:00,300.9,6,Clear,Low,Completed
O03321,C00360,R0079,2025-02-21 23:00:00,476.48,1,Cloudy,Medium,Completed
O03322,C00117,R0009,2025-02-10 02:00:00,1682.63,1,Clear,Medium,Completed
O03323,C00357,R0045,2025-01-21 13:00:00,1470.07,3,Clear,Medium,Completed
O03324,C00957,R0092,2025-03-20 14:00:00,1631.32,6,Rainy,Medium,Cancelled
O03325,C01867,R0077,2025-01-13 22:00:00,1980.52,2,Clear,Medium,Completed
O03326,C00439,R0024,2025-03-08 20:00:00,1742.42,1,Clear,Medium,Completed
O03327,C01355,R0074,2025-03-07 03:00:00,1088.88,4,Clear,Medium,Completed
O03328,C01549,R0042,2025-01-16 08:00:00,690.46,6,Cloudy,High,Completed
O03329,C01678,R0022,2025-02-01 01:00:00,1182.39,6,Rainy,Medium,Completed
O03330,C01212,R0060,2025-03-28 14:00:00,1313.31,1,Rainy,High,Completed
O03331,C01992,R0086,2025-02-22 07:00:00,737.09,1,Rainy,Medium,Completed
O03332,C01305,R0037,2025-02-11 13:00:00,1564.78,2,Clear,Medium,Completed
O03333,C01535,R0039,2025-01-21 16:00:00,276.23,2,Rainy,Low,Completed
O03334,C01490,R0084,2025-03-08 05:00:00,1580.85,1,Clear,High,Completed
O03335,C01139,R0074,2025-02-10 03:00:00,160.8,4,Clear,High,Completed
O03336,C01964,R0074,2025-03-25 12:00:00,1046.14,4,Clear,High,Completed
O03337,C01260,R0090,2025-02-19 22:00:00,1736.73,3,Clear,Medium,Completed
O03338,C01362,R0089,2025-03-17 14:00:00,264.34,3,Cloudy,Low,Completed
O03339,C00522,R0053,2025-02-27 20:00:00,1083.7,1,Clear,Low,Completed
O03340,C00199,R0028,2025-02-16 05:00:00,402.84,1,Clear,High,Completed
O03341,C01788,R0077,2025-01-25 00:00:00,1800.15,1,Rainy,Low,Completed
O03342,C01074,R0015,2025-01-03 05:00:00,1681.46,6,Cloudy,Medium,Completed
O03343,C01964,R0060,2025-01-10 12:00:00,1874.44,4,Cloudy,Medium,Completed
O03344,C01166,R0060,2025-02-02 10:00:00,1762.47,5,Clear,Low,Completed
O03345,C01807,R0006,2025-03-06 21:00:00,1499.45,3,Clear,Low,Completed
O03346,C01552,R0052,2025-02-11 00:00:00,451.29,3,Clear,High,Completed
O03347,C01538,R0012,2025-01-16 12:00:00,674.75,5,Clear,High,Completed
O03348,C00670,R0019,2025-01-20 12:00:00,1044.02,1,Cloudy,Low,Completed
O03349,C01054,R0096,2025-03-19 01:00:00,1218.9,3,Clear,Low,Completed
O03350,C01106,R0075,2025-01-23 03:00:00,1586.15,4,Clear,High,Completed
O03351,C00031,R0097,2025-03-01 07:00:00,531.22,5,Clear,Low,Completed
O03352,C01772,R0002,2025-02-20 07:00:00,343.73,4,Clear,Low,Cancelled
O03353,C01008,R0055,2025-01-24 09:00:00,1016.96,6,Cloudy,High,Completed
O03354,C00333,R0015,2025-01-04 17:00:00,399.9,1,Rainy,High,Completed
O03355,C00660,R0064,2025-03-10 07:00:00,1418.1,3,Clear,Low,Completed
O03356,C00177,R0100,2025-02-28 14:00:00,1193.7,4,Cloudy,Low,Completed
O03357,C00370,R0069,2025-01-16 08:00:00,1508.1,5,Clear,Low,Completed
O03358,C00547,R0015,2025-02-23 20:00:00,220.53,1,Rainy,Medium,Completed
O03359,C00535,R0043,2025-01-01 14:00:00,1932.93,3,Clear,Medium,Completed
O03360,C01130,R0074,2025-02-20 18:00:00,100.01,3,Clear,Low,Completed
O03361,C00097,R0017,2025-03-23 01:00:00,718.34,1,Clear,High,Completed
O03362,C00230,R0098,2025-02-14 03:00:00,1391.31,1,Clear,Medium,Completed
O03363,C00227,R0024,2025-02-08 04:00:00,185.77,1,Clear,High,Completed
O03364,C00371,R0074,2025-03-11 18:00:00,258.36,6,Rainy,Low,Completed
O03365,C01124,R0030,2025-02-02 07:00:00,245.69,4,Cloudy,High,Completed
O03366,C01469,R0067,2025-02-15 00:00:00,1204.87,2,Rainy,High,Completed
O03367,C01492,R0051,2025-02-17 05:00:00,1802.26,6,Clear,Low,Completed
O03368,C00055,R0060,2025-01-29 13:00:00,1155.33,3,Clear,Low,Completed
O03369,C01219,R0003,2025-01-10 08:00:00,1246.79,4,Cloudy,Low,Completed
O03370,C01544,R0005,2025-01-03 15:00:00,757.4,5,Clear,Medium,Completed
O03371,C00424,R0028,2025-03-16 11:00:00,135.61,3,Clear,Low,Completed
O03372,C00315,R0078,2025-02-10 00:00:00,141.07,6,Clear,Low,Completed
O03373,C01152,R0011,2025-02-27 07:00:00,1787.79,2,Cloudy,Low,Completed
O03374,C00032,R0072,2025-01-15 20:00:00,294.89,5,Cloudy,High,Completed
O03375,C00093,R0072,2025-01-04 20:00:00,1999.6,3,Rainy,Medium,Completed
O03376,C00519,R0076,2025-02-25 03:00:00,412.4,2,Cloudy,Low,Completed
O03377,C01282,R0015,2025-03-05 05:00:00,1381.81,1,Cloudy,Low,Completed
O03378,C00853,R0083,2025-03-11 21:00:00,1903.02,2,Rainy,Medium,Completed
O03379,C01926,R0048,2025-02-28 20:00:00,788.35,3,Cloudy,Medium,Completed
O03380,C01244,R0046,2025-03-10 02:00:00,1495.42,2,Cloudy,Medium,Completed
O03381,C00752,R0028,2025-02-16 21:00:00,766.63,6,Clear,High,Cancelled
O03382,C01130,R0007,2025-02-05 00:00:00,679.39,3,Clear,Medium,Completed
O03383,C01572,R0071,2025-02-28 09:00:00,483.43,3,Rainy,Medium,Completed
O03384,C00416,R0094,2025-03-08 22:00:00,1659.78,2,Rainy,Low,Completed
O03385,C00557,R0082,2025-02-07 09:00:00,589.04,2,Clear,High,Completed
O03386,C01834,R0088,2025-01-21 11:00:00,638.0,6,Clear,Medium,Completed
O03387,C01333,R0006,2025-03-05 20:00:00,1998.04,5,Rainy,High,Completed
O03388,C00366,R0058,2025-03-24 09:00:00,721.89,5,Clear,Low,Completed
O03389,C01545,R0068,2025-03-16 22:00:00,903.27,4,Rainy,High,Completed
O03390,C01483,R0055,2025-03-04 06:00:00,1981.11,3,Cloudy,Medium,Completed
O03391,C00599,R0067,2025-02-26 07:00:00,801.67,5,Clear,Low,Completed
O03392,C01394,R0049,2025-03-28 04:00:00,795.69,4,Cloudy,Medium,Completed
O03393,C00331,R0051,2025-02-16 16:00:00,1672.66,6,Rainy,Medium,Completed
O03394,C00689,R0059,2025-03-18 14:00:00,692.67,3,Clear,Low,Completed
O03395,C01666,R0006,2025-03-11 07:00:00,544.19,6,Clear,High,Completed
O03396,C01731,R0090,2025-01-23 17:00:00,904.1,4,Rainy,High,Completed
O03397,C00011,R0051,2025-01-25 22:00:00,1431.22,5,Clear,Low,Completed
O03398,C00818,R0038,2025-03-28 15:00:00,182.16,4,Clear,High,Completed
O03399,C01531,R0011,2025-03-27 04:00:00,810.44,2,Cloudy,Medium,Completed
O03400,C00419,R0052,2025-01-11 18:00:00,757.87,6,Clear,Medium,Completed
O03401,C01146,R0093,2025-01-20 19:00:00,565.15,4,Clear,High,Completed
O03402,C00911,R0020,2025-03-21 09:00:00,1343.15,6,Clear,Medium,Completed
O03403,C01259,R0010,2025-02-08 07:00:00,650.98,1,Clear,Medium,Completed
O03404,C01355,R0026,2025-03-28 16:00:00,1252.79,1,Clear,Medium,Completed
O03405,C01567,R0048,2025-01-17 03:00:00,1058.24,4,Clear,Low,Completed
O03406,C00348,R0091,2025-03-19 13:00:00,512.66,1,Rainy,Medium,Completed
O03407,C00958,R0014,2025-02-03 05:00:00,606.48,4,Rainy,High,Completed
O03408,C00412,R0100,2025-03-09 09:00:00,424.14,6,Clear,Medium,Completed
O03409,C01248,R0059,2025-03-22 05:00:00,207.6,4,Clear,High,Completed
O03410,C00153,R0012,2025-03-17 15:00:00,1276.46,4,Clear,Medium,Completed
O03411,C01236,R0023,2025-03-09 19:00:00,1378.3,1,Clear,Low,Completed
O03412,C00092,R0085,2025-01-10 00:00:00,415.4,3,Cloudy,High,Completed
O03413,C01945,R0072,2025-02-02 20:00:00,1269.25,4,Cloudy,Medium,Completed
O03414,C00331,R0039,2025-03-06 07:00:00,1965.96,4,Clear,Medium,Completed
O03415,C01491,R0009,2025-03-28 19:00:00,241.36,2,Clear,Low,Completed
O03416,C01884,R0088,2025-03-27 16:00:00,1031.7,2,Cloudy,Medium,Completed
O03417,C01665,R0095,2025-02-14 07:00:00,1492.77,5,Clear,High,Completed
O03418,C00955,R0025,2025-03-11 08:00:00,187.42,1,Clear,Medium,Completed
O03419,C01733,R0017,2025-01-16 12:00:00,1578.72,3,Cloudy,Medium,Completed
O03420,C00970,R0042,2025-02-10 09:00:00,1961.07,4,Clear,Low,Completed
O03421,C00554,R0029,2025-03-12 09:00:00,268.13,4,Clear,Low,Completed
O03422,C01902,R0060,2025-03-02 07:00:00,1662.24,1,Clear,Low,Completed
O03423,C00930,R0067,2025-01-22 10:00:00,819.3,5,Clear,Medium,Completed
O03424,C01252,R0085,2025-01-16 03:00:00,373.82,5,Clear,Low,Completed
O03425,C00194,R0057,2025-03-21 17:00:00,1037.07,2,Rainy,Medium,Completed
O03426,C00530,R0072,2025-03-23 07:00:00,235.89,1,Clear,Low,Completed
O03427,C00845,R0014,2025-03-03 10:00:00,1091.99,5,Clear,High,Completed
O03428,C01267,R0039,2025-03-06 03:00:00,136.78,5,Clear,Medium,Completed
O03429,C01413,R0016,2025-02-02 05:00:00,1484.36,3,Clear,Medium,Completed
O03430,C01300,R0018,2025-01-14 16:00:00,1027.14,2,Rainy,Low,Cancelled
O03431,C01474,R0095,2025-02-03 01:00:00,971.99,2,Clear,Medium,Completed
O03432,C00639,R0075,2025-02-10 01:00:00,472.76,2,Cloudy,Medium,Completed
O03433,C01611,R0020,2025-01-25 20:00:00,786.4,6,Cloudy,Medium,Cancelled
O03434,C01598,R0046,2025-03-20 05:00:00,445.55,5,Clear,Low,Completed
O03435,C00478,R0045,2025-02-28 18:00:00,1497.24,4,Rainy,Medium,Completed
O03436,C00480,R0004,2025-02-17 09:00:00,478.15,6,Clear,Medium,Completed
O03437,C00288,R0084,2025-01-24 18:00:00,1271.83,5,Clear,Medium,Completed
O03438,C00698,R0095,2025-02-14 05:00:00,631.25,5,Clear,Medium,Completed
O03439,C01714,R0020,2025-03-07 08:00:00,1348.27,1,Clear,Medium,Cancelled
O03440,C01702,R0011,2025-01-16 16:00:00,1126.86,2,Clear,Low,Cancelled
O03441,C00695,R0065,2025-03-18 12:00:00,904.53,2,Cloudy,Low,Cancelled
O03442,C00540,R0018,2025-03-23 19:00:00,1378.7,3,Cloudy,Medium,Cancelled
O03443,C00330,R0039,2025-02-22 18:00:00,889.87,2,Clear,High,Completed
O03444,C00470,R0044,2025-01-23 12:00:00,1660.6,5,Cloudy,High,Completed
O03445,C01783,R0097,2025-02-22 02:00:00,1486.24,1,Clear,High,Completed
O03446,C00849,R0100,2025-03-20 03:00:00,1127.21,3,Rainy,Low,Completed
O03447,C00534,R0018,2025-02-21 12:00:00,1766.42,5,Rainy,Medium,Completed
O03448,C01963,R0047,2025-01-05 16:00:00,1674.84,5,Clear,Low,Completed
O03449,C00467,R0031,2025-01-16 12:00:00,1110.49,6,Cloudy,Medium,Completed
O03450,C00977,R0099,2025-03-12 16:00:00,230.05,3,Rainy,Medium,Completed
O03451,C00420,R0039,2025-02-13 10:00:00,1175.39,6,Clear,Medium,Completed
O03452,C01632,R0038,2025-02-02 07:00:00,774.99,5,Clear,Medium,Completed
O03453,C01146,R0079,2025-01-28 22:00:00,1126.21,5,Clear,High,Completed
O03454,C00762,R0047,2025-01-01 10:00:00,1329.55,6,Clear,Medium,Completed
O03455,C01006,R0070,2025-01-01 07:00:00,1325.19,1,Rainy,Medium,Completed
O03456,C00891,R0008,2025-03-07 13:00:00,1379.7,1,Rainy,Medium,Completed
O03457,C00308,R0086,2025-02-28 04:00:00,1390.61,6,Rainy,Low,Completed
O03458,C01956,R0065,2025-01-20 04:00:00,307.63,1,Clear,Medium,Completed
O03459,C00924,R0013,2025-02-26 07:00:00,464.25,2,Clear,Low,Completed
O03460,C00334,R0055,2025-01-16 01:00:00,1298.03,3,Clear,Medium,Completed
O03461,C00954,R0088,2025-02-28 05:00:00,875.53,1,Rainy,Medium,Completed
O03462,C01444,R0085,2025-02-02 19:00:00,1549.42,5,Cloudy,Medium,Completed
O03463,C01350,R0043,2025-01-09 16:00:00,337.33,2,Rainy,Medium,Completed
O03464,C01022,R0004,2025-01-12 02:00:00,463.89,3,Rainy,High,Completed
O03465,C01673,R0071,2025-01-28 07:00:00,1161.08,1,Clear,High,Completed
O03466,C00789,R0060,2025-02-11 12:00:00,1051.42,1,Clear,Medium,Completed
O03467,C00832,R0012,2025-01-24 01:00:00,606.15,3,Clear,Medium,Completed
O03468,C00844,R0059,2025-03-05 17:00:00,875.85,1,Cloudy,Medium,Completed
O03469,C01597,R0077,2025-03-08 03:00:00,166.46,6,Rainy,Medium,Completed
O03470,C00250,R0054,2025-01-18 12:00:00,170.37,3,Clear,High,Completed
O03471,C01119,R0044,2025-03-02 02:00:00,280.36,3,Rainy,Medium,Completed
O03472,C01320,R0016,2025-02-16 14:00:00,1195.91,5,Cloudy,Medium,Completed
O03473,C00184,R0006,2025-03-05 01:00:00,1741.06,3,Clear,Low,Completed
O03474,C01284,R0014,2025-03-22 06:00:00,594.42,4,Cloudy,High,Completed
O03475,C00799,R0058,2025-02-13 16:00:00,164.49,1,Clear,Low,Completed
O03476,C01691,R0031,2025-02-22 07:00:00,1446.39,5,Clear,Medium,Completed
O03477,C00186,R0100,2025-01-10 04:00:00,1725.17,2,Rainy,Low,Completed
O03478,C01433,R0041,2025-02-21 02:00:00,362.53,4,Cloudy,Medium,Completed
O03479,C01093,R0035,2025-03-24 03:00:00,832.92,3,Clear,High,Cancelled
O03480,C00838,R0010,2025-01-15 06:00:00,401.6,2,Clear,High,Completed
O03481,C01797,R0081,2025-01-25 16:00:00,302.08,2,Clear,High,Completed
O03482,C00627,R0030,2025-02-21 04:00:00,1331.52,2,Clear,Medium,Completed
O03483,C00859,R0044,2025-03-24 16:00:00,1938.32,2,Clear,Low,Completed
O03484,C00008,R0055,2025-02-07 03:00:00,1388.51,5,Clear,Low,Completed
O03485,C01289,R0071,2025-03-30 12:00:00,1971.15,5,Clear,Medium,Completed
O03486,C00783,R0018,2025-03-07 13:00:00,925.35,2,Clear,High,Completed
O03487,C01508,R0083,2025-01-30 10:00:00,1805.95,4,Rainy,Low,Completed
O03488,C01785,R0079,2025-03-25 07:00:00,489.66,1,Cloudy,Medium,Completed
O03489,C01641,R0086,2025-02-14 09:00:00,324.02,6,Clear,High,Completed
O03490,C00775,R0039,2025-02-20 05:00:00,1434.79,1,Clear,Medium,Cancelled
O03491,C01760,R0042,2025-02-01 12:00:00,805.68,5,Clear,Medium,Completed
O03492,C01864,R0054,2025-02-20 18:00:00,703.61,4,Clear,Medium,Completed
O03493,C01007,R0030,2025-03-19 07:00:00,1375.43,4,Rainy,High,Completed
O03494,C01395,R0020,2025-03-25 07:00:00,733.62,3,Clear,Medium,Completed
O03495,C01807,R0096,2025-02-26 00:00:00,1187.86,5,Clear,Medium,Completed
O03496,C00677,R0042,2025-01-19 15:00:00,668.96,4,Clear,Medium,Cancelled
O03497,C01107,R0089,2025-03-17 16:00:00,1589.14,4,Clear,Medium,Completed
O03498,C01831,R0087,2025-03-16 01:00:00,693.54,1,Clear,Medium,Completed
O03499,C01670,R0005,2025-02-04 22:00:00,1116.49,4,Cloudy,High,Completed
O03500,C00211,R0050,2025-03-09 21:00:00,144.03,4,Clear,High,Completed
O03501,C01337,R0041,2025-01-28 15:00:00,1604.29,2,Clear,Low,Completed
O03502,C01628,R0094,2025-02-01 20:00:00,1278.64,1,Cloudy,Medium,Completed
O03503,C01361,R0039,2025-01-08 07:00:00,465.25,1,Cloudy,High,Completed
O03504,C00490,R0057,2025-01-22 05:00:00,509.21,2,Clear,Medium,Completed
O03505,C01427,R0091,2025-02-19 13:00:00,598.74,1,Clear,Medium,Completed
O03506,C00639,R0057,2025-01-26 01:00:00,1195.41,3,Cloudy,High,Completed
O03507,C00191,R0037,2025-02-04 21:00:00,1141.8,6,Clear,High,Completed
O03508,C00671,R0007,2025-02-11 17:00:00,620.34,3,Clear,Low,Cancelled
O03509,C00843,R0005,2025-03-29 10:00:00,1418.72,5,Clear,Low,Completed
O03510,C00335,R0079,2025-02-16 06:00:00,1789.18,6,Clear,High,Completed
O03511,C01546,R0051,2025-03-27 04:00:00,182.68,1,Clear,Medium,Completed
O03512,C01643,R0008,2025-01-25 08:00:00,892.67,1,Cloudy,Medium,Completed
O03513,C01111,R0056,2025-02-15 15:00:00,1227.69,3,Cloudy,High,Completed
O03514,C00579,R0073,2025-01-16 13:00:00,1214.23,5,Cloudy,High,Completed
O03515,C00062,R0011,2025-01-25 03:00:00,137.12,5,Clear,High,Completed
O03516,C00387,R0022,2025-01-22 12:00:00,500.08,3,Cloudy,Low,Completed
O03517,C01170,R0098,2025-02-22 13:00:00,217.48,3,Cloudy,High,Completed
O03518,C00153,R0099,2025-01-06 00:00:00,1181.03,6,Cloudy,Low,Completed
O03519,C00619,R0077,2025-03-01 20:00:00,1326.24,2,Clear,Low,Completed
O03520,C01684,R0011,2025-03-14 18:00:00,403.51,5,Rainy,Medium,Completed
O03521,C00698,R0060,2025-01-02 18:00:00,732.72,5,Clear,High,Cancelled
O03522,C01373,R0096,2025-03-05 15:00:00,726.63,2,Rainy,High,Completed
O03523,C01878,R0015,2025-03-27 02:00:00,1657.62,3,Clear,High,Completed
O03524,C00178,R0038,2025-03-30 07:00:00,469.85,2,Clear,Low,Completed
O03525,C01913,R0001,2025-01-21 10:00:00,1141.8,2,Clear,Medium,Completed
O03526,C00847,R0046,2025-03-19 01:00:00,1587.58,4,Clear,Low,Cancelled
O03527,C00487,R0088,2025-02-01 04:00:00,1676.2,5,Rainy,High,Completed
O03528,C01802,R0043,2025-01-16 22:00:00,1366.48,3,Clear,Medium,Completed
O03529,C01685,R0022,2025-02-03 12:00:00,669.1,4,Cloudy,High,Completed
O03530,C01271,R0003,2025-03-04 01:00:00,1663.79,6,Cloudy,Low,Completed
O03531,C01278,R0014,2025-02-19 01:00:00,1510.12,4,Clear,High,Completed
O03532,C00500,R0002,2025-02-23 23:00:00,1438.49,4,Cloudy,Low,Completed
O03533,C00541,R0061,2025-02-08 05:00:00,227.94,3,Rainy,Low,Completed
O03534,C01376,R0032,2025-01-07 06:00:00,182.2,2,Clear,Low,Completed
O03535,C01536,R0038,2025-01-18 22:00:00,1421.19,3,Cloudy,Medium,Completed
O03536,C01802,R0097,2025-03-28 06:00:00,1895.11,5,Clear,Medium,Completed
O03537,C00013,R0046,2025-01-28 02:00:00,1570.08,6,Rainy,Medium,Completed
O03538,C01583,R0042,2025-02-04 03:00:00,1679.8,6,Clear,Medium,Completed
O03539,C00151,R0006,2025-02-09 05:00:00,1135.47,6,Rainy,Low,Cancelled
O03540,C01074,R0041,2025-01-23 12:00:00,678.71,5,Clear,Medium,Completed
O03541,C01239,R0025,2025-03-13 05:00:00,1387.7,2,Cloudy,Medium,Completed
O03542,C00991,R0098,2025-02-20 02:00:00,1452.74,3,Clear,High,Completed
O03543,C00644,R0011,2025-02-06 04:00:00,1383.18,2,Clear,Low,Completed
O03544,C00372,R0041,2025-01-28 02:00:00,1898.75,2,Cloudy,Low,Completed
O03545,C01137,R0071,2025-01-19 04:00:00,797.64,3,Cloudy,Low,Completed
O03546,C00252,R0057,2025-03-16 12:00:00,175.35,5,Rainy,Medium,Completed
O03547,C01987,R0046,2025-01-14 01:00:00,1826.04,3,Clear,Low,Completed
O03548,C01365,R0086,2025-01-01 18:00:00,404.95,6,Rainy,Low,Completed
O03549,C00053,R0048,2025-02-19 07:00:00,1424.9,5,Cloudy,High,Cancelled
O03550,C01154,R0063,2025-02-04 01:00:00,1759.09,1,Clear,Medium,Completed
O03551,C01860,R0039,2025-01-06 01:00:00,689.27,1,Clear,Medium,Completed
O03552,C00193,R0010,2025-03-30 07:00:00,1677.79,1,Cloudy,Medium,Completed
O03553,C00591,R0085,2025-02-14 22:00:00,730.91,6,Rainy,Medium,Completed
O03554,C01081,R0070,2025-01-08 00:00:00,1609.09,4,Rainy,Medium,Completed
O03555,C00097,R0065,2025-02-18 20:00:00,232.68,5,Cloudy,Medium,Completed
O03556,C00198,R0098,2025-01-27 04:00:00,1344.96,5,Rainy,Low,Completed
O03557,C01671,R0059,2025-01-02 01:00:00,1386.56,3,Rainy,Medium,Cancelled
O03558,C00147,R0078,2025-02-22 23:00:00,1033.71,5,Rainy,High,Completed
O03559,C01708,R0036,2025-03-23 02:00:00,1405.47,3,Cloudy,High,Completed
O03560,C01599,R0027,2025-03-14 01:00:00,1854.05,4,Rainy,Medium,Completed
O03561,C01601,R0073,2025-03-19 08:00:00,1494.32,3,Clear,High,Completed
O03562,C01319,R0055,2025-02-13 01:00:00,1926.46,1,Cloudy,High,Completed
O03563,C00723,R0070,2025-02-16 14:00:00,952.36,3,Clear,Low,Completed
O03564,C01645,R0095,2025-01-06 05:00:00,1103.75,3,Clear,Low,Completed
O03565,C01818,R0081,2025-02-15 12:00:00,601.1,3,Cloudy,High,Completed
O03566,C00684,R0053,2025-01-29 13:00:00,1972.64,5,Cloudy,Medium,Completed
O03567,C01036,R0060,2025-02-10 12:00:00,204.76,2,Clear,Medium,Completed
O03568,C01942,R0061,2025-01-27 10:00:00,781.38,2,Clear,Medium,Completed
O03569,C00333,R0036,2025-03-25 15:00:00,665.62,6,Clear,Medium,Completed
O03570,C01244,R0085,2025-02-13 18:00:00,834.37,2,Cloudy,High,Completed
O03571,C01422,R0027,2025-01-30 08:00:00,1843.66,6,Clear,Low,Completed
O03572,C01366,R0041,2025-01-30 10:00:00,799.27,5,Clear,Medium,Completed
O03573,C01822,R0028,2025-03-09 23:00:00,1842.26,1,Clear,High,Completed
O03574,C00512,R0016,2025-03-26 11:00:00,904.34,2,Clear,Medium,Completed
O03575,C00172,R0035,2025-03-25 16:00:00,1724.06,2,Cloudy,Low,Completed
O03576,C01492,R0036,2025-01-27 01:00:00,1091.33,4,Clear,High,Completed
O03577,C01772,R0056,2025-01-22 21:00:00,691.57,6,Cloudy,Low,Completed
O03578,C01190,R0099,2025-03-08 13:00:00,953.76,6,Clear,High,Completed
O03579,C01723,R0019,2025-02-14 10:00:00,906.32,4,Clear,Medium,Completed
O03580,C01194,R0057,2025-03-23 02:00:00,593.84,1,Cloudy,High,Completed
O03581,C00564,R0085,2025-01-04 23:00:00,650.31,3,Clear,Medium,Completed
O03582,C00512,R0033,2025-03-28 10:00:00,454.26,3,Rainy,Medium,Completed
O03583,C01855,R0023,2025-02-04 19:00:00,738.4,4,Rainy,High,Completed
O03584,C01213,R0063,2025-03-21 22:00:00,1286.37,4,Cloudy,High,Completed
O03585,C01144,R0070,2025-02-22 17:00:00,834.46,1,Cloudy,Low,Completed
O03586,C00105,R0096,2025-03-25 02:00:00,1453.41,1,Clear,High,Completed
O03587,C00674,R0022,2025-01-10 23:00:00,1975.26,5,Clear,Medium,Completed
O03588,C00807,R0067,2025-02-25 07:00:00,816.49,3,Clear,Low,Completed
O03589,C01065,R0099,2025-03-30 02:00:00,979.01,5,Cloudy,High,Completed
O03590,C00889,R0080,2025-02-17 14:00:00,411.81,2,Cloudy,Medium,Completed
O03591,C00876,R0059,2025-02-28 23:00:00,845.21,6,Clear,Medium,Completed
O03592,C00677,R0025,2025-02-01 16:00:00,1480.98,6,Clear,Medium,Completed
O03593,C00321,R0017,2025-03-06 16:00:00,513.07,1,Cloudy,Low,Cancelled
O03594,C01910,R0039,2025-02-05 22:00:00,445.9,3,Clear,High,Completed
O03595,C00335,R0077,2025-02-18 03:00:00,815.11,3,Cloudy,Low,Completed
O03596,C01184,R0092,2025-01-15 20:00:00,1655.43,5,Cloudy,Medium,Completed
O03597,C00264,R0075,2025-03-11 15:00:00,1284.95,4,Clear,Low,Completed
O03598,C00865,R0074,2025-02-25 08:00:00,1919.4,4,Clear,High,Completed
O03599,C01554,R0039,2025-02-12 21:00:00,1818.63,1,Clear,Low,Completed
O03600,C01709,R0024,2025-03-24 23:00:00,387.16,6,Clear,Medium,Completed
O03601,C01501,R0038,2025-02-06 17:00:00,180.85,4,Cloudy,Low,Completed
O03602,C00352,R0088,2025-01-23 10:00:00,858.28,2,Cloudy,Medium,Completed
O03603,C01569,R0097,2025-01-31 16:00:00,1091.95,3,Clear,Low,Completed
O03604,C01797,R0081,2025-03-19 09:00:00,1079.58,4,Clear,Medium,Completed
O03605,C01234,R0057,2025-03-05 18:00:00,354.8,1,Clear,Medium,Cancelled
O03606,C01520,R0044,2025-03-15 17:00:00,337.15,2,Rainy,Low,Completed
O03607,C01919,R0036,2025-01-19 10:00:00,189.04,6,Cloudy,Medium,Completed
O03608,C01866,R0099,2025-02-08 11:00:00,1716.63,6,Clear,Medium,Completed
O03609,C01406,R0070,2025-03-29 10:00:00,1900.71,5,Rainy,Medium,Cancelled
O03610,C00676,R0080,2025-03-23 06:00:00,319.8,5,Clear,Medium,Completed
O03611,C01505,R0045,2025-03-09 02:00:00,504.93,2,Rainy,High,Cancelled
O03612,C00919,R0092,2025-03-18 17:00:00,270.74,1,Rainy,High,Completed
O03613,C01960,R0096,2025-01-16 07:00:00,1767.25,5,Rainy,High,Completed
O03614,C00005,R0026,2025-01-25 03:00:00,1921.55,3,Cloudy,Low,Completed
O03615,C00034,R0011,2025-03-15 18:00:00,597.41,6,Cloudy,Low,Completed
O03616,C01816,R0052,2025-01-28 07:00:00,676.81,6,Clear,High,Completed
O03617,C01169,R0025,2025-03-30 11:00:00,789.07,3,Cloudy,Low,Completed
O03618,C00351,R0031,2025-01-10 10:00:00,1054.68,6,Cloudy,Medium,Completed
O03619,C00583,R0085,2025-02-09 22:00:00,1396.68,6,Clear,Medium,Completed
O03620,C00465,R0045,2025-01-25 15:00:00,1058.34,6,Clear,High,Completed
O03621,C00348,R0067,2025-01-01 23:00:00,1906.9,1,Rainy,Low,Completed
O03622,C01766,R0076,2025-03-15 10:00:00,289.8,1,Clear,High,Completed
O03623,C00125,R0040,2025-03-28 11:00:00,1617.35,3,Clear,Medium,Completed
O03624,C01814,R0046,2025-03-05 01:00:00,735.52,1,Clear,Medium,Completed
O03625,C01295,R0054,2025-02-05 12:00:00,817.34,2,Clear,Medium,Completed
O03626,C00357,R0041,2025-02-27 00:00:00,1446.78,1,Cloudy,Low,Completed
O03627,C00527,R0089,2025-03-26 06:00:00,1865.82,6,Clear,Medium,Completed
O03628,C01778,R0081,2025-03-28 14:00:00,1460.78,3,Cloudy,Medium,Cancelled
O03629,C00498,R0038,2025-03-11 22:00:00,1574.14,4,Cloudy,Medium,Completed
O03630,C01177,R0100,2025-01-03 01:00:00,1526.48,1,Cloudy,Medium,Cancelled
O03631,C00053,R0036,2025-03-21 19:00:00,709.86,5,Rainy,High,Completed
O03632,C00149,R0083,2025-03-17 04:00:00,1538.17,2,Clear,Medium,Completed
O03633,C00503,R0044,2025-03-14 02:00:00,1590.59,2,Clear,Medium,Cancelled
O03634,C00870,R0057,2025-03-16 13:00:00,1113.46,2,Rainy,High,Completed
O03635,C01474,R0066,2025-02-12 06:00:00,1119.84,5,Clear,Medium,Completed
O03636,C00219,R0081,2025-02-12 21:00:00,1543.47,5,Rainy,Medium,Completed
O03637,C01649,R0030,2025-01-18 03:00:00,1652.36,2,Rainy,Low,Completed
O03638,C01824,R0010,2025-03-24 13:00:00,740.67,2,Rainy,Medium,Cancelled
O03639,C01301,R0099,2025-01-28 13:00:00,1622.97,2,Rainy,Low,Completed
O03640,C00452,R0061,2025-02-26 03:00:00,1647.0,1,Clear,Medium,Completed
O03641,C01452,R0063,2025-02-24 09:00:00,544.84,6,Clear,Low,Completed
O03642,C00083,R0036,2025-01-08 22:00:00,1462.21,5,Clear,Medium,Completed
O03643,C01986,R0054,2025-01-25 08:00:00,454.41,3,Cloudy,High,Completed
O03644,C01242,R0097,2025-02-09 22:00:00,276.79,6,Clear,Medium,Completed
O03645,C00738,R0065,2025-03-19 05:00:00,1191.63,1,Cloudy,High,Completed
O03646,C01806,R0082,2025-01-21 19:00:00,1826.44,3,Clear,Medium,Completed
O03647,C00527,R0004,2025-01-25 03:00:00,167.37,1,Cloudy,Low,Completed
O03648,C00404,R0055,2025-02-03 23:00:00,1670.35,1,Clear,High,Completed
O03649,C00290,R0054,2025-03-03 12:00:00,1062.3,3,Clear,High,Completed
O03650,C00420,R0091,2025-03-05 04:00:00,1735.7,2,Rainy,Medium,Completed
O03651,C00339,R0089,2025-03-11 13:00:00,1702.61,6,Cloudy,Medium,Completed
O03652,C00777,R0064,2025-03-26 21:00:00,1763.04,3,Clear,Low,Completed
O03653,C00711,R0092,2025-02-25 10:00:00,1560.86,4,Rainy,Low,Completed
O03654,C01694,R0022,2025-02-02 11:00:00,1701.69,5,Clear,High,Completed
O03655,C01869,R0025,2025-02-17 21:00:00,434.45,4,Cloudy,Low,Completed
O03656,C00987,R0081,2025-01-01 06:00:00,677.32,6,Cloudy,High,Cancelled
O03657,C00959,R0059,2025-03-01 20:00:00,560.72,1,Cloudy,Medium,Completed
O03658,C01443,R0057,2025-01-29 22:00:00,1510.61,3,Clear,High,Completed
O03659,C01933,R0054,2025-02-11 07:00:00,391.92,2,Cloudy,Low,Completed
O03660,C01231,R0044,2025-03-03 02:00:00,446.23,6,Clear,Medium,Completed
O03661,C00686,R0052,2025-03-24 07:00:00,1770.03,2,Clear,Low,Completed
O03662,C01720,R0076,2025-02-01 03:00:00,1441.18,4,Clear,High,Completed
O03663,C01289,R0016,2025-01-07 01:00:00,1763.22,4,Clear,Medium,Completed
O03664,C01782,R0016,2025-02-05 16:00:00,364.77,1,Clear,Medium,Completed
O03665,C01060,R0081,2025-01-12 22:00:00,858.06,5,Rainy,High,Completed
O03666,C00373,R0055,2025-02-09 15:00:00,637.99,1,Clear,Low,Completed
O03667,C01512,R0061,2025-01-02 01:00:00,118.39,6,Rainy,Low,Completed
O03668,C01283,R0095,2025-01-19 19:00:00,640.59,2,Clear,Medium,Completed
O03669,C00994,R0079,2025-01-10 23:00:00,821.21,6,Clear,Medium,Completed
O03670,C00531,R0077,2025-01-14 19:00:00,275.22,3,Clear,Medium,Completed
O03671,C00924,R0040,2025-03-21 18:00:00,1176.33,4,Cloudy,Medium,Cancelled
O03672,C00023,R0091,2025-02-14 09:00:00,828.03,2,Cloudy,Low,Completed
O03673,C00104,R0021,2025-01-27 20:00:00,188.28,1,Cloudy,Medium,Completed
O03674,C00241,R0066,2025-03-19 04:00:00,1437.56,5,Cloudy,Low,Completed
O03675,C01005,R0008,2025-01-02 10:00:00,1485.63,3,Clear,Low,Completed
O03676,C00903,R0071,2025-02-03 18:00:00,1685.5,5,Clear,Medium,Cancelled
O03677,C01897,R0010,2025-02-24 15:00:00,1022.53,1,Clear,High,Completed
O03678,C01740,R0057,2025-03-20 22:00:00,1940.45,1,Clear,High,Completed
O03679,C01277,R0004,2025-02-14 00:00:00,1836.72,2,Rainy,Medium,Completed
O03680,C01166,R0043,2025-01-09 12:00:00,1147.57,3,Clear,High,Completed
O03681,C00814,R0100,2025-03-28 13:00:00,945.41,6,Clear,Medium,Completed
O03682,C00655,R0099,2025-03-28 06:00:00,105.77,1,Cloudy,Low,Completed
O03683,C01475,R0063,2025-01-02 14:00:00,1450.89,2,Clear,Medium,Cancelled
O03684,C00783,R0043,2025-01-08 04:00:00,1173.41,1,Rainy,High,Completed
O03685,C00307,R0067,2025-02-01 15:00:00,1881.33,2,Rainy,Low,Completed
O03686,C01524,R0082,2025-03-21 18:00:00,1229.04,5,Clear,High,Completed
O03687,C01646,R0051,2025-01-18 05:00:00,1986.43,2,Rainy,Medium,Completed
O03688,C00008,R0056,2025-01-29 19:00:00,1722.26,6,Clear,Medium,Cancelled
O03689,C01093,R0043,2025-01-01 21:00:00,1911.84,5,Clear,Medium,Completed
O03690,C01726,R0024,2025-03-27 12:00:00,722.56,4,Rainy,Low,Cancelled
O03691,C01715,R0096,2025-01-09 21:00:00,383.74,1,Clear,High,Completed
O03692,C00575,R0034,2025-03-12 15:00:00,1614.06,4,Clear,High,Completed
O03693,C01092,R0059,2025-02-08 07:00:00,1593.77,3,Cloudy,High,Completed
O03694,C01742,R0002,2025-02-07 18:00:00,501.75,4,Clear,Low,Completed
O03695,C00912,R0002,2025-02-03 07:00:00,1553.01,2,Clear,Medium,Completed
O03696,C01432,R0010,2025-02-03 00:00:00,1205.75,2,Cloudy,Medium,Completed
O03697,C00518,R0023,2025-01-24 23:00:00,308.1,3,Cloudy,High,Completed
O03698,C01143,R0015,2025-03-13 23:00:00,1053.39,3,Rainy,Medium,Completed
O03699,C01849,R0076,2025-03-02 07:00:00,1869.16,1,Cloudy,High,Completed
O03700,C01055,R0017,2025-01-04 18:00:00,1062.27,2,Clear,Medium,Completed
O03701,C01542,R0082,2025-02-14 09:00:00,1598.53,3,Clear,Medium,Completed
O03702,C00483,R0014,2025-02-01 16:00:00,154.93,6,Rainy,Medium,Cancelled
O03703,C00207,R0081,2025-02-02 01:00:00,1483.35,4,Cloudy,Medium,Completed
O03704,C00669,R0079,2025-02-26 16:00:00,1898.99,2,Clear,Low,Completed
O03705,C00579,R0076,2025-03-27 08:00:00,1049.1,6,Cloudy,Medium,Completed
O03706,C01995,R0016,2025-03-25 10:00:00,741.65,3,Clear,Medium,Completed
O03707,C00387,R0032,2025-02-15 07:00:00,1328.64,1,Clear,Medium,Completed
O03708,C00412,R0023,2025-01-09 13:00:00,1840.9,6,Clear,Low,Completed
O03709,C01866,R0034,2025-01-26 22:00:00,435.86,5,Rainy,High,Completed
O03710,C01394,R0098,2025-03-11 21:00:00,867.02,2,Clear,High,Cancelled
O03711,C01377,R0016,2025-03-06 15:00:00,396.95,2,Rainy,High,Completed
O03712,C01968,R0034,2025-03-19 23:00:00,1043.64,2,Clear,Medium,Cancelled
O03713,C01360,R0071,2025-01-04 06:00:00,1126.8,2,Clear,High,Completed
O03714,C00891,R0033,2025-03-03 12:00:00,1893.99,5,Clear,Medium,Completed
O03715,C00906,R0068,2025-02-18 20:00:00,883.78,5,Clear,High,Completed
O03716,C01313,R0043,2025-01-27 14:00:00,1177.22,6,Clear,Medium,Completed
O03717,C00963,R0064,2025-03-12 13:00:00,1782.0,6,Clear,Low,Completed
O03718,C00965,R0071,2025-02-14 05:00:00,710.67,1,Clear,Medium,Completed
O03719,C00140,R0018,2025-03-13 21:00:00,1380.91,2,Clear,Low,Completed
O03720,C01977,R0068,2025-03-10 09:00:00,1538.61,3,Clear,Medium,Completed
O03721,C00300,R0061,2025-02-16 10:00:00,728.0,4,Clear,Medium,Completed
O03722,C01037,R0075,2025-03-20 17:00:00,412.25,2,Cloudy,Medium,Cancelled
O03723,C00664,R0020,2025-01-07 16:00:00,1055.53,6,Rainy,Medium,Completed
O03724,C01452,R0011,2025-03-01 09:00:00,777.92,5,Rainy,High,Cancelled
O03725,C00825,R0079,2025-03-14 05:00:00,606.28,1,Clear,Medium,Completed
O03726,C01888,R0046,2025-01-14 07:00:00,1949.5,2,Rainy,Medium,Completed
O03727,C00400,R0064,2025-02-01 21:00:00,1054.09,1,Cloudy,Low,Completed
O03728,C00992,R0081,2025-01-26 01:00:00,1727.31,3,Clear,Low,Completed
O03729,C01133,R0098,2025-03-06 19:00:00,471.1,3,Cloudy,Low,Completed
O03730,C01509,R0076,2025-01-25 12:00:00,1884.94,3,Rainy,Low,Completed
O03731,C01912,R0028,2025-02-21 19:00:00,1609.42,3,Clear,Medium,Completed
O03732,C01380,R0048,2025-03-12 17:00:00,1636.52,4,Clear,Low,Completed
O03733,C00149,R0035,2025-03-05 08:00:00,840.55,1,Clear,Medium,Completed
O03734,C01903,R0008,2025-02-07 17:00:00,1022.71,2,Clear,Low,Completed
O03735,C01740,R0091,2025-03-10 18:00:00,1227.37,4,Clear,Medium,Completed
O03736,C00307,R0022,2025-02-16 13:00:00,1600.55,2,Cloudy,Low,Completed
O03737,C01557,R0024,2025-03-05 12:00:00,1713.21,5,Clear,Low,Cancelled
O03738,C01084,R0066,2025-01-08 03:00:00,248.29,6,Clear,Medium,Completed
O03739,C00435,R0095,2025-01-27 01:00:00,1817.72,4,Clear,Medium,Completed
O03740,C00021,R0086,2025-03-27 05:00:00,1881.24,6,Cloudy,Low,Completed
O03741,C00875,R0064,2025-01-29 09:00:00,1226.49,4,Rainy,Low,Completed
O03742,C00382,R0065,2025-02-26 00:00:00,454.83,6,Cloudy,Low,Completed
O03743,C00245,R0014,2025-03-24 15:00:00,1654.99,6,Cloudy,High,Completed
O03744,C01926,R0025,2025-01-13 22:00:00,1142.32,5,Clear,Medium,Completed
O03745,C01097,R0100,2025-03-22 15:00:00,1652.67,6,Rainy,Medium,Completed
O03746,C01473,R0100,2025-03-24 17:00:00,1648.14,4,Clear,Medium,Completed
O03747,C01100,R0003,2025-03-05 11:00:00,264.79,6,Rainy,Medium,Completed
O03748,C00698,R0005,2025-01-12 20:00:00,1253.34,1,Cloudy,Medium,Completed
O03749,C00590,R0065,2025-02-23 11:00:00,1017.97,6,Cloudy,High,Completed
O03750,C00390,R0054,2025-01-15 18:00:00,1897.63,3,Clear,High,Completed
O03751,C01601,R0019,2025-01-09 07:00:00,663.62,6,Cloudy,Medium,Completed
O03752,C01366,R0097,2025-03-21 17:00:00,491.4,2,Clear,Medium,Completed
O03753,C01314,R0054,2025-02-09 11:00:00,1804.47,5,Clear,Low,Completed
O03754,C00568,R0094,2025-02-08 04:00:00,382.56,3,Cloudy,Medium,Completed
O03755,C01355,R0076,2025-02-26 20:00:00,1404.39,4,Rainy,Low,Completed
O03756,C00259,R0010,2025-03-19 04:00:00,670.04,1,Cloudy,Medium,Completed
O03757,C00426,R0098,2025-01-15 05:00:00,1178.91,6,Clear,Medium,Completed
O03758,C01726,R0016,2025-01-17 03:00:00,1270.82,6,Rainy,Medium,Completed
O03759,C01030,R0046,2025-01-01 03:00:00,893.0,4,Cloudy,Medium,Completed
O03760,C00006,R0029,2025-01-29 04:00:00,1952.43,5,Clear,Medium,Completed
O03761,C00191,R0015,2025-03-11 06:00:00,350.48,4,Rainy,Low,Completed
O03762,C00148,R0048,2025-01-09 20:00:00,843.66,1,Rainy,High,Completed
O03763,C00405,R0011,2025-01-24 07:00:00,917.75,6,Clear,High,Completed
O03764,C00258,R0034,2025-01-24 05:00:00,1298.99,4,Clear,High,Completed
O03765,C00730,R0036,2025-03-25 02:00:00,873.79,4,Rainy,High,Completed
O03766,C01503,R0030,2025-02-09 16:00:00,284.37,6,Clear,High,Completed
O03767,C00090,R0099,2025-01-20 18:00:00,1900.12,4,Cloudy,Low,Completed
O03768,C00824,R0073,2025-03-15 15:00:00,890.55,6,Clear,High,Completed
O03769,C01888,R0082,2025-01-02 17:00:00,751.08,4,Rainy,Medium,Completed
O03770,C00010,R0019,2025-03-29 07:00:00,948.77,1,Rainy,Low,Completed
O03771,C01111,R0068,2025-03-24 18:00:00,511.53,2,Cloudy,Medium,Completed
O03772,C01786,R0070,2025-01-31 07:00:00,290.42,3,Clear,Medium,Completed
O03773,C00838,R0033,2025-03-10 12:00:00,382.3,5,Cloudy,Medium,Completed
O03774,C01175,R0096,2025-02-09 03:00:00,416.64,2,Cloudy,Medium,Completed
O03775,C00988,R0080,2025-01-15 06:00:00,475.58,1,Clear,Medium,Completed
O03776,C00625,R0075,2025-02-05 00:00:00,897.92,5,Cloudy,Low,Completed
O03777,C00030,R0022,2025-03-26 11:00:00,1285.41,5,Clear,Medium,Completed
O03778,C00128,R0036,2025-02-07 05:00:00,1294.89,6,Clear,Low,Completed
O03779,C01102,R0023,2025-03-22 12:00:00,100.19,6,Clear,Medium,Completed
O03780,C00421,R0063,2025-02-25 18:00:00,1849.82,4,Rainy,Low,Completed
O03781,C01079,R0026,2025-01-02 13:00:00,1663.41,3,Clear,Medium,Completed
O03782,C01504,R0060,2025-02-26 20:00:00,1931.48,6,Cloudy,Low,Completed
O03783,C00305,R0095,2025-02-05 10:00:00,783.97,3,Clear,Medium,Completed
O03784,C00546,R0093,2025-01-10 14:00:00,1363.12,1,Cloudy,High,Completed
O03785,C01129,R0005,2025-02-26 21:00:00,419.24,6,Clear,Low,Completed
O03786,C01196,R0054,2025-01-09 16:00:00,1652.36,2,Clear,Medium,Completed
O03787,C01523,R0038,2025-02-21 00:00:00,406.6,4,Cloudy,Low,Completed
O03788,C00022,R0062,2025-03-28 19:00:00,719.37,3,Clear,Medium,Completed
O03789,C01311,R0025,2025-02-21 14:00:00,1032.59,4,Clear,Medium,Completed
O03790,C00391,R0098,2025-03-28 10:00:00,1229.61,2,Rainy,Medium,Cancelled
O03791,C00617,R0012,2025-03-28 01:00:00,1163.3,5,Clear,Low,Cancelled
O03792,C00149,R0022,2025-01-27 05:00:00,293.98,2,Clear,Medium,Completed
O03793,C01296,R0009,2025-01-25 02:00:00,901.18,5,Cloudy,Medium,Completed
O03794,C01812,R0084,2025-02-07 14:00:00,1853.53,2,Clear,Medium,Completed
O03795,C00299,R0029,2025-03-19 01:00:00,1757.5,4,Cloudy,Medium,Completed
O03796,C00172,R0044,2025-02-13 21:00:00,1222.49,2,Clear,High,Completed
O03797,C00047,R0093,2025-01-06 02:00:00,1187.42,6,Cloudy,Medium,Cancelled
O03798,C00626,R0027,2025-02-09 20:00:00,312.18,3,Clear,Medium,Cancelled
O03799,C01811,R0055,2025-02-11 16:00:00,480.49,3,Cloudy,Low,Completed
O03800,C01840,R0081,2025-02-11 02:00:00,580.02,1,Clear,Medium,Completed
O03801,C00207,R0005,2025-02-22 03:00:00,1027.57,6,Rainy,Medium,Completed
O03802,C00453,R0052,2025-01-15 01:00:00,1489.58,3,Clear,High,Completed
O03803,C01419,R0013,2025-02-11 06:00:00,975.38,3,Clear,Medium,Completed
O03804,C01999,R0042,2025-03-02 20:00:00,339.52,5,Rainy,Medium,Completed
O03805,C00925,R0015,2025-02-07 13:00:00,934.76,6,Cloudy,Medium,Completed
O03806,C00754,R0079,2025-03-28 22:00:00,409.0,4,Rainy,High,Cancelled
O03807,C01325,R0018,2025-01-18 17:00:00,1527.18,4,Clear,Medium,Completed
O03808,C00708,R0050,2025-01-26 13:00:00,416.35,5,Clear,Low,Completed
O03809,C01009,R0002,2025-02-06 07:00:00,1016.81,3,Clear,Low,Cancelled
O03810,C00676,R0087,2025-03-25 07:00:00,1417.49,2,Rainy,High,Completed
O03811,C01200,R0013,2025-03-20 21:00:00,533.58,5,Clear,Medium,Completed
O03812,C00855,R0068,2025-01-27 10:00:00,244.46,4,Rainy,Low,Completed
O03813,C00783,R0047,2025-03-29 06:00:00,1170.27,1,Cloudy,Medium,Completed
O03814,C01134,R0089,2025-03-27 17:00:00,202.99,4,Rainy,Medium,Completed
O03815,C00684,R0075,2025-03-02 14:00:00,1216.76,2,Clear,High,Completed
O03816,C00963,R0050,2025-01-21 06:00:00,1531.65,4,Clear,High,Cancelled
O03817,C00864,R0012,2025-03-21 00:00:00,725.7,5,Clear,Low,Completed
O03818,C01226,R0013,2025-03-02 15:00:00,1027.86,1,Clear,High,Completed
O03819,C00168,R0009,2025-01-09 14:00:00,1864.65,4,Rainy,High,Completed
O03820,C01638,R0059,2025-03-09 16:00:00,995.11,5,Cloudy,Low,Completed
O03821,C00086,R0045,2025-03-05 13:00:00,1993.45,5,Clear,Low,Completed
O03822,C01678,R0070,2025-03-03 18:00:00,398.3,5,Clear,Medium,Cancelled
O03823,C01983,R0043,2025-01-11 18:00:00,1446.97,1,Cloudy,Low,Completed
O03824,C00849,R0074,2025-02-26 08:00:00,1339.98,5,Cloudy,Medium,Completed
O03825,C01749,R0023,2025-01-19 21:00:00,1757.38,1,Clear,Medium,Completed
O03826,C01075,R0079,2025-02-03 06:00:00,275.64,6,Clear,High,Completed
O03827,C01136,R0045,2025-01-16 14:00:00,632.39,2,Cloudy,High,Completed
O03828,C01487,R0023,2025-01-04 02:00:00,351.14,2,Clear,High,Completed
O03829,C00442,R0034,2025-01-11 01:00:00,1872.88,2,Rainy,Low,Completed
O03830,C00271,R0016,2025-02-13 08:00:00,910.61,6,Clear,Medium,Completed
O03831,C01601,R0063,2025-03-13 08:00:00,1829.13,5,Clear,High,Completed
O03832,C00344,R0051,2025-01-06 02:00:00,659.37,1,Rainy,Medium,Completed
O03833,C01207,R0032,2025-03-25 10:00:00,340.1,6,Clear,Medium,Completed
O03834,C00503,R0038,2025-01-21 16:00:00,663.42,2,Clear,High,Completed
O03835,C01868,R0056,2025-02-17 17:00:00,1234.63,3,Rainy,Medium,Completed
O03836,C01034,R0069,2025-03-03 09:00:00,1705.94,2,Cloudy,Medium,Completed
O03837,C00494,R0017,2025-01-31 06:00:00,832.24,5,Clear,High,Completed
O03838,C01258,R0086,2025-03-18 07:00:00,1838.14,6,Clear,Medium,Completed
O03839,C01322,R0039,2025-03-17 21:00:00,564.04,3,Clear,Low,Completed
O03840,C00244,R0041,2025-03-17 16:00:00,1417.73,6,Cloudy,Low,Completed
O03841,C01533,R0048,2025-01-04 19:00:00,1497.86,4,Clear,Low,Completed
O03842,C01375,R0082,2025-03-24 01:00:00,620.53,3,Clear,Medium,Completed
O03843,C00267,R0028,2025-01-22 08:00:00,151.24,4,Cloudy,Medium,Completed
O03844,C01654,R0077,2025-01-26 02:00:00,793.95,3,Clear,Low,Completed
O03845,C01680,R0050,2025-01-18 19:00:00,185.87,1,Cloudy,Low,Completed
O03846,C00893,R0001,2025-03-26 03:00:00,1811.43,3,Clear,Low,Completed
O03847,C00201,R0050,2025-03-02 16:00:00,1911.7,2,Clear,Medium,Completed
O03848,C00239,R0019,2025-01-01 06:00:00,1497.22,4,Rainy,Low,Completed
O03849,C01358,R0098,2025-02-27 05:00:00,1480.7,4,Cloudy,Medium,Completed
O03850,C00915,R0059,2025-01-27 16:00:00,557.7,6,Clear,High,Completed
O03851,C01439,R0068,2025-02-16 17:00:00,240.46,2,Cloudy,Low,Completed
O03852,C00969,R0067,2025-02-14 10:00:00,1624.0,1,Rainy,Low,Completed
O03853,C00484,R0041,2025-01-24 12:00:00,1162.41,3,Rainy,Low,Completed
O03854,C01461,R0010,2025-03-12 16:00:00,1395.09,1,Cloudy,Low,Completed
O03855,C00246,R0028,2025-01-19 13:00:00,1581.32,2,Cloudy,Medium,Completed
O03856,C01882,R0034,2025-03-22 10:00:00,877.93,3,Cloudy,Low,Completed
O03857,C01032,R0039,2025-01-09 07:00:00,374.64,2,Clear,Medium,Completed
O03858,C00152,R0083,2025-01-22 08:00:00,1610.57,4,Cloudy,Medium,Completed
O03859,C01416,R0056,2025-02-11 05:00:00,962.15,4,Rainy,Medium,Completed
O03860,C00211,R0052,2025-02-28 09:00:00,1671.16,4,Clear,High,Completed
O03861,C00367,R0100,2025-03-17 12:00:00,931.63,5,Cloudy,Medium,Completed
O03862,C00944,R0003,2025-01-23 17:00:00,512.33,5,Rainy,High,Completed
O03863,C01694,R0023,2025-03-25 17:00:00,424.91,4,Clear,Medium,Cancelled
O03864,C01594,R0017,2025-03-17 05:00:00,1513.45,5,Clear,Medium,Completed
O03865,C00086,R0071,2025-02-07 01:00:00,1192.29,5,Clear,Medium,Completed
O03866,C01079,R0026,2025-02-08 18:00:00,868.75,6,Clear,Medium,Completed
O03867,C01737,R0018,2025-02-04 11:00:00,1035.02,2,Rainy,Medium,Cancelled
O03868,C01658,R0046,2025-02-23 03:00:00,1144.31,6,Clear,Medium,Completed
O03869,C00446,R0070,2025-03-05 04:00:00,554.89,3,Clear,Medium,Completed
O03870,C00620,R0031,2025-02-24 16:00:00,818.51,4,Clear,High,Completed
O03871,C00304,R0093,2025-02-14 16:00:00,655.58,6,Rainy,Medium,Completed
O03872,C00132,R0009,2025-01-22 11:00:00,838.01,6,Cloudy,Low,Cancelled
O03873,C01445,R0035,2025-03-21 18:00:00,1051.07,5,Rainy,Low,Completed
O03874,C00904,R0081,2025-01-29 15:00:00,429.38,2,Rainy,High,Cancelled
O03875,C01409,R0060,2025-02-12 11:00:00,847.68,2,Clear,High,Completed
O03876,C00988,R0076,2025-02-23 23:00:00,832.44,6,Cloudy,Low,Completed
O03877,C01222,R0063,2025-02-13 17:00:00,643.41,3,Cloudy,Low,Completed
O03878,C00047,R0100,2025-02-15 13:00:00,1997.14,2,Cloudy,High,Completed
O03879,C01764,R0052,2025-02-22 09:00:00,239.89,1,Clear,Medium,Completed
O03880,C00757,R0048,2025-03-09 01:00:00,1321.61,1,Clear,Low,Completed
O03881,C01227,R0061,2025-02-17 16:00:00,431.43,4,Cloudy,Low,Completed
O03882,C01285,R0024,2025-01-22 13:00:00,1695.1,6,Rainy,Medium,Completed
O03883,C00690,R0074,2025-01-30 09:00:00,1836.97,3,Clear,Low,Completed
O03884,C01048,R0058,2025-03-22 14:00:00,862.81,6,Clear,Medium,Completed
O03885,C00687,R0064,2025-03-14 17:00:00,1664.61,1,Rainy,Medium,Completed
O03886,C00786,R0030,2025-03-11 12:00:00,574.83,3,Cloudy,Medium,Completed
O03887,C00340,R0029,2025-02-10 09:00:00,366.13,4,Clear,Low,Completed
O03888,C00412,R0010,2025-02-19 21:00:00,700.17,2,Clear,High,Completed
O03889,C01997,R0039,2025-03-12 06:00:00,749.18,2,Rainy,Low,Completed
O03890,C01285,R0055,2025-03-05 20:00:00,854.98,2,Cloudy,Medium,Cancelled
O03891,C00286,R0028,2025-02-02 09:00:00,808.62,1,Clear,Medium,Completed
O03892,C01537,R0018,2025-02-25 13:00:00,881.17,3,Clear,Low,Completed
O03893,C01110,R0041,2025-03-30 05:00:00,1449.06,1,Clear,Medium,Completed
O03894,C00850,R0081,2025-01-05 21:00:00,566.6,5,Rainy,Low,Completed
O03895,C00430,R0075,2025-01-01 14:00:00,135.29,3,Cloudy,Medium,Completed
O03896,C01605,R0065,2025-02-26 01:00:00,1030.39,4,Rainy,Low,Completed
O03897,C00031,R0081,2025-03-27 01:00:00,951.75,1,Clear,Medium,Completed
O03898,C01734,R0100,2025-03-27 02:00:00,214.12,2,Clear,Low,Completed
O03899,C00603,R0100,2025-02-07 22:00:00,354.22,2,Cloudy,High,Completed
O03900,C00440,R0046,2025-03-06 19:00:00,1068.85,2,Clear,Medium,Completed
O03901,C00985,R0060,2025-01-29 17:00:00,546.03,1,Cloudy,High,Completed
O03902,C01373,R0009,2025-02-02 05:00:00,1767.44,1,Cloudy,Medium,Completed
O03903,C01919,R0045,2025-03-09 06:00:00,429.26,2,Clear,Medium,Completed
O03904,C00412,R0060,2025-03-05 22:00:00,138.23,2,Rainy,Low,Completed
O03905,C00528,R0028,2025-01-05 23:00:00,950.37,2,Cloudy,High,Completed
O03906,C00310,R0097,2025-03-28 09:00:00,1973.71,5,Clear,Medium,Completed
O03907,C00949,R0003,2025-03-14 08:00:00,1304.36,1,Clear,High,Completed
O03908,C01420,R0051,2025-01-03 15:00:00,772.66,2,Cloudy,Medium,Completed
O03909,C01812,R0008,2025-01-20 03:00:00,132.05,4,Clear,Low,Cancelled
O03910,C01362,R0070,2025-03-14 21:00:00,1021.4,2,Clear,Medium,Completed
O03911,C00674,R0059,2025-03-09 05:00:00,492.29,1,Cloudy,Medium,Completed
O03912,C00437,R0061,2025-03-07 03:00:00,1330.73,4,Clear,Low,Completed
O03913,C00704,R0058,2025-02-10 21:00:00,1207.72,6,Rainy,Medium,Completed
O03914,C00663,R0070,2025-02-17 21:00:00,603.91,6,Clear,Medium,Completed
O03915,C00365,R0093,2025-02-10 11:00:00,230.88,6,Clear,Low,Completed
O03916,C00923,R0012,2025-01-30 10:00:00,1534.54,1,Clear,Low,Completed
O03917,C00113,R0009,2025-03-13 05:00:00,1212.38,1,Cloudy,Medium,Completed
O03918,C01809,R0049,2025-02-26 22:00:00,1700.04,1,Clear,Medium,Completed
O03919,C00176,R0083,2025-03-18 22:00:00,593.62,3,Rainy,High,Completed
O03920,C01173,R0017,2025-01-17 10:00:00,1340.44,4,Clear,Low,Cancelled
O03921,C01202,R0054,2025-01-21 03:00:00,325.49,5,Rainy,High,Completed
O03922,C00936,R0044,2025-01-28 17:00:00,654.44,5,Clear,High,Completed
O03923,C00382,R0032,2025-01-19 23:00:00,1347.42,3,Clear,High,Completed
O03924,C01247,R0035,2025-01-09 17:00:00,1668.6,1,Cloudy,Low,Completed
O03925,C01283,R0078,2025-01-22 20:00:00,709.76,5,Cloudy,Low,Completed
O03926,C01809,R0049,2025-01-29 03:00:00,1617.82,4,Clear,Low,Cancelled
O03927,C01213,R0054,2025-02-11 17:00:00,1387.73,2,Cloudy,High,Completed
O03928,C00306,R0016,2025-02-07 07:00:00,762.48,4,Clear,High,Completed
O03929,C01402,R0085,2025-02-11 19:00:00,1765.15,1,Clear,Low,Completed
O03930,C00602,R0012,2025-03-08 15:00:00,1067.54,4,Cloudy,Low,Completed
O03931,C00343,R0088,2025-01-03 11:00:00,1331.67,6,Rainy,Medium,Completed
O03932,C01798,R0098,2025-01-17 01:00:00,1041.7,1,Cloudy,Low,Completed
O03933,C00156,R0008,2025-03-29 15:00:00,960.17,4,Clear,Medium,Completed
O03934,C00712,R0021,2025-03-01 19:00:00,1711.16,3,Cloudy,High,Completed
O03935,C01079,R0048,2025-03-16 18:00:00,659.94,4,Cloudy,Medium,Completed
O03936,C01790,R0008,2025-03-22 22:00:00,169.6,6,Clear,Medium,Completed
O03937,C01466,R0028,2025-03-08 06:00:00,1771.59,5,Clear,Low,Completed
O03938,C01709,R0080,2025-02-03 03:00:00,1667.55,2,Clear,Low,Completed
O03939,C01224,R0010,2025-02-07 03:00:00,796.46,3,Clear,Medium,Completed
O03940,C00403,R0052,2025-02-23 10:00:00,452.36,4,Rainy,High,Completed
O03941,C00614,R0015,2025-01-26 00:00:00,1383.51,1,Clear,Medium,Completed
O03942,C00797,R0004,2025-02-21 21:00:00,249.65,3,Clear,Low,Completed
O03943,C01687,R0090,2025-03-01 20:00:00,905.13,5,Clear,Low,Completed
O03944,C00623,R0079,2025-02-27 05:00:00,263.14,2,Clear,Medium,Cancelled
O03945,C01952,R0100,2025-02-15 02:00:00,1236.03,6,Rainy,Low,Completed
O03946,C01802,R0096,2025-01-07 07:00:00,151.7,2,Clear,Low,Completed
O03947,C00603,R0062,2025-02-08 21:00:00,1295.55,4,Clear,Low,Completed
O03948,C00177,R0004,2025-02-25 21:00:00,1379.09,6,Rainy,Medium,Completed
O03949,C00449,R0041,2025-01-24 05:00:00,1025.57,5,Cloudy,Medium,Completed
O03950,C00743,R0073,2025-03-04 09:00:00,432.51,5,Cloudy,Low,Cancelled
O03951,C01565,R0099,2025-03-19 21:00:00,292.65,2,Clear,Low,Completed
O03952,C01979,R0055,2025-01-26 17:00:00,695.26,2,Clear,Medium,Completed
O03953,C00301,R0028,2025-03-17 19:00:00,983.89,5,Rainy,Medium,Completed
O03954,C00707,R0047,2025-01-01 23:00:00,1320.2,2,Cloudy,Medium,Completed
O03955,C00307,R0009,2025-03-06 06:00:00,102.38,1,Clear,Medium,Completed
O03956,C00751,R0002,2025-03-26 03:00:00,1451.02,2,Clear,High,Completed
O03957,C00869,R0067,2025-02-11 14:00:00,1454.15,1,Rainy,Medium,Completed
O03958,C01920,R0048,2025-03-02 16:00:00,944.62,6,Rainy,Medium,Completed
O03959,C01291,R0069,2025-01-01 02:00:00,752.47,2,Cloudy,High,Completed
O03960,C00214,R0074,2025-02-11 23:00:00,1700.39,3,Cloudy,High,Completed
O03961,C01618,R0028,2025-02-23 09:00:00,1590.72,3,Clear,High,Completed
O03962,C01664,R0079,2025-01-11 22:00:00,1968.22,6,Rainy,Medium,Completed
O03963,C00483,R0014,2025-01-06 00:00:00,806.67,6,Cloudy,Medium,Completed
O03964,C01286,R0046,2025-03-14 15:00:00,1822.98,3,Clear,Medium,Completed
O03965,C01091,R0087,2025-01-01 20:00:00,266.06,6,Clear,High,Completed
O03966,C01598,R0013,2025-02-07 16:00:00,881.79,1,Rainy,Low,Completed
O03967,C00133,R0016,2025-01-06 19:00:00,984.21,1,Rainy,High,Completed
O03968,C01673,R0094,2025-03-17 15:00:00,937.66,4,Cloudy,Medium,Cancelled
O03969,C01564,R0040,2025-02-24 16:00:00,1287.69,4,Clear,Low,Completed
O03970,C00512,R0072,2025-01-09 13:00:00,423.39,2,Cloudy,Medium,Cancelled
O03971,C00211,R0081,2025-01-02 18:00:00,1746.26,1,Cloudy,Medium,Completed
O03972,C00988,R0030,2025-02-12 20:00:00,1148.35,3,Clear,High,Completed
O03973,C00987,R0081,2025-03-19 14:00:00,1818.0,3,Rainy,Low,Completed
O03974,C00717,R0099,2025-01-15 08:00:00,105.0,3,Clear,High,Completed
O03975,C00253,R0065,2025-02-18 13:00:00,1296.98,2,Clear,High,Completed
O03976,C00038,R0058,2025-02-27 19:00:00,883.67,1,Clear,Medium,Completed
O03977,C01067,R0088,2025-02-10 23:00:00,1059.69,6,Cloudy,Low,Completed
O03978,C00629,R0048,2025-01-14 22:00:00,1513.23,2,Clear,High,Cancelled
O03979,C01429,R0049,2025-03-27 18:00:00,531.59,6,Cloudy,Medium,Cancelled
O03980,C00987,R0089,2025-03-30 10:00:00,489.31,5,Clear,Medium,Completed
O03981,C01726,R0002,2025-02-25 03:00:00,1435.71,5,Rainy,High,Completed
O03982,C00046,R0089,2025-02-02 07:00:00,1090.59,4,Rainy,Medium,Cancelled
O03983,C01478,R0014,2025-02-06 21:00:00,543.91,6,Clear,Low,Cancelled
O03984,C01702,R0097,2025-03-26 19:00:00,1019.64,1,Clear,Low,Completed
O03985,C00305,R0017,2025-01-31 15:00:00,973.16,6,Cloudy,High,Completed
O03986,C01739,R0031,2025-02-13 19:00:00,1413.74,6,Clear,Low,Completed
O03987,C00233,R0010,2025-03-03 22:00:00,105.06,3,Rainy,Low,Completed
O03988,C00245,R0070,2025-01-17 11:00:00,1214.84,1,Clear,Medium,Completed
O03989,C01745,R0089,2025-01-29 10:00:00,1250.79,6,Rainy,Medium,Completed
O03990,C00760,R0037,2025-03-25 09:00:00,1516.47,6,Clear,High,Completed
O03991,C01319,R0064,2025-01-16 03:00:00,1789.54,6,Cloudy,Low,Completed
O03992,C00839,R0030,2025-03-19 06:00:00,936.36,4,Cloudy,High,Completed
O03993,C01407,R0034,2025-03-16 05:00:00,750.79,3,Clear,Medium,Completed
O03994,C00158,R0018,2025-01-04 20:00:00,294.41,2,Rainy,High,Completed
O03995,C01429,R0088,2025-03-08 14:00:00,739.99,3,Rainy,High,Completed
O03996,C01025,R0063,2025-01-12 01:00:00,230.12,6,Rainy,Medium,Completed
O03997,C00217,R0049,2025-03-28 20:00:00,1625.36,6,Cloudy,Medium,Completed
O03998,C00928,R0056,2025-02-13 02:00:00,1633.31,5,Clear,High,Completed
O03999,C00507,R0091,2025-02-16 09:00:00,892.75,2,Clear,Medium,Completed
O04000,C00761,R0058,2025-01-31 23:00:00,593.32,6,Clear,Medium,Completed
O04001,C00904,R0027,2025-03-28 02:00:00,324.24,3,Cloudy,Medium,Completed
O04002,C00581,R0055,2025-01-16 13:00:00,1717.35,2,Clear,Low,Completed
O04003,C01054,R0085,2025-03-17 09:00:00,1767.24,5,Clear,High,Completed
O04004,C00627,R0019,2025-01-04 21:00:00,605.95,5,Clear,Medium,Completed
O04005,C00520,R0023,2025-01-02 07:00:00,1281.35,1,Clear,Low,Completed
O04006,C01905,R0047,2025-01-06 19:00:00,591.44,6,Clear,Low,Completed
O04007,C00275,R0079,2025-03-08 09:00:00,527.74,5,Cloudy,High,Completed
O04008,C00492,R0066,2025-02-21 18:00:00,140.3,5,Cloudy,High,Completed
O04009,C00827,R0099,2025-03-07 04:00:00,1196.6,5,Clear,Medium,Completed
O04010,C00951,R0051,2025-03-07 22:00:00,384.89,6,Clear,High,Cancelled
O04011,C00926,R0084,2025-03-22 11:00:00,123.51,4,Clear,Medium,Completed
O04012,C00847,R0028,2025-01-03 09:00:00,299.22,5,Clear,High,Completed
O04013,C01060,R0057,2025-02-24 02:00:00,696.16,1,Cloudy,Low,Completed
O04014,C01335,R0058,2025-02-13 14:00:00,1371.41,2,Cloudy,Medium,Completed
O04015,C01068,R0015,2025-01-16 17:00:00,484.98,4,Clear,Medium,Completed
O04016,C01179,R0016,2025-02-08 09:00:00,1786.42,2,Cloudy,Low,Completed
O04017,C01101,R0097,2025-01-16 12:00:00,648.13,2,Rainy,Low,Completed
O04018,C01614,R0047,2025-03-08 03:00:00,729.33,1,Cloudy,Low,Completed
O04019,C01637,R0063,2025-02-02 09:00:00,514.16,4,Clear,Medium,Completed
O04020,C01462,R0012,2025-02-26 21:00:00,582.23,6,Clear,High,Completed
O04021,C01456,R0043,2025-01-07 22:00:00,240.86,3,Clear,High,Completed
O04022,C01566,R0084,2025-03-25 19:00:00,660.06,5,Clear,Low,Completed
O04023,C00039,R0029,2025-01-25 07:00:00,1733.27,2,Clear,Low,Completed
O04024,C00239,R0049,2025-02-11 14:00:00,1408.01,2,Cloudy,Low,Completed
O04025,C01037,R0003,2025-01-24 07:00:00,1763.01,1,Clear,High,Completed
O04026,C00122,R0069,2025-02-12 03:00:00,299.23,6,Cloudy,Low,Completed
O04027,C00144,R0060,2025-01-10 16:00:00,965.67,1,Clear,High,Completed
O04028,C00684,R0066,2025-01-24 07:00:00,535.58,1,Clear,Low,Completed
O04029,C00455,R0087,2025-02-21 07:00:00,1470.31,4,Clear,Medium,Cancelled
O04030,C00368,R0090,2025-03-15 10:00:00,1943.45,6,Clear,Medium,Completed
O04031,C00759,R0026,2025-03-05 12:00:00,1649.18,5,Clear,Medium,Completed
O04032,C00247,R0071,2025-02-08 08:00:00,167.03,4,Clear,Medium,Completed
O04033,C00923,R0074,2025-02-21 18:00:00,701.65,1,Clear,Medium,Completed
O04034,C01069,R0069,2025-01-04 08:00:00,154.3,1,Clear,Medium,Completed
O04035,C00765,R0047,2025-01-30 06:00:00,176.32,6,Cloudy,Low,Completed
O04036,C00375,R0076,2025-01-23 12:00:00,251.08,6,Cloudy,Medium,Completed
O04037,C01315,R0096,2025-03-19 01:00:00,625.02,2,Cloudy,Medium,Completed
O04038,C00207,R0042,2025-02-23 02:00:00,677.99,4,Rainy,Medium,Completed
O04039,C01948,R0031,2025-01-26 21:00:00,860.86,4,Rainy,High,Completed
O04040,C00519,R0022,2025-02-21 16:00:00,869.37,6,Clear,Low,Completed
O04041,C01982,R0017,2025-02-25 00:00:00,1565.68,5,Clear,High,Completed
O04042,C00242,R0084,2025-03-29 03:00:00,368.67,4,Clear,Medium,Completed
O04043,C01646,R0020,2025-03-03 02:00:00,399.71,6,Clear,Medium,Completed
O04044,C01138,R0008,2025-02-16 09:00:00,1290.52,5,Cloudy,Low,Completed
O04045,C00819,R0098,2025-03-10 12:00:00,1186.31,3,Cloudy,Low,Completed
O04046,C00302,R0049,2025-01-03 10:00:00,392.61,6,Clear,Medium,Completed
O04047,C01300,R0087,2025-01-20 22:00:00,1719.3,5,Cloudy,High,Completed
O04048,C01120,R0038,2025-03-22 02:00:00,725.21,1,Cloudy,High,Completed
O04049,C01318,R0053,2025-03-15 04:00:00,797.24,3,Clear,High,Completed
O04050,C00701,R0028,2025-03-16 22:00:00,898.87,2,Cloudy,Low,Completed
O04051,C01384,R0077,2025-03-09 09:00:00,713.13,2,Rainy,Low,Completed
O04052,C00288,R0029,2025-02-02 15:00:00,1159.16,2,Clear,Medium,Completed
O04053,C00154,R0072,2025-02-28 08:00:00,838.43,1,Clear,High,Completed
O04054,C01594,R0011,2025-02-13 23:00:00,592.93,6,Cloudy,Low,Completed
O04055,C00423,R0047,2025-03-04 21:00:00,1818.5,2,Clear,Medium,Completed
O04056,C01940,R0045,2025-02-12 18:00:00,685.87,5,Rainy,High,Completed
O04057,C00850,R0018,2025-01-16 17:00:00,1427.13,6,Cloudy,Medium,Completed
O04058,C00050,R0050,2025-01-24 19:00:00,759.73,1,Clear,High,Cancelled
O04059,C01231,R0089,2025-03-23 10:00:00,926.92,4,Clear,Low,Completed
O04060,C00564,R0049,2025-03-07 04:00:00,548.29,1,Clear,High,Completed
O04061,C00854,R0022,2025-01-25 10:00:00,1529.43,1,Cloudy,Medium,Completed
O04062,C00883,R0045,2025-03-09 10:00:00,1500.69,4,Cloudy,Medium,Completed
O04063,C00662,R0061,2025-01-15 20:00:00,142.26,5,Clear,Low,Completed
O04064,C00565,R0099,2025-01-29 12:00:00,214.37,3,Rainy,Medium,Completed
O04065,C00213,R0093,2025-03-23 02:00:00,1852.52,4,Cloudy,Medium,Completed
O04066,C01090,R0021,2025-01-28 10:00:00,1788.77,1,Clear,Medium,Completed
O04067,C01256,R0071,2025-02-24 00:00:00,1061.57,2,Rainy,High,Completed
O04068,C01909,R0061,2025-03-05 13:00:00,1037.38,4,Cloudy,Low,Completed
O04069,C00811,R0076,2025-03-28 18:00:00,1643.61,4,Rainy,Medium,Completed
O04070,C00850,R0036,2025-03-12 13:00:00,363.06,3,Clear,High,Completed
O04071,C01687,R0024,2025-03-11 01:00:00,1342.03,1,Clear,High,Completed
O04072,C01741,R0032,2025-01-22 07:00:00,1004.37,2,Clear,Medium,Completed
O04073,C01344,R0091,2025-02-14 15:00:00,1512.33,2,Clear,High,Completed
O04074,C01791,R0096,2025-03-10 04:00:00,157.2,3,Rainy,Low,Completed
O04075,C01161,R0059,2025-02-12 04:00:00,1226.18,6,Clear,Medium,Completed
O04076,C00881,R0096,2025-02-17 23:00:00,1157.78,2,Clear,High,Completed
O04077,C01671,R0096,2025-01-09 17:00:00,1697.61,5,Clear,High,Completed
O04078,C01961,R0090,2025-01-26 23:00:00,1385.99,4,Clear,Medium,Completed
O04079,C01590,R0075,2025-03-17 05:00:00,1772.3,4,Clear,Low,Completed
O04080,C01089,R0082,2025-02-18 13:00:00,1785.82,2,Clear,Low,Completed
O04081,C01538,R0005,2025-01-08 04:00:00,875.51,2,Clear,High,Cancelled
O04082,C01156,R0016,2025-03-20 16:00:00,361.12,2,Clear,High,Completed
O04083,C00334,R0011,2025-01-19 14:00:00,1297.54,4,Rainy,Medium,Completed
O04084,C00032,R0035,2025-01-01 10:00:00,1760.12,2,Cloudy,High,Completed
O04085,C00868,R0075,2025-02-01 16:00:00,242.41,5,Clear,Low,Completed
O04086,C00898,R0042,2025-02-25 07:00:00,1160.05,5,Clear,Low,Completed
O04087,C01896,R0087,2025-03-16 07:00:00,318.5,4,Clear,Medium,Completed
O04088,C01522,R0098,2025-02-19 01:00:00,151.29,6,Rainy,Low,Completed
O04089,C01267,R0081,2025-02-10 16:00:00,1391.31,1,Cloudy,High,Completed
O04090,C01216,R0010,2025-03-17 00:00:00,1395.51,1,Clear,Low,Completed
O04091,C01166,R0082,2025-01-02 15:00:00,1241.25,1,Rainy,Low,Completed
O04092,C01684,R0008,2025-03-03 18:00:00,1732.52,5,Cloudy,Medium,Completed
O04093,C00601,R0026,2025-03-19 01:00:00,253.67,3,Clear,High,Cancelled
O04094,C01585,R0003,2025-02-04 06:00:00,299.99,1,Clear,Low,Completed
O04095,C01672,R0059,2025-01-20 04:00:00,1742.62,3,Cloudy,Medium,Completed
O04096,C00988,R0088,2025-02-17 13:00:00,1056.23,4,Clear,Low,Completed
O04097,C01215,R0003,2025-01-10 00:00:00,618.8,5,Clear,Low,Cancelled
O04098,C01966,R0038,2025-03-14 12:00:00,1502.5,6,Cloudy,Low,Completed
O04099,C01173,R0002,2025-03-30 12:00:00,1799.37,1,Rainy,Medium,Completed
O04100,C00599,R0099,2025-03-02 04:00:00,1410.25,5,Rainy,Medium,Completed
O04101,C01440,R0017,2025-02-19 19:00:00,1604.67,4,Clear,Medium,Completed
O04102,C00520,R0073,2025-02-17 23:00:00,636.74,5,Cloudy,Medium,Completed
O04103,C01759,R0036,2025-01-16 13:00:00,648.67,2,Rainy,Medium,Completed
O04104,C00869,R0086,2025-01-28 05:00:00,1741.84,1,Cloudy,Medium,Cancelled
O04105,C00016,R0095,2025-02-07 15:00:00,1268.24,5,Cloudy,Low,Completed
O04106,C01832,R0098,2025-01-31 23:00:00,544.91,6,Clear,High,Cancelled
O04107,C01130,R0088,2025-02-05 12:00:00,1095.91,5,Rainy,Medium,Completed
O04108,C00283,R0073,2025-03-15 18:00:00,1403.13,5,Cloudy,Low,Completed
O04109,C01128,R0002,2025-02-04 14:00:00,515.24,4,Clear,Low,Completed
O04110,C00361,R0085,2025-03-07 01:00:00,1344.32,1,Rainy,High,Completed
O04111,C01682,R0034,2025-02-10 12:00:00,180.08,6,Rainy,High,Completed
O04112,C01059,R0027,2025-02-23 21:00:00,677.01,1,Clear,Medium,Completed
O04113,C00113,R0037,2025-02-26 08:00:00,1380.55,2,Cloudy,High,Completed
O04114,C00308,R0071,2025-02-24 22:00:00,383.76,2,Cloudy,Medium,Completed
O04115,C01935,R0022,2025-01-06 01:00:00,522.18,5,Clear,Low,Completed
O04116,C00959,R0068,2025-01-07 14:00:00,1770.28,1,Clear,Medium,Completed
O04117,C01077,R0014,2025-01-13 18:00:00,1381.21,1,Rainy,Medium,Completed
O04118,C01883,R0098,2025-02-16 08:00:00,1047.95,5,Clear,Low,Completed
O04119,C01105,R0023,2025-02-01 06:00:00,500.7,3,Clear,High,Completed
O04120,C01640,R0044,2025-02-14 05:00:00,748.68,1,Clear,Medium,Completed
O04121,C00834,R0089,2025-03-21 00:00:00,1191.23,5,Clear,High,Completed
O04122,C01393,R0065,2025-01-25 14:00:00,395.09,5,Clear,Medium,Completed
O04123,C00242,R0079,2025-03-20 08:00:00,1015.31,3,Rainy,High,Completed
O04124,C00031,R0096,2025-01-15 09:00:00,877.05,2,Clear,High,Completed
O04125,C01853,R0078,2025-01-07 04:00:00,1005.71,6,Cloudy,High,Completed
O04126,C00704,R0061,2025-02-13 07:00:00,300.57,5,Clear,Medium,Completed
O04127,C00869,R0085,2025-02-27 22:00:00,302.34,1,Cloudy,Medium,Completed
O04128,C01385,R0055,2025-02-02 12:00:00,1931.81,2,Rainy,Low,Completed
O04129,C00233,R0071,2025-01-05 21:00:00,1960.8,2,Rainy,Low,Cancelled
O04130,C01634,R0100,2025-01-30 07:00:00,909.71,2,Clear,Medium,Completed
O04131,C01058,R0085,2025-01-12 23:00:00,1599.09,5,Rainy,High,Completed
O04132,C01267,R0050,2025-02-27 06:00:00,1346.0,1,Clear,Medium,Completed
O04133,C00951,R0012,2025-03-26 08:00:00,322.14,6,Rainy,Medium,Completed
O04134,C00059,R0079,2025-01-19 10:00:00,663.69,3,Rainy,Medium,Completed
O04135,C00771,R0015,2025-02-07 12:00:00,695.94,4,Clear,High,Completed
O04136,C01553,R0017,2025-01-13 12:00:00,1231.97,4,Cloudy,Medium,Cancelled
O04137,C01102,R0034,2025-01-11 09:00:00,1201.96,2,Rainy,Medium,Completed
O04138,C00718,R0035,2025-03-23 13:00:00,1854.67,4,Clear,High,Completed
O04139,C00302,R0039,2025-03-15 14:00:00,1601.07,4,Clear,High,Completed
O04140,C01702,R0078,2025-03-06 02:00:00,1728.01,5,Clear,Medium,Completed
O04141,C00803,R0055,2025-01-29 13:00:00,1793.33,3,Clear,High,Completed
O04142,C00897,R0059,2025-02-11 13:00:00,1622.43,4,Rainy,High,Cancelled
O04143,C00112,R0005,2025-01-17 21:00:00,732.47,6,Clear,Medium,Completed
O04144,C01437,R0030,2025-01-11 03:00:00,508.52,6,Rainy,Medium,Completed
O04145,C01924,R0004,2025-03-08 21:00:00,1186.36,3,Clear,High,Completed
O04146,C00317,R0015,2025-01-19 00:00:00,1410.18,4,Cloudy,Medium,Completed
O04147,C01889,R0035,2025-01-08 14:00:00,834.48,6,Rainy,High,Cancelled
O04148,C01169,R0074,2025-03-03 20:00:00,1711.84,2,Clear,Medium,Completed
O04149,C00668,R0055,2025-02-17 13:00:00,1925.08,2,Clear,Low,Completed
O04150,C00690,R0066,2025-01-02 06:00:00,1181.85,6,Clear,Medium,Completed
O04151,C01882,R0060,2025-02-18 20:00:00,967.52,3,Clear,Low,Completed
O04152,C01672,R0024,2025-02-24 00:00:00,1701.49,3,Cloudy,Low,Completed
O04153,C01954,R0092,2025-03-21 07:00:00,146.11,3,Clear,High,Completed
O04154,C01851,R0022,2025-01-05 05:00:00,345.12,3,Rainy,Low,Completed
O04155,C00018,R0044,2025-02-15 15:00:00,1706.75,1,Rainy,Low,Completed
O04156,C01375,R0032,2025-03-14 00:00:00,1490.85,2,Clear,Medium,Completed
O04157,C01979,R0095,2025-02-27 22:00:00,890.66,4,Clear,High,Completed
O04158,C01179,R0083,2025-02-04 13:00:00,1788.82,1,Clear,Medium,Completed
O04159,C01808,R0051,2025-01-26 17:00:00,767.77,3,Rainy,Medium,Completed
O04160,C01530,R0085,2025-01-13 02:00:00,1304.31,4,Cloudy,Low,Completed
O04161,C00778,R0003,2025-01-08 12:00:00,1305.24,2,Clear,Medium,Completed
O04162,C00360,R0070,2025-02-22 13:00:00,450.23,3,Clear,High,Completed
O04163,C00332,R0032,2025-01-11 19:00:00,641.22,5,Clear,High,Completed
O04164,C01942,R0002,2025-01-14 22:00:00,1840.41,3,Clear,Medium,Completed
O04165,C00528,R0088,2025-02-13 14:00:00,448.49,4,Clear,High,Completed
O04166,C00012,R0059,2025-03-21 00:00:00,429.79,2,Rainy,Medium,Completed
O04167,C01099,R0091,2025-01-12 06:00:00,1011.27,3,Clear,Low,Completed
O04168,C00212,R0073,2025-02-28 15:00:00,275.17,2,Clear,Low,Completed
O04169,C01715,R0077,2025-02-28 08:00:00,1799.79,1,Rainy,Medium,Completed
O04170,C00641,R0014,2025-02-12 01:00:00,290.28,5,Rainy,Medium,Completed
O04171,C00283,R0051,2025-03-02 21:00:00,1271.46,6,Cloudy,High,Completed
O04172,C01219,R0011,2025-03-08 20:00:00,745.59,6,Cloudy,Medium,Completed
O04173,C00780,R0078,2025-01-06 11:00:00,1628.12,1,Clear,High,Completed
O04174,C01054,R0080,2025-03-14 16:00:00,1220.64,6,Rainy,High,Completed
O04175,C01033,R0010,2025-03-06 09:00:00,837.78,5,Rainy,High,Completed
O04176,C01333,R0084,2025-01-06 14:00:00,1969.36,1,Rainy,Medium,Completed
O04177,C01469,R0080,2025-02-01 22:00:00,225.84,2,Clear,High,Completed
O04178,C01334,R0058,2025-02-02 01:00:00,1197.79,2,Clear,Medium,Completed
O04179,C00677,R0034,2025-03-21 11:00:00,1980.18,1,Clear,Low,Cancelled
O04180,C00705,R0080,2025-02-22 16:00:00,1412.81,4,Cloudy,Low,Completed
O04181,C00426,R0078,2025-03-15 20:00:00,1505.56,1,Clear,Low,Completed
O04182,C01841,R0053,2025-01-07 20:00:00,160.97,3,Cloudy,Medium,Completed
O04183,C01796,R0028,2025-01-14 12:00:00,140.59,4,Clear,Medium,Completed
O04184,C01728,R0018,2025-01-26 19:00:00,168.61,2,Cloudy,High,Completed
O04185,C00591,R0026,2025-01-10 14:00:00,1984.28,1,Cloudy,Medium,Completed
O04186,C01715,R0007,2025-02-20 02:00:00,1961.09,4,Clear,Medium,Completed
O04187,C00091,R0045,2025-02-27 09:00:00,735.57,3,Cloudy,Medium,Completed
O04188,C00456,R0098,2025-03-20 19:00:00,652.87,5,Clear,Low,Completed
O04189,C00444,R0045,2025-01-17 18:00:00,377.32,2,Clear,High,Completed
O04190,C01751,R0071,2025-01-17 00:00:00,725.37,4,Clear,Medium,Completed
O04191,C00079,R0097,2025-03-15 11:00:00,803.28,6,Cloudy,High,Completed
O04192,C01499,R0035,2025-03-02 08:00:00,1521.74,4,Clear,High,Completed
O04193,C00927,R0052,2025-02-19 14:00:00,1745.96,6,Clear,Low,Completed
O04194,C00103,R0021,2025-01-17 04:00:00,1518.8,4,Clear,Medium,Completed
O04195,C00623,R0028,2025-03-06 10:00:00,1328.3,1,Rainy,Medium,Completed
O04196,C01480,R0096,2025-03-15 21:00:00,1555.21,2,Clear,Low,Cancelled
O04197,C00990,R0044,2025-02-02 21:00:00,1503.15,2,Clear,Low,Completed
O04198,C01338,R0080,2025-03-04 06:00:00,1003.92,1,Cloudy,High,Completed
O04199,C01271,R0056,2025-03-06 11:00:00,738.12,1,Cloudy,Low,Completed
O04200,C00234,R0010,2025-03-29 12:00:00,637.28,6,Clear,Medium,Completed
O04201,C01618,R0023,2025-02-04 04:00:00,1390.78,6,Clear,Medium,Completed
O04202,C00644,R0048,2025-02-13 12:00:00,1922.68,6,Clear,Low,Completed
O04203,C01259,R0052,2025-02-13 10:00:00,1204.0,1,Cloudy,High,Completed
O04204,C00790,R0015,2025-03-20 07:00:00,1833.8,3,Clear,High,Completed
O04205,C00387,R0055,2025-02-05 21:00:00,127.04,4,Clear,Low,Completed
O04206,C00847,R0043,2025-03-03 15:00:00,1609.49,3,Clear,High,Cancelled
O04207,C01635,R0050,2025-03-16 18:00:00,1721.85,2,Cloudy,Low,Completed
O04208,C01967,R0006,2025-03-02 23:00:00,1298.89,1,Clear,Low,Completed
O04209,C00038,R0033,2025-03-21 11:00:00,1874.72,4,Cloudy,Low,Completed
O04210,C01185,R0062,2025-03-29 17:00:00,1220.83,6,Cloudy,Medium,Completed
O04211,C01486,R0055,2025-02-01 06:00:00,557.02,5,Cloudy,Medium,Completed
O04212,C01968,R0039,2025-02-24 20:00:00,509.86,4,Cloudy,Low,Completed
O04213,C01473,R0012,2025-01-08 13:00:00,1156.09,5,Cloudy,Low,Completed
O04214,C01141,R0100,2025-03-21 08:00:00,1822.32,4,Clear,Medium,Completed
O04215,C00241,R0031,2025-02-10 00:00:00,237.5,1,Rainy,Medium,Completed
O04216,C01050,R0074,2025-01-05 08:00:00,1248.34,5,Rainy,Medium,Completed
O04217,C01672,R0053,2025-02-23 12:00:00,1562.63,5,Clear,Medium,Completed
O04218,C00562,R0034,2025-02-11 05:00:00,319.26,2,Clear,Medium,Completed
O04219,C02000,R0041,2025-01-21 03:00:00,321.86,4,Cloudy,Low,Completed
O04220,C00806,R0010,2025-03-13 21:00:00,795.64,3,Clear,High,Completed
O04221,C01930,R0052,2025-01-30 10:00:00,620.37,6,Clear,Medium,Completed
O04222,C00298,R0075,2025-01-01 19:00:00,476.8,3,Rainy,High,Completed
O04223,C00805,R0057,2025-02-01 07:00:00,477.52,2,Cloudy,Medium,Completed
O04224,C00154,R0078,2025-01-10 18:00:00,348.27,2,Rainy,Medium,Completed
O04225,C00732,R0003,2025-03-09 12:00:00,1260.62,2,Cloudy,Low,Cancelled
O04226,C01676,R0057,2025-01-26 05:00:00,1407.44,1,Clear,Medium,Completed
O04227,C00468,R0033,2025-01-24 01:00:00,1435.58,1,Clear,High,Completed
O04228,C00049,R0007,2025-03-21 03:00:00,1111.47,1,Clear,High,Completed
O04229,C01678,R0004,2025-01-25 09:00:00,1910.52,1,Cloudy,High,Completed
O04230,C00046,R0039,2025-02-10 23:00:00,1773.01,2,Clear,Medium,Completed
O04231,C01699,R0048,2025-03-10 18:00:00,1919.5,2,Cloudy,Medium,Completed
O04232,C01309,R0074,2025-01-18 14:00:00,838.71,1,Clear,Medium,Completed
O04233,C00780,R0079,2025-03-27 13:00:00,1767.79,1,Cloudy,Low,Completed
O04234,C01652,R0016,2025-01-20 01:00:00,1549.46,5,Cloudy,Low,Completed
O04235,C00082,R0038,2025-03-21 18:00:00,745.95,4,Cloudy,Medium,Completed
O04236,C01068,R0004,2025-02-05 05:00:00,302.53,5,Clear,Medium,Completed
O04237,C01730,R0004,2025-01-23 22:00:00,1396.98,4,Cloudy,Low,Completed
O04238,C01794,R0100,2025-03-01 04:00:00,359.26,1,Rainy,High,Completed
O04239,C00955,R0027,2025-03-25 02:00:00,658.17,1,Clear,Medium,Completed
O04240,C00273,R0086,2025-03-27 18:00:00,1050.69,6,Rainy,Medium,Completed
O04241,C00394,R0086,2025-03-10 13:00:00,1391.78,1,Clear,Medium,Completed
O04242,C01810,R0017,2025-01-21 16:00:00,1859.83,5,Rainy,Medium,Completed
O04243,C00790,R0098,2025-03-29 02:00:00,1227.16,2,Rainy,High,Cancelled
O04244,C00595,R0096,2025-01-23 10:00:00,1375.68,4,Cloudy,Low,Completed
O04245,C00058,R0070,2025-01-24 15:00:00,689.03,6,Clear,High,Completed
O04246,C00565,R0054,2025-01-06 00:00:00,1405.86,5,Clear,Medium,Completed
O04247,C00001,R0097,2025-01-14 03:00:00,931.8,6,Clear,Medium,Completed
O04248,C00216,R0008,2025-02-17 10:00:00,1728.17,1,Rainy,High,Completed
O04249,C01341,R0053,2025-01-26 20:00:00,845.66,2,Clear,Low,Completed
O04250,C01252,R0100,2025-01-19 21:00:00,989.72,5,Cloudy,Medium,Completed
O04251,C01497,R0005,2025-01-26 11:00:00,921.92,4,Cloudy,High,Completed
O04252,C01508,R0069,2025-03-06 07:00:00,1641.13,6,Clear,High,Cancelled
O04253,C00766,R0047,2025-02-09 22:00:00,1912.03,6,Rainy,Medium,Completed
O04254,C00671,R0074,2025-03-25 16:00:00,721.82,6,Cloudy,High,Completed
O04255,C01311,R0040,2025-01-27 22:00:00,1002.55,1,Cloudy,High,Completed
O04256,C00511,R0007,2025-02-01 18:00:00,1441.26,4,Cloudy,High,Completed
O04257,C01602,R0012,2025-02-26 16:00:00,1801.23,6,Rainy,High,Completed
O04258,C00915,R0094,2025-01-10 23:00:00,1038.03,1,Clear,Medium,Completed
O04259,C01845,R0025,2025-02-28 17:00:00,306.9,1,Clear,Medium,Completed
O04260,C01996,R0028,2025-02-18 16:00:00,800.48,3,Rainy,Low,Completed
O04261,C01482,R0043,2025-03-27 11:00:00,1145.69,4,Clear,Medium,Completed
O04262,C00095,R0077,2025-01-09 04:00:00,893.3,2,Clear,High,Completed
O04263,C00493,R0047,2025-01-11 20:00:00,454.46,1,Cloudy,High,Completed
O04264,C00765,R0049,2025-03-16 18:00:00,170.28,2,Rainy,Low,Completed
O04265,C01022,R0086,2025-03-23 13:00:00,1406.08,5,Clear,Medium,Completed
O04266,C00150,R0054,2025-01-04 21:00:00,1986.2,1,Clear,Medium,Completed
O04267,C01047,R0018,2025-02-23 08:00:00,1846.49,6,Cloudy,Medium,Completed
O04268,C00756,R0027,2025-01-06 15:00:00,1398.21,1,Cloudy,Low,Completed
O04269,C01239,R0072,2025-03-25 11:00:00,1698.91,6,Clear,Low,Completed
O04270,C00399,R0006,2025-02-20 01:00:00,585.88,1,Rainy,High,Completed
O04271,C00410,R0075,2025-02-23 15:00:00,1282.63,6,Cloudy,Low,Completed
O04272,C00131,R0093,2025-01-16 08:00:00,215.15,2,Cloudy,Low,Completed
O04273,C00855,R0069,2025-02-08 23:00:00,1443.65,3,Clear,Medium,Completed
O04274,C00148,R0071,2025-02-01 23:00:00,1942.76,4,Rainy,Medium,Completed
O04275,C00381,R0022,2025-01-29 00:00:00,1735.51,1,Clear,Medium,Completed
O04276,C01133,R0059,2025-01-22 06:00:00,1115.44,4,Cloudy,Low,Completed
O04277,C00552,R0047,2025-01-30 16:00:00,1598.61,6,Clear,High,Cancelled
O04278,C01145,R0068,2025-02-04 03:00:00,1893.41,4,Clear,Low,Completed
O04279,C00295,R0032,2025-01-23 16:00:00,510.43,6,Cloudy,Low,Completed
O04280,C01144,R0083,2025-03-30 08:00:00,1607.19,4,Clear,Medium,Completed
O04281,C00456,R0097,2025-01-21 23:00:00,612.71,6,Clear,High,Completed
O04282,C01554,R0001,2025-02-03 12:00:00,1766.2,2,Clear,Low,Completed
O04283,C00169,R0054,2025-01-30 13:00:00,286.87,6,Rainy,Low,Cancelled
O04284,C00710,R0046,2025-01-17 03:00:00,438.61,4,Cloudy,Low,Completed
O04285,C01947,R0041,2025-01-10 23:00:00,1469.17,5,Clear,High,Cancelled
O04286,C01167,R0041,2025-02-15 17:00:00,432.08,6,Cloudy,Low,Completed
O04287,C00037,R0008,2025-03-28 14:00:00,400.3,2,Clear,Low,Completed
O04288,C01722,R0032,2025-02-25 19:00:00,1155.39,2,Clear,High,Cancelled
O04289,C01285,R0030,2025-01-03 19:00:00,1686.48,5,Cloudy,Medium,Completed
O04290,C00231,R0046,2025-03-22 23:00:00,610.09,3,Clear,Medium,Completed
O04291,C00254,R0092,2025-03-13 15:00:00,1698.16,3,Clear,High,Completed
O04292,C00329,R0052,2025-03-11 16:00:00,1635.11,6,Rainy,Medium,Completed
O04293,C01927,R0096,2025-01-13 02:00:00,1200.3,1,Clear,Low,Completed
O04294,C01321,R0089,2025-02-10 14:00:00,1328.47,3,Clear,Medium,Completed
O04295,C00980,R0098,2025-03-28 07:00:00,176.84,1,Cloudy,High,Completed
O04296,C00010,R0061,2025-01-18 06:00:00,797.56,4,Cloudy,Low,Completed
O04297,C00446,R0097,2025-02-05 10:00:00,600.45,1,Cloudy,Medium,Completed
O04298,C00922,R0013,2025-01-23 17:00:00,385.01,3,Clear,Low,Cancelled
O04299,C00836,R0089,2025-03-28 22:00:00,840.35,1,Clear,High,Completed
O04300,C01254,R0040,2025-01-31 21:00:00,774.32,2,Cloudy,High,Completed
O04301,C01560,R0061,2025-03-17 14:00:00,1484.89,3,Clear,Medium,Completed
O04302,C00078,R0044,2025-01-25 15:00:00,1236.38,1,Clear,High,Completed
O04303,C01449,R0062,2025-02-01 05:00:00,1834.89,3,Cloudy,Medium,Completed
O04304,C00193,R0044,2025-02-04 21:00:00,376.27,5,Cloudy,Low,Completed
O04305,C00401,R0048,2025-01-23 05:00:00,213.52,3,Clear,High,Completed
O04306,C00109,R0074,2025-01-16 04:00:00,1115.75,5,Rainy,Medium,Completed
O04307,C00792,R0059,2025-01-16 06:00:00,101.95,1,Rainy,Medium,Completed
O04308,C01947,R0057,2025-03-15 21:00:00,1596.67,5,Clear,Low,Completed
O04309,C00263,R0095,2025-03-10 20:00:00,1061.35,3,Clear,Medium,Completed
O04310,C00329,R0011,2025-01-12 00:00:00,1027.32,2,Clear,Medium,Completed
O04311,C00363,R0025,2025-02-14 05:00:00,788.74,5,Clear,Medium,Completed
O04312,C01891,R0061,2025-03-26 18:00:00,812.45,3,Cloudy,High,Completed
O04313,C01402,R0046,2025-01-16 21:00:00,919.15,2,Cloudy,Medium,Completed
O04314,C01804,R0054,2025-02-18 14:00:00,130.46,4,Clear,Low,Completed
O04315,C01365,R0034,2025-01-17 04:00:00,258.74,6,Cloudy,Medium,Completed
O04316,C00259,R0084,2025-03-29 13:00:00,1059.59,5,Rainy,High,Completed
O04317,C01359,R0007,2025-03-28 07:00:00,385.23,5,Cloudy,Low,Completed
O04318,C00085,R0097,2025-01-17 10:00:00,1579.65,1,Clear,Medium,Completed
O04319,C01546,R0062,2025-02-10 22:00:00,621.52,4,Clear,Low,Completed
O04320,C01825,R0057,2025-03-23 18:00:00,286.01,1,Cloudy,Medium,Completed
O04321,C01838,R0099,2025-01-31 00:00:00,546.9,1,Cloudy,Low,Completed
O04322,C01595,R0093,2025-01-20 16:00:00,778.49,3,Cloudy,Medium,Completed
O04323,C00308,R0076,2025-03-17 03:00:00,167.1,1,Clear,High,Completed
O04324,C00262,R0005,2025-03-24 07:00:00,369.18,5,Clear,High,Completed
O04325,C01922,R0076,2025-03-27 10:00:00,715.31,1,Clear,High,Completed
O04326,C00797,R0093,2025-02-08 12:00:00,689.91,2,Cloudy,High,Cancelled
O04327,C00631,R0035,2025-02-06 11:00:00,1620.73,5,Cloudy,Low,Completed
O04328,C00680,R0084,2025-02-10 12:00:00,1702.19,6,Rainy,Low,Completed
O04329,C00865,R0037,2025-01-16 18:00:00,467.5,3,Rainy,High,Completed
O04330,C01725,R0060,2025-02-25 01:00:00,335.49,1,Cloudy,High,Completed
O04331,C01476,R0065,2025-01-06 04:00:00,1304.91,2,Rainy,Low,Completed
O04332,C01275,R0016,2025-03-01 09:00:00,1628.78,6,Clear,Low,Completed
O04333,C00324,R0030,2025-01-20 23:00:00,1931.07,2,Clear,Medium,Completed
O04334,C00925,R0073,2025-02-27 17:00:00,112.91,5,Clear,Medium,Completed
O04335,C01253,R0042,2025-03-30 01:00:00,885.99,1,Clear,High,Completed
O04336,C01726,R0061,2025-01-18 23:00:00,1494.58,2,Cloudy,Low,Cancelled
O04337,C01852,R0074,2025-03-23 14:00:00,1674.26,1,Clear,High,Completed
O04338,C01660,R0077,2025-02-16 08:00:00,218.34,5,Cloudy,Medium,Completed
O04339,C01620,R0048,2025-01-26 00:00:00,1393.17,4,Cloudy,Low,Completed
O04340,C01321,R0062,2025-02-05 15:00:00,648.98,2,Cloudy,High,Completed
O04341,C00727,R0084,2025-03-27 13:00:00,241.73,3,Clear,High,Completed
O04342,C01261,R0093,2025-01-07 13:00:00,1029.29,1,Clear,Low,Completed
O04343,C00978,R0064,2025-02-16 22:00:00,400.49,6,Cloudy,Low,Cancelled
O04344,C01649,R0057,2025-01-10 06:00:00,1500.31,5,Clear,High,Completed
O04345,C00217,R0068,2025-03-13 02:00:00,1508.4,5,Rainy,Low,Completed
O04346,C01857,R0046,2025-01-23 16:00:00,1699.93,6,Cloudy,High,Completed
O04347,C01270,R0028,2025-01-23 09:00:00,817.38,3,Clear,Low,Completed
O04348,C00448,R0077,2025-03-01 20:00:00,125.29,4,Clear,Medium,Completed
O04349,C01871,R0003,2025-01-11 19:00:00,593.5,1,Clear,Medium,Completed
O04350,C00319,R0037,2025-02-04 09:00:00,988.84,4,Rainy,Low,Completed
O04351,C00994,R0048,2025-01-14 03:00:00,1418.62,5,Clear,Medium,Completed
O04352,C01456,R0019,2025-02-01 01:00:00,825.88,2,Cloudy,Medium,Completed
O04353,C01428,R0092,2025-01-30 22:00:00,1118.49,4,Clear,Low,Completed
O04354,C01910,R0083,2025-02-15 20:00:00,1096.1,2,Cloudy,High,Completed
O04355,C00037,R0017,2025-01-20 04:00:00,413.47,3,Clear,High,Completed
O04356,C01600,R0082,2025-02-16 00:00:00,1283.79,5,Cloudy,High,Completed
O04357,C00731,R0082,2025-03-12 22:00:00,934.58,2,Clear,Medium,Completed
O04358,C01366,R0087,2025-02-28 14:00:00,1635.05,1,Cloudy,Medium,Completed
O04359,C01011,R0040,2025-03-17 13:00:00,1412.16,5,Clear,High,Completed
O04360,C01413,R0050,2025-03-17 14:00:00,311.79,3,Rainy,High,Completed
O04361,C01058,R0073,2025-03-14 13:00:00,1028.64,1,Cloudy,Low,Completed
O04362,C00039,R0029,2025-02-10 13:00:00,1434.74,5,Rainy,Medium,Completed
O04363,C01603,R0051,2025-02-08 09:00:00,265.32,4,Clear,Low,Completed
O04364,C00209,R0042,2025-01-02 05:00:00,1605.74,6,Clear,Low,Completed
O04365,C00830,R0029,2025-02-10 21:00:00,521.81,5,Cloudy,Low,Completed
O04366,C00856,R0066,2025-01-10 14:00:00,1055.86,1,Rainy,High,Completed
O04367,C01176,R0017,2025-02-19 09:00:00,1887.07,2,Clear,Low,Completed
O04368,C00899,R0031,2025-02-22 03:00:00,1185.54,2,Clear,Medium,Completed
O04369,C01389,R0092,2025-02-21 20:00:00,905.7,5,Cloudy,Medium,Completed
O04370,C01223,R0052,2025-02-15 16:00:00,112.91,5,Clear,Medium,Cancelled
O04371,C00601,R0039,2025-01-17 14:00:00,353.49,3,Cloudy,Low,Completed
O04372,C00760,R0060,2025-01-04 22:00:00,1199.46,4,Cloudy,Medium,Completed
O04373,C01859,R0094,2025-03-23 19:00:00,1038.27,3,Clear,Low,Completed
O04374,C01103,R0099,2025-01-20 18:00:00,791.28,6,Cloudy,High,Completed
O04375,C01501,R0051,2025-03-22 09:00:00,1854.11,3,Rainy,Low,Completed
O04376,C00434,R0084,2025-03-16 02:00:00,731.72,2,Rainy,Low,Completed
O04377,C01821,R0016,2025-02-02 06:00:00,1120.59,2,Clear,Medium,Completed
O04378,C00842,R0098,2025-02-17 19:00:00,1180.56,1,Cloudy,Low,Cancelled
O04379,C00032,R0014,2025-03-05 11:00:00,1102.19,6,Clear,Medium,Completed
O04380,C01111,R0090,2025-01-26 20:00:00,1007.41,6,Rainy,Medium,Completed
O04381,C01575,R0084,2025-02-10 03:00:00,740.42,3,Clear,Low,Completed
O04382,C00393,R0042,2025-03-04 12:00:00,1826.65,1,Rainy,High,Cancelled
O04383,C01637,R0051,2025-03-28 16:00:00,956.53,5,Clear,Medium,Completed
O04384,C01268,R0024,2025-02-25 06:00:00,1104.05,1,Clear,Medium,Completed
O04385,C01256,R0082,2025-01-06 01:00:00,1347.31,2,Rainy,Medium,Completed
O04386,C00910,R0043,2025-01-10 01:00:00,228.55,3,Rainy,Low,Completed
O04387,C01604,R0073,2025-02-14 20:00:00,1584.45,2,Cloudy,Low,Completed
O04388,C00192,R0019,2025-02-19 06:00:00,1073.76,5,Clear,Medium,Completed
O04389,C01940,R0084,2025-03-12 14:00:00,1348.64,4,Clear,High,Completed
O04390,C01564,R0061,2025-02-03 02:00:00,1566.82,6,Cloudy,Low,Completed
O04391,C00270,R0094,2025-03-09 16:00:00,1760.79,3,Cloudy,Medium,Completed
O04392,C01964,R0063,2025-01-08 07:00:00,845.22,2,Rainy,Low,Completed
O04393,C00738,R0026,2025-01-13 03:00:00,1641.72,4,Clear,Low,Completed
O04394,C00077,R0095,2025-01-21 10:00:00,591.79,5,Clear,High,Completed
O04395,C00735,R0035,2025-01-27 09:00:00,1354.64,4,Cloudy,High,Completed
O04396,C00884,R0067,2025-02-22 12:00:00,295.14,2,Clear,Low,Completed
O04397,C01191,R0056,2025-03-20 18:00:00,138.06,2,Clear,High,Completed
O04398,C00284,R0040,2025-01-26 03:00:00,281.95,5,Clear,Low,Completed
O04399,C01728,R0029,2025-02-17 00:00:00,706.83,5,Cloudy,High,Completed
O04400,C01113,R0006,2025-02-14 09:00:00,159.08,4,Clear,High,Completed
O04401,C00544,R0052,2025-03-11 08:00:00,1297.93,4,Rainy,Low,Completed
O04402,C00649,R0001,2025-03-03 19:00:00,701.43,6,Clear,Low,Cancelled
O04403,C01180,R0052,2025-01-21 10:00:00,1499.11,6,Clear,High,Completed
O04404,C00250,R0024,2025-01-24 12:00:00,187.24,2,Clear,Medium,Completed
O04405,C00095,R0034,2025-01-07 23:00:00,511.73,5,Rainy,Medium,Completed
O04406,C00017,R0007,2025-02-01 14:00:00,875.21,1,Cloudy,Medium,Completed
O04407,C00117,R0075,2025-02-19 21:00:00,827.04,5,Clear,Medium,Completed
O04408,C00983,R0011,2025-03-21 08:00:00,348.9,3,Rainy,Low,Completed
O04409,C00333,R0036,2025-02-18 21:00:00,1988.86,3,Cloudy,Medium,Completed
O04410,C01847,R0020,2025-03-10 18:00:00,640.44,5,Clear,High,Completed
O04411,C01546,R0063,2025-01-08 11:00:00,1469.96,4,Clear,High,Completed
O04412,C01104,R0080,2025-01-02 03:00:00,518.05,3,Rainy,Medium,Completed
O04413,C00646,R0063,2025-03-18 20:00:00,1767.92,6,Cloudy,Low,Completed
O04414,C01456,R0069,2025-01-11 21:00:00,836.74,2,Clear,High,Completed
O04415,C01227,R0088,2025-01-09 04:00:00,1811.71,2,Rainy,Low,Completed
O04416,C00116,R0030,2025-03-02 20:00:00,749.49,2,Clear,High,Completed
O04417,C00963,R0030,2025-03-11 06:00:00,116.42,6,Cloudy,Medium,Completed
O04418,C01244,R0097,2025-03-01 17:00:00,1082.34,5,Cloudy,Medium,Completed
O04419,C01277,R0084,2025-01-14 20:00:00,1097.1,3,Cloudy,High,Completed
O04420,C01193,R0022,2025-02-19 05:00:00,327.68,4,Cloudy,Medium,Completed
O04421,C00847,R0061,2025-03-15 23:00:00,546.43,6,Clear,Low,Completed
O04422,C00316,R0021,2025-01-04 06:00:00,1588.64,6,Rainy,High,Completed
O04423,C01741,R0037,2025-03-19 19:00:00,169.84,2,Rainy,Medium,Completed
O04424,C00810,R0027,2025-03-20 20:00:00,1030.1,6,Clear,Medium,Completed
O04425,C00372,R0035,2025-01-09 04:00:00,1107.78,6,Cloudy,Low,Completed
O04426,C00760,R0038,2025-03-16 07:00:00,1408.55,4,Clear,Medium,Cancelled
O04427,C00877,R0060,2025-01-10 09:00:00,171.17,6,Cloudy,Medium,Completed
O04428,C00977,R0070,2025-03-07 01:00:00,1212.73,2,Cloudy,Low,Completed
O04429,C01607,R0032,2025-01-31 14:00:00,105.89,6,Cloudy,Low,Completed
O04430,C00156,R0080,2025-02-26 18:00:00,603.84,5,Cloudy,Low,Completed
O04431,C00614,R0092,2025-03-07 19:00:00,1049.4,2,Clear,High,Completed
O04432,C01037,R0080,2025-03-09 11:00:00,1831.43,5,Clear,Low,Completed
O04433,C00508,R0027,2025-03-27 02:00:00,340.52,3,Clear,High,Completed
O04434,C00465,R0003,2025-01-10 03:00:00,421.65,3,Cloudy,Medium,Completed
O04435,C00783,R0049,2025-02-21 03:00:00,1371.58,4,Clear,Medium,Completed
O04436,C00804,R0085,2025-03-14 00:00:00,812.24,6,Clear,Low,Completed
O04437,C00220,R0030,2025-01-09 09:00:00,1284.5,2,Clear,Low,Cancelled
O04438,C00015,R0022,2025-03-20 17:00:00,1995.16,3,Clear,Low,Completed
O04439,C01774,R0019,2025-03-28 15:00:00,1975.06,6,Clear,Low,Completed
O04440,C00117,R0031,2025-03-13 09:00:00,772.06,1,Rainy,Low,Completed
O04441,C00331,R0020,2025-02-01 08:00:00,1057.46,1,Cloudy,Low,Completed
O04442,C00056,R0019,2025-02-12 08:00:00,1818.91,4,Clear,Medium,Completed
O04443,C01375,R0002,2025-01-05 18:00:00,275.12,6,Clear,Low,Completed
O04444,C01156,R0040,2025-02-21 21:00:00,959.38,3,Cloudy,Medium,Completed
O04445,C01250,R0039,2025-01-20 12:00:00,817.4,5,Rainy,Low,Completed
O04446,C00308,R0091,2025-01-18 17:00:00,660.28,6,Clear,Low,Completed
O04447,C01499,R0072,2025-03-07 15:00:00,1988.99,1,Clear,High,Completed
O04448,C01930,R0054,2025-03-19 17:00:00,1493.74,6,Cloudy,Medium,Completed
O04449,C00222,R0027,2025-02-04 17:00:00,838.62,3,Rainy,Low,Cancelled
O04450,C01197,R0079,2025-03-26 12:00:00,1675.14,5,Clear,High,Completed
O04451,C01364,R0012,2025-01-01 10:00:00,1030.37,2,Clear,High,Completed
O04452,C00797,R0078,2025-02-28 16:00:00,1758.37,6,Clear,Medium,Completed
O04453,C01530,R0071,2025-03-29 01:00:00,606.12,3,Clear,Medium,Completed
O04454,C01845,R0017,2025-03-13 21:00:00,524.84,2,Clear,Low,Completed
O04455,C01181,R0090,2025-02-10 12:00:00,569.84,1,Rainy,Medium,Completed
O04456,C00151,R0084,2025-01-26 03:00:00,1123.11,2,Rainy,Medium,Completed
O04457,C01721,R0010,2025-01-09 20:00:00,653.5,1,Clear,Low,Completed
O04458,C01202,R0019,2025-01-23 11:00:00,379.53,4,Rainy,High,Cancelled
O04459,C01557,R0082,2025-01-30 09:00:00,1989.79,4,Clear,Medium,Completed
O04460,C00112,R0030,2025-03-15 06:00:00,1810.82,1,Cloudy,High,Completed
O04461,C00683,R0030,2025-03-12 04:00:00,1306.52,5,Rainy,Low,Completed
O04462,C01162,R0025,2025-02-18 06:00:00,1793.93,4,Clear,Medium,Completed
O04463,C01257,R0088,2025-01-21 17:00:00,1877.38,5,Clear,Low,Completed
O04464,C00332,R0074,2025-02-02 13:00:00,1384.61,5,Clear,High,Completed
O04465,C01566,R0066,2025-03-21 13:00:00,1085.49,5,Clear,Medium,Completed
O04466,C00893,R0096,2025-01-06 05:00:00,1775.8,3,Rainy,Low,Completed
O04467,C01331,R0035,2025-03-05 14:00:00,1178.81,6,Cloudy,Medium,Completed
O04468,C00161,R0051,2025-02-05 00:00:00,340.92,3,Clear,High,Completed
O04469,C01426,R0071,2025-02-10 22:00:00,797.03,6,Clear,Medium,Completed
O04470,C01614,R0071,2025-02-25 21:00:00,947.25,6,Rainy,Low,Completed
O04471,C00278,R0027,2025-01-01 11:00:00,1877.2,5,Cloudy,Low,Completed
O04472,C01344,R0010,2025-03-04 12:00:00,1352.45,1,Clear,Low,Completed
O04473,C01557,R0097,2025-02-24 21:00:00,1763.03,6,Rainy,Medium,Completed
O04474,C00897,R0043,2025-03-02 23:00:00,1539.42,4,Rainy,Low,Completed
O04475,C00497,R0055,2025-03-18 06:00:00,688.74,2,Clear,High,Completed
O04476,C01387,R0071,2025-01-22 11:00:00,1465.55,3,Clear,Medium,Completed
O04477,C01396,R0006,2025-03-12 23:00:00,471.07,3,Clear,Medium,Completed
O04478,C01916,R0006,2025-02-17 19:00:00,875.48,2,Rainy,Medium,Completed
O04479,C00655,R0077,2025-03-06 12:00:00,1631.57,5,Rainy,Medium,Completed
O04480,C01060,R0048,2025-03-28 22:00:00,1262.67,6,Rainy,Medium,Completed
O04481,C00303,R0077,2025-02-10 18:00:00,1668.28,2,Clear,Medium,Completed
O04482,C00438,R0002,2025-03-25 14:00:00,583.94,5,Rainy,Low,Completed
O04483,C00726,R0083,2025-03-18 22:00:00,1524.52,3,Cloudy,Low,Completed
O04484,C01056,R0051,2025-01-10 07:00:00,484.42,2,Rainy,Low,Completed
O04485,C00186,R0061,2025-01-12 15:00:00,1136.08,6,Cloudy,Medium,Completed
O04486,C01198,R0019,2025-02-19 17:00:00,923.72,1,Rainy,Low,Cancelled
O04487,C01590,R0002,2025-03-17 19:00:00,1157.3,4,Clear,Low,Completed
O04488,C00673,R0051,2025-03-15 05:00:00,357.51,4,Cloudy,Medium,Completed
O04489,C01274,R0026,2025-03-27 05:00:00,786.33,4,Clear,Low,Completed
O04490,C01001,R0070,2025-01-11 07:00:00,1367.12,2,Clear,Low,Completed
O04491,C01787,R0020,2025-02-27 16:00:00,1161.21,6,Cloudy,Low,Completed
O04492,C01959,R0023,2025-02-27 04:00:00,1143.04,5,Cloudy,Low,Completed
O04493,C00279,R0054,2025-03-30 13:00:00,1070.58,6,Clear,Medium,Completed
O04494,C00683,R0015,2025-01-02 20:00:00,1893.38,6,Clear,Low,Completed
O04495,C01719,R0006,2025-03-28 21:00:00,1875.68,3,Clear,Medium,Completed
O04496,C01026,R0092,2025-01-18 07:00:00,784.28,4,Clear,Medium,Completed
O04497,C01218,R0035,2025-02-23 03:00:00,768.6,2,Clear,Medium,Completed
O04498,C01190,R0075,2025-02-15 04:00:00,1154.31,4,Cloudy,High,Completed
O04499,C01783,R0008,2025-02-17 14:00:00,281.65,6,Clear,High,Completed
O04500,C01011,R0057,2025-01-04 14:00:00,675.71,5,Rainy,Medium,Completed
O04501,C00925,R0050,2025-03-30 15:00:00,538.65,1,Clear,Low,Completed
O04502,C01780,R0049,2025-01-10 11:00:00,524.44,1,Clear,Medium,Completed
O04503,C01134,R0088,2025-03-18 14:00:00,1313.16,6,Cloudy,Low,Completed
O04504,C00380,R0021,2025-01-26 22:00:00,830.27,3,Rainy,Low,Completed
O04505,C00835,R0036,2025-03-08 22:00:00,425.21,1,Clear,Medium,Completed
O04506,C00999,R0071,2025-01-21 04:00:00,1786.39,1,Rainy,Low,Completed
O04507,C01607,R0069,2025-01-02 00:00:00,1760.88,2,Clear,Medium,Completed
O04508,C01700,R0058,2025-03-17 14:00:00,1738.68,2,Cloudy,Medium,Completed
O04509,C00285,R0063,2025-02-21 01:00:00,842.42,3,Rainy,Medium,Completed
O04510,C01911,R0093,2025-02-22 00:00:00,208.27,6,Clear,Medium,Completed
O04511,C00421,R0016,2025-02-02 10:00:00,302.81,3,Cloudy,Medium,Completed
O04512,C00113,R0006,2025-02-08 18:00:00,624.49,6,Rainy,Low,Completed
O04513,C01018,R0078,2025-03-08 18:00:00,517.94,2,Rainy,Low,Completed
O04514,C00228,R0052,2025-03-07 22:00:00,1760.57,1,Clear,Medium,Completed
O04515,C01495,R0002,2025-02-01 08:00:00,1974.08,6,Rainy,High,Completed
O04516,C01837,R0089,2025-03-13 09:00:00,1651.68,5,Cloudy,Low,Completed
O04517,C00528,R0095,2025-02-15 20:00:00,1486.71,1,Clear,Medium,Completed
O04518,C00496,R0077,2025-01-18 17:00:00,1218.39,1,Clear,High,Completed
O04519,C00031,R0018,2025-01-28 11:00:00,1562.83,5,Clear,High,Completed
O04520,C00162,R0081,2025-03-05 05:00:00,1899.36,3,Clear,Medium,Completed
O04521,C01842,R0092,2025-01-23 18:00:00,1242.55,2,Clear,High,Completed
O04522,C00705,R0076,2025-02-15 20:00:00,393.77,3,Rainy,Medium,Completed
O04523,C00722,R0035,2025-03-29 14:00:00,411.33,3,Rainy,Medium,Completed
O04524,C01402,R0086,2025-03-04 08:00:00,1209.34,3,Clear,Low,Completed
O04525,C00446,R0039,2025-03-02 22:00:00,733.59,2,Clear,Medium,Completed
O04526,C00744,R0001,2025-03-14 07:00:00,1829.47,3,Cloudy,Low,Completed
O04527,C00427,R0037,2025-03-15 19:00:00,1262.12,3,Rainy,Low,Completed
O04528,C01720,R0021,2025-02-25 23:00:00,1385.34,4,Clear,Medium,Completed
O04529,C00504,R0001,2025-02-28 02:00:00,111.06,1,Clear,Medium,Completed
O04530,C01551,R0004,2025-02-21 15:00:00,1047.81,4,Rainy,Medium,Completed
O04531,C01968,R0096,2025-01-03 00:00:00,919.21,2,Cloudy,Medium,Completed
O04532,C01841,R0058,2025-03-17 20:00:00,1441.16,6,Clear,Medium,Completed
O04533,C00721,R0001,2025-03-30 17:00:00,827.01,6,Cloudy,Low,Completed
O04534,C00684,R0013,2025-03-14 18:00:00,1955.49,5,Cloudy,Medium,Completed
O04535,C01802,R0046,2025-01-21 15:00:00,1373.39,6,Rainy,High,Completed
O04536,C01556,R0047,2025-01-27 09:00:00,1353.84,5,Rainy,Medium,Completed
O04537,C00582,R0081,2025-01-26 01:00:00,1846.75,6,Clear,High,Completed
O04538,C01544,R0076,2025-01-08 07:00:00,1990.89,4,Clear,Medium,Completed
O04539,C01965,R0007,2025-01-27 14:00:00,475.86,4,Clear,Medium,Completed
O04540,C01058,R0051,2025-01-13 08:00:00,1640.01,4,Clear,Low,Completed
O04541,C00736,R0003,2025-02-23 11:00:00,408.41,1,Clear,Low,Completed
O04542,C00691,R0050,2025-03-20 02:00:00,968.38,2,Rainy,High,Completed
O04543,C00758,R0026,2025-01-20 18:00:00,290.35,6,Cloudy,Low,Completed
O04544,C01514,R0031,2025-03-10 14:00:00,1284.4,6,Clear,Low,Completed
O04545,C01796,R0100,2025-03-23 14:00:00,990.18,6,Rainy,Medium,Completed
O04546,C01644,R0062,2025-02-14 04:00:00,1294.53,3,Rainy,Low,Completed
O04547,C00754,R0026,2025-03-16 12:00:00,1388.13,4,Rainy,Medium,Completed
O04548,C01447,R0067,2025-01-02 00:00:00,1276.92,1,Rainy,Medium,Completed
O04549,C01492,R0055,2025-01-15 12:00:00,658.66,5,Clear,Medium,Completed
O04550,C00024,R0028,2025-01-27 12:00:00,1690.22,5,Cloudy,Medium,Completed
O04551,C01240,R0044,2025-01-10 10:00:00,1148.2,5,Clear,High,Completed
O04552,C00055,R0081,2025-02-27 03:00:00,1030.72,4,Cloudy,Low,Completed
O04553,C01050,R0038,2025-01-02 13:00:00,1975.42,5,Clear,Medium,Completed
O04554,C01305,R0030,2025-02-28 14:00:00,638.67,5,Rainy,Medium,Completed
O04555,C00804,R0066,2025-02-20 04:00:00,1103.26,5,Rainy,Low,Completed
O04556,C00327,R0008,2025-01-15 11:00:00,1396.42,3,Cloudy,Medium,Completed
O04557,C00970,R0014,2025-02-20 03:00:00,337.93,5,Cloudy,Medium,Completed
O04558,C00186,R0099,2025-02-10 22:00:00,773.06,1,Rainy,Low,Completed
O04559,C00495,R0062,2025-01-31 11:00:00,1623.21,4,Clear,Medium,Completed
O04560,C01036,R0075,2025-02-14 10:00:00,549.84,6,Cloudy,High,Completed
O04561,C01665,R0063,2025-03-04 15:00:00,1037.25,3,Clear,Low,Completed
O04562,C01908,R0079,2025-02-17 13:00:00,1298.2,3,Rainy,Low,Completed
O04563,C00434,R0066,2025-03-08 10:00:00,1375.21,4,Rainy,Medium,Completed
O04564,C01945,R0096,2025-03-29 20:00:00,1483.79,5,Clear,High,Completed
O04565,C00208,R0040,2025-03-17 09:00:00,1745.36,6,Cloudy,Low,Completed
O04566,C00133,R0013,2025-01-19 20:00:00,846.43,6,Clear,High,Completed
O04567,C01363,R0017,2025-03-15 11:00:00,1442.6,5,Clear,Medium,Completed
O04568,C01220,R0015,2025-01-07 19:00:00,1491.13,2,Clear,Medium,Completed
O04569,C01286,R0033,2025-03-02 07:00:00,670.52,5,Clear,High,Completed
O04570,C01306,R0016,2025-01-05 05:00:00,1939.5,6,Clear,High,Completed
O04571,C00369,R0013,2025-03-02 12:00:00,1743.92,1,Clear,Low,Cancelled
O04572,C01127,R0086,2025-01-29 18:00:00,650.74,5,Cloudy,Low,Completed
O04573,C01656,R0023,2025-03-02 10:00:00,1382.63,4,Clear,Low,Cancelled
O04574,C01207,R0036,2025-03-23 22:00:00,1463.82,5,Rainy,Medium,Completed
O04575,C00423,R0043,2025-01-23 07:00:00,919.82,4,Cloudy,Medium,Completed
O04576,C01033,R0050,2025-03-26 09:00:00,1741.11,3,Cloudy,Medium,Completed
O04577,C01581,R0074,2025-03-12 20:00:00,1411.44,2,Rainy,Medium,Completed
O04578,C00244,R0081,2025-03-02 23:00:00,1350.49,3,Rainy,High,Completed
O04579,C00782,R0094,2025-03-09 21:00:00,519.6,4,Clear,Low,Completed
O04580,C00624,R0013,2025-03-20 06:00:00,874.9,2,Cloudy,Medium,Completed
O04581,C00567,R0030,2025-01-06 03:00:00,924.45,3,Clear,Low,Cancelled
O04582,C01417,R0057,2025-01-11 08:00:00,1493.96,5,Cloudy,Medium,Completed
O04583,C00527,R0030,2025-03-24 03:00:00,1274.95,6,Rainy,Low,Completed
O04584,C00037,R0071,2025-02-23 22:00:00,263.14,6,Clear,High,Completed
O04585,C00178,R0010,2025-03-02 12:00:00,684.63,5,Clear,High,Completed
O04586,C00639,R0099,2025-03-08 09:00:00,998.79,2,Clear,High,Completed
O04587,C01653,R0066,2025-01-30 16:00:00,1499.79,3,Rainy,Low,Completed
O04588,C00852,R0094,2025-01-11 06:00:00,1512.78,1,Clear,High,Completed
O04589,C00072,R0083,2025-01-21 00:00:00,1032.03,1,Clear,Medium,Completed
O04590,C00352,R0039,2025-03-02 08:00:00,322.17,1,Clear,Medium,Completed
O04591,C00623,R0037,2025-02-12 20:00:00,656.52,3,Clear,Low,Completed
O04592,C01173,R0003,2025-03-25 21:00:00,583.92,6,Clear,Medium,Completed
O04593,C01721,R0089,2025-01-20 02:00:00,1583.95,3,Rainy,Medium,Completed
O04594,C00105,R0034,2025-01-25 16:00:00,441.97,3,Clear,Medium,Completed
O04595,C01683,R0086,2025-01-21 17:00:00,983.35,4,Rainy,Low,Completed
O04596,C00221,R0038,2025-03-30 22:00:00,1374.37,6,Rainy,Medium,Completed
O04597,C01850,R0014,2025-02-24 20:00:00,1933.09,1,Cloudy,Medium,Completed
O04598,C00863,R0064,2025-01-09 04:00:00,1998.56,1,Clear,Low,Completed
O04599,C01398,R0039,2025-01-02 02:00:00,1910.55,1,Cloudy,High,Completed
O04600,C00518,R0054,2025-03-13 13:00:00,1464.66,6,Clear,Low,Completed
O04601,C01284,R0002,2025-02-16 09:00:00,1518.24,4,Rainy,Medium,Completed
O04602,C00299,R0096,2025-03-01 22:00:00,1542.5,4,Clear,Low,Cancelled
O04603,C00861,R0043,2025-01-26 02:00:00,1738.95,3,Clear,Medium,Completed
O04604,C00042,R0053,2025-02-15 11:00:00,1908.39,6,Clear,High,Completed
O04605,C00771,R0003,2025-01-16 01:00:00,946.84,6,Rainy,Medium,Completed
O04606,C00897,R0041,2025-02-23 11:00:00,891.37,1,Rainy,Low,Completed
O04607,C00492,R0008,2025-02-15 06:00:00,974.88,1,Cloudy,High,Completed
O04608,C01463,R0090,2025-03-25 23:00:00,1353.65,6,Rainy,Low,Completed
O04609,C01807,R0096,2025-02-10 11:00:00,1573.35,5,Rainy,Low,Completed
O04610,C01071,R0075,2025-03-13 11:00:00,1754.03,6,Clear,Medium,Completed
O04611,C00085,R0063,2025-03-10 14:00:00,966.8,5,Cloudy,High,Completed
O04612,C01710,R0065,2025-03-13 22:00:00,790.41,5,Cloudy,Low,Completed
O04613,C01082,R0079,2025-02-07 19:00:00,1968.37,4,Cloudy,Medium,Completed
O04614,C00991,R0004,2025-01-11 05:00:00,540.59,3,Clear,Medium,Completed
O04615,C00711,R0068,2025-01-15 10:00:00,521.81,2,Rainy,Medium,Completed
O04616,C00209,R0092,2025-03-23 16:00:00,1459.27,1,Clear,Low,Completed
O04617,C01272,R0010,2025-01-16 11:00:00,441.35,5,Cloudy,High,Completed
O04618,C01235,R0075,2025-02-03 16:00:00,858.88,1,Clear,Low,Completed
O04619,C00039,R0050,2025-01-07 15:00:00,655.53,1,Clear,Low,Completed
O04620,C01276,R0023,2025-02-17 22:00:00,420.55,1,Cloudy,Low,Completed
O04621,C01667,R0061,2025-02-25 14:00:00,1201.44,6,Clear,High,Completed
O04622,C00926,R0047,2025-01-22 13:00:00,809.67,3,Clear,Low,Completed
O04623,C01827,R0003,2025-02-23 16:00:00,978.24,1,Clear,Low,Completed
O04624,C00762,R0017,2025-02-01 01:00:00,472.14,3,Clear,Low,Completed
O04625,C01977,R0022,2025-01-18 11:00:00,1558.95,2,Cloudy,Medium,Completed
O04626,C01437,R0091,2025-03-06 15:00:00,697.95,2,Rainy,High,Completed
O04627,C00946,R0016,2025-01-06 19:00:00,751.16,4,Clear,High,Completed
O04628,C01470,R0080,2025-03-18 08:00:00,579.09,1,Cloudy,High,Cancelled
O04629,C00052,R0003,2025-01-30 10:00:00,925.37,5,Rainy,High,Completed
O04630,C00374,R0052,2025-01-30 01:00:00,980.8,4,Cloudy,Medium,Completed
O04631,C01550,R0033,2025-01-20 18:00:00,1106.37,6,Clear,High,Completed
O04632,C00931,R0042,2025-03-11 04:00:00,1938.38,4,Rainy,High,Completed
O04633,C00156,R0002,2025-03-21 05:00:00,1818.91,2,Rainy,Low,Completed
O04634,C01978,R0039,2025-01-22 06:00:00,1257.85,5,Clear,Low,Completed
O04635,C01566,R0046,2025-01-23 09:00:00,173.92,1,Clear,Medium,Cancelled
O04636,C01114,R0048,2025-03-06 00:00:00,1263.29,1,Rainy,High,Completed
O04637,C01927,R0027,2025-02-23 16:00:00,270.37,2,Cloudy,Low,Completed
O04638,C00679,R0015,2025-02-26 22:00:00,1449.65,6,Clear,High,Completed
O04639,C00351,R0007,2025-02-14 05:00:00,841.15,3,Cloudy,Low,Cancelled
O04640,C00069,R0057,2025-01-10 16:00:00,1691.62,2,Cloudy,Medium,Completed
O04641,C01187,R0042,2025-01-13 19:00:00,1890.81,5,Clear,Medium,Completed
O04642,C01266,R0009,2025-01-17 18:00:00,892.51,3,Cloudy,Medium,Completed
O04643,C01519,R0006,2025-02-11 12:00:00,975.06,5,Clear,High,Completed
O04644,C01407,R0057,2025-02-23 12:00:00,1221.28,1,Clear,Medium,Completed
O04645,C01076,R0076,2025-03-04 11:00:00,474.55,3,Clear,Low,Completed
O04646,C00654,R0030,2025-02-01 05:00:00,1861.93,5,Clear,Medium,Completed
O04647,C00063,R0055,2025-02-17 01:00:00,922.7,1,Clear,Medium,Completed
O04648,C00509,R0084,2025-01-13 15:00:00,416.96,5,Clear,High,Completed
O04649,C00292,R0084,2025-03-03 06:00:00,1549.19,3,Clear,Medium,Completed
O04650,C01115,R0054,2025-02-14 05:00:00,516.39,1,Cloudy,Medium,Completed
O04651,C01688,R0027,2025-02-05 14:00:00,372.71,5,Rainy,High,Cancelled
O04652,C01448,R0084,2025-02-14 13:00:00,1169.46,4,Rainy,High,Completed
O04653,C01693,R0059,2025-03-14 17:00:00,1375.84,3,Clear,High,Completed
O04654,C00821,R0007,2025-03-09 20:00:00,1182.17,3,Cloudy,High,Completed
O04655,C01389,R0040,2025-02-22 06:00:00,1347.37,3,Clear,Medium,Completed
O04656,C00150,R0094,2025-02-04 01:00:00,319.5,6,Clear,High,Completed
O04657,C01864,R0072,2025-03-14 09:00:00,1004.43,1,Clear,Low,Completed
O04658,C01295,R0002,2025-02-10 12:00:00,778.34,3,Rainy,Medium,Completed
O04659,C00881,R0014,2025-01-02 13:00:00,1949.4,5,Cloudy,Low,Completed
O04660,C01605,R0010,2025-02-19 02:00:00,194.29,4,Clear,Low,Completed
O04661,C01140,R0050,2025-01-05 08:00:00,666.76,5,Cloudy,Medium,Completed
O04662,C00704,R0018,2025-01-11 14:00:00,1889.54,5,Clear,Low,Completed
O04663,C00516,R0018,2025-03-24 13:00:00,1968.64,3,Clear,Low,Completed
O04664,C01611,R0016,2025-01-25 14:00:00,1667.31,4,Rainy,Low,Cancelled
O04665,C01938,R0052,2025-01-22 20:00:00,244.4,4,Cloudy,Medium,Completed
O04666,C01834,R0069,2025-01-16 09:00:00,1166.57,4,Cloudy,Medium,Completed
O04667,C01265,R0052,2025-01-05 05:00:00,860.23,4,Clear,High,Completed
O04668,C00030,R0031,2025-01-28 15:00:00,1632.26,2,Clear,Medium,Completed
O04669,C01167,R0084,2025-01-29 17:00:00,204.55,4,Cloudy,Medium,Completed
O04670,C00326,R0023,2025-03-22 06:00:00,474.54,3,Clear,Medium,Completed
O04671,C01719,R0096,2025-03-05 23:00:00,1029.47,6,Clear,High,Cancelled
O04672,C00949,R0042,2025-03-26 12:00:00,399.53,4,Cloudy,Low,Completed
O04673,C00016,R0081,2025-02-08 18:00:00,1416.16,5,Clear,Low,Cancelled
O04674,C00111,R0062,2025-03-19 08:00:00,1659.46,2,Clear,Medium,Completed
O04675,C00872,R0077,2025-03-24 21:00:00,1438.59,5,Cloudy,High,Cancelled
O04676,C00713,R0050,2025-03-20 13:00:00,936.54,3,Rainy,Medium,Completed
O04677,C00107,R0077,2025-02-10 17:00:00,1768.94,3,Clear,Medium,Completed
O04678,C00379,R0081,2025-03-25 02:00:00,361.6,6,Rainy,Medium,Completed
O04679,C00162,R0015,2025-01-16 19:00:00,594.64,6,Cloudy,High,Completed
O04680,C00283,R0090,2025-03-05 01:00:00,1030.13,4,Cloudy,Medium,Completed
O04681,C00269,R0044,2025-02-17 20:00:00,216.54,6,Cloudy,Medium,Cancelled
O04682,C00484,R0092,2025-03-28 21:00:00,281.8,3,Cloudy,Low,Completed
O04683,C00667,R0042,2025-02-02 12:00:00,855.14,2,Clear,High,Completed
O04684,C01097,R0045,2025-01-13 21:00:00,1893.38,6,Rainy,High,Completed
O04685,C01221,R0094,2025-01-24 03:00:00,1825.99,5,Clear,Low,Completed
O04686,C01267,R0035,2025-01-17 12:00:00,985.35,3,Clear,Low,Completed
O04687,C00598,R0022,2025-03-20 11:00:00,370.1,6,Clear,High,Cancelled
O04688,C00799,R0074,2025-02-18 17:00:00,438.4,6,Clear,High,Completed
O04689,C01283,R0075,2025-01-09 08:00:00,817.34,3,Rainy,Medium,Cancelled
O04690,C00798,R0038,2025-03-20 18:00:00,499.14,2,Clear,Low,Completed
O04691,C01173,R0097,2025-01-01 11:00:00,257.65,1,Rainy,Low,Completed
O04692,C01891,R0070,2025-02-14 19:00:00,1380.18,1,Cloudy,High,Completed
O04693,C00390,R0064,2025-03-24 08:00:00,1204.75,2,Rainy,Medium,Completed
O04694,C00416,R0007,2025-02-25 05:00:00,653.46,3,Rainy,Medium,Completed
O04695,C00426,R0044,2025-03-20 23:00:00,1580.0,2,Rainy,Low,Completed
O04696,C00997,R0076,2025-02-08 07:00:00,1574.3,2,Clear,Low,Completed
O04697,C01726,R0007,2025-02-06 06:00:00,1032.9,1,Rainy,Low,Completed
O04698,C01241,R0066,2025-01-16 05:00:00,283.41,4,Clear,High,Completed
O04699,C01952,R0060,2025-01-28 08:00:00,1845.09,6,Clear,Medium,Completed
O04700,C00867,R0001,2025-01-07 16:00:00,1370.45,3,Cloudy,High,Cancelled
O04701,C00086,R0062,2025-01-08 06:00:00,569.4,5,Cloudy,High,Completed
O04702,C01240,R0087,2025-03-04 15:00:00,1259.86,2,Clear,Medium,Completed
O04703,C00423,R0089,2025-01-23 16:00:00,869.54,1,Rainy,Medium,Completed
O04704,C01344,R0018,2025-03-15 09:00:00,1307.16,4,Clear,Low,Completed
O04705,C00118,R0007,2025-02-09 20:00:00,1000.35,3,Clear,Medium,Completed
O04706,C01950,R0054,2025-01-19 19:00:00,1022.4,2,Clear,Medium,Cancelled
O04707,C00959,R0067,2025-01-04 09:00:00,1498.18,1,Clear,Medium,Completed
O04708,C00882,R0093,2025-02-21 12:00:00,1266.08,2,Clear,High,Cancelled
O04709,C00992,R0010,2025-02-03 23:00:00,251.91,5,Clear,Medium,Completed
O04710,C00415,R0061,2025-01-19 14:00:00,224.21,3,Clear,High,Cancelled
O04711,C00599,R0059,2025-03-09 11:00:00,679.52,6,Rainy,Low,Completed
O04712,C00040,R0059,2025-03-16 17:00:00,917.47,3,Clear,Medium,Completed
O04713,C01185,R0069,2025-02-01 04:00:00,622.92,3,Clear,Low,Completed
O04714,C00703,R0063,2025-02-18 21:00:00,1337.77,3,Clear,High,Completed
O04715,C00537,R0098,2025-03-21 13:00:00,470.71,1,Cloudy,Medium,Cancelled
O04716,C00420,R0008,2025-03-06 20:00:00,1437.87,5,Rainy,Medium,Completed
O04717,C00664,R0078,2025-01-27 21:00:00,1568.99,2,Rainy,Medium,Cancelled
O04718,C00095,R0055,2025-01-16 18:00:00,336.21,1,Clear,Low,Completed
O04719,C01466,R0006,2025-02-17 12:00:00,1336.53,4,Clear,Medium,Cancelled
O04720,C01959,R0001,2025-02-09 00:00:00,1926.73,3,Clear,High,Completed
O04721,C01582,R0056,2025-03-25 21:00:00,466.37,3,Cloudy,Low,Completed
O04722,C00973,R0097,2025-01-28 13:00:00,1827.68,2,Clear,High,Completed
O04723,C00650,R0075,2025-02-25 20:00:00,1251.49,3,Clear,Medium,Completed
O04724,C01490,R0088,2025-02-06 11:00:00,1222.8,3,Clear,Low,Completed
O04725,C00288,R0010,2025-01-01 11:00:00,198.65,2,Rainy,Medium,Completed
O04726,C01889,R0023,2025-02-16 09:00:00,1521.77,5,Rainy,Low,Completed
O04727,C01700,R0016,2025-01-17 03:00:00,1008.72,1,Clear,Medium,Completed
O04728,C00412,R0016,2025-03-30 18:00:00,1470.23,5,Clear,Medium,Cancelled
O04729,C00400,R0056,2025-03-21 23:00:00,1637.44,2,Rainy,Low,Completed
O04730,C00528,R0095,2025-01-17 11:00:00,1095.21,6,Clear,Low,Completed
O04731,C01042,R0006,2025-01-27 15:00:00,600.92,6,Rainy,Medium,Completed
O04732,C00136,R0030,2025-01-05 03:00:00,368.99,6,Clear,High,Completed
O04733,C01488,R0063,2025-01-20 00:00:00,404.96,3,Cloudy,Medium,Completed
O04734,C00759,R0001,2025-03-26 06:00:00,1747.18,3,Clear,Medium,Cancelled
O04735,C01272,R0051,2025-01-04 01:00:00,334.8,5,Rainy,High,Completed
O04736,C00843,R0089,2025-03-19 15:00:00,830.92,4,Rainy,Medium,Completed
O04737,C00710,R0046,2025-01-08 06:00:00,735.12,1,Clear,Low,Completed
O04738,C01025,R0021,2025-03-15 08:00:00,1744.37,3,Cloudy,Medium,Completed
O04739,C01726,R0099,2025-01-21 16:00:00,1007.62,2,Clear,High,Completed
O04740,C00381,R0038,2025-02-23 20:00:00,1993.25,5,Clear,Medium,Completed
O04741,C00509,R0069,2025-01-18 19:00:00,1500.4,1,Rainy,High,Completed
O04742,C01484,R0063,2025-01-02 10:00:00,1716.75,6,Clear,Medium,Completed
O04743,C01529,R0050,2025-02-28 02:00:00,287.48,4,Rainy,Medium,Completed
O04744,C00806,R0012,2025-02-27 12:00:00,580.89,6,Rainy,Low,Cancelled
O04745,C00476,R0069,2025-01-08 07:00:00,357.35,6,Clear,Medium,Completed
O04746,C01581,R0073,2025-01-25 15:00:00,980.88,3,Rainy,Medium,Completed
O04747,C00954,R0044,2025-02-19 10:00:00,1464.75,5,Clear,Medium,Completed
O04748,C00849,R0052,2025-02-08 01:00:00,421.22,3,Clear,High,Completed
O04749,C00897,R0009,2025-02-23 18:00:00,347.32,5,Clear,Low,Completed
O04750,C00032,R0099,2025-03-08 02:00:00,1267.76,4,Cloudy,Medium,Completed
O04751,C01928,R0065,2025-02-24 06:00:00,537.59,2,Clear,Low,Completed
O04752,C00118,R0010,2025-02-25 06:00:00,1010.72,2,Rainy,Low,Completed
O04753,C01832,R0046,2025-02-09 16:00:00,197.12,1,Rainy,Medium,Completed
O04754,C01208,R0100,2025-02-05 20:00:00,1393.16,3,Clear,High,Completed
O04755,C00191,R0058,2025-02-22 21:00:00,1128.5,3,Cloudy,High,Completed
O04756,C01771,R0037,2025-01-10 17:00:00,1330.1,3,Cloudy,Medium,Cancelled
O04757,C01774,R0052,2025-03-02 22:00:00,623.27,2,Cloudy,High,Completed
O04758,C01752,R0099,2025-03-17 09:00:00,629.35,1,Clear,Medium,Completed
O04759,C00074,R0081,2025-02-18 20:00:00,1622.59,2,Clear,Medium,Completed
O04760,C00623,R0013,2025-01-03 07:00:00,1465.27,6,Rainy,Medium,Completed
O04761,C01127,R0006,2025-02-03 20:00:00,1201.48,5,Clear,Medium,Completed
O04762,C00871,R0058,2025-03-19 01:00:00,1293.47,3,Clear,High,Completed
O04763,C00586,R0048,2025-03-23 15:00:00,278.68,5,Cloudy,Medium,Completed
O04764,C00420,R0032,2025-02-15 06:00:00,1726.73,6,Rainy,Low,Completed
O04765,C00473,R0011,2025-02-03 13:00:00,1562.82,4,Clear,High,Completed
O04766,C01788,R0081,2025-03-07 15:00:00,1221.93,5,Cloudy,Medium,Completed
O04767,C00114,R0005,2025-01-25 23:00:00,1845.33,5,Clear,High,Completed
O04768,C01403,R0006,2025-01-26 11:00:00,420.41,5,Cloudy,Low,Completed
O04769,C01337,R0074,2025-02-21 14:00:00,1404.65,2,Clear,High,Completed
O04770,C00330,R0097,2025-03-23 05:00:00,1929.67,5,Cloudy,Medium,Completed
O04771,C00339,R0094,2025-03-05 18:00:00,689.02,6,Clear,Medium,Cancelled
O04772,C00238,R0021,2025-01-24 08:00:00,129.06,3,Cloudy,High,Completed
O04773,C01197,R0042,2025-01-27 02:00:00,1496.25,1,Cloudy,Medium,Completed
O04774,C00079,R0081,2025-03-09 02:00:00,113.26,4,Rainy,High,Completed
O04775,C00464,R0027,2025-01-29 02:00:00,1757.81,3,Clear,High,Completed
O04776,C01922,R0003,2025-01-03 00:00:00,206.97,1,Cloudy,Low,Completed
O04777,C00605,R0060,2025-02-27 18:00:00,1340.25,3,Clear,Low,Completed
O04778,C01988,R0093,2025-03-21 06:00:00,816.65,5,Clear,Medium,Completed
O04779,C01525,R0066,2025-01-27 02:00:00,486.35,4,Clear,High,Completed
O04780,C00562,R0093,2025-01-12 12:00:00,1806.69,3,Clear,Low,Completed
O04781,C00285,R0049,2025-03-29 06:00:00,1517.87,4,Clear,Low,Completed
O04782,C00223,R0100,2025-01-09 23:00:00,746.84,2,Cloudy,Medium,Completed
O04783,C00593,R0034,2025-01-10 13:00:00,639.89,2,Cloudy,Medium,Completed
O04784,C01290,R0037,2025-03-12 05:00:00,1498.42,5,Clear,Low,Completed
O04785,C01691,R0042,2025-02-24 14:00:00,1689.48,5,Cloudy,High,Completed
O04786,C00373,R0065,2025-01-02 21:00:00,1460.12,2,Clear,Low,Cancelled
O04787,C01257,R0060,2025-03-18 12:00:00,1315.98,3,Rainy,Low,Completed
O04788,C00911,R0090,2025-02-13 05:00:00,533.06,1,Clear,Medium,Completed
O04789,C00828,R0001,2025-01-27 08:00:00,1720.33,1,Clear,Medium,Completed
O04790,C00236,R0059,2025-02-11 02:00:00,1524.36,2,Clear,Low,Completed
O04791,C00671,R0004,2025-01-14 20:00:00,1082.82,1,Clear,High,Completed
O04792,C01941,R0014,2025-03-20 07:00:00,1072.02,3,Clear,Low,Completed
O04793,C00828,R0018,2025-01-22 02:00:00,1181.43,1,Clear,Low,Completed
O04794,C00763,R0034,2025-01-05 20:00:00,1673.73,6,Rainy,High,Completed
O04795,C01338,R0001,2025-02-09 06:00:00,1510.29,1,Rainy,Low,Completed
O04796,C01961,R0053,2025-01-27 11:00:00,1726.87,6,Cloudy,High,Completed
O04797,C01966,R0022,2025-03-08 05:00:00,1063.84,2,Clear,Low,Completed
O04798,C01837,R0080,2025-03-02 22:00:00,1286.83,4,Clear,Low,Completed
O04799,C00380,R0061,2025-03-24 23:00:00,1723.69,4,Clear,Low,Completed
O04800,C00794,R0022,2025-02-06 04:00:00,541.41,3,Clear,Medium,Completed
O04801,C00614,R0050,2025-02-23 22:00:00,943.64,4,Clear,Medium,Completed
O04802,C00563,R0016,2025-03-14 06:00:00,1279.24,5,Cloudy,Medium,Completed
O04803,C00420,R0028,2025-01-05 16:00:00,1838.78,2,Rainy,Medium,Cancelled
O04804,C00052,R0092,2025-01-18 18:00:00,130.09,6,Clear,Medium,Completed
O04805,C01745,R0086,2025-02-18 06:00:00,503.89,6,Clear,Medium,Completed
O04806,C00819,R0070,2025-02-14 10:00:00,545.46,4,Clear,High,Completed
O04807,C01667,R0089,2025-01-12 19:00:00,720.56,1,Clear,High,Completed
O04808,C01533,R0042,2025-02-04 17:00:00,635.39,4,Rainy,High,Completed
O04809,C01806,R0066,2025-01-10 13:00:00,1221.26,2,Clear,Medium,Completed
O04810,C01969,R0071,2025-03-21 23:00:00,1782.68,1,Cloudy,Medium,Completed
O04811,C00205,R0081,2025-03-11 10:00:00,1310.26,1,Clear,Low,Cancelled
O04812,C01001,R0035,2025-01-17 00:00:00,558.9,6,Clear,Low,Completed
O04813,C00731,R0020,2025-01-07 14:00:00,1741.13,2,Clear,Medium,Completed
O04814,C00257,R0002,2025-02-04 07:00:00,1300.89,3,Clear,High,Completed
O04815,C00185,R0007,2025-01-09 15:00:00,516.03,3,Cloudy,Medium,Completed
O04816,C00145,R0096,2025-01-08 05:00:00,787.17,2,Rainy,Medium,Completed
O04817,C01714,R0049,2025-03-17 23:00:00,1600.93,6,Clear,High,Completed
O04818,C01038,R0083,2025-02-16 00:00:00,1503.97,2,Cloudy,Low,Completed
O04819,C00246,R0076,2025-02-13 09:00:00,1195.51,2,Clear,Medium,Completed
O04820,C00187,R0009,2025-02-12 08:00:00,375.06,1,Rainy,Low,Completed
O04821,C01361,R0027,2025-01-30 11:00:00,1626.25,1,Rainy,Medium,Completed
O04822,C01283,R0078,2025-02-27 15:00:00,684.33,2,Clear,Medium,Completed
O04823,C00866,R0002,2025-03-20 19:00:00,1566.04,6,Rainy,Low,Completed
O04824,C00040,R0085,2025-02-24 06:00:00,1330.38,1,Cloudy,Medium,Completed
O04825,C00601,R0068,2025-01-29 04:00:00,601.92,5,Rainy,Medium,Completed
O04826,C01661,R0060,2025-01-28 13:00:00,503.5,2,Cloudy,Low,Completed
O04827,C00962,R0085,2025-03-07 03:00:00,348.73,1,Clear,High,Completed
O04828,C01442,R0086,2025-02-22 12:00:00,559.7,3,Cloudy,Low,Completed
O04829,C00986,R0049,2025-01-15 21:00:00,399.88,2,Cloudy,Medium,Completed
O04830,C01375,R0002,2025-02-24 12:00:00,1272.4,2,Clear,High,Completed
O04831,C00009,R0017,2025-02-24 20:00:00,1237.69,2,Cloudy,Low,Completed
O04832,C00350,R0083,2025-01-18 10:00:00,1213.73,4,Cloudy,High,Completed
O04833,C00084,R0088,2025-03-04 03:00:00,1319.59,2,Rainy,Medium,Completed
O04834,C00533,R0020,2025-01-27 17:00:00,1648.09,3,Cloudy,High,Completed
O04835,C00989,R0076,2025-03-08 09:00:00,1835.75,1,Clear,Medium,Completed
O04836,C01817,R0089,2025-01-22 02:00:00,537.71,2,Rainy,Medium,Completed
O04837,C00358,R0087,2025-03-12 01:00:00,1216.77,6,Cloudy,Medium,Completed
O04838,C00378,R0098,2025-03-04 13:00:00,248.84,5,Clear,High,Completed
O04839,C00172,R0032,2025-02-27 17:00:00,328.27,6,Clear,Medium,Completed
O04840,C01049,R0051,2025-01-13 23:00:00,1343.24,6,Cloudy,Low,Completed
O04841,C00393,R0088,2025-03-11 01:00:00,1024.5,1,Clear,Medium,Completed
O04842,C01127,R0042,2025-01-11 04:00:00,1540.83,3,Rainy,High,Completed
O04843,C00702,R0063,2025-01-20 20:00:00,908.79,4,Rainy,Low,Completed
O04844,C01260,R0089,2025-01-26 14:00:00,342.44,3,Clear,Medium,Completed
O04845,C01434,R0061,2025-01-11 09:00:00,1756.9,6,Clear,Medium,Completed
O04846,C01849,R0062,2025-03-08 11:00:00,257.49,4,Cloudy,High,Completed
O04847,C00549,R0003,2025-03-15 21:00:00,459.03,1,Clear,Medium,Completed
O04848,C00784,R0089,2025-03-22 09:00:00,626.26,4,Clear,Medium,Completed
O04849,C01829,R0092,2025-03-20 03:00:00,1991.03,1,Clear,Low,Completed
O04850,C00332,R0076,2025-01-22 06:00:00,892.03,3,Cloudy,High,Completed
O04851,C01688,R0026,2025-03-11 13:00:00,1053.25,6,Rainy,Low,Cancelled
O04852,C00794,R0048,2025-03-20 00:00:00,1562.42,3,Clear,Medium,Completed
O04853,C01556,R0008,2025-02-02 05:00:00,1309.19,4,Cloudy,Medium,Completed
O04854,C00649,R0005,2025-02-26 21:00:00,1698.7,5,Clear,Medium,Completed
O04855,C00983,R0011,2025-02-08 11:00:00,1024.22,6,Rainy,Medium,Cancelled
O04856,C01895,R0042,2025-01-04 01:00:00,1947.14,6,Clear,High,Completed
O04857,C01053,R0099,2025-02-03 16:00:00,1613.94,3,Clear,High,Completed
O04858,C00543,R0091,2025-02-13 13:00:00,862.59,4,Clear,Medium,Completed
O04859,C01043,R0041,2025-03-30 14:00:00,824.42,2,Clear,Low,Completed
O04860,C01172,R0019,2025-01-10 18:00:00,1866.03,1,Clear,High,Completed
O04861,C01495,R0048,2025-01-27 17:00:00,1400.39,2,Clear,Medium,Completed
O04862,C00491,R0053,2025-01-26 20:00:00,1280.72,2,Clear,Medium,Completed
O04863,C00283,R0055,2025-02-11 00:00:00,1539.88,2,Clear,High,Completed
O04864,C00862,R0061,2025-02-24 02:00:00,1165.58,4,Clear,High,Completed
O04865,C01877,R0032,2025-03-09 09:00:00,402.42,3,Clear,Medium,Cancelled
O04866,C01836,R0046,2025-03-16 19:00:00,706.51,6,Rainy,High,Completed
O04867,C01699,R0092,2025-02-05 19:00:00,1160.1,2,Cloudy,Low,Completed
O04868,C00113,R0036,2025-03-28 21:00:00,134.52,4,Clear,Low,Completed
O04869,C01479,R0018,2025-01-16 16:00:00,930.97,3,Clear,Medium,Completed
O04870,C01686,R0074,2025-03-21 01:00:00,1536.03,1,Clear,High,Completed
O04871,C01354,R0096,2025-01-16 15:00:00,412.04,3,Clear,Medium,Completed
O04872,C01279,R0018,2025-03-08 20:00:00,222.66,3,Clear,Medium,Cancelled
O04873,C01623,R0012,2025-01-25 18:00:00,1688.46,2,Clear,Low,Completed
O04874,C01423,R0072,2025-02-14 09:00:00,1272.82,4,Cloudy,Medium,Completed
O04875,C00862,R0097,2025-03-25 15:00:00,435.5,6,Rainy,Medium,Completed
O04876,C00610,R0046,2025-02-13 19:00:00,1631.98,5,Clear,Medium,Completed
O04877,C01933,R0055,2025-01-27 04:00:00,1350.45,1,Clear,Medium,Completed
O04878,C00508,R0038,2025-03-05 20:00:00,734.83,4,Clear,Low,Completed
O04879,C01668,R0078,2025-03-18 06:00:00,814.77,6,Clear,Low,Completed
O04880,C00466,R0002,2025-02-19 07:00:00,396.19,2,Clear,Medium,Completed
O04881,C00824,R0009,2025-02-01 01:00:00,1686.99,4,Cloudy,Medium,Completed
O04882,C01431,R0005,2025-02-23 05:00:00,1067.11,6,Clear,High,Completed
O04883,C00609,R0098,2025-03-23 07:00:00,1158.34,5,Clear,Low,Completed
O04884,C01122,R0019,2025-02-25 05:00:00,1778.63,1,Rainy,Low,Completed
O04885,C00290,R0071,2025-02-18 19:00:00,130.08,3,Rainy,Low,Completed
O04886,C00868,R0039,2025-01-10 04:00:00,227.15,6,Cloudy,High,Completed
O04887,C01763,R0042,2025-03-19 23:00:00,407.0,1,Clear,Low,Completed
O04888,C01681,R0017,2025-01-29 11:00:00,157.07,5,Cloudy,Medium,Completed
O04889,C01180,R0063,2025-02-06 11:00:00,1350.5,1,Cloudy,Medium,Completed
O04890,C00782,R0090,2025-02-13 22:00:00,1304.37,6,Clear,Low,Completed
O04891,C00162,R0046,2025-03-23 18:00:00,500.52,1,Cloudy,High,Completed
O04892,C00624,R0091,2025-01-15 12:00:00,383.87,2,Rainy,Medium,Completed
O04893,C01867,R0092,2025-01-10 02:00:00,376.8,3,Cloudy,Low,Completed
O04894,C01721,R0020,2025-02-12 14:00:00,1911.16,5,Clear,Medium,Completed
O04895,C00717,R0070,2025-01-19 17:00:00,1417.66,2,Clear,Medium,Completed
O04896,C01121,R0008,2025-01-21 23:00:00,1212.31,1,Clear,High,Cancelled
O04897,C01401,R0096,2025-01-04 13:00:00,712.73,1,Clear,Medium,Completed
O04898,C00567,R0019,2025-02-23 16:00:00,922.78,4,Rainy,Low,Completed
O04899,C01474,R0032,2025-01-22 18:00:00,269.87,2,Rainy,Medium,Completed
O04900,C00994,R0019,2025-01-27 05:00:00,1996.49,5,Clear,Medium,Completed
O04901,C01141,R0024,2025-01-01 17:00:00,1534.66,5,Clear,Medium,Completed
O04902,C01629,R0024,2025-02-22 20:00:00,1280.76,5,Clear,Medium,Completed
O04903,C01829,R0056,2025-02-19 00:00:00,1216.76,6,Cloudy,Medium,Completed
O04904,C01988,R0081,2025-03-10 00:00:00,1058.2,6,Cloudy,High,Completed
O04905,C01740,R0018,2025-01-21 19:00:00,589.11,6,Clear,Medium,Completed
O04906,C01818,R0012,2025-01-20 01:00:00,530.14,5,Cloudy,Medium,Completed
O04907,C01530,R0041,2025-01-05 18:00:00,1144.11,1,Cloudy,Low,Completed
O04908,C01213,R0087,2025-02-01 08:00:00,233.38,6,Cloudy,Medium,Completed
O04909,C01500,R0048,2025-02-02 00:00:00,241.49,1,Clear,Medium,Completed
O04910,C01347,R0082,2025-03-19 22:00:00,1165.55,2,Cloudy,High,Cancelled
O04911,C00596,R0064,2025-01-14 09:00:00,1847.64,3,Cloudy,High,Completed
O04912,C01994,R0016,2025-03-24 04:00:00,1837.12,5,Clear,Medium,Completed
O04913,C01204,R0080,2025-01-10 09:00:00,120.57,1,Clear,Medium,Cancelled
O04914,C01810,R0100,2025-01-16 00:00:00,304.05,2,Rainy,Low,Cancelled
O04915,C01205,R0023,2025-03-06 18:00:00,1207.85,5,Clear,Medium,Completed
O04916,C00959,R0086,2025-02-04 17:00:00,1712.1,3,Clear,Low,Completed
O04917,C01717,R0039,2025-01-05 15:00:00,1913.45,5,Clear,High,Completed
O04918,C01013,R0033,2025-01-09 19:00:00,1735.11,6,Clear,Medium,Completed
O04919,C01819,R0024,2025-02-22 08:00:00,1387.46,4,Clear,Medium,Completed
O04920,C01311,R0061,2025-02-09 11:00:00,481.0,5,Clear,Low,Completed
O04921,C00475,R0055,2025-01-07 14:00:00,237.98,4,Rainy,High,Completed
O04922,C00618,R0061,2025-03-21 12:00:00,190.28,3,Rainy,Medium,Completed
O04923,C00641,R0084,2025-02-26 03:00:00,1262.95,4,Cloudy,Low,Completed
O04924,C00262,R0097,2025-02-22 23:00:00,168.76,3,Cloudy,Low,Completed
O04925,C01547,R0095,2025-02-07 22:00:00,1504.56,2,Cloudy,Medium,Completed
O04926,C00162,R0040,2025-01-17 19:00:00,1453.69,4,Cloudy,Medium,Completed
O04927,C01511,R0058,2025-03-18 17:00:00,251.26,6,Rainy,Medium,Cancelled
O04928,C01983,R0072,2025-03-12 10:00:00,1822.58,5,Rainy,Low,Completed
O04929,C00181,R0074,2025-03-02 23:00:00,1091.67,5,Cloudy,Low,Completed
O04930,C00725,R0001,2025-02-22 08:00:00,1818.43,2,Clear,Medium,Completed
O04931,C00469,R0085,2025-01-09 00:00:00,1813.06,1,Clear,Medium,Completed
O04932,C01810,R0025,2025-02-16 18:00:00,474.36,6,Clear,High,Completed
O04933,C00021,R0096,2025-03-24 06:00:00,823.1,6,Clear,High,Completed
O04934,C01299,R0053,2025-03-10 10:00:00,355.79,3,Clear,Medium,Completed
O04935,C00260,R0061,2025-02-11 15:00:00,1572.46,6,Rainy,Medium,Cancelled
O04936,C01357,R0046,2025-03-14 11:00:00,1057.84,1,Rainy,Medium,Cancelled
O04937,C00466,R0074,2025-01-22 18:00:00,1864.73,1,Clear,Medium,Cancelled
O04938,C01140,R0060,2025-01-15 13:00:00,495.61,2,Clear,Medium,Completed
O04939,C01437,R0051,2025-03-14 12:00:00,1407.9,2,Clear,Low,Completed
O04940,C00537,R0073,2025-03-23 00:00:00,1979.55,4,Rainy,High,Completed
O04941,C00952,R0084,2025-03-07 00:00:00,1364.22,6,Rainy,Low,Completed
O04942,C01869,R0048,2025-01-28 03:00:00,230.67,4,Clear,High,Completed
O04943,C00766,R0084,2025-01-27 10:00:00,1218.01,4,Clear,Medium,Completed
O04944,C00959,R0040,2025-03-17 01:00:00,441.7,4,Cloudy,Medium,Completed
O04945,C01947,R0007,2025-01-25 16:00:00,157.96,4,Clear,High,Completed
O04946,C01980,R0075,2025-02-21 07:00:00,736.43,5,Clear,Medium,Completed
O04947,C01747,R0085,2025-02-01 11:00:00,605.6,2,Clear,Medium,Completed
O04948,C01841,R0019,2025-02-24 03:00:00,1598.66,3,Clear,Medium,Completed
O04949,C01857,R0015,2025-01-21 16:00:00,809.99,3,Cloudy,High,Completed
O04950,C00934,R0070,2025-02-02 04:00:00,1492.62,3,Clear,High,Completed
O04951,C00851,R0061,2025-03-08 14:00:00,130.85,3,Rainy,Low,Completed
O04952,C01972,R0056,2025-01-08 15:00:00,128.14,3,Clear,High,Completed
O04953,C01281,R0010,2025-01-02 07:00:00,155.7,5,Clear,Low,Completed
O04954,C01192,R0046,2025-01-12 18:00:00,516.78,2,Clear,Low,Completed
O04955,C01873,R0080,2025-02-04 19:00:00,810.58,6,Rainy,High,Completed
O04956,C00533,R0075,2025-03-02 15:00:00,1254.91,4,Rainy,High,Completed
O04957,C01622,R0057,2025-01-29 13:00:00,1973.24,4,Rainy,Medium,Completed
O04958,C00015,R0035,2025-01-20 05:00:00,773.38,4,Clear,Medium,Completed
O04959,C00050,R0072,2025-02-06 06:00:00,205.75,2,Cloudy,Low,Completed
O04960,C00999,R0092,2025-01-16 07:00:00,470.31,2,Clear,Medium,Completed
O04961,C00304,R0003,2025-01-07 21:00:00,1805.92,6,Clear,Medium,Completed
O04962,C01511,R0066,2025-03-14 00:00:00,1428.82,5,Clear,Low,Completed
O04963,C00416,R0053,2025-01-26 01:00:00,1601.38,5,Clear,Medium,Completed
O04964,C00305,R0078,2025-01-02 13:00:00,335.92,6,Clear,Medium,Completed
O04965,C00196,R0052,2025-01-15 11:00:00,356.48,4,Clear,Medium,Completed
O04966,C01900,R0093,2025-02-21 12:00:00,313.27,6,Clear,Low,Completed
O04967,C00813,R0053,2025-03-26 05:00:00,1728.62,2,Rainy,Low,Completed
O04968,C00800,R0054,2025-01-31 13:00:00,498.94,4,Cloudy,Low,Completed
O04969,C00388,R0047,2025-01-18 17:00:00,1321.99,5,Clear,Medium,Completed
O04970,C00757,R0003,2025-02-22 22:00:00,1080.72,6,Rainy,Medium,Completed
O04971,C01985,R0065,2025-01-27 23:00:00,1134.34,4,Clear,Low,Completed
O04972,C01889,R0015,2025-01-14 07:00:00,471.33,5,Clear,Medium,Completed
O04973,C00455,R0084,2025-01-22 07:00:00,1306.97,1,Clear,Medium,Completed
O04974,C00713,R0086,2025-03-13 18:00:00,181.89,3,Clear,High,Cancelled
O04975,C00705,R0034,2025-03-15 04:00:00,1987.6,1,Clear,High,Completed
O04976,C00848,R0050,2025-03-16 01:00:00,150.84,6,Rainy,Low,Completed
O04977,C01682,R0033,2025-03-06 03:00:00,195.3,4,Clear,Low,Completed
O04978,C01334,R0073,2025-02-09 01:00:00,716.83,4,Rainy,Medium,Completed
O04979,C01151,R0003,2025-02-01 20:00:00,1680.09,2,Clear,Low,Completed
O04980,C00175,R0002,2025-01-28 04:00:00,588.66,3,Rainy,Medium,Completed
O04981,C01158,R0004,2025-03-30 17:00:00,996.68,5,Clear,High,Completed
O04982,C01090,R0016,2025-01-21 00:00:00,134.16,4,Cloudy,Medium,Completed
O04983,C01417,R0054,2025-01-22 11:00:00,249.87,5,Clear,High,Completed
O04984,C01988,R0033,2025-03-11 07:00:00,1255.14,5,Clear,Low,Completed
O04985,C01389,R0009,2025-01-08 18:00:00,469.28,5,Clear,Medium,Completed
O04986,C00279,R0057,2025-01-07 01:00:00,1419.08,1,Clear,Medium,Completed
O04987,C00758,R0040,2025-02-11 21:00:00,1592.24,5,Clear,Medium,Cancelled
O04988,C00363,R0052,2025-01-07 07:00:00,1715.63,2,Clear,Medium,Completed
O04989,C01773,R0082,2025-02-27 18:00:00,354.22,1,Clear,Low,Completed
O04990,C00171,R0016,2025-01-04 20:00:00,965.47,1,Rainy,Medium,Completed
O04991,C01075,R0008,2025-03-19 01:00:00,1899.45,4,Rainy,Medium,Completed
O04992,C01352,R0087,2025-01-26 01:00:00,1566.96,3,Clear,High,Completed
O04993,C01895,R0060,2025-01-03 00:00:00,322.22,3,Cloudy,Medium,Completed
O04994,C00665,R0036,2025-03-21 06:00:00,1054.75,6,Clear,Medium,Completed
O04995,C00592,R0003,2025-02-02 06:00:00,1852.52,4,Rainy,High,Completed
O04996,C00931,R0015,2025-01-23 17:00:00,936.07,3,Clear,High,Completed
O04997,C01169,R0097,2025-03-02 23:00:00,1691.09,5,Clear,Medium,Completed
O04998,C00274,R0082,2025-02-22 12:00:00,1042.1,2,Rainy,Low,Completed
O04999,C01179,R0023,2025-01-28 01:00:00,302.94,5,Rainy,Medium,Cancelled
O05000,C01935,R0003,2025-03-26 07:00:00,380.92,3,Rainy,High,Completed
O05001,C00508,R0030,2025-02-15 00:00:00,188.68,3,Clear,High,Cancelled
O05002,C01873,R0045,2025-01-08 06:00:00,471.1,2,Clear,High,Completed
O05003,C00363,R0017,2025-02-21 13:00:00,1797.87,1,Clear,Low,Completed
O05004,C01349,R0058,2025-03-28 10:00:00,1335.38,1,Rainy,High,Completed
O05005,C00848,R0058,2025-03-22 21:00:00,1503.83,2,Clear,Low,Completed
O05006,C00655,R0096,2025-02-17 14:00:00,1281.16,1,Rainy,High,Cancelled
O05007,C00298,R0057,2025-01-07 02:00:00,834.42,3,Rainy,Low,Completed
O05008,C00494,R0007,2025-02-06 03:00:00,512.04,1,Clear,Medium,Cancelled
O05009,C00546,R0039,2025-03-20 11:00:00,1858.67,3,Cloudy,Low,Completed
O05010,C00304,R0078,2025-01-31 22:00:00,1078.18,4,Clear,Low,Completed
O05011,C01491,R0058,2025-03-05 10:00:00,1014.09,5,Clear,Low,Completed
O05012,C00904,R0056,2025-01-30 13:00:00,1992.6,1,Cloudy,Medium,Completed
O05013,C00239,R0015,2025-02-26 06:00:00,829.47,4,Clear,High,Completed
O05014,C00650,R0044,2025-02-15 13:00:00,1722.84,6,Clear,Medium,Completed
O05015,C01790,R0012,2025-03-23 08:00:00,1738.45,1,Cloudy,Low,Completed
O05016,C01541,R0008,2025-03-08 21:00:00,542.07,4,Cloudy,Low,Completed
O05017,C00884,R0080,2025-03-12 01:00:00,280.2,2,Clear,Low,Completed
O05018,C01200,R0041,2025-03-19 06:00:00,1953.68,4,Clear,Low,Completed
O05019,C01909,R0034,2025-01-24 08:00:00,909.2,3,Clear,Medium,Completed
O05020,C00410,R0046,2025-02-07 03:00:00,104.22,2,Rainy,Medium,Completed
O05021,C00726,R0088,2025-01-25 20:00:00,1048.13,2,Cloudy,High,Completed
O05022,C01388,R0029,2025-01-19 17:00:00,1276.67,3,Clear,Medium,Completed
O05023,C01047,R0016,2025-03-27 11:00:00,1574.57,1,Clear,Medium,Completed
O05024,C00318,R0005,2025-03-18 01:00:00,1891.59,2,Clear,High,Completed
O05025,C00525,R0005,2025-02-22 01:00:00,1838.82,1,Clear,Medium,Completed
O05026,C00905,R0030,2025-02-18 21:00:00,1886.26,5,Clear,Medium,Completed
O05027,C01777,R0050,2025-03-12 03:00:00,161.04,4,Clear,High,Completed
O05028,C01300,R0005,2025-02-19 22:00:00,1452.37,4,Clear,Medium,Completed
O05029,C01024,R0013,2025-02-12 01:00:00,529.13,3,Cloudy,Low,Completed
O05030,C01628,R0099,2025-03-15 19:00:00,456.35,3,Rainy,Medium,Completed
O05031,C00620,R0049,2025-03-13 03:00:00,1620.61,6,Clear,Medium,Completed
O05032,C00953,R0089,2025-01-19 07:00:00,892.55,4,Cloudy,Medium,Completed
O05033,C01253,R0050,2025-02-24 12:00:00,1841.54,5,Cloudy,Medium,Completed
O05034,C01688,R0014,2025-03-26 14:00:00,180.63,3,Rainy,High,Cancelled
O05035,C01132,R0046,2025-03-23 23:00:00,1624.14,5,Clear,Medium,Completed
O05036,C00801,R0090,2025-01-11 05:00:00,359.99,6,Rainy,Low,Completed
O05037,C00916,R0082,2025-03-06 06:00:00,435.5,3,Rainy,Medium,Cancelled
O05038,C01980,R0084,2025-02-21 13:00:00,1006.97,2,Clear,Low,Completed
O05039,C01200,R0034,2025-03-09 05:00:00,851.62,6,Clear,Low,Completed
O05040,C00320,R0071,2025-03-13 20:00:00,1023.73,1,Cloudy,Low,Completed
O05041,C01310,R0047,2025-02-09 16:00:00,1886.05,4,Clear,High,Cancelled
O05042,C00876,R0060,2025-01-12 18:00:00,1349.04,1,Clear,Medium,Completed
O05043,C00329,R0074,2025-03-22 20:00:00,651.59,6,Clear,Low,Completed
O05044,C01901,R0079,2025-01-08 03:00:00,428.53,4,Clear,High,Completed
O05045,C00753,R0081,2025-02-21 20:00:00,898.09,6,Clear,High,Completed
O05046,C00657,R0011,2025-02-16 14:00:00,958.12,3,Cloudy,High,Completed
O05047,C01380,R0098,2025-03-20 10:00:00,1242.46,1,Rainy,Low,Completed
O05048,C01038,R0091,2025-03-29 03:00:00,605.41,6,Clear,Low,Completed
O05049,C01299,R0085,2025-01-26 00:00:00,1558.27,6,Cloudy,Low,Completed
O05050,C00071,R0095,2025-03-26 07:00:00,287.07,5,Clear,High,Completed
O05051,C00827,R0050,2025-01-20 10:00:00,1164.86,6,Clear,Medium,Completed
O05052,C01219,R0004,2025-03-14 10:00:00,1284.71,3,Clear,Low,Completed
O05053,C00865,R0041,2025-01-13 08:00:00,492.98,6,Cloudy,High,Completed
O05054,C01836,R0059,2025-02-12 11:00:00,1669.42,2,Clear,Medium,Completed
O05055,C00928,R0060,2025-03-06 11:00:00,1269.32,1,Clear,High,Completed
O05056,C01903,R0081,2025-03-21 02:00:00,1326.87,1,Clear,Medium,Completed
O05057,C01547,R0062,2025-01-28 12:00:00,1045.71,2,Cloudy,Medium,Completed
O05058,C00106,R0084,2025-01-28 05:00:00,1828.23,4,Clear,Medium,Completed
O05059,C00770,R0025,2025-02-03 09:00:00,1418.46,3,Clear,Medium,Cancelled
O05060,C00893,R0087,2025-01-15 04:00:00,825.49,2,Clear,Low,Completed
O05061,C00196,R0079,2025-01-30 07:00:00,553.35,6,Cloudy,Low,Completed
O05062,C00145,R0033,2025-02-05 12:00:00,235.02,5,Clear,High,Completed
O05063,C01756,R0019,2025-01-13 17:00:00,414.19,3,Cloudy,High,Completed
O05064,C01374,R0057,2025-03-22 13:00:00,1986.1,2,Rainy,Medium,Completed
O05065,C01448,R0015,2025-03-16 11:00:00,872.86,2,Clear,Medium,Completed
O05066,C00471,R0041,2025-02-06 09:00:00,1807.51,1,Rainy,Low,Completed
O05067,C01710,R0069,2025-03-07 21:00:00,424.08,1,Cloudy,Medium,Completed
O05068,C00216,R0080,2025-01-21 14:00:00,908.19,1,Clear,Medium,Completed
O05069,C01117,R0060,2025-03-12 05:00:00,1924.99,3,Rainy,Medium,Completed
O05070,C00260,R0096,2025-03-08 21:00:00,273.15,6,Cloudy,Medium,Completed
O05071,C00934,R0022,2025-03-06 01:00:00,1228.57,4,Clear,Medium,Completed
O05072,C00575,R0043,2025-03-10 03:00:00,1846.43,3,Rainy,Medium,Completed
O05073,C01565,R0032,2025-02-07 07:00:00,1904.4,1,Clear,Medium,Completed
O05074,C01811,R0013,2025-02-18 15:00:00,1707.41,1,Cloudy,Medium,Completed
O05075,C01883,R0038,2025-03-19 13:00:00,1726.28,3,Clear,High,Completed
O05076,C00285,R0026,2025-02-01 12:00:00,1339.15,6,Cloudy,Medium,Completed
O05077,C00484,R0081,2025-01-02 06:00:00,518.8,6,Clear,Low,Completed
O05078,C01955,R0005,2025-03-25 01:00:00,1488.29,2,Cloudy,Low,Completed
O05079,C00372,R0049,2025-03-29 11:00:00,1958.93,2,Clear,Medium,Completed
O05080,C00070,R0097,2025-01-11 02:00:00,1099.27,1,Clear,Medium,Completed
O05081,C00379,R0091,2025-01-29 13:00:00,595.32,1,Clear,Medium,Completed
O05082,C01303,R0005,2025-03-10 03:00:00,1189.6,4,Cloudy,High,Completed
O05083,C01767,R0071,2025-03-02 00:00:00,1412.16,6,Clear,Medium,Completed
O05084,C00302,R0048,2025-03-04 10:00:00,495.73,2,Cloudy,Low,Completed
O05085,C00255,R0018,2025-02-28 23:00:00,1466.46,4,Clear,Medium,Completed
O05086,C01708,R0095,2025-02-28 20:00:00,1216.12,1,Clear,Medium,Completed
O05087,C00944,R0006,2025-01-24 20:00:00,1263.46,6,Rainy,Low,Completed
O05088,C00692,R0066,2025-03-24 23:00:00,681.38,1,Rainy,Medium,Completed
O05089,C01288,R0077,2025-03-01 15:00:00,395.01,4,Rainy,High,Completed
O05090,C01719,R0042,2025-02-20 12:00:00,1284.55,4,Rainy,High,Completed
O05091,C00834,R0052,2025-03-11 03:00:00,1213.84,1,Clear,Medium,Cancelled
O05092,C00717,R0011,2025-01-25 22:00:00,742.22,5,Clear,Low,Completed
O05093,C00424,R0026,2025-01-03 21:00:00,662.2,1,Clear,Low,Completed
O05094,C01785,R0021,2025-02-28 01:00:00,759.76,2,Rainy,High,Completed
O05095,C00213,R0066,2025-03-10 17:00:00,1030.78,6,Clear,Medium,Completed
O05096,C01695,R0040,2025-03-06 02:00:00,1952.16,6,Clear,High,Completed
O05097,C01968,R0056,2025-01-20 10:00:00,1550.77,1,Clear,High,Completed
O05098,C00100,R0051,2025-01-24 04:00:00,1718.31,3,Cloudy,Medium,Completed
O05099,C01853,R0020,2025-02-07 05:00:00,1060.73,1,Clear,High,Completed
O05100,C01136,R0081,2025-02-04 19:00:00,1099.63,5,Clear,Low,Completed
O05101,C00308,R0080,2025-02-24 14:00:00,488.22,2,Clear,Low,Completed
O05102,C00678,R0057,2025-01-26 17:00:00,1469.99,1,Rainy,Low,Completed
O05103,C00475,R0005,2025-02-24 21:00:00,901.01,4,Clear,Low,Completed
O05104,C01572,R0014,2025-03-04 16:00:00,1510.65,2,Cloudy,High,Completed
O05105,C00112,R0024,2025-01-06 13:00:00,877.21,2,Rainy,Medium,Completed
O05106,C01111,R0068,2025-01-01 07:00:00,306.18,5,Rainy,Low,Completed
O05107,C00183,R0052,2025-03-28 11:00:00,428.8,6,Clear,Low,Completed
O05108,C00597,R0048,2025-02-02 14:00:00,1641.98,4,Clear,Medium,Completed
O05109,C01805,R0088,2025-02-25 13:00:00,591.37,3,Rainy,Medium,Completed
O05110,C00165,R0047,2025-01-23 12:00:00,602.27,1,Clear,High,Completed
O05111,C00815,R0060,2025-02-14 01:00:00,1865.8,3,Cloudy,Medium,Completed
O05112,C00090,R0073,2025-03-27 14:00:00,1349.51,6,Rainy,Low,Completed
O05113,C00455,R0003,2025-03-28 23:00:00,317.18,4,Rainy,Low,Completed
O05114,C00238,R0009,2025-02-07 20:00:00,372.81,2,Clear,Medium,Completed
O05115,C00534,R0082,2025-03-29 21:00:00,617.5,5,Clear,Low,Completed
O05116,C01703,R0100,2025-02-25 00:00:00,1228.59,5,Clear,High,Completed
O05117,C00727,R0083,2025-01-14 09:00:00,1530.37,2,Rainy,Medium,Completed
O05118,C00058,R0024,2025-01-31 12:00:00,621.54,5,Clear,Medium,Completed
O05119,C00542,R0004,2025-03-01 02:00:00,1754.22,3,Clear,Medium,Completed
O05120,C01938,R0009,2025-02-27 12:00:00,307.44,6,Clear,Low,Completed
O05121,C01022,R0097,2025-02-26 15:00:00,494.44,2,Rainy,Medium,Completed
O05122,C00618,R0001,2025-03-28 03:00:00,1943.88,1,Clear,Medium,Completed
O05123,C00402,R0035,2025-03-21 18:00:00,356.02,1,Rainy,Medium,Completed
O05124,C01006,R0074,2025-01-23 20:00:00,1787.41,4,Rainy,Medium,Completed
O05125,C00842,R0012,2025-02-23 10:00:00,1437.48,6,Clear,Medium,Completed
O05126,C01703,R0018,2025-01-26 04:00:00,238.87,6,Clear,High,Completed
O05127,C01886,R0078,2025-03-13 18:00:00,1019.04,2,Clear,Medium,Completed
O05128,C01690,R0010,2025-03-07 21:00:00,1086.06,6,Clear,Low,Completed
O05129,C00839,R0074,2025-01-30 18:00:00,1871.07,3,Clear,Low,Completed
O05130,C00519,R0018,2025-02-08 12:00:00,900.1,6,Clear,Medium,Completed
O05131,C00197,R0024,2025-01-03 09:00:00,948.85,2,Clear,Medium,Completed
O05132,C01857,R0001,2025-01-19 01:00:00,313.72,2,Rainy,Medium,Completed
O05133,C00046,R0094,2025-03-16 08:00:00,1314.43,3,Cloudy,High,Completed
O05134,C00530,R0079,2025-01-21 02:00:00,500.7,5,Clear,High,Completed
O05135,C01421,R0072,2025-01-16 06:00:00,247.31,3,Clear,Medium,Completed
O05136,C01689,R0099,2025-02-07 00:00:00,1994.15,2,Cloudy,Low,Completed
O05137,C01000,R0082,2025-03-19 04:00:00,612.3,2,Cloudy,Medium,Completed
O05138,C00776,R0016,2025-02-26 10:00:00,368.0,2,Clear,Low,Completed
O05139,C00074,R0085,2025-03-13 19:00:00,1429.03,2,Rainy,Low,Completed
O05140,C01440,R0015,2025-02-22 10:00:00,1661.2,4,Clear,High,Completed
O05141,C01681,R0062,2025-01-18 02:00:00,221.75,5,Rainy,Medium,Completed
O05142,C01638,R0005,2025-03-27 20:00:00,300.25,2,Rainy,High,Completed
O05143,C00335,R0045,2025-03-17 12:00:00,271.33,4,Cloudy,High,Cancelled
O05144,C01871,R0052,2025-03-17 02:00:00,189.22,6,Cloudy,Medium,Completed
O05145,C00633,R0071,2025-01-29 05:00:00,1352.97,2,Clear,High,Completed
O05146,C00688,R0007,2025-01-26 17:00:00,1217.8,5,Rainy,Medium,Completed
O05147,C00575,R0027,2025-02-03 02:00:00,1359.33,5,Rainy,Low,Completed
O05148,C00296,R0089,2025-01-31 08:00:00,1060.77,3,Clear,Medium,Completed
O05149,C01108,R0086,2025-03-12 13:00:00,1653.26,4,Clear,Medium,Completed
O05150,C01039,R0013,2025-03-20 13:00:00,1138.67,6,Rainy,Medium,Completed
O05151,C01891,R0017,2025-01-27 14:00:00,1845.62,5,Clear,High,Completed
O05152,C01158,R0044,2025-01-08 22:00:00,1022.73,1,Clear,Medium,Completed
O05153,C00478,R0013,2025-03-17 01:00:00,1602.25,2,Clear,Low,Completed
O05154,C00633,R0090,2025-02-07 10:00:00,873.98,5,Rainy,Low,Completed
O05155,C00319,R0073,2025-03-25 04:00:00,926.93,6,Cloudy,Medium,Completed
O05156,C01416,R0005,2025-03-29 19:00:00,1713.08,6,Clear,Low,Cancelled
O05157,C00479,R0033,2025-03-04 01:00:00,304.55,4,Clear,Low,Completed
O05158,C01664,R0004,2025-02-28 10:00:00,1173.34,4,Clear,Medium,Completed
O05159,C00368,R0092,2025-03-02 12:00:00,1480.04,4,Cloudy,Medium,Completed
O05160,C00367,R0026,2025-03-29 21:00:00,1525.8,3,Clear,Medium,Cancelled
O05161,C01312,R0068,2025-03-22 23:00:00,1223.84,6,Clear,Medium,Completed
O05162,C01837,R0016,2025-01-27 13:00:00,951.32,2,Rainy,Low,Completed
O05163,C00378,R0022,2025-02-11 14:00:00,595.49,1,Clear,Medium,Cancelled
O05164,C01716,R0036,2025-03-05 16:00:00,1827.91,4,Cloudy,Low,Completed
O05165,C00463,R0058,2025-01-03 14:00:00,802.6,2,Clear,High,Completed
O05166,C01618,R0055,2025-01-01 15:00:00,1618.08,4,Clear,Medium,Completed
O05167,C00013,R0035,2025-02-05 01:00:00,160.16,4,Clear,Low,Completed
O05168,C00536,R0025,2025-02-16 20:00:00,541.12,6,Clear,Medium,Completed
O05169,C01192,R0072,2025-02-20 16:00:00,756.61,1,Clear,Low,Completed
O05170,C00270,R0081,2025-03-25 04:00:00,1375.99,2,Clear,Medium,Completed
O05171,C01995,R0061,2025-02-07 10:00:00,706.73,4,Clear,Low,Completed
O05172,C01094,R0018,2025-03-04 02:00:00,178.59,6,Clear,Medium,Completed
O05173,C01342,R0058,2025-02-22 09:00:00,430.35,3,Clear,Medium,Completed
O05174,C00376,R0076,2025-03-05 02:00:00,592.41,4,Clear,High,Cancelled
O05175,C01113,R0057,2025-01-18 08:00:00,434.49,6,Clear,Low,Completed
O05176,C01725,R0097,2025-03-06 20:00:00,487.08,2,Clear,Medium,Completed
O05177,C00257,R0087,2025-01-19 18:00:00,1561.02,5,Cloudy,Medium,Completed
O05178,C00217,R0063,2025-03-17 23:00:00,882.86,4,Cloudy,Medium,Completed
O05179,C00450,R0012,2025-01-12 15:00:00,869.84,3,Clear,High,Completed
O05180,C00894,R0011,2025-01-11 03:00:00,1936.55,3,Cloudy,Low,Completed
O05181,C01568,R0013,2025-01-29 02:00:00,948.73,4,Clear,High,Completed
O05182,C01165,R0035,2025-01-05 06:00:00,1862.55,2,Clear,Low,Completed
O05183,C01185,R0027,2025-01-05 20:00:00,668.22,4,Clear,Low,Cancelled
O05184,C00032,R0089,2025-03-04 07:00:00,861.19,3,Cloudy,Low,Completed
O05185,C01848,R0067,2025-02-01 18:00:00,852.94,4,Cloudy,Medium,Completed
O05186,C01176,R0089,2025-03-13 19:00:00,1137.55,3,Rainy,Medium,Completed
O05187,C01883,R0045,2025-02-02 16:00:00,1210.07,5,Cloudy,Medium,Cancelled
O05188,C01284,R0074,2025-03-04 04:00:00,571.44,4,Rainy,Medium,Completed
O05189,C01752,R0081,2025-01-30 10:00:00,1607.81,1,Clear,Medium,Completed
O05190,C01303,R0067,2025-02-03 03:00:00,1043.4,4,Clear,Low,Completed
O05191,C01309,R0022,2025-01-20 16:00:00,113.38,3,Clear,Medium,Completed
O05192,C00610,R0078,2025-01-29 09:00:00,1223.55,2,Clear,Low,Completed
O05193,C00917,R0091,2025-01-04 21:00:00,1616.31,3,Clear,Low,Completed
O05194,C00542,R0042,2025-01-31 15:00:00,575.89,5,Rainy,Medium,Completed
O05195,C01626,R0020,2025-03-27 01:00:00,171.95,2,Cloudy,High,Completed
O05196,C00148,R0048,2025-03-28 21:00:00,1633.64,1,Cloudy,Low,Completed
O05197,C00656,R0018,2025-03-21 17:00:00,1954.93,1,Cloudy,Medium,Completed
O05198,C00067,R0077,2025-03-08 05:00:00,245.47,5,Cloudy,Low,Completed
O05199,C01969,R0070,2025-02-17 22:00:00,1882.27,5,Clear,High,Completed
O05200,C01893,R0074,2025-03-25 21:00:00,782.62,5,Cloudy,Medium,Completed
O05201,C00570,R0093,2025-01-02 17:00:00,1888.74,6,Clear,Medium,Completed
O05202,C01964,R0006,2025-01-02 16:00:00,1332.79,5,Clear,Low,Completed
O05203,C01817,R0039,2025-03-04 22:00:00,1791.46,4,Clear,High,Completed
O05204,C01303,R0011,2025-03-12 14:00:00,1593.08,3,Rainy,Medium,Completed
O05205,C00748,R0025,2025-01-31 23:00:00,153.2,6,Rainy,Low,Completed
O05206,C00443,R0094,2025-02-14 17:00:00,224.34,4,Rainy,Medium,Completed
O05207,C00897,R0055,2025-03-01 15:00:00,1098.91,2,Rainy,Low,Completed
O05208,C01889,R0084,2025-01-13 09:00:00,346.28,1,Cloudy,Low,Completed
O05209,C00399,R0058,2025-01-01 15:00:00,975.97,1,Rainy,Low,Completed
O05210,C01152,R0037,2025-02-14 19:00:00,1913.8,2,Clear,Low,Completed
O05211,C01361,R0016,2025-01-05 10:00:00,660.04,1,Clear,High,Completed
O05212,C00482,R0095,2025-01-10 02:00:00,1028.93,5,Clear,Medium,Cancelled
O05213,C01745,R0093,2025-01-16 10:00:00,830.09,5,Clear,Medium,Completed
O05214,C00948,R0070,2025-01-11 13:00:00,1296.67,6,Rainy,High,Completed
O05215,C00186,R0093,2025-03-01 12:00:00,468.31,5,Clear,High,Completed
O05216,C00169,R0096,2025-03-25 16:00:00,593.88,2,Cloudy,Medium,Completed
O05217,C01708,R0073,2025-03-13 18:00:00,1731.66,3,Rainy,Low,Completed
O05218,C01284,R0037,2025-02-24 16:00:00,1641.54,2,Cloudy,Low,Completed
O05219,C01741,R0053,2025-02-11 00:00:00,1599.46,3,Clear,Medium,Cancelled
O05220,C01988,R0087,2025-01-15 13:00:00,1564.75,1,Clear,Medium,Completed
O05221,C01671,R0016,2025-03-29 19:00:00,972.93,6,Clear,High,Completed
O05222,C01582,R0018,2025-03-03 14:00:00,1484.89,1,Clear,Low,Completed
O05223,C00507,R0019,2025-02-06 14:00:00,835.69,1,Cloudy,High,Completed
O05224,C00521,R0044,2025-01-13 22:00:00,291.35,3,Clear,Low,Completed
O05225,C01495,R0002,2025-02-16 10:00:00,847.41,1,Clear,Medium,Completed
O05226,C00161,R0058,2025-02-25 01:00:00,401.46,2,Clear,High,Completed
O05227,C01313,R0010,2025-01-12 15:00:00,842.62,3,Rainy,Medium,Cancelled
O05228,C00340,R0076,2025-02-10 06:00:00,665.11,5,Cloudy,Medium,Completed
O05229,C01924,R0046,2025-01-29 22:00:00,1238.41,3,Rainy,Medium,Completed
O05230,C01857,R0082,2025-02-07 21:00:00,786.93,2,Clear,High,Completed
O05231,C01526,R0019,2025-01-12 06:00:00,1440.62,6,Clear,Low,Completed
O05232,C01130,R0038,2025-03-06 04:00:00,1073.08,2,Cloudy,Low,Completed
O05233,C01826,R0037,2025-02-16 20:00:00,1847.04,2,Cloudy,Medium,Completed
O05234,C01499,R0091,2025-02-28 19:00:00,272.95,1,Clear,Low,Completed
O05235,C01877,R0078,2025-02-24 13:00:00,1406.65,6,Rainy,Medium,Completed
O05236,C01624,R0045,2025-03-15 01:00:00,1377.55,5,Cloudy,Low,Completed
O05237,C01487,R0034,2025-02-05 00:00:00,1906.19,6,Clear,High,Completed
O05238,C01507,R0002,2025-03-17 21:00:00,805.95,5,Clear,Medium,Completed
O05239,C00704,R0044,2025-02-11 19:00:00,680.33,4,Cloudy,Medium,Cancelled
O05240,C01177,R0097,2025-01-10 23:00:00,427.55,6,Rainy,High,Completed
O05241,C00823,R0083,2025-03-10 07:00:00,604.05,6,Clear,High,Cancelled
O05242,C01673,R0027,2025-01-16 00:00:00,1053.59,2,Clear,High,Completed
O05243,C00785,R0048,2025-01-31 13:00:00,1691.65,6,Clear,Medium,Completed
O05244,C01173,R0094,2025-02-05 11:00:00,640.14,1,Cloudy,Low,Cancelled
O05245,C01212,R0007,2025-02-05 19:00:00,399.71,3,Cloudy,Medium,Completed
O05246,C01677,R0027,2025-01-30 04:00:00,617.04,1,Cloudy,Medium,Completed
O05247,C00131,R0085,2025-02-26 06:00:00,291.76,2,Clear,Medium,Completed
O05248,C01476,R0071,2025-02-04 06:00:00,1860.72,1,Clear,High,Completed
O05249,C00516,R0089,2025-03-10 02:00:00,1757.99,6,Clear,High,Completed
O05250,C01515,R0018,2025-01-05 00:00:00,686.13,2,Rainy,High,Completed
O05251,C01500,R0033,2025-01-14 14:00:00,569.28,6,Rainy,Medium,Completed
O05252,C01287,R0033,2025-03-30 08:00:00,1820.25,3,Cloudy,High,Completed
O05253,C01562,R0096,2025-02-11 09:00:00,103.37,3,Rainy,Medium,Completed
O05254,C01483,R0025,2025-02-23 07:00:00,1241.1,5,Cloudy,Medium,Completed
O05255,C00536,R0014,2025-03-15 14:00:00,1840.41,6,Cloudy,Medium,Completed
O05256,C01802,R0038,2025-02-11 09:00:00,1066.26,4,Clear,High,Completed
O05257,C00741,R0038,2025-01-14 20:00:00,105.64,1,Cloudy,Medium,Completed
O05258,C00781,R0004,2025-02-19 04:00:00,515.86,4,Rainy,Low,Cancelled
O05259,C01661,R0062,2025-03-23 20:00:00,1852.64,1,Cloudy,Low,Completed
O05260,C01708,R0082,2025-01-05 02:00:00,132.34,5,Cloudy,High,Completed
O05261,C01770,R0010,2025-01-11 03:00:00,850.08,5,Clear,Low,Completed
O05262,C01319,R0035,2025-03-04 12:00:00,1600.51,3,Cloudy,Medium,Completed
O05263,C01939,R0099,2025-03-03 00:00:00,1692.37,3,Clear,Medium,Completed
O05264,C01459,R0023,2025-02-28 06:00:00,1007.46,6,Clear,High,Completed
O05265,C01299,R0089,2025-01-16 06:00:00,541.72,3,Clear,Medium,Completed
O05266,C00588,R0065,2025-03-03 17:00:00,1239.44,6,Clear,Low,Completed
O05267,C01332,R0082,2025-02-13 15:00:00,601.18,1,Rainy,Low,Completed
O05268,C00726,R0079,2025-01-12 18:00:00,585.0,6,Cloudy,Low,Completed
O05269,C00943,R0025,2025-02-24 19:00:00,1634.44,4,Clear,Low,Completed
O05270,C00997,R0096,2025-02-27 18:00:00,393.11,4,Cloudy,High,Completed
O05271,C00376,R0053,2025-03-14 09:00:00,110.49,3,Clear,High,Completed
O05272,C01182,R0084,2025-01-18 13:00:00,739.87,5,Cloudy,Low,Completed
O05273,C01838,R0017,2025-02-22 18:00:00,1032.85,4,Cloudy,Medium,Completed
O05274,C00204,R0057,2025-02-27 09:00:00,1439.65,5,Cloudy,Medium,Completed
O05275,C00989,R0075,2025-02-28 19:00:00,1584.12,3,Clear,Medium,Completed
O05276,C00661,R0077,2025-01-20 18:00:00,1360.69,1,Rainy,High,Completed
O05277,C00075,R0089,2025-03-28 19:00:00,1290.37,6,Rainy,Medium,Cancelled
O05278,C01404,R0020,2025-01-15 21:00:00,1364.92,2,Clear,Medium,Completed
O05279,C00741,R0025,2025-01-24 05:00:00,615.9,4,Clear,Medium,Completed
O05280,C00304,R0042,2025-02-26 06:00:00,826.49,6,Rainy,Low,Completed
O05281,C01086,R0045,2025-02-14 11:00:00,1271.23,6,Rainy,Medium,Completed
O05282,C00570,R0031,2025-01-31 17:00:00,224.58,3,Clear,Medium,Completed
O05283,C00786,R0065,2025-01-02 00:00:00,661.12,3,Clear,Medium,Completed
O05284,C01132,R0052,2025-01-27 15:00:00,872.2,6,Rainy,Low,Completed
O05285,C01211,R0080,2025-03-07 14:00:00,1113.54,4,Clear,Medium,Completed
O05286,C00987,R0092,2025-02-20 08:00:00,1024.32,2,Clear,Medium,Completed
O05287,C00229,R0021,2025-01-08 05:00:00,1464.45,1,Clear,Medium,Completed
O05288,C01072,R0030,2025-03-01 01:00:00,999.51,4,Clear,Medium,Completed
O05289,C01855,R0003,2025-01-08 17:00:00,1817.85,6,Clear,Low,Completed
O05290,C00268,R0098,2025-02-24 08:00:00,822.6,1,Clear,Low,Completed
O05291,C00727,R0070,2025-02-11 16:00:00,1098.21,3,Clear,High,Completed
O05292,C00802,R0043,2025-02-24 22:00:00,106.1,6,Clear,Medium,Completed
O05293,C00254,R0029,2025-01-22 23:00:00,689.91,6,Clear,Low,Cancelled
O05294,C00957,R0003,2025-01-29 11:00:00,1746.49,4,Clear,Low,Completed
O05295,C00870,R0058,2025-03-07 07:00:00,733.8,1,Clear,High,Completed
O05296,C00087,R0033,2025-01-24 22:00:00,581.05,5,Rainy,Low,Completed
O05297,C01205,R0075,2025-03-26 18:00:00,1132.72,5,Cloudy,Medium,Completed
O05298,C01049,R0045,2025-03-20 12:00:00,249.59,5,Rainy,Medium,Completed
O05299,C01982,R0069,2025-02-25 04:00:00,1110.05,6,Cloudy,Medium,Completed
O05300,C01412,R0032,2025-01-13 20:00:00,676.97,1,Rainy,Low,Cancelled
O05301,C00222,R0082,2025-02-20 12:00:00,827.9,5,Rainy,Low,Completed
O05302,C00990,R0084,2025-03-18 17:00:00,1603.59,3,Rainy,High,Completed
O05303,C00397,R0052,2025-03-01 18:00:00,1357.73,6,Clear,Low,Completed
O05304,C00938,R0064,2025-01-23 09:00:00,947.6,1,Cloudy,Medium,Completed
O05305,C00511,R0040,2025-02-05 17:00:00,1197.28,3,Clear,High,Cancelled
O05306,C00561,R0092,2025-03-07 14:00:00,1557.03,2,Rainy,High,Completed
O05307,C00846,R0013,2025-01-09 00:00:00,1516.99,1,Clear,Medium,Completed
O05308,C00440,R0090,2025-02-19 10:00:00,452.11,5,Rainy,Medium,Completed
O05309,C01199,R0080,2025-01-03 04:00:00,671.75,5,Clear,High,Completed
O05310,C01928,R0089,2025-01-20 18:00:00,761.65,6,Clear,High,Completed
O05311,C00311,R0074,2025-01-08 05:00:00,456.33,2,Clear,Low,Completed
O05312,C01298,R0029,2025-02-20 19:00:00,123.11,6,Clear,Low,Completed
O05313,C00035,R0063,2025-03-17 13:00:00,430.54,4,Clear,High,Completed
O05314,C00217,R0084,2025-01-30 03:00:00,1635.66,2,Clear,High,Completed
O05315,C00721,R0026,2025-01-20 00:00:00,1137.25,5,Cloudy,Low,Completed
O05316,C01696,R0096,2025-02-26 10:00:00,749.15,5,Rainy,High,Completed
O05317,C01016,R0059,2025-03-05 06:00:00,1255.85,4,Clear,Low,Completed
O05318,C01432,R0049,2025-01-07 14:00:00,1505.68,2,Cloudy,Low,Completed
O05319,C00519,R0053,2025-03-18 13:00:00,773.41,3,Clear,Medium,Completed
O05320,C00269,R0088,2025-01-22 11:00:00,985.54,2,Rainy,Medium,Completed
O05321,C00638,R0031,2025-02-12 17:00:00,222.01,3,Clear,Low,Completed
O05322,C00475,R0012,2025-01-28 10:00:00,1234.47,5,Clear,High,Completed
O05323,C01904,R0058,2025-01-29 05:00:00,777.17,5,Clear,Medium,Completed
O05324,C01349,R0036,2025-01-14 02:00:00,923.69,2,Clear,Medium,Completed
O05325,C01380,R0010,2025-01-12 11:00:00,902.94,5,Cloudy,Medium,Completed
O05326,C00090,R0006,2025-01-19 19:00:00,1301.58,6,Rainy,Low,Completed
O05327,C01066,R0007,2025-03-08 04:00:00,1187.68,6,Clear,Medium,Completed
O05328,C01389,R0031,2025-01-21 05:00:00,902.0,6,Clear,Medium,Completed
O05329,C01695,R0091,2025-02-17 02:00:00,132.21,4,Cloudy,Medium,Completed
O05330,C01226,R0072,2025-01-24 14:00:00,1279.83,1,Rainy,Low,Completed
O05331,C01390,R0003,2025-01-11 05:00:00,1771.2,3,Cloudy,Low,Completed
O05332,C01818,R0047,2025-02-07 00:00:00,1562.15,5,Clear,Low,Completed
O05333,C00982,R0085,2025-01-01 00:00:00,1965.07,3,Clear,High,Completed
O05334,C01868,R0001,2025-01-07 06:00:00,364.24,2,Cloudy,High,Completed
O05335,C00288,R0045,2025-03-15 15:00:00,522.79,4,Clear,High,Completed
O05336,C01627,R0054,2025-03-04 22:00:00,1124.61,3,Rainy,High,Completed
O05337,C00481,R0050,2025-02-22 00:00:00,548.18,5,Clear,Medium,Completed
O05338,C00637,R0079,2025-02-17 00:00:00,165.64,1,Clear,Low,Completed
O05339,C00501,R0007,2025-02-11 14:00:00,864.35,6,Rainy,Medium,Completed
O05340,C01662,R0063,2025-01-30 01:00:00,646.52,4,Cloudy,Medium,Completed
O05341,C00052,R0015,2025-02-15 08:00:00,601.15,2,Clear,Low,Completed
O05342,C01940,R0089,2025-02-21 06:00:00,1911.03,5,Clear,Low,Completed
O05343,C00103,R0067,2025-01-29 13:00:00,553.06,4,Cloudy,Low,Completed
O05344,C01385,R0030,2025-02-08 15:00:00,345.92,5,Clear,Low,Completed
O05345,C01448,R0078,2025-03-18 18:00:00,338.11,2,Rainy,Low,Completed
O05346,C00699,R0068,2025-03-14 04:00:00,1632.02,2,Rainy,Low,Completed
O05347,C01229,R0036,2025-01-31 19:00:00,1458.21,1,Clear,Medium,Completed
O05348,C01038,R0067,2025-01-12 06:00:00,346.02,4,Rainy,Low,Completed
O05349,C01964,R0005,2025-03-24 04:00:00,517.53,1,Cloudy,High,Completed
O05350,C01640,R0025,2025-01-30 14:00:00,1519.95,1,Clear,High,Completed
O05351,C01653,R0095,2025-01-14 12:00:00,621.77,1,Clear,High,Completed
O05352,C00470,R0011,2025-02-11 05:00:00,1964.93,6,Clear,Medium,Completed
O05353,C01490,R0072,2025-03-06 14:00:00,1127.08,3,Cloudy,High,Completed
O05354,C01328,R0090,2025-02-03 05:00:00,464.82,2,Clear,Medium,Completed
O05355,C01629,R0066,2025-03-19 21:00:00,1731.74,1,Cloudy,Low,Completed
O05356,C00427,R0028,2025-02-15 12:00:00,707.0,3,Clear,Medium,Completed
O05357,C01680,R0060,2025-01-09 19:00:00,648.73,3,Clear,High,Completed
O05358,C00110,R0010,2025-03-07 21:00:00,722.14,3,Rainy,Medium,Completed
O05359,C01699,R0050,2025-03-02 03:00:00,1559.57,1,Rainy,Medium,Completed
O05360,C01589,R0039,2025-01-02 23:00:00,429.1,3,Cloudy,High,Completed
O05361,C01954,R0037,2025-01-10 14:00:00,825.39,1,Clear,Medium,Completed
O05362,C00515,R0063,2025-01-25 02:00:00,158.58,4,Clear,High,Cancelled
O05363,C00068,R0061,2025-02-16 08:00:00,1670.59,2,Clear,Low,Completed
O05364,C01270,R0085,2025-03-15 02:00:00,747.37,5,Cloudy,High,Completed
O05365,C00389,R0092,2025-03-29 11:00:00,571.53,1,Cloudy,Medium,Completed
O05366,C01674,R0038,2025-01-18 13:00:00,1201.8,2,Rainy,High,Completed
O05367,C00308,R0033,2025-01-26 10:00:00,1439.48,1,Cloudy,Medium,Completed
O05368,C01949,R0075,2025-01-19 13:00:00,1644.5,6,Rainy,Medium,Completed
O05369,C01376,R0045,2025-02-10 00:00:00,760.79,4,Clear,High,Completed
O05370,C01823,R0044,2025-01-06 10:00:00,1643.37,2,Cloudy,High,Completed
O05371,C01090,R0001,2025-03-11 15:00:00,983.27,2,Rainy,Low,Cancelled
O05372,C00460,R0053,2025-01-14 23:00:00,292.17,3,Clear,Medium,Completed
O05373,C00347,R0047,2025-02-17 12:00:00,1707.98,1,Rainy,Low,Completed
O05374,C00325,R0033,2025-02-12 16:00:00,1140.51,1,Cloudy,Low,Completed
O05375,C01957,R0067,2025-03-10 20:00:00,1244.69,5,Rainy,Medium,Completed
O05376,C00667,R0090,2025-01-23 09:00:00,1881.23,3,Cloudy,Low,Completed
O05377,C01623,R0015,2025-01-21 15:00:00,1162.39,3,Clear,Medium,Completed
O05378,C01057,R0014,2025-01-22 03:00:00,110.61,5,Clear,High,Completed
O05379,C00068,R0023,2025-01-29 08:00:00,1754.17,3,Cloudy,High,Completed
O05380,C00187,R0054,2025-02-02 12:00:00,641.03,3,Clear,Low,Completed
O05381,C00192,R0008,2025-02-01 15:00:00,1053.36,4,Clear,Low,Completed
O05382,C01237,R0054,2025-01-06 07:00:00,489.28,6,Clear,Medium,Completed
O05383,C01624,R0036,2025-02-23 20:00:00,664.27,2,Cloudy,Low,Completed
O05384,C00428,R0084,2025-02-10 05:00:00,1404.63,5,Clear,Low,Completed
O05385,C01375,R0052,2025-01-24 07:00:00,916.19,4,Rainy,Low,Completed
O05386,C01132,R0006,2025-02-20 22:00:00,1291.55,6,Cloudy,High,Completed
O05387,C01264,R0097,2025-02-08 11:00:00,1664.79,4,Clear,High,Completed
O05388,C00216,R0028,2025-03-09 19:00:00,747.56,4,Clear,High,Cancelled
O05389,C00177,R0050,2025-02-14 15:00:00,1179.85,3,Cloudy,Medium,Completed
O05390,C01589,R0038,2025-01-23 12:00:00,1577.42,6,Clear,Medium,Completed
O05391,C01354,R0030,2025-02-19 23:00:00,1458.73,6,Clear,High,Completed
O05392,C00561,R0081,2025-01-22 06:00:00,1125.7,5,Clear,Medium,Completed
O05393,C00881,R0073,2025-03-28 02:00:00,828.43,3,Clear,Medium,Completed
O05394,C00626,R0092,2025-01-15 18:00:00,874.25,3,Clear,High,Completed
O05395,C01474,R0054,2025-01-15 08:00:00,922.96,4,Clear,Medium,Completed
O05396,C00607,R0071,2025-02-15 03:00:00,762.81,1,Rainy,Medium,Completed
O05397,C01471,R0046,2025-03-16 14:00:00,1428.24,5,Clear,Medium,Completed
O05398,C01561,R0028,2025-01-07 02:00:00,338.29,5,Clear,Low,Completed
O05399,C01668,R0017,2025-01-17 14:00:00,1938.16,4,Clear,Low,Completed
O05400,C00179,R0048,2025-03-13 19:00:00,1580.07,4,Clear,High,Completed
O05401,C00395,R0044,2025-03-01 18:00:00,666.51,2,Cloudy,Medium,Cancelled
O05402,C01169,R0060,2025-01-25 10:00:00,180.84,4,Clear,Low,Cancelled
O05403,C00876,R0060,2025-02-23 22:00:00,1451.48,3,Cloudy,High,Completed
O05404,C00962,R0005,2025-03-06 06:00:00,1495.28,4,Rainy,Medium,Completed
O05405,C00198,R0069,2025-03-17 04:00:00,1930.88,5,Cloudy,High,Completed
O05406,C00969,R0078,2025-03-26 19:00:00,582.04,1,Clear,High,Completed
O05407,C01861,R0070,2025-03-01 11:00:00,257.18,1,Clear,Low,Completed
O05408,C01108,R0007,2025-01-31 17:00:00,1838.76,3,Cloudy,Medium,Completed
O05409,C00669,R0053,2025-03-16 01:00:00,591.43,1,Cloudy,Medium,Completed
O05410,C01109,R0017,2025-01-16 19:00:00,1470.91,4,Clear,High,Completed
O05411,C00457,R0059,2025-02-20 03:00:00,215.25,1,Cloudy,Low,Completed
O05412,C01500,R0009,2025-03-11 05:00:00,1545.11,4,Cloudy,Low,Completed
O05413,C01277,R0095,2025-02-24 10:00:00,341.35,6,Rainy,High,Completed
O05414,C01911,R0022,2025-01-15 19:00:00,1421.61,2,Rainy,Medium,Completed
O05415,C00072,R0045,2025-01-01 15:00:00,1111.45,5,Rainy,Medium,Completed
O05416,C00223,R0073,2025-01-14 02:00:00,1915.43,6,Clear,High,Cancelled
O05417,C00276,R0059,2025-02-13 07:00:00,170.14,3,Clear,Low,Completed
O05418,C01819,R0080,2025-03-03 22:00:00,654.89,2,Cloudy,Medium,Completed
O05419,C01800,R0100,2025-01-29 21:00:00,232.07,1,Clear,Medium,Completed
O05420,C01270,R0098,2025-01-03 20:00:00,1770.48,3,Cloudy,Medium,Completed
O05421,C01365,R0013,2025-01-18 02:00:00,1228.41,4,Rainy,Medium,Completed
O05422,C00573,R0083,2025-02-08 06:00:00,1116.44,2,Cloudy,Medium,Cancelled
O05423,C00924,R0012,2025-01-31 19:00:00,349.77,5,Clear,Low,Completed
O05424,C00471,R0036,2025-03-04 02:00:00,1029.16,5,Clear,High,Completed
O05425,C00454,R0010,2025-01-12 08:00:00,857.54,2,Clear,Medium,Completed
O05426,C01795,R0016,2025-01-20 02:00:00,699.93,2,Cloudy,Low,Completed
O05427,C01989,R0092,2025-02-04 03:00:00,1567.16,2,Rainy,Medium,Completed
O05428,C00969,R0019,2025-02-19 20:00:00,216.42,1,Clear,Low,Completed
O05429,C00007,R0006,2025-02-05 20:00:00,1328.7,6,Clear,Medium,Completed
O05430,C00188,R0004,2025-03-24 05:00:00,1663.69,6,Cloudy,High,Completed
O05431,C00004,R0030,2025-03-06 08:00:00,1823.88,6,Clear,Low,Completed
O05432,C01767,R0095,2025-02-03 02:00:00,1517.24,5,Rainy,Low,Completed
O05433,C01669,R0046,2025-02-03 12:00:00,636.67,5,Cloudy,Medium,Cancelled
O05434,C00907,R0027,2025-02-15 15:00:00,1240.96,1,Clear,Medium,Completed
O05435,C01149,R0045,2025-03-20 18:00:00,368.67,3,Cloudy,Medium,Completed
O05436,C01039,R0085,2025-02-04 23:00:00,322.42,5,Rainy,Medium,Completed
O05437,C00960,R0037,2025-01-26 02:00:00,1313.39,3,Clear,Low,Completed
O05438,C00525,R0009,2025-03-01 16:00:00,1717.1,3,Clear,Low,Completed
O05439,C00630,R0061,2025-03-18 09:00:00,227.77,3,Rainy,Low,Completed
O05440,C01264,R0035,2025-01-16 06:00:00,301.41,5,Rainy,Medium,Completed
O05441,C00775,R0047,2025-01-11 15:00:00,1174.65,4,Clear,Low,Completed
O05442,C00360,R0021,2025-02-26 14:00:00,514.6,3,Rainy,Medium,Cancelled
O05443,C00518,R0017,2025-01-29 17:00:00,1262.45,6,Clear,Low,Completed
O05444,C01976,R0055,2025-01-13 19:00:00,507.63,4,Cloudy,High,Cancelled
O05445,C01344,R0088,2025-03-26 19:00:00,321.32,1,Cloudy,High,Completed
O05446,C01255,R0095,2025-03-12 16:00:00,1136.59,6,Clear,High,Completed
O05447,C01970,R0006,2025-01-18 00:00:00,1738.17,4,Clear,High,Completed
O05448,C01054,R0035,2025-02-04 09:00:00,1401.73,4,Cloudy,High,Completed
O05449,C01558,R0050,2025-02-19 15:00:00,1655.58,2,Clear,Medium,Completed
O05450,C00921,R0037,2025-03-30 22:00:00,606.04,3,Rainy,High,Completed
O05451,C01180,R0013,2025-03-27 10:00:00,1783.36,5,Clear,High,Completed
O05452,C01654,R0025,2025-03-06 15:00:00,816.37,2,Clear,Medium,Cancelled
O05453,C00852,R0096,2025-01-05 01:00:00,1719.65,6,Clear,High,Completed
O05454,C00935,R0001,2025-03-15 22:00:00,995.23,4,Clear,High,Completed
O05455,C01987,R0049,2025-03-06 09:00:00,608.93,1,Rainy,Low,Completed
O05456,C00901,R0035,2025-01-14 08:00:00,594.49,5,Clear,High,Completed
O05457,C01729,R0083,2025-01-23 05:00:00,1178.57,1,Cloudy,Medium,Completed
O05458,C00399,R0053,2025-02-20 07:00:00,250.12,4,Cloudy,High,Completed
O05459,C01370,R0052,2025-01-18 08:00:00,1867.11,1,Clear,Low,Completed
O05460,C01219,R0054,2025-02-21 13:00:00,615.78,2,Rainy,Low,Completed
O05461,C00168,R0076,2025-02-05 07:00:00,737.69,1,Clear,High,Completed
O05462,C00377,R0047,2025-01-28 21:00:00,543.27,2,Cloudy,Medium,Completed
O05463,C01513,R0043,2025-03-22 23:00:00,105.72,3,Cloudy,High,Completed
O05464,C01775,R0020,2025-03-29 12:00:00,1415.85,5,Cloudy,High,Completed
O05465,C01386,R0033,2025-01-31 20:00:00,1222.05,1,Cloudy,High,Completed
O05466,C01506,R0093,2025-01-01 22:00:00,1638.32,2,Rainy,High,Completed
O05467,C01268,R0016,2025-03-10 22:00:00,177.92,4,Rainy,High,Completed
O05468,C01605,R0078,2025-01-20 03:00:00,1864.45,6,Cloudy,Medium,Completed
O05469,C00607,R0007,2025-01-28 01:00:00,728.69,4,Clear,Medium,Completed
O05470,C01011,R0070,2025-01-21 01:00:00,1834.83,2,Clear,High,Completed
O05471,C00589,R0021,2025-01-05 23:00:00,303.55,5,Rainy,Medium,Completed
O05472,C01195,R0036,2025-01-29 00:00:00,1513.45,3,Rainy,Medium,Completed
O05473,C01537,R0086,2025-03-20 12:00:00,1200.78,3,Clear,High,Completed
O05474,C01430,R0054,2025-01-14 05:00:00,780.56,5,Clear,High,Completed
O05475,C01598,R0019,2025-02-06 03:00:00,250.37,6,Rainy,High,Completed
O05476,C01231,R0025,2025-01-17 09:00:00,1249.0,1,Cloudy,Medium,Completed
O05477,C01178,R0067,2025-02-10 10:00:00,150.24,2,Clear,Medium,Completed
O05478,C01810,R0100,2025-01-14 00:00:00,1052.44,3,Cloudy,Medium,Completed
O05479,C00048,R0053,2025-02-23 10:00:00,1248.0,5,Clear,Low,Completed
O05480,C01673,R0098,2025-03-27 21:00:00,1491.8,3,Clear,Low,Cancelled
O05481,C01025,R0075,2025-01-04 04:00:00,1983.54,3,Clear,Low,Completed
O05482,C01771,R0048,2025-01-18 00:00:00,594.18,1,Clear,High,Completed
O05483,C01929,R0042,2025-01-31 23:00:00,712.54,3,Clear,High,Completed
O05484,C01792,R0047,2025-01-19 00:00:00,748.18,2,Rainy,Medium,Completed
O05485,C01431,R0091,2025-03-03 14:00:00,1490.01,5,Clear,Medium,Completed
O05486,C01131,R0042,2025-03-11 21:00:00,1870.46,6,Cloudy,Low,Completed
O05487,C00173,R0002,2025-03-18 07:00:00,1951.22,6,Clear,Low,Completed
O05488,C00506,R0006,2025-02-11 03:00:00,1897.04,6,Clear,High,Completed
O05489,C01154,R0046,2025-03-05 09:00:00,1770.83,1,Rainy,High,Completed
O05490,C00398,R0066,2025-03-06 17:00:00,1982.86,6,Rainy,Low,Completed
O05491,C00294,R0081,2025-02-01 10:00:00,814.3,1,Clear,Low,Completed
O05492,C00552,R0040,2025-01-29 03:00:00,1901.81,6,Clear,High,Completed
O05493,C01471,R0058,2025-02-04 15:00:00,1545.94,5,Clear,Medium,Completed
O05494,C00850,R0078,2025-02-16 15:00:00,420.07,2,Rainy,Low,Completed
O05495,C01040,R0074,2025-01-02 03:00:00,186.38,6,Cloudy,Low,Completed
O05496,C01663,R0033,2025-02-22 05:00:00,507.52,3,Cloudy,Medium,Completed
O05497,C00885,R0062,2025-01-18 07:00:00,1579.63,3,Cloudy,Medium,Completed
O05498,C01373,R0012,2025-03-28 08:00:00,1300.22,6,Rainy,Medium,Completed
O05499,C01004,R0096,2025-03-13 06:00:00,526.28,2,Clear,High,Completed
O05500,C01227,R0049,2025-01-23 13:00:00,1509.65,4,Clear,Low,Completed
O05501,C00134,R0088,2025-01-07 20:00:00,368.51,5,Clear,Medium,Completed
O05502,C00771,R0078,2025-02-11 00:00:00,1661.5,2,Clear,Low,Completed
O05503,C01550,R0005,2025-01-16 12:00:00,1608.91,3,Clear,Medium,Completed
O05504,C00508,R0051,2025-01-26 17:00:00,1947.89,5,Cloudy,High,Completed
O05505,C01090,R0069,2025-01-03 20:00:00,385.53,6,Rainy,Low,Cancelled
O05506,C00480,R0032,2025-03-06 07:00:00,1822.56,5,Clear,Medium,Completed
O05507,C00863,R0049,2025-03-11 02:00:00,748.1,3,Cloudy,Low,Cancelled
O05508,C00459,R0097,2025-01-05 04:00:00,890.51,2,Cloudy,Low,Completed
O05509,C01366,R0060,2025-01-01 00:00:00,990.05,4,Rainy,Low,Completed
O05510,C01731,R0046,2025-03-27 14:00:00,1291.12,5,Clear,Medium,Completed
O05511,C00626,R0068,2025-01-14 05:00:00,1990.05,6,Clear,High,Completed
O05512,C00159,R0094,2025-03-20 06:00:00,1239.92,5,Clear,Medium,Completed
O05513,C00161,R0041,2025-01-08 17:00:00,1860.76,5,Cloudy,High,Completed
O05514,C01278,R0081,2025-01-31 07:00:00,584.55,6,Clear,Medium,Completed
O05515,C01921,R0067,2025-01-15 06:00:00,856.98,6,Clear,Medium,Completed
O05516,C00940,R0013,2025-01-30 16:00:00,1058.55,6,Cloudy,High,Cancelled
O05517,C01551,R0100,2025-01-06 15:00:00,713.51,2,Clear,Low,Completed
O05518,C01573,R0018,2025-03-22 02:00:00,1956.05,5,Clear,Medium,Completed
O05519,C00155,R0087,2025-01-16 22:00:00,1478.8,6,Cloudy,Medium,Completed
O05520,C00486,R0099,2025-01-08 17:00:00,1009.87,3,Rainy,Low,Completed
O05521,C00432,R0097,2025-02-08 15:00:00,1527.48,3,Clear,Low,Completed
O05522,C01051,R0051,2025-02-10 03:00:00,988.14,6,Clear,Medium,Completed
O05523,C01004,R0036,2025-01-24 08:00:00,132.73,1,Cloudy,Medium,Completed
O05524,C01036,R0081,2025-02-19 13:00:00,1132.07,5,Clear,Medium,Completed
O05525,C00067,R0034,2025-02-07 09:00:00,1287.85,4,Clear,Medium,Completed
O05526,C00542,R0012,2025-03-22 08:00:00,1964.29,1,Rainy,Medium,Completed
O05527,C00096,R0005,2025-03-18 13:00:00,177.51,5,Rainy,High,Completed
O05528,C00215,R0048,2025-03-13 08:00:00,1072.98,5,Cloudy,High,Completed
O05529,C00194,R0091,2025-03-14 10:00:00,286.49,6,Clear,Medium,Completed
O05530,C01671,R0040,2025-02-19 04:00:00,383.09,2,Cloudy,Low,Completed
O05531,C01314,R0013,2025-02-05 17:00:00,1259.88,2,Clear,High,Completed
O05532,C01568,R0026,2025-01-12 20:00:00,539.98,3,Clear,Low,Completed
O05533,C00885,R0014,2025-03-30 18:00:00,1523.43,1,Clear,Medium,Completed
O05534,C00039,R0096,2025-03-10 15:00:00,1076.98,1,Clear,Medium,Completed
O05535,C01888,R0011,2025-01-28 17:00:00,514.6,6,Clear,Medium,Completed
O05536,C00939,R0038,2025-02-28 01:00:00,1038.2,1,Clear,Medium,Completed
O05537,C00939,R0080,2025-03-26 08:00:00,101.68,6,Clear,Medium,Completed
O05538,C00206,R0057,2025-02-08 17:00:00,1739.21,3,Cloudy,Low,Completed
O05539,C01923,R0022,2025-01-09 21:00:00,124.09,4,Rainy,High,Completed
O05540,C00942,R0016,2025-01-13 15:00:00,113.32,4,Clear,High,Completed
O05541,C01952,R0077,2025-02-28 11:00:00,1261.86,6,Cloudy,Medium,Completed
O05542,C00555,R0076,2025-01-09 07:00:00,1949.69,4,Clear,Medium,Completed
O05543,C00484,R0082,2025-01-28 22:00:00,1726.27,6,Rainy,Medium,Completed
O05544,C01361,R0029,2025-03-14 00:00:00,578.84,1,Clear,Low,Completed
O05545,C01520,R0082,2025-02-22 01:00:00,473.67,5,Cloudy,Medium,Completed
O05546,C00771,R0002,2025-02-06 14:00:00,1289.61,1,Rainy,Medium,Completed
O05547,C00249,R0054,2025-01-11 10:00:00,1663.01,6,Rainy,High,Completed
O05548,C01098,R0002,2025-01-21 17:00:00,787.95,5,Rainy,Medium,Completed
O05549,C00373,R0003,2025-03-24 19:00:00,921.47,2,Clear,High,Completed
O05550,C01855,R0093,2025-02-10 17:00:00,319.43,6,Clear,High,Completed
O05551,C00879,R0056,2025-02-02 15:00:00,390.37,6,Clear,Low,Completed
O05552,C01832,R0072,2025-01-23 10:00:00,1179.87,3,Rainy,Low,Completed
O05553,C01810,R0011,2025-02-07 12:00:00,295.05,4,Clear,Medium,Completed
O05554,C00835,R0076,2025-03-03 02:00:00,483.89,1,Clear,Medium,Cancelled
O05555,C00871,R0032,2025-01-09 17:00:00,545.89,1,Cloudy,High,Completed
O05556,C00702,R0004,2025-03-14 05:00:00,943.46,2,Clear,Low,Completed
O05557,C00138,R0009,2025-01-21 10:00:00,186.66,5,Clear,Medium,Completed
O05558,C00948,R0088,2025-03-13 05:00:00,1049.56,4,Clear,High,Completed
O05559,C00457,R0056,2025-03-15 01:00:00,1864.48,3,Cloudy,High,Completed
O05560,C00814,R0016,2025-03-21 22:00:00,146.48,5,Clear,Medium,Completed
O05561,C00823,R0081,2025-03-26 18:00:00,1298.87,5,Clear,Medium,Completed
O05562,C00942,R0086,2025-03-22 09:00:00,1688.1,6,Rainy,Low,Completed
O05563,C01867,R0071,2025-03-03 22:00:00,693.68,4,Cloudy,Medium,Completed
O05564,C00444,R0010,2025-03-25 11:00:00,349.89,3,Clear,Medium,Completed
O05565,C00353,R0093,2025-03-04 12:00:00,182.35,4,Cloudy,High,Cancelled
O05566,C00996,R0036,2025-01-09 05:00:00,1323.42,4,Cloudy,High,Completed
O05567,C00794,R0024,2025-03-23 23:00:00,1149.25,1,Cloudy,High,Completed
O05568,C00411,R0064,2025-01-22 16:00:00,535.66,3,Clear,Medium,Completed
O05569,C00678,R0056,2025-03-05 10:00:00,1680.07,5,Clear,Medium,Cancelled
O05570,C01814,R0078,2025-03-05 22:00:00,1497.46,4,Clear,High,Completed
O05571,C01562,R0078,2025-03-13 09:00:00,625.21,2,Clear,Low,Cancelled
O05572,C00453,R0089,2025-02-26 04:00:00,1531.39,3,Clear,Medium,Completed
O05573,C00419,R0022,2025-01-29 15:00:00,565.49,2,Rainy,Medium,Completed
O05574,C00450,R0052,2025-01-20 10:00:00,1383.01,5,Clear,Low,Completed
O05575,C00995,R0050,2025-01-25 19:00:00,325.24,3,Cloudy,Medium,Completed
O05576,C01609,R0047,2025-01-06 18:00:00,1415.25,1,Rainy,Low,Completed
O05577,C01139,R0023,2025-02-12 06:00:00,553.67,3,Rainy,High,Completed
O05578,C00051,R0096,2025-01-11 01:00:00,1187.69,5,Clear,Medium,Completed
O05579,C01393,R0090,2025-01-31 12:00:00,427.68,1,Cloudy,High,Completed
O05580,C01938,R0091,2025-01-06 14:00:00,1479.34,5,Rainy,High,Completed
O05581,C01707,R0076,2025-03-30 12:00:00,215.67,6,Cloudy,High,Completed
O05582,C01804,R0083,2025-03-04 22:00:00,414.29,3,Rainy,Low,Completed
O05583,C01539,R0019,2025-03-17 18:00:00,449.86,5,Cloudy,Medium,Completed
O05584,C00210,R0052,2025-02-01 13:00:00,178.55,3,Clear,Medium,Completed
O05585,C00888,R0034,2025-01-18 08:00:00,1515.52,1,Clear,High,Completed
O05586,C00998,R0096,2025-01-09 14:00:00,1963.81,3,Rainy,Low,Completed
O05587,C01927,R0029,2025-03-10 11:00:00,1578.96,5,Rainy,Medium,Completed
O05588,C00993,R0061,2025-01-13 22:00:00,1735.2,5,Clear,Medium,Completed
O05589,C01926,R0085,2025-02-25 11:00:00,111.41,6,Clear,High,Completed
O05590,C00850,R0035,2025-02-28 07:00:00,323.95,6,Clear,High,Completed
O05591,C01837,R0005,2025-03-06 14:00:00,1162.14,5,Rainy,Medium,Completed
O05592,C01919,R0076,2025-01-04 10:00:00,1957.95,2,Clear,Medium,Cancelled
O05593,C01878,R0007,2025-03-08 16:00:00,1355.35,2,Clear,Medium,Completed
O05594,C00627,R0041,2025-03-03 11:00:00,810.86,2,Rainy,High,Completed
O05595,C00679,R0002,2025-02-12 18:00:00,377.68,4,Clear,Low,Completed
O05596,C01459,R0089,2025-03-03 15:00:00,390.39,6,Cloudy,Low,Completed
O05597,C00777,R0010,2025-03-11 08:00:00,789.23,3,Clear,Medium,Completed
O05598,C01251,R0044,2025-03-16 06:00:00,1456.24,2,Clear,Low,Completed
O05599,C00663,R0070,2025-03-28 13:00:00,160.46,5,Cloudy,Medium,Completed
O05600,C00268,R0091,2025-03-08 22:00:00,1719.14,5,Clear,Low,Completed
O05601,C00116,R0035,2025-02-10 21:00:00,1888.95,2,Clear,High,Completed
O05602,C01624,R0062,2025-01-26 04:00:00,1788.75,6,Clear,Medium,Completed
O05603,C01854,R0074,2025-01-10 21:00:00,1834.75,2,Cloudy,Low,Completed
O05604,C00754,R0073,2025-01-31 10:00:00,129.14,5,Cloudy,High,Completed
O05605,C01384,R0020,2025-02-25 22:00:00,1957.81,2,Cloudy,High,Completed
O05606,C01353,R0035,2025-03-25 02:00:00,796.08,6,Clear,High,Completed
O05607,C01869,R0037,2025-02-26 16:00:00,1751.63,4,Rainy,Medium,Cancelled
O05608,C01064,R0072,2025-03-28 14:00:00,454.94,4,Clear,High,Completed
O05609,C00182,R0054,2025-02-10 17:00:00,948.4,6,Cloudy,Medium,Completed
O05610,C01514,R0095,2025-02-08 02:00:00,183.91,4,Clear,Medium,Completed
O05611,C01233,R0080,2025-03-10 05:00:00,176.14,1,Clear,Medium,Completed
O05612,C00903,R0028,2025-03-09 20:00:00,1892.22,4,Clear,Medium,Completed
O05613,C01297,R0070,2025-03-24 13:00:00,1640.15,5,Clear,Low,Completed
O05614,C01143,R0032,2025-01-25 06:00:00,1106.67,6,Clear,Medium,Completed
O05615,C01406,R0092,2025-01-20 03:00:00,1098.37,1,Clear,Medium,Completed
O05616,C00946,R0011,2025-01-06 15:00:00,1522.63,5,Rainy,Medium,Completed
O05617,C01560,R0042,2025-03-24 08:00:00,749.17,5,Cloudy,Medium,Completed
O05618,C00258,R0023,2025-02-10 17:00:00,1547.55,6,Rainy,Medium,Completed
O05619,C01507,R0030,2025-01-12 19:00:00,1021.52,6,Cloudy,Low,Completed
O05620,C00509,R0009,2025-01-01 16:00:00,1312.04,2,Clear,Low,Completed
O05621,C00092,R0092,2025-02-21 14:00:00,1933.18,6,Cloudy,Medium,Completed
O05622,C01185,R0088,2025-03-01 06:00:00,995.5,3,Cloudy,Medium,Completed
O05623,C00149,R0059,2025-02-22 19:00:00,894.97,4,Cloudy,High,Completed
O05624,C00117,R0028,2025-03-27 13:00:00,1820.92,6,Clear,Medium,Completed
O05625,C00458,R0088,2025-02-02 11:00:00,1814.9,3,Clear,Medium,Completed
O05626,C00565,R0079,2025-03-30 22:00:00,1985.6,3,Clear,Medium,Cancelled
O05627,C00814,R0033,2025-03-10 07:00:00,1146.64,2,Clear,High,Completed
O05628,C00045,R0047,2025-01-18 11:00:00,754.1,3,Clear,High,Completed
O05629,C01801,R0098,2025-03-18 02:00:00,556.74,4,Rainy,High,Completed
O05630,C00774,R0022,2025-02-05 19:00:00,164.78,1,Clear,Medium,Completed
O05631,C01843,R0029,2025-01-09 14:00:00,1480.78,5,Cloudy,Medium,Completed
O05632,C00234,R0034,2025-03-27 00:00:00,543.6,4,Clear,Medium,Completed
O05633,C01399,R0042,2025-01-05 18:00:00,1252.62,2,Cloudy,Low,Completed
O05634,C01571,R0052,2025-01-09 18:00:00,1841.53,1,Clear,High,Completed
O05635,C01874,R0047,2025-01-06 11:00:00,1905.41,2,Clear,Low,Completed
O05636,C01973,R0074,2025-02-28 05:00:00,108.38,4,Clear,High,Completed
O05637,C01939,R0051,2025-01-07 09:00:00,702.44,5,Clear,Low,Completed
O05638,C00197,R0045,2025-02-08 07:00:00,1691.02,3,Clear,Medium,Completed
O05639,C00025,R0094,2025-03-02 06:00:00,1119.25,6,Rainy,High,Completed
O05640,C00395,R0075,2025-02-09 15:00:00,1634.27,6,Clear,Medium,Completed
O05641,C00714,R0034,2025-02-27 21:00:00,1721.31,3,Clear,Medium,Completed
O05642,C01809,R0021,2025-03-13 13:00:00,940.99,2,Clear,High,Completed
O05643,C01060,R0013,2025-01-07 02:00:00,782.07,1,Clear,Low,Completed
O05644,C01498,R0054,2025-03-17 17:00:00,965.32,6,Cloudy,High,Completed
O05645,C00223,R0025,2025-01-30 18:00:00,1340.31,5,Rainy,High,Completed
O05646,C00864,R0021,2025-03-08 12:00:00,797.6,2,Cloudy,Medium,Completed
O05647,C01813,R0001,2025-03-05 11:00:00,1572.48,5,Rainy,Medium,Completed
O05648,C00530,R0058,2025-02-07 18:00:00,1817.59,6,Clear,High,Completed
O05649,C01212,R0069,2025-03-10 14:00:00,636.39,2,Clear,Medium,Completed
O05650,C01426,R0086,2025-03-13 20:00:00,1933.48,1,Rainy,High,Completed
O05651,C00257,R0071,2025-03-26 14:00:00,1283.18,4,Cloudy,Medium,Completed
O05652,C00654,R0013,2025-03-11 03:00:00,1768.52,3,Cloudy,Medium,Completed
O05653,C01160,R0052,2025-02-04 12:00:00,297.44,5,Clear,High,Completed
O05654,C01986,R0023,2025-02-25 17:00:00,577.85,5,Clear,Low,Completed
O05655,C01843,R0021,2025-01-01 10:00:00,709.94,1,Clear,Medium,Completed
O05656,C00591,R0006,2025-03-05 16:00:00,675.36,5,Rainy,Medium,Completed
O05657,C00444,R0020,2025-01-16 17:00:00,426.54,4,Rainy,Medium,Completed
O05658,C00418,R0076,2025-01-16 00:00:00,1749.58,4,Rainy,Low,Completed
O05659,C01316,R0040,2025-03-07 11:00:00,895.36,1,Clear,Medium,Completed
O05660,C00574,R0009,2025-01-27 17:00:00,1929.95,2,Clear,Medium,Completed
O05661,C00129,R0050,2025-01-24 20:00:00,1208.6,2,Clear,Low,Completed
O05662,C01011,R0028,2025-03-23 11:00:00,362.95,5,Cloudy,High,Completed
O05663,C00341,R0011,2025-03-08 00:00:00,1137.22,5,Clear,Low,Completed
O05664,C00810,R0096,2025-02-08 10:00:00,1987.74,1,Clear,Low,Completed
O05665,C01281,R0075,2025-03-06 05:00:00,1173.83,4,Clear,Medium,Completed
O05666,C00992,R0088,2025-03-17 14:00:00,103.55,1,Cloudy,Medium,Completed
O05667,C01748,R0056,2025-03-20 17:00:00,1872.85,2,Cloudy,High,Completed
O05668,C01590,R0079,2025-03-21 03:00:00,546.3,4,Rainy,Low,Completed
O05669,C01711,R0035,2025-02-21 03:00:00,1408.21,5,Clear,Low,Completed
O05670,C00100,R0081,2025-03-01 23:00:00,1078.65,2,Clear,Low,Completed
O05671,C00039,R0025,2025-02-14 00:00:00,718.32,3,Clear,Medium,Completed
O05672,C01950,R0099,2025-03-30 17:00:00,637.02,2,Clear,High,Completed
O05673,C00263,R0019,2025-03-04 18:00:00,1864.64,4,Cloudy,Medium,Completed
O05674,C00150,R0031,2025-03-09 22:00:00,1832.66,4,Cloudy,Medium,Completed
O05675,C01657,R0081,2025-02-10 04:00:00,1074.96,1,Rainy,High,Completed
O05676,C00690,R0050,2025-02-11 07:00:00,591.14,4,Clear,Medium,Cancelled
O05677,C00813,R0087,2025-01-21 14:00:00,294.45,3,Clear,Medium,Completed
O05678,C01354,R0063,2025-02-19 17:00:00,397.5,3,Clear,High,Completed
O05679,C01144,R0047,2025-01-30 06:00:00,1092.28,4,Rainy,High,Completed
O05680,C01608,R0001,2025-02-12 22:00:00,684.88,5,Cloudy,Medium,Completed
O05681,C00219,R0058,2025-02-28 11:00:00,179.93,4,Cloudy,Medium,Completed
O05682,C00906,R0010,2025-02-04 09:00:00,964.82,5,Cloudy,Low,Completed
O05683,C01934,R0008,2025-02-14 01:00:00,1517.76,4,Clear,Medium,Completed
O05684,C01838,R0026,2025-01-24 10:00:00,1794.22,2,Cloudy,Low,Completed
O05685,C01147,R0034,2025-01-16 06:00:00,1212.04,4,Clear,Medium,Completed
O05686,C00244,R0019,2025-02-03 01:00:00,1474.26,2,Clear,Medium,Completed
O05687,C00886,R0078,2025-01-27 11:00:00,791.73,5,Rainy,Low,Completed
O05688,C00587,R0072,2025-03-13 01:00:00,1042.85,4,Clear,Low,Completed
O05689,C00518,R0001,2025-02-11 02:00:00,1486.29,5,Rainy,Medium,Completed
O05690,C01045,R0048,2025-02-09 21:00:00,1482.55,3,Cloudy,Low,Completed
O05691,C00190,R0025,2025-02-05 14:00:00,906.6,6,Cloudy,High,Completed
O05692,C01249,R0024,2025-03-30 13:00:00,1132.97,1,Clear,High,Cancelled
O05693,C00915,R0047,2025-03-07 09:00:00,1855.33,5,Rainy,High,Completed
O05694,C00615,R0084,2025-03-01 18:00:00,1300.8,2,Clear,Medium,Completed
O05695,C00856,R0094,2025-01-01 07:00:00,1320.89,1,Cloudy,Medium,Completed
O05696,C00466,R0069,2025-01-31 16:00:00,1590.78,6,Cloudy,High,Completed
O05697,C00099,R0067,2025-01-04 08:00:00,318.92,4,Clear,Low,Completed
O05698,C00830,R0032,2025-02-18 06:00:00,1093.48,2,Clear,Medium,Completed
O05699,C01387,R0017,2025-01-10 21:00:00,1922.92,1,Rainy,Low,Completed
O05700,C00997,R0061,2025-03-04 07:00:00,787.15,1,Rainy,Low,Completed
O05701,C01107,R0069,2025-02-13 17:00:00,660.36,5,Cloudy,High,Completed
O05702,C01717,R0011,2025-01-08 18:00:00,1242.3,4,Cloudy,High,Completed
O05703,C01688,R0038,2025-03-21 09:00:00,520.13,4,Cloudy,Low,Completed
O05704,C00056,R0068,2025-01-27 05:00:00,1156.3,4,Cloudy,Low,Completed
O05705,C01726,R0019,2025-03-14 04:00:00,395.74,5,Clear,Low,Completed
O05706,C01954,R0087,2025-02-03 22:00:00,1201.61,5,Clear,High,Completed
O05707,C01046,R0017,2025-01-26 13:00:00,1244.52,4,Cloudy,High,Completed
O05708,C00580,R0013,2025-02-19 10:00:00,894.96,1,Clear,High,Completed
O05709,C00185,R0091,2025-02-11 00:00:00,827.22,6,Cloudy,High,Completed
O05710,C00522,R0001,2025-02-03 05:00:00,566.37,4,Rainy,Medium,Completed
O05711,C01602,R0002,2025-02-14 21:00:00,728.75,5,Clear,Medium,Completed
O05712,C00264,R0082,2025-01-03 18:00:00,1046.86,4,Rainy,Low,Completed
O05713,C01249,R0100,2025-01-23 15:00:00,570.55,5,Clear,High,Completed
O05714,C01659,R0097,2025-03-16 10:00:00,1587.39,4,Rainy,Medium,Completed
O05715,C01062,R0100,2025-01-22 15:00:00,1447.17,6,Clear,Medium,Completed
O05716,C01003,R0066,2025-02-09 09:00:00,611.68,1,Clear,Low,Completed
O05717,C00123,R0068,2025-03-02 14:00:00,285.13,1,Clear,Low,Completed
O05718,C01854,R0016,2025-02-14 02:00:00,100.34,5,Cloudy,Low,Completed
O05719,C01180,R0004,2025-02-16 08:00:00,1233.77,5,Rainy,Medium,Cancelled
O05720,C01930,R0057,2025-02-09 10:00:00,501.59,2,Clear,High,Completed
O05721,C00301,R0073,2025-01-06 15:00:00,123.91,3,Clear,High,Completed
O05722,C00833,R0085,2025-02-03 00:00:00,782.26,2,Clear,Low,Completed
O05723,C01091,R0023,2025-02-17 08:00:00,1927.8,5,Clear,Medium,Completed
O05724,C01929,R0002,2025-02-26 18:00:00,1410.89,6,Cloudy,Low,Completed
O05725,C00645,R0067,2025-01-24 02:00:00,1729.75,5,Rainy,Medium,Completed
O05726,C00874,R0087,2025-02-09 09:00:00,375.0,4,Cloudy,Medium,Completed
O05727,C00394,R0026,2025-02-26 22:00:00,239.25,2,Cloudy,High,Completed
O05728,C01676,R0007,2025-02-09 12:00:00,121.91,3,Clear,Low,Cancelled
O05729,C01618,R0100,2025-01-05 07:00:00,1915.76,2,Clear,High,Completed
O05730,C01594,R0044,2025-02-13 14:00:00,670.39,1,Clear,Medium,Completed
O05731,C00661,R0033,2025-03-19 12:00:00,973.06,1,Rainy,Medium,Completed
O05732,C01429,R0064,2025-02-10 03:00:00,849.59,2,Cloudy,Low,Completed
O05733,C01473,R0036,2025-02-04 21:00:00,1487.87,6,Clear,Medium,Completed
O05734,C01155,R0004,2025-03-07 22:00:00,688.93,2,Clear,Low,Completed
O05735,C00069,R0023,2025-02-06 17:00:00,1117.36,6,Rainy,Medium,Completed
O05736,C01369,R0025,2025-01-18 15:00:00,1991.61,5,Cloudy,Medium,Completed
O05737,C00762,R0090,2025-01-09 19:00:00,943.72,6,Rainy,Low,Cancelled
O05738,C00320,R0092,2025-02-20 15:00:00,1147.42,4,Cloudy,Medium,Completed
O05739,C00177,R0092,2025-02-06 16:00:00,1054.8,1,Clear,Medium,Completed
O05740,C00584,R0085,2025-02-01 10:00:00,1626.05,3,Clear,High,Completed
O05741,C01553,R0074,2025-02-16 17:00:00,607.0,4,Clear,High,Completed
O05742,C01865,R0027,2025-01-30 04:00:00,423.83,6,Clear,Medium,Completed
O05743,C01184,R0051,2025-01-16 10:00:00,1532.78,2,Clear,High,Completed
O05744,C00582,R0079,2025-03-14 04:00:00,889.67,1,Clear,Medium,Completed
O05745,C01649,R0081,2025-02-18 11:00:00,1836.08,2,Clear,High,Completed
O05746,C01768,R0099,2025-02-08 00:00:00,1323.9,1,Clear,Medium,Completed
O05747,C01557,R0069,2025-03-18 04:00:00,1172.25,3,Clear,Medium,Completed
O05748,C01159,R0080,2025-02-03 09:00:00,233.87,4,Cloudy,Low,Completed
O05749,C01799,R0023,2025-02-11 05:00:00,1487.78,3,Clear,Medium,Completed
O05750,C00111,R0009,2025-01-29 03:00:00,1403.48,3,Rainy,High,Completed
O05751,C00999,R0033,2025-01-18 07:00:00,1316.14,4,Clear,Low,Completed
O05752,C00758,R0035,2025-02-18 10:00:00,609.03,6,Clear,Medium,Completed
O05753,C00283,R0050,2025-02-10 01:00:00,1898.8,4,Cloudy,Medium,Completed
O05754,C01544,R0024,2025-03-09 12:00:00,711.14,6,Clear,High,Completed
O05755,C01993,R0088,2025-03-05 23:00:00,389.24,3,Rainy,High,Completed
O05756,C01820,R0024,2025-01-11 08:00:00,1975.68,2,Clear,Medium,Completed
O05757,C01743,R0019,2025-03-20 14:00:00,1517.87,4,Clear,Medium,Completed
O05758,C00194,R0039,2025-01-24 20:00:00,888.1,3,Clear,Medium,Completed
O05759,C00967,R0061,2025-03-17 08:00:00,1878.24,3,Clear,High,Completed
O05760,C01071,R0025,2025-02-03 05:00:00,273.12,3,Cloudy,Low,Completed
O05761,C00978,R0095,2025-02-11 16:00:00,266.56,2,Clear,High,Completed
O05762,C00342,R0025,2025-02-01 16:00:00,1396.66,5,Clear,Low,Completed
O05763,C01266,R0027,2025-01-13 04:00:00,438.15,5,Clear,Low,Completed
O05764,C00522,R0032,2025-01-09 05:00:00,1842.57,4,Rainy,Medium,Completed
O05765,C01394,R0011,2025-01-04 07:00:00,1696.68,5,Clear,High,Completed
O05766,C00801,R0069,2025-02-28 16:00:00,682.1,1,Clear,Medium,Completed
O05767,C00903,R0033,2025-01-06 16:00:00,1788.8,6,Clear,High,Completed
O05768,C00131,R0019,2025-01-09 20:00:00,181.49,4,Clear,High,Completed
O05769,C01294,R0016,2025-03-19 14:00:00,1142.41,4,Cloudy,Medium,Completed
O05770,C01964,R0099,2025-01-26 18:00:00,1877.57,3,Rainy,Low,Completed
O05771,C00814,R0011,2025-02-09 23:00:00,1725.23,6,Rainy,Medium,Completed
O05772,C00061,R0075,2025-03-13 18:00:00,776.54,1,Rainy,High,Completed
O05773,C00164,R0074,2025-02-18 09:00:00,447.45,5,Cloudy,Medium,Completed
O05774,C01549,R0098,2025-03-20 17:00:00,500.03,4,Clear,Medium,Completed
O05775,C00272,R0069,2025-03-27 00:00:00,1077.56,6,Clear,Medium,Cancelled
O05776,C01744,R0087,2025-03-06 17:00:00,1233.87,1,Clear,High,Completed
O05777,C01782,R0055,2025-02-15 19:00:00,162.35,2,Rainy,Medium,Completed
O05778,C00133,R0025,2025-03-12 08:00:00,885.75,2,Clear,High,Completed
O05779,C01268,R0093,2025-01-02 12:00:00,1677.74,3,Clear,Low,Completed
O05780,C01830,R0077,2025-02-05 04:00:00,944.23,1,Cloudy,Low,Completed
O05781,C00998,R0096,2025-03-12 01:00:00,421.43,4,Clear,Medium,Completed
O05782,C01458,R0034,2025-03-10 11:00:00,1914.23,2,Clear,Low,Cancelled
O05783,C00038,R0012,2025-02-22 15:00:00,605.92,6,Clear,Medium,Completed
O05784,C01895,R0088,2025-03-27 03:00:00,1617.01,2,Clear,Medium,Completed
O05785,C01592,R0021,2025-01-09 23:00:00,468.21,6,Clear,Medium,Cancelled
O05786,C01343,R0029,2025-01-29 08:00:00,904.03,5,Clear,Medium,Completed
O05787,C01534,R0051,2025-03-17 12:00:00,1031.8,5,Clear,High,Completed
O05788,C01400,R0023,2025-03-04 19:00:00,1051.21,1,Clear,Low,Completed
O05789,C01584,R0033,2025-03-29 02:00:00,1081.3,5,Clear,High,Completed
O05790,C00617,R0008,2025-02-16 12:00:00,527.4,1,Cloudy,Medium,Completed
O05791,C00474,R0042,2025-02-23 20:00:00,1080.24,4,Clear,Low,Completed
O05792,C00059,R0077,2025-03-10 12:00:00,1015.25,4,Clear,Low,Completed
O05793,C00589,R0069,2025-02-21 14:00:00,496.57,4,Clear,Low,Completed
O05794,C01964,R0041,2025-02-09 22:00:00,1977.56,5,Cloudy,High,Completed
O05795,C00499,R0074,2025-02-17 20:00:00,1744.57,5,Clear,Low,Completed
O05796,C01242,R0063,2025-03-18 04:00:00,1786.4,3,Clear,Medium,Completed
O05797,C01919,R0014,2025-01-07 13:00:00,1402.58,2,Rainy,Medium,Completed
O05798,C00567,R0088,2025-02-07 19:00:00,403.8,6,Clear,Low,Completed
O05799,C00567,R0062,2025-03-05 16:00:00,1179.37,4,Rainy,Medium,Completed
O05800,C01153,R0075,2025-02-17 12:00:00,1660.74,5,Rainy,Medium,Completed
O05801,C00904,R0046,2025-03-06 23:00:00,173.6,2,Cloudy,Medium,Completed
O05802,C00383,R0067,2025-03-29 19:00:00,1042.1,4,Clear,Low,Completed
O05803,C01412,R0093,2025-03-21 01:00:00,852.63,4,Cloudy,Medium,Completed
O05804,C00085,R0053,2025-02-04 11:00:00,503.04,6,Clear,Low,Completed
O05805,C01534,R0052,2025-03-17 00:00:00,818.68,2,Rainy,High,Completed
O05806,C01750,R0094,2025-02-20 03:00:00,1968.65,2,Rainy,Medium,Completed
O05807,C00627,R0007,2025-02-05 04:00:00,1474.16,5,Rainy,Low,Completed
O05808,C01461,R0081,2025-02-22 20:00:00,669.12,2,Cloudy,Medium,Cancelled
O05809,C00826,R0084,2025-01-27 13:00:00,1250.17,2,Clear,Medium,Cancelled
O05810,C00293,R0054,2025-01-28 00:00:00,568.65,5,Rainy,High,Cancelled
O05811,C01073,R0011,2025-03-09 21:00:00,1260.6,4,Clear,Low,Completed
O05812,C01091,R0025,2025-02-11 05:00:00,1802.72,6,Clear,Medium,Completed
O05813,C00787,R0059,2025-02-03 11:00:00,1158.07,2,Rainy,Medium,Completed
O05814,C00129,R0088,2025-01-06 07:00:00,1493.35,6,Clear,Low,Completed
O05815,C00029,R0066,2025-02-09 15:00:00,961.34,3,Rainy,Low,Completed
O05816,C01367,R0027,2025-01-01 19:00:00,1095.84,1,Clear,Medium,Completed
O05817,C01569,R0083,2025-03-16 05:00:00,1420.64,6,Cloudy,High,Completed
O05818,C01143,R0058,2025-01-29 02:00:00,1643.57,2,Clear,Medium,Completed
O05819,C00692,R0093,2025-01-31 18:00:00,1352.96,6,Cloudy,Medium,Completed
O05820,C01961,R0011,2025-01-24 04:00:00,1957.23,2,Rainy,Medium,Completed
O05821,C01687,R0055,2025-01-21 23:00:00,1657.66,1,Rainy,Medium,Completed
O05822,C00133,R0019,2025-02-22 22:00:00,1576.6,3,Clear,High,Cancelled
O05823,C01351,R0092,2025-01-31 17:00:00,1705.69,6,Cloudy,High,Completed
O05824,C01209,R0039,2025-02-02 23:00:00,634.3,4,Rainy,Medium,Completed
O05825,C01530,R0085,2025-02-27 02:00:00,920.89,3,Clear,Medium,Completed
O05826,C00646,R0090,2025-01-09 04:00:00,1172.48,1,Clear,Medium,Cancelled
O05827,C00689,R0086,2025-02-17 02:00:00,978.53,6,Cloudy,Low,Completed
O05828,C00534,R0070,2025-01-31 23:00:00,1710.17,2,Clear,Medium,Completed
O05829,C01265,R0011,2025-03-10 04:00:00,151.43,4,Clear,Medium,Completed
O05830,C01613,R0014,2025-02-19 07:00:00,497.43,3,Clear,High,Cancelled
O05831,C01740,R0060,2025-03-09 22:00:00,1775.24,3,Clear,High,Completed
O05832,C00516,R0036,2025-03-23 07:00:00,212.29,4,Cloudy,Medium,Completed
O05833,C01864,R0041,2025-03-26 22:00:00,531.28,3,Rainy,High,Completed
O05834,C00960,R0002,2025-02-25 16:00:00,767.38,1,Rainy,High,Completed
O05835,C00165,R0057,2025-02-08 13:00:00,1526.41,4,Clear,High,Cancelled
O05836,C00927,R0060,2025-01-10 18:00:00,1164.34,1,Clear,High,Completed
O05837,C00933,R0020,2025-01-20 22:00:00,1913.75,4,Cloudy,Low,Completed
O05838,C01664,R0022,2025-01-28 17:00:00,532.96,1,Cloudy,Medium,Completed
O05839,C00557,R0004,2025-02-16 19:00:00,1757.03,2,Rainy,Medium,Completed
O05840,C01242,R0056,2025-02-27 19:00:00,637.54,2,Rainy,High,Completed
O05841,C01771,R0093,2025-01-27 17:00:00,566.45,3,Clear,Medium,Completed
O05842,C01672,R0058,2025-03-05 04:00:00,1046.91,4,Rainy,Medium,Completed
O05843,C00680,R0088,2025-01-24 22:00:00,235.29,6,Clear,Medium,Completed
O05844,C00993,R0065,2025-03-13 17:00:00,830.18,4,Cloudy,Medium,Completed
O05845,C01773,R0088,2025-02-12 10:00:00,775.78,1,Clear,Medium,Completed
O05846,C01629,R0058,2025-02-25 07:00:00,404.19,6,Cloudy,Medium,Completed
O05847,C01029,R0030,2025-01-17 15:00:00,1735.51,3,Clear,Low,Cancelled
O05848,C01692,R0076,2025-01-25 18:00:00,833.19,3,Clear,High,Completed
O05849,C00757,R0019,2025-03-02 16:00:00,1965.65,6,Clear,Medium,Completed
O05850,C01896,R0062,2025-03-08 11:00:00,1809.45,4,Rainy,Low,Completed
O05851,C01105,R0068,2025-01-05 20:00:00,470.14,2,Clear,Low,Completed
O05852,C01271,R0079,2025-01-16 22:00:00,1059.73,4,Clear,Low,Cancelled
O05853,C00855,R0084,2025-02-05 18:00:00,1243.43,6,Clear,Medium,Completed
O05854,C00493,R0044,2025-03-30 17:00:00,1656.02,4,Cloudy,Low,Completed
O05855,C00649,R0084,2025-03-19 02:00:00,1782.72,5,Cloudy,Low,Cancelled
O05856,C01410,R0061,2025-02-04 15:00:00,1285.63,1,Clear,Medium,Completed
O05857,C01599,R0021,2025-02-06 08:00:00,166.75,1,Clear,Low,Cancelled
O05858,C00992,R0010,2025-03-30 05:00:00,1014.43,5,Clear,High,Completed
O05859,C01331,R0030,2025-01-17 02:00:00,1781.13,3,Clear,Medium,Completed
O05860,C00628,R0024,2025-03-25 14:00:00,1456.77,6,Cloudy,Low,Completed
O05861,C00625,R0048,2025-01-13 08:00:00,1753.27,1,Rainy,Low,Completed
O05862,C00543,R0055,2025-01-30 22:00:00,1380.75,3,Cloudy,Low,Completed
O05863,C00007,R0052,2025-03-08 14:00:00,183.67,2,Clear,Medium,Completed
O05864,C01950,R0038,2025-03-23 22:00:00,1939.21,3,Clear,Low,Cancelled
O05865,C00954,R0067,2025-02-19 06:00:00,1844.24,1,Clear,Low,Cancelled
O05866,C00515,R0093,2025-01-01 10:00:00,340.5,6,Clear,Medium,Completed
O05867,C01843,R0008,2025-02-02 16:00:00,314.11,6,Cloudy,Medium,Completed
O05868,C00755,R0029,2025-01-18 02:00:00,1124.25,3,Cloudy,High,Completed
O05869,C01592,R0010,2025-02-21 05:00:00,1538.4,2,Clear,High,Completed
O05870,C00073,R0069,2025-01-25 22:00:00,826.13,5,Clear,Low,Completed
O05871,C00010,R0075,2025-02-04 07:00:00,359.13,1,Cloudy,Low,Completed
O05872,C01597,R0068,2025-02-16 17:00:00,1070.06,6,Clear,Medium,Completed
O05873,C00562,R0049,2025-01-01 18:00:00,741.38,2,Rainy,Low,Completed
O05874,C00122,R0058,2025-01-14 00:00:00,768.37,4,Clear,Medium,Completed
O05875,C00687,R0035,2025-03-23 01:00:00,1325.47,5,Clear,Low,Completed
O05876,C00513,R0050,2025-01-10 14:00:00,1782.66,5,Clear,High,Completed
O05877,C00990,R0040,2025-01-02 19:00:00,1161.32,1,Clear,High,Cancelled
O05878,C00441,R0012,2025-02-23 16:00:00,1406.44,2,Clear,High,Cancelled
O05879,C01062,R0085,2025-03-05 07:00:00,1353.9,6,Rainy,Medium,Completed
O05880,C00702,R0016,2025-02-28 18:00:00,1147.18,6,Clear,Medium,Completed
O05881,C00591,R0078,2025-02-04 04:00:00,690.44,4,Rainy,High,Completed
O05882,C01369,R0085,2025-03-30 07:00:00,817.81,6,Cloudy,Medium,Cancelled
O05883,C01990,R0048,2025-01-08 02:00:00,699.84,2,Clear,Medium,Completed
O05884,C01362,R0091,2025-01-11 05:00:00,1843.25,6,Rainy,Low,Completed
O05885,C01985,R0100,2025-02-18 12:00:00,1670.58,3,Clear,Medium,Completed
O05886,C01726,R0001,2025-03-10 07:00:00,1200.76,6,Clear,Low,Completed
O05887,C01208,R0065,2025-01-26 16:00:00,1833.26,1,Rainy,Medium,Completed
O05888,C00067,R0022,2025-01-10 23:00:00,1784.18,3,Rainy,Medium,Completed
O05889,C00017,R0015,2025-03-23 12:00:00,1862.62,6,Clear,Medium,Completed
O05890,C01407,R0084,2025-03-01 23:00:00,521.37,6,Clear,Medium,Completed
O05891,C00368,R0067,2025-01-17 13:00:00,1463.26,6,Clear,Medium,Cancelled
O05892,C00904,R0014,2025-03-19 08:00:00,1257.53,3,Clear,Low,Completed
O05893,C01340,R0073,2025-02-08 10:00:00,1494.28,6,Rainy,Medium,Completed
O05894,C01521,R0019,2025-02-02 23:00:00,600.42,5,Rainy,Medium,Completed
O05895,C01832,R0040,2025-03-21 10:00:00,1420.14,6,Rainy,High,Completed
O05896,C00721,R0098,2025-03-21 08:00:00,878.67,5,Rainy,High,Completed
O05897,C01369,R0004,2025-03-28 05:00:00,1684.77,3,Clear,Low,Completed
O05898,C00958,R0033,2025-02-03 20:00:00,1611.19,6,Cloudy,Medium,Completed
O05899,C01577,R0043,2025-02-07 15:00:00,501.58,2,Clear,Medium,Completed
O05900,C00908,R0037,2025-03-14 02:00:00,449.33,1,Clear,Low,Completed
O05901,C00989,R0066,2025-02-04 15:00:00,1463.69,6,Clear,Low,Cancelled
O05902,C00473,R0027,2025-02-28 02:00:00,1145.9,1,Cloudy,Low,Cancelled
O05903,C00115,R0045,2025-03-23 22:00:00,1158.69,2,Clear,Medium,Completed
O05904,C00100,R0081,2025-02-13 12:00:00,1529.78,3,Cloudy,High,Completed
O05905,C01909,R0050,2025-01-31 23:00:00,1724.44,1,Clear,Low,Completed
O05906,C00438,R0095,2025-02-03 20:00:00,554.03,6,Clear,Low,Completed
O05907,C01369,R0063,2025-03-07 19:00:00,1155.53,5,Cloudy,Medium,Completed
O05908,C00349,R0006,2025-02-27 07:00:00,1675.01,4,Clear,Medium,Completed
O05909,C00139,R0095,2025-03-10 18:00:00,1758.31,5,Rainy,Low,Completed
O05910,C00828,R0067,2025-01-23 01:00:00,646.08,2,Clear,Medium,Completed
O05911,C00324,R0067,2025-03-01 02:00:00,297.89,4,Cloudy,Low,Completed
O05912,C00846,R0097,2025-03-28 10:00:00,542.36,1,Clear,Medium,Completed
O05913,C01326,R0059,2025-02-09 02:00:00,1896.45,6,Cloudy,Medium,Completed
O05914,C00294,R0013,2025-01-12 20:00:00,978.71,1,Cloudy,Medium,Cancelled
O05915,C01981,R0021,2025-03-17 20:00:00,895.29,4,Clear,Medium,Completed
O05916,C01553,R0064,2025-01-28 00:00:00,124.86,1,Cloudy,Medium,Completed
O05917,C01858,R0037,2025-01-08 20:00:00,196.93,4,Cloudy,Medium,Completed
O05918,C00968,R0080,2025-03-13 21:00:00,1370.52,3,Clear,Low,Completed
O05919,C01316,R0085,2025-02-20 22:00:00,1220.67,2,Cloudy,Medium,Completed
O05920,C00074,R0048,2025-02-16 21:00:00,1193.5,6,Rainy,Medium,Completed
O05921,C01799,R0056,2025-01-20 22:00:00,309.61,5,Cloudy,High,Completed
O05922,C00484,R0044,2025-03-27 03:00:00,768.92,4,Rainy,Low,Completed
O05923,C00016,R0013,2025-03-26 09:00:00,1643.48,4,Cloudy,Low,Cancelled
O05924,C01550,R0004,2025-01-22 12:00:00,432.33,3,Clear,Medium,Completed
O05925,C01360,R0095,2025-03-20 16:00:00,1777.11,6,Clear,Medium,Completed
O05926,C00793,R0073,2025-03-06 14:00:00,330.81,6,Clear,Medium,Completed
O05927,C01897,R0033,2025-03-06 04:00:00,421.38,5,Clear,Low,Completed
O05928,C00516,R0037,2025-02-17 09:00:00,1007.72,3,Clear,Medium,Completed
O05929,C00925,R0053,2025-03-06 03:00:00,1896.07,3,Clear,Medium,Completed
O05930,C01151,R0024,2025-03-14 20:00:00,726.14,2,Clear,Medium,Completed
O05931,C00824,R0089,2025-01-02 09:00:00,1350.61,1,Clear,High,Completed
O05932,C00518,R0051,2025-01-13 07:00:00,1218.48,6,Cloudy,Low,Completed
O05933,C00129,R0041,2025-03-01 13:00:00,384.28,6,Clear,Low,Cancelled
O05934,C00511,R0029,2025-02-17 22:00:00,571.52,5,Clear,Medium,Completed
O05935,C00423,R0059,2025-03-24 19:00:00,1867.29,3,Clear,Medium,Completed
O05936,C00385,R0040,2025-01-27 23:00:00,451.18,1,Rainy,Low,Cancelled
O05937,C01907,R0051,2025-03-13 05:00:00,1420.52,1,Cloudy,High,Completed
O05938,C00232,R0050,2025-03-06 11:00:00,1932.92,1,Cloudy,Medium,Completed
O05939,C00959,R0036,2025-01-20 06:00:00,327.06,6,Clear,Medium,Cancelled
O05940,C00825,R0079,2025-02-20 09:00:00,858.45,1,Clear,High,Completed
O05941,C01219,R0060,2025-01-22 09:00:00,525.47,2,Rainy,Medium,Completed
O05942,C00065,R0018,2025-01-01 00:00:00,520.97,2,Cloudy,Medium,Completed
O05943,C00833,R0020,2025-02-22 14:00:00,326.07,3,Cloudy,Medium,Completed
O05944,C00615,R0005,2025-02-14 22:00:00,1334.15,1,Clear,Low,Completed
O05945,C01301,R0018,2025-03-03 07:00:00,1518.05,3,Clear,High,Completed
O05946,C01694,R0040,2025-01-15 01:00:00,1385.91,4,Clear,Low,Completed
O05947,C01248,R0001,2025-02-16 23:00:00,1856.85,6,Clear,High,Completed
O05948,C00801,R0019,2025-02-10 16:00:00,376.79,2,Rainy,Medium,Completed
O05949,C01968,R0087,2025-02-06 18:00:00,707.71,2,Rainy,Low,Completed
O05950,C00278,R0026,2025-02-13 05:00:00,754.69,6,Cloudy,Low,Completed
O05951,C01718,R0029,2025-03-12 23:00:00,540.96,5,Clear,Medium,Completed
O05952,C00366,R0059,2025-02-06 07:00:00,370.19,4,Clear,Medium,Completed
O05953,C00516,R0063,2025-01-20 00:00:00,1024.74,2,Clear,High,Completed
O05954,C01239,R0098,2025-03-06 13:00:00,1685.44,1,Cloudy,Low,Completed
O05955,C00439,R0083,2025-01-16 05:00:00,1913.63,6,Cloudy,Medium,Completed
O05956,C00428,R0062,2025-01-07 15:00:00,345.75,1,Clear,High,Completed
O05957,C00729,R0048,2025-02-05 03:00:00,1664.0,6,Clear,Medium,Completed
O05958,C00396,R0062,2025-03-29 14:00:00,1666.7,1,Cloudy,Medium,Completed
O05959,C01233,R0018,2025-03-25 07:00:00,839.06,6,Rainy,Low,Completed
O05960,C01525,R0066,2025-03-10 06:00:00,309.06,3,Cloudy,High,Completed
O05961,C01487,R0027,2025-01-10 16:00:00,1981.02,2,Rainy,Medium,Completed
O05962,C00586,R0006,2025-01-10 16:00:00,1345.63,3,Cloudy,Medium,Completed
O05963,C01251,R0070,2025-01-24 05:00:00,1966.17,2,Clear,Low,Completed
O05964,C00375,R0059,2025-03-23 05:00:00,1018.95,5,Cloudy,Medium,Completed
O05965,C01524,R0006,2025-03-02 19:00:00,850.87,3,Clear,High,Completed
O05966,C00948,R0031,2025-01-14 22:00:00,569.65,2,Clear,High,Completed
O05967,C00093,R0094,2025-01-11 15:00:00,1968.79,5,Rainy,Low,Completed
O05968,C01484,R0056,2025-02-15 09:00:00,581.19,2,Clear,Medium,Completed
O05969,C01601,R0054,2025-02-02 03:00:00,145.15,4,Clear,Medium,Cancelled
O05970,C00321,R0085,2025-02-09 09:00:00,1073.69,6,Cloudy,Medium,Completed
O05971,C01034,R0041,2025-02-16 07:00:00,816.4,3,Clear,High,Completed
O05972,C00914,R0018,2025-01-13 22:00:00,596.63,1,Clear,High,Completed
O05973,C01327,R0087,2025-03-08 10:00:00,1305.76,5,Rainy,Medium,Completed
O05974,C01346,R0023,2025-02-23 09:00:00,792.11,5,Clear,Medium,Completed
O05975,C01841,R0092,2025-03-07 21:00:00,864.28,1,Clear,Low,Completed
O05976,C01480,R0036,2025-02-02 21:00:00,143.79,5,Clear,High,Completed
O05977,C01302,R0025,2025-03-28 00:00:00,1219.23,1,Clear,Medium,Completed
O05978,C01622,R0007,2025-01-15 05:00:00,331.93,1,Clear,Medium,Completed
O05979,C01562,R0082,2025-02-11 18:00:00,506.23,2,Cloudy,Low,Completed
O05980,C01754,R0020,2025-02-04 21:00:00,1462.52,3,Clear,Medium,Completed
O05981,C01417,R0005,2025-01-27 03:00:00,695.16,4,Cloudy,Low,Completed
O05982,C00917,R0018,2025-02-23 00:00:00,410.1,5,Clear,Medium,Completed
O05983,C00095,R0033,2025-01-30 13:00:00,1197.11,2,Clear,Medium,Completed
O05984,C01780,R0079,2025-01-31 18:00:00,508.32,4,Cloudy,Medium,Completed
O05985,C00959,R0035,2025-03-16 02:00:00,614.86,4,Clear,Low,Completed
O05986,C01131,R0065,2025-02-09 09:00:00,1280.54,5,Cloudy,Low,Completed
O05987,C01414,R0063,2025-01-21 14:00:00,1505.74,5,Rainy,Low,Completed
O05988,C01784,R0085,2025-01-02 10:00:00,1505.35,2,Clear,High,Completed
O05989,C01550,R0072,2025-03-01 14:00:00,1016.26,5,Rainy,Medium,Completed
O05990,C01697,R0071,2025-03-24 23:00:00,963.16,4,Clear,Medium,Completed
O05991,C00071,R0041,2025-02-04 01:00:00,1596.53,5,Clear,Medium,Completed
O05992,C00664,R0050,2025-01-01 09:00:00,466.77,6,Cloudy,Low,Completed
O05993,C00969,R0030,2025-02-11 01:00:00,389.18,6,Clear,Low,Completed
O05994,C00587,R0038,2025-03-14 09:00:00,1362.92,2,Clear,Medium,Completed
O05995,C01400,R0035,2025-03-06 22:00:00,878.06,2,Clear,Medium,Completed
O05996,C00727,R0066,2025-01-19 17:00:00,1449.0,2,Cloudy,Medium,Completed
O05997,C00368,R0046,2025-02-21 19:00:00,587.54,5,Rainy,Low,Completed
O05998,C00051,R0008,2025-02-06 00:00:00,717.26,3,Clear,Medium,Completed
O05999,C01922,R0068,2025-03-17 00:00:00,1803.69,2,Clear,Low,Completed
O06000,C01167,R0037,2025-01-09 14:00:00,901.15,3,Cloudy,Medium,Completed
O06001,C01443,R0085,2025-03-17 09:00:00,1222.81,1,Clear,High,Cancelled
O06002,C01572,R0013,2025-02-05 09:00:00,302.7,2,Clear,Medium,Completed
O06003,C01524,R0073,2025-01-11 05:00:00,439.78,3,Cloudy,Medium,Completed
O06004,C01910,R0045,2025-03-14 06:00:00,168.19,3,Clear,Low,Completed
O06005,C00988,R0029,2025-03-25 05:00:00,906.3,4,Clear,Low,Completed
O06006,C01191,R0041,2025-03-30 18:00:00,1978.95,3,Rainy,Medium,Completed
O06007,C01772,R0056,2025-01-14 04:00:00,1760.36,4,Clear,Medium,Completed
O06008,C00260,R0088,2025-03-13 15:00:00,1302.53,6,Rainy,Medium,Completed
O06009,C01216,R0016,2025-03-17 06:00:00,1736.08,6,Rainy,Medium,Completed
O06010,C01226,R0012,2025-01-25 23:00:00,1228.92,6,Clear,High,Completed
O06011,C01798,R0066,2025-02-16 02:00:00,800.66,3,Cloudy,High,Completed
O06012,C01209,R0062,2025-03-06 19:00:00,429.74,3,Rainy,High,Completed
O06013,C00158,R0019,2025-02-05 00:00:00,1340.79,1,Cloudy,Medium,Completed
O06014,C01782,R0030,2025-01-15 11:00:00,466.8,3,Rainy,Medium,Completed
O06015,C01646,R0016,2025-02-23 23:00:00,893.11,5,Clear,High,Cancelled
O06016,C00099,R0088,2025-01-14 18:00:00,1669.02,5,Cloudy,Medium,Completed
O06017,C00241,R0013,2025-01-26 09:00:00,345.54,6,Clear,Medium,Completed
O06018,C01515,R0069,2025-03-23 00:00:00,345.14,5,Cloudy,Low,Completed
O06019,C00202,R0023,2025-01-31 23:00:00,526.36,1,Cloudy,High,Completed
O06020,C00634,R0062,2025-01-24 16:00:00,1148.64,3,Clear,High,Completed
O06021,C01533,R0031,2025-03-12 04:00:00,578.27,1,Clear,Medium,Completed
O06022,C01653,R0053,2025-02-10 10:00:00,1056.08,3,Clear,Medium,Completed
O06023,C01120,R0017,2025-02-01 02:00:00,673.77,4,Clear,High,Completed
O06024,C00746,R0049,2025-03-15 12:00:00,1061.86,1,Clear,High,Completed
O06025,C00490,R0049,2025-02-27 16:00:00,627.5,6,Rainy,Medium,Completed
O06026,C00579,R0067,2025-02-21 01:00:00,1962.02,5,Clear,Medium,Completed
O06027,C01912,R0026,2025-02-12 10:00:00,1036.16,5,Clear,Medium,Completed
O06028,C01242,R0013,2025-01-01 15:00:00,1512.92,5,Cloudy,Low,Completed
O06029,C00527,R0038,2025-01-24 15:00:00,1431.04,3,Rainy,Medium,Completed
O06030,C00273,R0022,2025-03-26 08:00:00,1032.06,3,Clear,Medium,Completed
O06031,C01243,R0085,2025-03-09 05:00:00,553.84,1,Clear,High,Completed
O06032,C00786,R0029,2025-03-28 13:00:00,1070.36,6,Clear,Low,Completed
O06033,C01907,R0045,2025-03-06 06:00:00,1393.85,2,Cloudy,Low,Completed
O06034,C01683,R0046,2025-03-22 11:00:00,973.85,3,Cloudy,Medium,Completed
O06035,C01356,R0039,2025-03-28 05:00:00,255.66,2,Clear,Low,Completed
O06036,C01880,R0069,2025-03-02 14:00:00,134.17,2,Rainy,Medium,Completed
O06037,C00453,R0078,2025-03-12 22:00:00,722.97,3,Clear,Low,Completed
O06038,C01176,R0082,2025-03-01 17:00:00,385.43,1,Rainy,Medium,Completed
O06039,C00347,R0068,2025-01-14 12:00:00,1821.76,6,Clear,Low,Completed
O06040,C00816,R0097,2025-02-25 01:00:00,434.08,2,Clear,Medium,Completed
O06041,C00414,R0039,2025-01-06 01:00:00,849.14,1,Clear,Medium,Completed
O06042,C01551,R0020,2025-03-03 12:00:00,1452.95,1,Rainy,Low,Completed
O06043,C00431,R0077,2025-01-12 01:00:00,1649.3,6,Clear,Medium,Completed
O06044,C00379,R0100,2025-01-02 03:00:00,1007.65,3,Clear,Low,Completed
O06045,C00998,R0068,2025-02-23 10:00:00,444.16,6,Clear,High,Completed
O06046,C00895,R0035,2025-03-30 12:00:00,614.7,2,Cloudy,High,Completed
O06047,C00428,R0008,2025-01-18 23:00:00,896.04,1,Clear,High,Completed
O06048,C01890,R0052,2025-02-06 14:00:00,792.73,2,Rainy,Low,Completed
O06049,C01947,R0040,2025-02-14 02:00:00,762.48,1,Clear,Low,Cancelled
O06050,C01108,R0036,2025-01-19 03:00:00,350.52,3,Clear,Medium,Completed
O06051,C00192,R0006,2025-02-15 05:00:00,1835.29,1,Clear,Medium,Completed
O06052,C00041,R0086,2025-03-29 11:00:00,156.54,3,Cloudy,Low,Completed
O06053,C01888,R0070,2025-03-29 06:00:00,936.0,3,Rainy,Medium,Completed
O06054,C01860,R0100,2025-01-05 04:00:00,1962.61,2,Clear,Medium,Cancelled
O06055,C01797,R0073,2025-02-24 06:00:00,1353.48,2,Rainy,Low,Completed
O06056,C01333,R0016,2025-02-10 22:00:00,775.28,6,Rainy,High,Completed
O06057,C01402,R0046,2025-02-06 22:00:00,377.59,2,Rainy,High,Completed
O06058,C00136,R0059,2025-02-03 07:00:00,1931.36,4,Clear,Medium,Completed
O06059,C01814,R0038,2025-02-12 17:00:00,126.57,2,Rainy,High,Cancelled
O06060,C00106,R0097,2025-03-05 03:00:00,1394.64,2,Rainy,Low,Completed
O06061,C00519,R0018,2025-03-21 07:00:00,1772.26,6,Cloudy,Low,Completed
O06062,C01942,R0012,2025-03-21 17:00:00,147.8,1,Clear,Low,Completed
O06063,C00814,R0054,2025-02-23 23:00:00,1477.83,6,Clear,Medium,Completed
O06064,C01566,R0091,2025-02-18 15:00:00,1997.79,4,Rainy,Medium,Completed
O06065,C00126,R0047,2025-01-19 02:00:00,1315.32,4,Clear,Low,Completed
O06066,C01381,R0001,2025-03-03 10:00:00,887.89,1,Clear,Medium,Completed
O06067,C00400,R0015,2025-02-08 03:00:00,1761.36,2,Clear,Medium,Completed
O06068,C00079,R0091,2025-01-23 16:00:00,1152.94,6,Clear,High,Completed
O06069,C00389,R0080,2025-02-21 13:00:00,1523.94,5,Clear,Medium,Completed
O06070,C01603,R0021,2025-01-27 23:00:00,1216.78,3,Cloudy,Low,Cancelled
O06071,C01559,R0001,2025-03-01 15:00:00,172.75,4,Clear,Medium,Cancelled
O06072,C01725,R0093,2025-02-14 20:00:00,504.98,1,Rainy,Low,Completed
O06073,C00074,R0067,2025-03-08 15:00:00,249.65,5,Cloudy,Medium,Completed
O06074,C01029,R0012,2025-01-02 12:00:00,302.71,3,Rainy,Medium,Completed
O06075,C01943,R0028,2025-01-31 03:00:00,129.27,5,Cloudy,High,Completed
O06076,C01487,R0039,2025-03-06 11:00:00,900.21,2,Clear,High,Completed
O06077,C00082,R0037,2025-02-10 19:00:00,439.44,1,Rainy,High,Completed
O06078,C01561,R0095,2025-01-04 11:00:00,1725.82,3,Cloudy,Medium,Completed
O06079,C00776,R0060,2025-02-16 13:00:00,1525.07,3,Clear,High,Completed
O06080,C00991,R0031,2025-02-26 21:00:00,1189.04,2,Cloudy,Medium,Completed
O06081,C01429,R0058,2025-01-30 22:00:00,1029.14,2,Clear,Medium,Completed
O06082,C01538,R0097,2025-01-23 21:00:00,586.15,2,Rainy,Medium,Completed
O06083,C00278,R0097,2025-02-27 03:00:00,1002.41,1,Clear,Medium,Completed
O06084,C00840,R0011,2025-01-25 10:00:00,1318.34,4,Cloudy,Low,Completed
O06085,C01879,R0029,2025-03-19 16:00:00,1586.23,5,Clear,Medium,Completed
O06086,C00224,R0089,2025-01-07 07:00:00,255.2,1,Clear,High,Completed
O06087,C01608,R0013,2025-02-14 05:00:00,1446.08,1,Clear,Low,Cancelled
O06088,C01092,R0051,2025-03-07 07:00:00,1511.19,5,Clear,Medium,Completed
O06089,C01344,R0054,2025-01-09 19:00:00,1162.05,3,Clear,Medium,Completed
O06090,C00606,R0019,2025-01-31 21:00:00,507.21,5,Clear,High,Completed
O06091,C00019,R0058,2025-01-04 23:00:00,1124.45,2,Cloudy,Medium,Completed
O06092,C00640,R0036,2025-03-05 14:00:00,1055.14,3,Clear,Medium,Completed
O06093,C01367,R0028,2025-01-22 17:00:00,1003.85,1,Clear,Medium,Cancelled
O06094,C01618,R0068,2025-02-13 07:00:00,975.22,5,Clear,High,Completed
O06095,C01790,R0003,2025-03-12 22:00:00,310.57,1,Clear,Low,Completed
O06096,C01973,R0089,2025-01-01 17:00:00,447.5,6,Rainy,Medium,Completed
O06097,C01757,R0041,2025-03-13 15:00:00,284.93,1,Clear,Low,Completed
O06098,C01367,R0035,2025-02-10 17:00:00,560.71,5,Clear,Medium,Completed
O06099,C00097,R0093,2025-02-06 14:00:00,600.61,6,Clear,Low,Completed
O06100,C01076,R0093,2025-01-25 17:00:00,565.64,6,Rainy,High,Completed
O06101,C00175,R0076,2025-01-27 18:00:00,500.77,6,Clear,High,Completed
O06102,C01362,R0099,2025-02-03 08:00:00,1497.3,1,Clear,Medium,Completed
O06103,C01718,R0084,2025-01-19 22:00:00,1655.27,4,Rainy,Medium,Completed
O06104,C01964,R0081,2025-03-09 01:00:00,721.51,4,Cloudy,High,Completed
O06105,C01377,R0076,2025-02-06 11:00:00,679.74,1,Cloudy,Medium,Completed
O06106,C01415,R0050,2025-02-15 15:00:00,1703.66,3,Rainy,Medium,Completed
O06107,C01139,R0100,2025-02-12 05:00:00,1285.46,3,Clear,High,Completed
O06108,C00348,R0074,2025-02-16 06:00:00,657.53,3,Clear,Medium,Completed
O06109,C00001,R0082,2025-01-20 05:00:00,1455.86,3,Clear,Low,Completed
O06110,C00063,R0030,2025-03-31 00:00:00,754.73,4,Cloudy,High,Completed
O06111,C01784,R0072,2025-03-27 13:00:00,1214.46,3,Clear,Low,Completed
O06112,C01767,R0077,2025-02-09 08:00:00,1986.0,5,Clear,High,Completed
O06113,C00226,R0095,2025-01-04 11:00:00,673.03,3,Cloudy,High,Completed
O06114,C00423,R0070,2025-03-01 23:00:00,1868.0,5,Cloudy,Medium,Completed
O06115,C01043,R0054,2025-02-17 07:00:00,709.24,4,Clear,Low,Completed
O06116,C00031,R0071,2025-01-30 02:00:00,1126.54,5,Cloudy,High,Completed
O06117,C00845,R0085,2025-03-17 20:00:00,973.97,6,Rainy,High,Cancelled
O06118,C00633,R0051,2025-01-23 01:00:00,1588.0,5,Clear,Low,Completed
O06119,C00024,R0028,2025-01-14 06:00:00,216.08,1,Clear,Medium,Completed
O06120,C00837,R0064,2025-02-15 18:00:00,1291.53,5,Cloudy,Medium,Completed
O06121,C00983,R0085,2025-01-11 08:00:00,1545.27,6,Clear,Medium,Completed
O06122,C01235,R0021,2025-01-17 02:00:00,997.08,1,Clear,Medium,Completed
O06123,C01985,R0088,2025-03-23 13:00:00,300.06,6,Cloudy,Medium,Completed
O06124,C00161,R0027,2025-03-20 18:00:00,565.13,3,Rainy,Low,Cancelled
O06125,C01279,R0027,2025-01-16 02:00:00,1391.38,5,Clear,Low,Completed
O06126,C01595,R0077,2025-03-30 03:00:00,1801.33,5,Clear,High,Completed
O06127,C00114,R0050,2025-03-06 19:00:00,901.06,2,Clear,Medium,Completed
O06128,C00504,R0029,2025-03-17 06:00:00,1164.78,3,Clear,Medium,Completed
O06129,C01953,R0039,2025-01-13 07:00:00,533.93,5,Clear,High,Completed
O06130,C01696,R0057,2025-03-24 23:00:00,883.21,5,Clear,Low,Cancelled
O06131,C00955,R0092,2025-03-28 16:00:00,739.9,2,Clear,Medium,Cancelled
O06132,C01244,R0037,2025-02-28 05:00:00,1345.5,1,Clear,Medium,Completed
O06133,C00357,R0093,2025-01-02 07:00:00,1970.93,3,Cloudy,Medium,Completed
O06134,C00169,R0064,2025-01-24 02:00:00,1645.28,2,Clear,Medium,Completed
O06135,C01548,R0048,2025-01-13 16:00:00,465.11,3,Clear,Medium,Completed
O06136,C00969,R0022,2025-02-03 00:00:00,1197.59,3,Cloudy,High,Completed
O06137,C00242,R0100,2025-02-17 03:00:00,226.18,1,Clear,Medium,Completed
O06138,C01399,R0030,2025-01-04 23:00:00,569.14,1,Rainy,Medium,Completed
O06139,C00139,R0028,2025-02-15 09:00:00,427.21,4,Cloudy,Low,Completed
O06140,C00097,R0023,2025-01-10 13:00:00,737.54,2,Clear,Medium,Cancelled
O06141,C00147,R0097,2025-01-15 21:00:00,1389.75,6,Clear,High,Completed
O06142,C01206,R0004,2025-01-17 17:00:00,1048.85,2,Clear,Medium,Completed
O06143,C01081,R0003,2025-02-02 21:00:00,1872.53,3,Clear,High,Completed
O06144,C01066,R0061,2025-01-05 02:00:00,504.22,4,Clear,Medium,Cancelled
O06145,C00866,R0096,2025-01-12 06:00:00,792.0,4,Clear,High,Completed
O06146,C01735,R0004,2025-03-16 22:00:00,726.72,3,Rainy,Medium,Completed
O06147,C00543,R0065,2025-01-16 01:00:00,548.33,1,Rainy,Medium,Completed
O06148,C00692,R0012,2025-02-19 11:00:00,1987.02,4,Cloudy,High,Completed
O06149,C01026,R0013,2025-01-23 11:00:00,835.73,2,Clear,Medium,Completed
O06150,C01958,R0034,2025-03-19 17:00:00,1886.97,1,Clear,Low,Completed
O06151,C01312,R0059,2025-02-04 16:00:00,841.9,5,Cloudy,Medium,Completed
O06152,C01162,R0093,2025-02-14 03:00:00,487.77,4,Cloudy,High,Completed
O06153,C01641,R0073,2025-01-14 01:00:00,326.49,3,Clear,Low,Completed
O06154,C01536,R0031,2025-02-24 03:00:00,1725.57,2,Clear,High,Completed
O06155,C00904,R0071,2025-01-10 16:00:00,160.99,4,Clear,Medium,Completed
O06156,C00730,R0013,2025-03-10 07:00:00,1932.35,3,Clear,High,Completed
O06157,C01246,R0054,2025-02-12 21:00:00,894.56,2,Clear,Low,Completed
O06158,C00331,R0002,2025-01-11 03:00:00,570.01,4,Clear,Low,Completed
O06159,C00617,R0033,2025-03-30 10:00:00,1273.15,2,Clear,High,Completed
O06160,C00404,R0050,2025-03-06 22:00:00,352.53,5,Cloudy,Low,Completed
O06161,C00508,R0007,2025-01-04 14:00:00,237.08,2,Clear,Medium,Completed
O06162,C01940,R0018,2025-02-06 16:00:00,1672.79,3,Rainy,Low,Completed
O06163,C01151,R0051,2025-02-18 20:00:00,906.87,4,Clear,Medium,Cancelled
O06164,C01289,R0008,2025-01-07 15:00:00,1084.68,3,Clear,Low,Completed
O06165,C01736,R0055,2025-03-30 17:00:00,435.72,5,Rainy,Medium,Completed
O06166,C01788,R0076,2025-03-06 13:00:00,216.71,6,Cloudy,Low,Completed
O06167,C01039,R0043,2025-01-20 21:00:00,798.77,1,Cloudy,High,Completed
O06168,C00226,R0059,2025-03-07 19:00:00,1061.68,2,Cloudy,Medium,Completed
O06169,C00984,R0030,2025-03-27 21:00:00,1554.32,3,Clear,High,Completed
O06170,C00865,R0059,2025-03-23 16:00:00,1052.0,6,Rainy,Medium,Completed
O06171,C01129,R0009,2025-03-30 08:00:00,1586.76,4,Cloudy,High,Completed
O06172,C00745,R0092,2025-03-14 17:00:00,319.32,4,Cloudy,High,Completed
O06173,C00493,R0068,2025-01-26 01:00:00,221.53,1,Cloudy,High,Cancelled
O06174,C00319,R0039,2025-03-01 03:00:00,401.84,4,Cloudy,Medium,Completed
O06175,C01243,R0081,2025-03-21 22:00:00,1566.82,5,Cloudy,High,Completed
O06176,C01301,R0011,2025-01-14 20:00:00,1542.73,1,Clear,Low,Completed
O06177,C00773,R0002,2025-01-15 18:00:00,368.6,5,Cloudy,Low,Completed
O06178,C01917,R0023,2025-02-05 06:00:00,158.88,2,Cloudy,Medium,Completed
O06179,C01955,R0063,2025-01-07 18:00:00,1402.04,5,Clear,High,Completed
O06180,C01365,R0022,2025-01-05 19:00:00,1725.04,2,Rainy,Low,Completed
O06181,C00452,R0061,2025-02-15 22:00:00,1532.8,5,Rainy,High,Completed
O06182,C01393,R0026,2025-03-03 06:00:00,485.32,1,Clear,Low,Completed
O06183,C00944,R0012,2025-03-21 10:00:00,1209.16,2,Clear,Medium,Completed
O06184,C00848,R0032,2025-02-13 14:00:00,1538.99,6,Clear,High,Completed
O06185,C01017,R0009,2025-01-23 14:00:00,586.07,5,Clear,High,Completed
O06186,C01498,R0069,2025-01-18 05:00:00,1102.67,5,Cloudy,Medium,Completed
O06187,C01214,R0090,2025-01-29 09:00:00,697.47,4,Clear,Medium,Completed
O06188,C00884,R0071,2025-01-27 17:00:00,528.59,5,Clear,Low,Completed
O06189,C00419,R0093,2025-03-01 16:00:00,1942.22,4,Cloudy,Low,Completed
O06190,C01734,R0033,2025-01-28 20:00:00,1833.91,5,Cloudy,High,Completed
O06191,C00865,R0024,2025-03-28 05:00:00,946.77,3,Clear,Low,Completed
O06192,C00789,R0089,2025-02-10 08:00:00,359.88,4,Clear,Low,Completed
O06193,C01872,R0095,2025-03-13 00:00:00,1483.02,1,Cloudy,Medium,Completed
O06194,C00495,R0093,2025-02-19 04:00:00,585.83,1,Clear,Medium,Cancelled
O06195,C01063,R0069,2025-02-13 13:00:00,420.18,2,Rainy,Medium,Completed
O06196,C00162,R0038,2025-03-04 07:00:00,824.91,6,Cloudy,Medium,Completed
O06197,C00121,R0011,2025-02-23 15:00:00,1106.71,6,Clear,Low,Completed
O06198,C01916,R0032,2025-03-16 22:00:00,285.14,1,Rainy,High,Completed
O06199,C00399,R0064,2025-01-31 03:00:00,1186.32,2,Clear,Low,Cancelled
O06200,C01286,R0072,2025-02-18 07:00:00,129.16,1,Clear,Medium,Completed
O06201,C01986,R0020,2025-01-11 11:00:00,1794.55,4,Clear,Low,Completed
O06202,C00728,R0034,2025-01-09 12:00:00,1849.41,3,Cloudy,High,Completed
O06203,C01848,R0042,2025-03-20 07:00:00,1492.83,2,Clear,Low,Completed
O06204,C00561,R0008,2025-02-02 22:00:00,986.44,3,Clear,Medium,Completed
O06205,C00604,R0066,2025-02-15 04:00:00,584.3,5,Clear,High,Completed
O06206,C01153,R0021,2025-01-20 08:00:00,1513.81,5,Cloudy,Low,Completed
O06207,C01857,R0079,2025-03-18 17:00:00,1870.41,3,Clear,High,Completed
O06208,C00540,R0070,2025-02-25 05:00:00,401.21,4,Clear,Low,Completed
O06209,C00356,R0005,2025-03-04 07:00:00,985.06,3,Clear,Low,Completed
O06210,C00660,R0067,2025-01-17 09:00:00,699.0,3,Cloudy,Medium,Completed
O06211,C00432,R0043,2025-03-09 22:00:00,777.81,3,Clear,Medium,Completed
O06212,C01864,R0016,2025-03-26 12:00:00,870.94,2,Cloudy,Medium,Completed
O06213,C01089,R0099,2025-02-07 23:00:00,1908.41,2,Clear,Low,Completed
O06214,C01242,R0073,2025-02-23 10:00:00,591.41,3,Clear,Low,Completed
O06215,C00563,R0035,2025-02-20 10:00:00,1036.08,6,Clear,Low,Completed
O06216,C01451,R0083,2025-02-21 11:00:00,1907.83,4,Cloudy,High,Completed
O06217,C00817,R0043,2025-02-14 02:00:00,1004.51,5,Clear,Medium,Completed
O06218,C01945,R0098,2025-02-18 18:00:00,1740.84,5,Clear,Medium,Completed
O06219,C01098,R0039,2025-02-23 00:00:00,211.65,5,Rainy,Medium,Completed
O06220,C01484,R0010,2025-01-03 08:00:00,1910.76,1,Clear,Medium,Completed
O06221,C01449,R0074,2025-03-20 20:00:00,456.31,4,Cloudy,High,Completed
O06222,C00711,R0020,2025-03-14 20:00:00,1961.88,2,Clear,Low,Completed
O06223,C01216,R0001,2025-01-16 00:00:00,433.6,5,Rainy,Medium,Completed
O06224,C01213,R0006,2025-03-23 04:00:00,944.3,2,Clear,Medium,Cancelled
O06225,C00012,R0053,2025-01-10 06:00:00,686.37,2,Clear,Low,Completed
O06226,C00239,R0046,2025-03-10 07:00:00,923.14,2,Clear,Low,Completed
O06227,C01896,R0066,2025-01-14 14:00:00,576.0,6,Clear,High,Completed
O06228,C01617,R0038,2025-02-16 17:00:00,1934.1,2,Cloudy,Low,Completed
O06229,C00453,R0033,2025-02-22 01:00:00,680.88,3,Cloudy,Low,Cancelled
O06230,C00383,R0067,2025-03-15 05:00:00,1341.22,2,Clear,Medium,Completed
O06231,C00782,R0100,2025-02-04 19:00:00,361.15,1,Cloudy,Medium,Completed
O06232,C01826,R0077,2025-02-11 00:00:00,1666.34,2,Rainy,Low,Completed
O06233,C00048,R0035,2025-02-26 13:00:00,1130.77,5,Clear,Low,Completed
O06234,C00317,R0079,2025-02-02 23:00:00,1960.95,2,Clear,High,Completed
O06235,C00209,R0045,2025-03-20 14:00:00,904.46,5,Cloudy,High,Completed
O06236,C01571,R0022,2025-01-16 21:00:00,471.35,2,Rainy,Medium,Cancelled
O06237,C01143,R0068,2025-03-02 06:00:00,757.44,4,Cloudy,High,Completed
O06238,C00577,R0017,2025-02-27 03:00:00,1500.23,3,Rainy,High,Completed
O06239,C00315,R0005,2025-03-20 02:00:00,1352.3,5,Rainy,Medium,Completed
O06240,C00754,R0085,2025-03-25 16:00:00,1578.86,1,Clear,High,Completed
O06241,C01060,R0057,2025-02-17 14:00:00,239.59,2,Rainy,High,Completed
O06242,C01487,R0088,2025-01-09 21:00:00,1202.7,5,Clear,Medium,Completed
O06243,C01788,R0095,2025-01-24 12:00:00,1871.12,6,Cloudy,Medium,Completed
O06244,C00915,R0040,2025-01-31 11:00:00,305.01,3,Rainy,Low,Completed
O06245,C00755,R0030,2025-01-19 06:00:00,279.24,6,Clear,Medium,Cancelled
O06246,C00554,R0042,2025-03-08 04:00:00,1461.55,2,Cloudy,High,Completed
O06247,C01605,R0007,2025-01-27 04:00:00,698.85,3,Rainy,High,Completed
O06248,C00403,R0071,2025-02-07 14:00:00,1351.3,1,Clear,Medium,Completed
O06249,C01131,R0091,2025-03-03 06:00:00,1136.23,5,Clear,Low,Completed
O06250,C00039,R0088,2025-01-17 10:00:00,1973.53,1,Cloudy,High,Completed
O06251,C00581,R0019,2025-01-11 06:00:00,1789.21,3,Clear,Medium,Completed
O06252,C00180,R0041,2025-03-10 04:00:00,1388.34,4,Clear,Medium,Completed
O06253,C00012,R0034,2025-03-03 08:00:00,597.18,4,Clear,Medium,Completed
O06254,C01363,R0022,2025-03-30 19:00:00,597.63,6,Cloudy,Medium,Cancelled
O06255,C00943,R0052,2025-02-21 20:00:00,1776.26,5,Cloudy,Medium,Completed
O06256,C01740,R0091,2025-03-29 10:00:00,1212.15,2,Clear,Medium,Completed
O06257,C00548,R0006,2025-02-10 20:00:00,1599.64,6,Clear,Medium,Completed
O06258,C01150,R0074,2025-02-20 10:00:00,954.74,1,Clear,High,Completed
O06259,C00063,R0095,2025-03-06 12:00:00,295.84,4,Cloudy,Low,Completed
O06260,C00844,R0025,2025-01-18 10:00:00,732.1,4,Clear,Low,Completed
O06261,C01106,R0066,2025-03-30 22:00:00,406.18,2,Clear,Low,Completed
O06262,C01009,R0010,2025-01-11 18:00:00,1585.48,1,Clear,Medium,Completed
O06263,C01843,R0074,2025-03-05 07:00:00,1430.97,3,Clear,Medium,Completed
O06264,C01323,R0026,2025-02-22 20:00:00,267.98,6,Clear,Medium,Completed
O06265,C00034,R0005,2025-02-09 03:00:00,1280.63,4,Cloudy,Medium,Completed
O06266,C00752,R0086,2025-01-09 03:00:00,1760.86,5,Clear,Medium,Completed
O06267,C01633,R0068,2025-01-03 13:00:00,1424.99,5,Cloudy,Low,Completed
O06268,C00049,R0098,2025-01-24 09:00:00,1071.11,3,Rainy,Medium,Completed
O06269,C00658,R0071,2025-01-02 15:00:00,692.54,2,Clear,High,Completed
O06270,C01661,R0050,2025-03-15 15:00:00,1785.48,2,Clear,High,Completed
O06271,C00701,R0017,2025-03-26 21:00:00,903.33,6,Clear,High,Completed
O06272,C01081,R0011,2025-03-20 03:00:00,1725.25,4,Clear,Low,Completed
O06273,C01885,R0053,2025-02-02 19:00:00,1587.7,6,Cloudy,Low,Completed
O06274,C00109,R0050,2025-03-20 04:00:00,1650.83,4,Clear,Low,Completed
O06275,C01541,R0008,2025-01-01 01:00:00,1980.62,4,Cloudy,High,Completed
O06276,C00985,R0092,2025-03-04 04:00:00,1522.64,3,Clear,High,Completed
O06277,C00024,R0097,2025-02-17 01:00:00,164.68,3,Cloudy,Medium,Completed
O06278,C00221,R0062,2025-02-02 08:00:00,490.32,4,Clear,Medium,Completed
O06279,C01984,R0089,2025-03-16 06:00:00,166.87,2,Cloudy,Medium,Completed
O06280,C00315,R0085,2025-01-18 05:00:00,460.84,1,Clear,High,Completed
O06281,C00294,R0076,2025-01-09 17:00:00,216.74,4,Clear,Medium,Completed
O06282,C01953,R0090,2025-03-23 19:00:00,1053.07,2,Clear,High,Cancelled
O06283,C01034,R0029,2025-03-29 02:00:00,153.59,2,Rainy,Medium,Completed
O06284,C01701,R0099,2025-03-10 12:00:00,997.9,5,Cloudy,Low,Completed
O06285,C01020,R0044,2025-03-07 23:00:00,1807.8,6,Clear,Medium,Completed
O06286,C01505,R0045,2025-01-31 05:00:00,1522.29,1,Cloudy,Medium,Completed
O06287,C01751,R0029,2025-02-28 20:00:00,1893.52,4,Clear,Medium,Completed
O06288,C01018,R0088,2025-02-20 21:00:00,530.63,1,Clear,Low,Completed
O06289,C00638,R0059,2025-01-05 10:00:00,1109.06,4,Cloudy,Medium,Completed
O06290,C00267,R0015,2025-01-14 14:00:00,705.3,6,Clear,Low,Completed
O06291,C01816,R0070,2025-01-27 19:00:00,1038.26,1,Cloudy,High,Completed
O06292,C00088,R0096,2025-01-15 20:00:00,1158.44,1,Cloudy,Medium,Completed
O06293,C00455,R0044,2025-02-24 11:00:00,168.75,2,Clear,High,Cancelled
O06294,C01650,R0098,2025-01-22 03:00:00,543.19,1,Cloudy,Low,Completed
O06295,C01557,R0036,2025-02-15 09:00:00,1439.07,1,Clear,Low,Completed
O06296,C01172,R0084,2025-01-09 02:00:00,1568.56,6,Clear,High,Cancelled
O06297,C00757,R0057,2025-02-20 11:00:00,1181.96,4,Clear,Medium,Completed
O06298,C01802,R0064,2025-01-02 22:00:00,614.58,2,Rainy,Low,Completed
O06299,C01753,R0076,2025-02-27 17:00:00,869.66,1,Clear,High,Completed
O06300,C00431,R0099,2025-03-08 17:00:00,282.47,2,Clear,High,Completed
O06301,C01776,R0038,2025-03-04 22:00:00,1911.04,2,Clear,Medium,Completed
O06302,C01967,R0017,2025-02-05 06:00:00,1750.49,3,Clear,Medium,Completed
O06303,C00911,R0027,2025-03-08 18:00:00,224.64,4,Clear,Low,Completed
O06304,C01964,R0017,2025-01-30 12:00:00,416.33,3,Rainy,High,Cancelled
O06305,C01768,R0063,2025-02-03 15:00:00,1204.08,2,Clear,Low,Completed
O06306,C01768,R0011,2025-01-05 18:00:00,541.62,6,Cloudy,High,Completed
O06307,C00242,R0064,2025-01-27 06:00:00,1875.36,6,Clear,Medium,Completed
O06308,C00702,R0039,2025-01-09 04:00:00,1535.62,1,Cloudy,Low,Completed
O06309,C00902,R0002,2025-01-17 16:00:00,619.25,4,Rainy,Low,Completed
O06310,C00741,R0066,2025-03-26 23:00:00,111.59,5,Clear,Medium,Completed
O06311,C00066,R0054,2025-01-04 03:00:00,1618.95,4,Clear,Low,Completed
O06312,C00972,R0029,2025-03-02 09:00:00,905.77,3,Rainy,High,Completed
O06313,C00378,R0045,2025-01-12 22:00:00,1320.52,4,Rainy,Low,Completed
O06314,C00388,R0088,2025-03-07 08:00:00,645.25,1,Clear,Medium,Completed
O06315,C01815,R0088,2025-02-25 02:00:00,371.46,4,Cloudy,Medium,Completed
O06316,C00781,R0080,2025-02-05 20:00:00,1383.09,5,Rainy,Medium,Completed
O06317,C00209,R0031,2025-01-31 21:00:00,955.62,6,Cloudy,Medium,Completed
O06318,C01439,R0049,2025-03-14 02:00:00,546.82,3,Rainy,Low,Completed
O06319,C00016,R0009,2025-02-03 16:00:00,361.49,3,Clear,Medium,Completed
O06320,C01321,R0027,2025-03-23 15:00:00,1202.91,2,Clear,Medium,Completed
O06321,C00986,R0056,2025-01-18 05:00:00,1478.54,3,Clear,Low,Completed
O06322,C01244,R0078,2025-01-18 22:00:00,639.39,5,Clear,Medium,Completed
O06323,C01793,R0045,2025-03-17 13:00:00,1496.77,5,Cloudy,Medium,Completed
O06324,C00367,R0089,2025-02-22 05:00:00,447.93,6,Clear,Low,Completed
O06325,C00780,R0043,2025-03-21 22:00:00,742.99,3,Clear,Low,Completed
O06326,C01253,R0022,2025-02-25 20:00:00,1515.28,6,Rainy,Low,Completed
O06327,C01655,R0099,2025-01-23 15:00:00,1354.27,4,Cloudy,Low,Completed
O06328,C00440,R0033,2025-03-05 02:00:00,613.99,5,Cloudy,High,Completed
O06329,C00690,R0027,2025-02-28 19:00:00,332.06,3,Clear,High,Completed
O06330,C01556,R0040,2025-01-03 23:00:00,180.7,3,Clear,Low,Completed
O06331,C01474,R0026,2025-02-12 14:00:00,1692.04,4,Clear,Medium,Completed
O06332,C01060,R0083,2025-01-23 03:00:00,242.77,6,Clear,High,Completed
O06333,C00847,R0045,2025-01-25 00:00:00,318.21,3,Clear,Medium,Completed
O06334,C00422,R0045,2025-02-16 08:00:00,551.65,1,Clear,Medium,Completed
O06335,C01942,R0026,2025-03-23 01:00:00,946.77,2,Clear,High,Cancelled
O06336,C01644,R0070,2025-01-30 16:00:00,1600.6,5,Clear,Medium,Completed
O06337,C01213,R0067,2025-03-06 22:00:00,570.21,4,Clear,High,Completed
O06338,C01202,R0006,2025-01-27 17:00:00,1132.67,4,Cloudy,Low,Completed
O06339,C00608,R0028,2025-02-03 19:00:00,271.71,2,Clear,High,Completed
O06340,C01339,R0067,2025-02-12 06:00:00,982.57,1,Clear,High,Completed
O06341,C00020,R0013,2025-02-26 18:00:00,437.51,2,Clear,High,Completed
O06342,C00676,R0063,2025-03-26 05:00:00,501.26,3,Cloudy,Low,Completed
O06343,C00382,R0013,2025-03-06 04:00:00,796.97,6,Clear,Medium,Completed
O06344,C00609,R0077,2025-03-19 13:00:00,1546.56,4,Rainy,Medium,Completed
O06345,C00143,R0001,2025-02-02 15:00:00,1513.57,6,Clear,Medium,Completed
O06346,C00062,R0040,2025-01-28 22:00:00,888.45,6,Clear,Low,Completed
O06347,C01266,R0037,2025-02-05 06:00:00,325.48,6,Rainy,Low,Completed
O06348,C00238,R0031,2025-02-21 17:00:00,633.31,6,Clear,Medium,Completed
O06349,C01155,R0017,2025-02-23 05:00:00,1060.18,3,Clear,Medium,Completed
O06350,C01629,R0009,2025-02-27 16:00:00,1751.88,4,Clear,Medium,Completed
O06351,C01627,R0064,2025-03-15 12:00:00,1939.68,6,Clear,Low,Completed
O06352,C01669,R0057,2025-01-08 09:00:00,1311.19,4,Cloudy,Medium,Completed
O06353,C01147,R0013,2025-01-12 11:00:00,766.3,6,Clear,High,Completed
O06354,C01464,R0037,2025-03-11 09:00:00,1417.56,3,Clear,Low,Completed
O06355,C00927,R0014,2025-02-02 22:00:00,738.84,2,Clear,Low,Completed
O06356,C00342,R0075,2025-03-11 20:00:00,1288.4,6,Clear,Medium,Completed
O06357,C01443,R0025,2025-03-01 08:00:00,563.16,5,Clear,Low,Completed
O06358,C01654,R0095,2025-02-21 16:00:00,607.28,5,Clear,Low,Completed
O06359,C00455,R0078,2025-01-02 02:00:00,242.93,2,Cloudy,Medium,Completed
O06360,C01222,R0057,2025-02-26 03:00:00,898.27,1,Cloudy,Medium,Completed
O06361,C00282,R0071,2025-03-08 06:00:00,1274.53,2,Clear,Medium,Completed
O06362,C00886,R0088,2025-03-13 22:00:00,1598.71,2,Rainy,Medium,Completed
O06363,C01025,R0100,2025-01-12 20:00:00,1639.66,2,Clear,Low,Completed
O06364,C00723,R0042,2025-02-16 08:00:00,1985.64,5,Cloudy,Medium,Completed
O06365,C01799,R0042,2025-02-14 12:00:00,266.74,4,Cloudy,Medium,Completed
O06366,C01956,R0047,2025-02-07 23:00:00,1036.96,1,Clear,High,Cancelled
O06367,C01356,R0044,2025-03-17 14:00:00,1090.61,1,Clear,Medium,Completed
O06368,C01236,R0041,2025-01-04 09:00:00,1628.61,1,Cloudy,High,Completed
O06369,C00087,R0003,2025-02-10 19:00:00,606.08,3,Cloudy,Medium,Completed
O06370,C00665,R0090,2025-02-19 14:00:00,231.81,6,Cloudy,Medium,Completed
O06371,C00862,R0090,2025-03-15 20:00:00,696.14,2,Clear,Medium,Completed
O06372,C01723,R0001,2025-03-18 01:00:00,1969.46,4,Clear,Low,Completed
O06373,C00061,R0079,2025-03-15 21:00:00,1808.94,4,Clear,Medium,Completed
O06374,C00797,R0011,2025-02-25 13:00:00,850.97,3,Cloudy,High,Completed
O06375,C00095,R0007,2025-03-25 15:00:00,1764.92,5,Clear,Medium,Completed
O06376,C00786,R0012,2025-01-04 09:00:00,162.23,3,Rainy,High,Completed
O06377,C01577,R0038,2025-01-04 21:00:00,696.99,3,Clear,Low,Completed
O06378,C01171,R0054,2025-02-26 00:00:00,1480.94,2,Clear,Medium,Completed
O06379,C01270,R0067,2025-01-15 06:00:00,520.76,5,Clear,Medium,Cancelled
O06380,C01668,R0053,2025-03-19 06:00:00,476.94,6,Clear,Medium,Completed
O06381,C00961,R0090,2025-02-15 09:00:00,1737.43,6,Clear,Medium,Completed
O06382,C00297,R0094,2025-01-26 23:00:00,1270.31,3,Clear,High,Completed
O06383,C01147,R0032,2025-02-06 03:00:00,1979.14,6,Clear,Medium,Completed
O06384,C01679,R0100,2025-01-08 02:00:00,355.87,4,Rainy,High,Completed
O06385,C00694,R0045,2025-03-16 06:00:00,776.64,2,Rainy,Medium,Completed
O06386,C01728,R0051,2025-01-25 01:00:00,691.31,6,Clear,Medium,Completed
O06387,C01480,R0037,2025-01-03 19:00:00,1772.25,5,Cloudy,Low,Completed
O06388,C00399,R0059,2025-03-05 03:00:00,585.06,4,Clear,Medium,Completed
O06389,C01743,R0054,2025-02-14 01:00:00,771.58,1,Clear,Medium,Completed
O06390,C00946,R0018,2025-01-01 00:00:00,371.38,2,Clear,Medium,Completed
O06391,C01255,R0001,2025-02-07 13:00:00,1573.26,4,Clear,High,Completed
O06392,C00534,R0021,2025-03-17 07:00:00,551.64,3,Cloudy,High,Completed
O06393,C00402,R0028,2025-02-01 05:00:00,229.81,3,Clear,Medium,Completed
O06394,C01616,R0016,2025-02-03 02:00:00,926.71,2,Rainy,Low,Completed
O06395,C00130,R0048,2025-03-28 02:00:00,843.77,5,Rainy,Medium,Completed
O06396,C00292,R0028,2025-03-17 19:00:00,437.46,3,Clear,Low,Completed
O06397,C00276,R0022,2025-03-28 18:00:00,353.84,4,Clear,Medium,Completed
O06398,C00912,R0083,2025-01-16 10:00:00,1803.46,1,Clear,High,Completed
O06399,C01859,R0001,2025-03-27 14:00:00,228.9,5,Clear,High,Completed
O06400,C01400,R0095,2025-01-16 10:00:00,288.69,2,Clear,Medium,Completed
O06401,C00926,R0042,2025-03-12 08:00:00,565.59,3,Clear,High,Completed
O06402,C00055,R0098,2025-02-01 12:00:00,1910.39,5,Cloudy,High,Completed
O06403,C01602,R0070,2025-02-17 10:00:00,262.23,1,Rainy,Medium,Completed
O06404,C00739,R0092,2025-02-26 16:00:00,1650.43,5,Clear,Medium,Completed
O06405,C01050,R0003,2025-02-18 13:00:00,1794.9,5,Cloudy,Low,Completed
O06406,C01465,R0095,2025-03-04 20:00:00,817.95,2,Clear,Low,Cancelled
O06407,C00765,R0080,2025-03-02 21:00:00,658.4,1,Cloudy,Medium,Completed
O06408,C01221,R0081,2025-03-30 23:00:00,1387.02,1,Clear,High,Cancelled
O06409,C00642,R0044,2025-01-20 06:00:00,1435.01,5,Rainy,Medium,Completed
O06410,C01267,R0027,2025-01-21 00:00:00,1581.96,3,Rainy,High,Completed
O06411,C01848,R0051,2025-02-04 06:00:00,1678.08,5,Cloudy,Medium,Completed
O06412,C00724,R0024,2025-01-22 19:00:00,609.95,4,Rainy,Low,Completed
O06413,C01214,R0020,2025-01-11 03:00:00,1405.23,3,Clear,Low,Completed
O06414,C00802,R0032,2025-01-10 22:00:00,356.32,2,Clear,Low,Cancelled
O06415,C00738,R0099,2025-02-20 20:00:00,1070.39,1,Clear,High,Completed
O06416,C00758,R0013,2025-02-02 00:00:00,1264.49,6,Clear,High,Completed
O06417,C01592,R0043,2025-01-10 18:00:00,407.29,3,Clear,Low,Completed
O06418,C00567,R0020,2025-01-21 16:00:00,245.36,2,Cloudy,High,Completed
O06419,C01300,R0002,2025-03-05 07:00:00,470.02,5,Cloudy,Medium,Completed
O06420,C01842,R0068,2025-03-21 07:00:00,899.12,2,Clear,Medium,Completed
O06421,C01433,R0091,2025-03-10 02:00:00,1786.9,4,Rainy,High,Completed
O06422,C00340,R0060,2025-02-08 23:00:00,1110.64,6,Rainy,Medium,Completed
O06423,C00153,R0089,2025-02-22 20:00:00,1522.14,2,Clear,Medium,Completed
O06424,C01589,R0004,2025-02-04 02:00:00,430.87,6,Clear,Medium,Completed
O06425,C01422,R0096,2025-01-01 21:00:00,301.36,6,Cloudy,High,Completed
O06426,C01468,R0017,2025-03-30 03:00:00,555.27,3,Clear,High,Completed
O06427,C01647,R0001,2025-02-15 08:00:00,696.37,1,Clear,Medium,Completed
O06428,C01004,R0033,2025-03-18 03:00:00,1141.39,3,Cloudy,Medium,Completed
O06429,C00427,R0030,2025-03-24 22:00:00,1774.36,3,Clear,Medium,Completed
O06430,C01003,R0005,2025-01-31 08:00:00,909.58,1,Rainy,Low,Completed
O06431,C01982,R0012,2025-03-20 01:00:00,1085.72,4,Cloudy,Low,Completed
O06432,C01511,R0032,2025-01-09 19:00:00,108.77,3,Rainy,High,Completed
O06433,C00204,R0038,2025-03-15 21:00:00,163.29,1,Rainy,Low,Completed
O06434,C01136,R0017,2025-01-09 07:00:00,259.16,1,Clear,Medium,Completed
O06435,C00325,R0058,2025-02-11 02:00:00,1428.09,3,Cloudy,Low,Completed
O06436,C01983,R0040,2025-01-08 09:00:00,1023.76,6,Cloudy,Medium,Completed
O06437,C01282,R0096,2025-03-02 06:00:00,466.63,1,Clear,Medium,Completed
O06438,C00950,R0024,2025-02-08 18:00:00,1225.94,6,Clear,Medium,Completed
O06439,C01552,R0012,2025-03-26 20:00:00,1134.76,5,Clear,Medium,Completed
O06440,C00951,R0095,2025-03-03 21:00:00,268.72,3,Clear,Medium,Completed
O06441,C01374,R0019,2025-03-29 03:00:00,1316.78,6,Rainy,Low,Completed
O06442,C00939,R0029,2025-03-02 14:00:00,1557.59,4,Cloudy,Medium,Completed
O06443,C00957,R0085,2025-01-07 23:00:00,644.45,5,Clear,Low,Completed
O06444,C01702,R0090,2025-01-25 09:00:00,1406.23,4,Cloudy,Low,Cancelled
O06445,C01837,R0052,2025-03-21 19:00:00,479.47,6,Cloudy,Low,Completed
O06446,C00894,R0092,2025-01-01 15:00:00,1537.78,3,Rainy,Low,Completed
O06447,C00435,R0017,2025-03-08 19:00:00,1832.37,2,Rainy,Low,Completed
O06448,C01450,R0073,2025-02-04 20:00:00,939.55,1,Cloudy,Low,Completed
O06449,C01304,R0021,2025-03-07 16:00:00,564.78,5,Cloudy,Low,Completed
O06450,C00371,R0060,2025-01-13 17:00:00,858.44,3,Cloudy,Medium,Completed
O06451,C01694,R0098,2025-03-27 13:00:00,575.15,1,Cloudy,Medium,Completed
O06452,C00933,R0075,2025-03-13 12:00:00,102.35,6,Cloudy,Medium,Completed
O06453,C00249,R0020,2025-01-16 00:00:00,1335.87,2,Cloudy,High,Completed
O06454,C00891,R0053,2025-02-20 08:00:00,180.8,4,Cloudy,High,Completed
O06455,C00181,R0080,2025-03-19 10:00:00,499.74,3,Clear,High,Completed
O06456,C00703,R0063,2025-03-24 03:00:00,1472.65,3,Rainy,Medium,Completed
O06457,C00999,R0057,2025-02-16 19:00:00,1364.88,6,Clear,Low,Completed
O06458,C01675,R0029,2025-02-16 09:00:00,239.32,2,Rainy,High,Completed
O06459,C00078,R0001,2025-02-10 23:00:00,1354.1,4,Clear,Medium,Completed
O06460,C00919,R0082,2025-02-22 21:00:00,1868.09,3,Clear,Medium,Completed
O06461,C00885,R0059,2025-03-30 15:00:00,241.55,6,Clear,High,Completed
O06462,C00336,R0064,2025-01-08 10:00:00,889.81,1,Clear,Medium,Completed
O06463,C00050,R0086,2025-01-24 08:00:00,1485.92,6,Clear,Medium,Completed
O06464,C00085,R0072,2025-03-17 09:00:00,1368.67,2,Cloudy,Low,Completed
O06465,C01719,R0071,2025-01-13 03:00:00,530.37,3,Clear,Low,Completed
O06466,C00695,R0089,2025-01-13 02:00:00,409.83,6,Cloudy,Medium,Cancelled
O06467,C00004,R0094,2025-01-23 13:00:00,1590.07,4,Clear,Medium,Completed
O06468,C00993,R0098,2025-03-21 13:00:00,1916.86,5,Cloudy,High,Completed
O06469,C01974,R0044,2025-01-25 17:00:00,1558.41,3,Cloudy,High,Completed
O06470,C00317,R0048,2025-03-01 12:00:00,1930.09,4,Clear,High,Completed
O06471,C01135,R0075,2025-02-09 11:00:00,1249.49,2,Clear,High,Completed
O06472,C01358,R0015,2025-02-26 04:00:00,1865.29,4,Cloudy,Medium,Completed
O06473,C01875,R0035,2025-01-16 20:00:00,1411.83,4,Cloudy,Medium,Completed
O06474,C00763,R0023,2025-03-13 00:00:00,1826.88,2,Cloudy,High,Completed
O06475,C01157,R0053,2025-01-13 21:00:00,407.02,5,Rainy,Low,Completed
O06476,C00612,R0045,2025-03-12 13:00:00,1649.57,6,Clear,Medium,Completed
O06477,C01005,R0085,2025-03-04 10:00:00,473.82,1,Clear,High,Completed
O06478,C00914,R0092,2025-02-18 13:00:00,152.12,5,Cloudy,High,Completed
O06479,C01708,R0013,2025-01-28 12:00:00,1083.41,1,Rainy,High,Completed
O06480,C00799,R0034,2025-03-04 09:00:00,704.68,1,Clear,Low,Completed
O06481,C00119,R0038,2025-03-28 08:00:00,182.71,1,Clear,Low,Completed
O06482,C00350,R0070,2025-01-24 12:00:00,1962.58,3,Rainy,Low,Cancelled
O06483,C00917,R0068,2025-03-08 21:00:00,1366.29,5,Clear,Medium,Completed
O06484,C00687,R0005,2025-02-19 23:00:00,1813.44,4,Rainy,Low,Completed
O06485,C00542,R0040,2025-01-27 19:00:00,1998.26,3,Cloudy,Low,Completed
O06486,C01079,R0070,2025-03-01 15:00:00,844.74,2,Clear,Medium,Completed
O06487,C00361,R0021,2025-03-23 06:00:00,584.0,2,Clear,Low,Completed
O06488,C00708,R0028,2025-01-20 02:00:00,449.38,1,Clear,High,Cancelled
O06489,C01477,R0003,2025-01-15 01:00:00,1078.86,3,Clear,Medium,Cancelled
O06490,C01577,R0023,2025-02-26 10:00:00,1251.55,6,Clear,Low,Completed
O06491,C00685,R0072,2025-03-25 21:00:00,997.6,6,Rainy,High,Completed
O06492,C00330,R0019,2025-01-15 08:00:00,835.78,3,Clear,High,Completed
O06493,C00219,R0075,2025-01-24 23:00:00,419.72,2,Cloudy,High,Completed
O06494,C00208,R0050,2025-03-07 10:00:00,939.53,4,Rainy,Medium,Completed
O06495,C01694,R0074,2025-03-06 11:00:00,261.96,5,Clear,High,Completed
O06496,C00845,R0058,2025-02-09 06:00:00,1743.59,5,Clear,Medium,Completed
O06497,C01764,R0092,2025-01-15 09:00:00,189.12,1,Clear,Low,Completed
O06498,C00085,R0020,2025-01-14 12:00:00,823.23,1,Clear,Medium,Completed
O06499,C00685,R0092,2025-01-13 05:00:00,290.26,1,Cloudy,Medium,Completed
O06500,C00245,R0093,2025-01-22 19:00:00,1572.46,2,Cloudy,Medium,Completed
O06501,C00872,R0072,2025-01-11 18:00:00,694.2,2,Cloudy,Medium,Completed
O06502,C01023,R0083,2025-02-16 06:00:00,314.9,6,Clear,Low,Completed
O06503,C01709,R0053,2025-03-05 05:00:00,1109.83,5,Cloudy,Medium,Completed
O06504,C01359,R0085,2025-02-04 04:00:00,1840.93,6,Cloudy,Medium,Completed
O06505,C01236,R0082,2025-03-20 20:00:00,1826.43,6,Clear,Low,Completed
O06506,C00596,R0009,2025-03-06 03:00:00,574.34,1,Clear,Low,Completed
O06507,C00685,R0004,2025-01-24 16:00:00,1467.35,6,Clear,Low,Completed
O06508,C01207,R0041,2025-01-22 04:00:00,157.54,3,Rainy,Low,Completed
O06509,C01979,R0025,2025-03-07 03:00:00,350.52,6,Rainy,Medium,Completed
O06510,C01157,R0034,2025-03-27 23:00:00,1049.0,4,Rainy,Low,Completed
O06511,C01014,R0073,2025-01-22 20:00:00,534.64,2,Clear,Medium,Cancelled
O06512,C01014,R0009,2025-02-20 07:00:00,1616.7,6,Cloudy,Medium,Completed
O06513,C01916,R0082,2025-01-13 20:00:00,1869.04,1,Rainy,High,Completed
O06514,C01824,R0075,2025-03-18 15:00:00,108.23,1,Cloudy,Low,Completed
O06515,C01798,R0013,2025-02-27 15:00:00,542.54,2,Clear,Medium,Completed
O06516,C00350,R0009,2025-03-22 22:00:00,935.15,5,Cloudy,Medium,Completed
O06517,C00282,R0080,2025-02-19 04:00:00,1169.85,5,Clear,Medium,Completed
O06518,C00293,R0004,2025-02-13 12:00:00,1840.22,5,Cloudy,Medium,Completed
O06519,C01293,R0034,2025-02-12 03:00:00,1794.58,5,Cloudy,High,Completed
O06520,C01885,R0007,2025-01-15 13:00:00,1310.62,3,Rainy,Low,Completed
O06521,C01221,R0015,2025-02-10 00:00:00,589.04,1,Cloudy,Medium,Completed
O06522,C01561,R0038,2025-01-19 05:00:00,1588.25,5,Clear,Low,Cancelled
O06523,C01677,R0075,2025-01-19 23:00:00,485.04,5,Rainy,Medium,Completed
O06524,C00984,R0096,2025-03-07 09:00:00,1933.83,6,Clear,Medium,Completed
O06525,C01759,R0091,2025-02-15 23:00:00,111.1,4,Clear,Low,Completed
O06526,C00020,R0094,2025-03-03 11:00:00,1182.56,4,Clear,Low,Completed
O06527,C00759,R0052,2025-03-09 10:00:00,267.95,1,Cloudy,Medium,Completed
O06528,C01864,R0081,2025-03-05 00:00:00,874.44,6,Cloudy,Low,Completed
O06529,C01980,R0100,2025-01-27 18:00:00,1306.37,2,Rainy,Medium,Completed
O06530,C01737,R0083,2025-01-17 07:00:00,1410.24,5,Clear,Low,Completed
O06531,C00405,R0007,2025-03-28 16:00:00,1592.58,3,Clear,High,Completed
O06532,C01139,R0045,2025-02-08 08:00:00,1227.32,4,Clear,Medium,Completed
O06533,C01919,R0059,2025-03-09 15:00:00,577.51,5,Cloudy,Medium,Completed
O06534,C00701,R0021,2025-03-23 01:00:00,1789.58,2,Clear,Medium,Completed
O06535,C00980,R0028,2025-02-16 10:00:00,1641.1,3,Rainy,Medium,Completed
O06536,C01999,R0003,2025-01-18 04:00:00,404.1,4,Rainy,Medium,Completed
O06537,C00026,R0014,2025-03-16 12:00:00,1670.37,6,Clear,High,Completed
O06538,C00566,R0002,2025-03-30 08:00:00,1948.02,2,Cloudy,Medium,Completed
O06539,C01706,R0029,2025-01-11 20:00:00,1310.72,2,Clear,Medium,Completed
O06540,C00395,R0018,2025-03-25 21:00:00,635.43,6,Clear,High,Completed
O06541,C01957,R0037,2025-02-25 15:00:00,1252.53,3,Clear,Medium,Completed
O06542,C01001,R0045,2025-02-09 22:00:00,750.82,3,Cloudy,Low,Cancelled
O06543,C01405,R0045,2025-03-19 00:00:00,1384.3,4,Clear,Medium,Completed
O06544,C00523,R0024,2025-03-26 22:00:00,1135.12,3,Clear,High,Completed
O06545,C01563,R0046,2025-02-19 12:00:00,1866.03,5,Rainy,Low,Completed
O06546,C00862,R0012,2025-01-14 22:00:00,1274.03,3,Clear,High,Completed
O06547,C01107,R0053,2025-02-03 11:00:00,506.57,6,Rainy,High,Completed
O06548,C00802,R0045,2025-02-10 11:00:00,1477.71,2,Cloudy,Medium,Completed
O06549,C00550,R0032,2025-02-15 14:00:00,671.67,3,Clear,Low,Completed
O06550,C01469,R0018,2025-02-09 04:00:00,617.54,4,Clear,Medium,Completed
O06551,C00087,R0013,2025-02-07 14:00:00,844.38,5,Clear,Medium,Completed
O06552,C01973,R0004,2025-02-22 20:00:00,122.79,3,Rainy,High,Completed
O06553,C00833,R0023,2025-01-01 23:00:00,1941.37,5,Clear,Low,Completed
O06554,C00387,R0062,2025-01-24 04:00:00,1111.43,3,Cloudy,High,Completed
O06555,C00963,R0054,2025-02-28 04:00:00,1569.64,5,Cloudy,Low,Completed
O06556,C00668,R0074,2025-03-20 04:00:00,589.92,3,Clear,High,Completed
O06557,C01422,R0055,2025-03-15 05:00:00,1518.57,3,Cloudy,Low,Cancelled
O06558,C01844,R0069,2025-02-06 17:00:00,1177.62,1,Clear,Low,Completed
O06559,C00286,R0040,2025-03-20 06:00:00,905.87,2,Clear,Low,Completed
O06560,C00698,R0014,2025-02-21 18:00:00,1944.27,4,Clear,Medium,Completed
O06561,C01718,R0098,2025-02-21 17:00:00,1038.3,4,Rainy,Medium,Completed
O06562,C00965,R0028,2025-03-28 14:00:00,1349.17,1,Rainy,Medium,Completed
O06563,C00369,R0072,2025-02-23 01:00:00,129.15,3,Clear,Medium,Completed
O06564,C00655,R0080,2025-01-24 13:00:00,672.76,2,Cloudy,Low,Completed
O06565,C01446,R0095,2025-03-27 17:00:00,1788.51,5,Cloudy,High,Completed
O06566,C01742,R0071,2025-01-29 05:00:00,1542.02,1,Clear,Low,Completed
O06567,C00654,R0067,2025-02-05 10:00:00,1119.83,4,Cloudy,Medium,Completed
O06568,C00697,R0029,2025-01-12 20:00:00,1810.3,4,Clear,Medium,Completed
O06569,C01467,R0100,2025-03-06 16:00:00,1023.82,6,Clear,Medium,Completed
O06570,C01777,R0061,2025-01-16 10:00:00,1176.36,6,Rainy,Low,Cancelled
O06571,C01544,R0068,2025-03-18 16:00:00,826.09,4,Clear,Low,Completed
O06572,C01024,R0009,2025-03-20 06:00:00,1278.08,3,Clear,High,Completed
O06573,C01608,R0017,2025-03-09 02:00:00,706.1,6,Clear,High,Completed
O06574,C00915,R0049,2025-01-06 20:00:00,832.44,5,Clear,Medium,Completed
O06575,C00288,R0063,2025-03-30 19:00:00,1936.02,5,Cloudy,Low,Completed
O06576,C00095,R0084,2025-02-17 01:00:00,311.49,5,Rainy,High,Completed
O06577,C00669,R0078,2025-03-09 19:00:00,299.99,3,Clear,High,Cancelled
O06578,C00041,R0046,2025-02-27 10:00:00,182.3,4,Clear,Medium,Completed
O06579,C00331,R0093,2025-03-28 04:00:00,708.08,6,Cloudy,Medium,Completed
O06580,C01837,R0013,2025-02-21 20:00:00,856.64,6,Rainy,High,Completed
O06581,C01805,R0100,2025-02-16 06:00:00,279.58,4,Clear,Low,Completed
O06582,C01179,R0045,2025-03-13 11:00:00,1143.35,3,Cloudy,Medium,Completed
O06583,C00504,R0053,2025-01-19 20:00:00,1208.27,2,Cloudy,High,Completed
O06584,C00275,R0017,2025-01-15 05:00:00,1526.95,3,Rainy,Medium,Completed
O06585,C01690,R0047,2025-01-17 08:00:00,1954.34,3,Clear,High,Completed
O06586,C01589,R0062,2025-02-27 07:00:00,1276.77,4,Rainy,Medium,Completed
O06587,C00179,R0050,2025-02-22 21:00:00,312.14,5,Cloudy,Low,Completed
O06588,C01957,R0043,2025-03-13 05:00:00,268.2,4,Clear,Low,Completed
O06589,C01776,R0068,2025-02-10 10:00:00,1577.34,6,Clear,Low,Completed
O06590,C00137,R0084,2025-03-08 22:00:00,1335.63,2,Cloudy,High,Completed
O06591,C00767,R0075,2025-01-30 02:00:00,407.64,1,Cloudy,High,Completed
O06592,C00988,R0086,2025-01-07 21:00:00,581.38,6,Clear,High,Completed
O06593,C01760,R0072,2025-03-28 17:00:00,1525.46,1,Rainy,Medium,Completed
O06594,C01204,R0028,2025-01-11 14:00:00,1175.7,3,Rainy,Low,Cancelled
O06595,C01206,R0045,2025-01-13 13:00:00,1211.5,1,Rainy,Low,Completed
O06596,C01283,R0041,2025-02-08 22:00:00,499.02,6,Rainy,Low,Completed
O06597,C00243,R0094,2025-03-04 17:00:00,1295.21,5,Clear,High,Completed
O06598,C01120,R0097,2025-02-22 08:00:00,1564.19,4,Cloudy,Low,Completed
O06599,C00197,R0097,2025-02-09 16:00:00,1781.98,2,Rainy,High,Completed
O06600,C01928,R0036,2025-01-11 04:00:00,1499.76,2,Clear,High,Completed
O06601,C00526,R0091,2025-03-28 03:00:00,1195.11,2,Cloudy,Low,Completed
O06602,C00632,R0084,2025-01-09 17:00:00,1379.19,6,Clear,High,Completed
O06603,C01411,R0033,2025-01-18 17:00:00,1021.71,6,Rainy,High,Cancelled
O06604,C00408,R0025,2025-02-10 20:00:00,531.11,4,Clear,Medium,Completed
O06605,C01293,R0019,2025-03-30 07:00:00,1776.19,5,Clear,Medium,Completed
O06606,C01195,R0047,2025-01-08 09:00:00,1111.98,2,Cloudy,Medium,Completed
O06607,C01949,R0085,2025-03-06 10:00:00,1229.2,1,Clear,Medium,Completed
O06608,C01608,R0033,2025-03-21 02:00:00,1981.21,5,Rainy,Medium,Completed
O06609,C00691,R0067,2025-03-26 18:00:00,1971.53,5,Rainy,High,Completed
O06610,C00170,R0014,2025-01-13 10:00:00,1213.99,6,Clear,Low,Completed
O06611,C00159,R0079,2025-01-12 10:00:00,164.52,6,Clear,Low,Completed
O06612,C01533,R0033,2025-03-14 00:00:00,852.68,5,Clear,Medium,Completed
O06613,C00447,R0042,2025-03-18 22:00:00,1880.86,2,Clear,Low,Completed
O06614,C01690,R0086,2025-03-16 18:00:00,647.78,5,Clear,High,Completed
O06615,C01938,R0065,2025-01-03 04:00:00,1998.61,6,Cloudy,Medium,Completed
O06616,C01018,R0095,2025-03-18 21:00:00,260.2,2,Clear,Medium,Completed
O06617,C01106,R0047,2025-03-01 07:00:00,1179.42,1,Clear,High,Cancelled
O06618,C01081,R0035,2025-03-01 21:00:00,1079.35,6,Clear,Low,Completed
O06619,C01543,R0084,2025-03-09 19:00:00,585.17,1,Clear,Low,Completed
O06620,C00112,R0032,2025-03-23 03:00:00,1902.35,1,Clear,High,Completed
O06621,C00048,R0055,2025-01-21 08:00:00,1276.43,6,Rainy,Medium,Completed
O06622,C01616,R0054,2025-01-18 08:00:00,537.43,6,Clear,High,Completed
O06623,C01911,R0076,2025-02-08 08:00:00,829.69,1,Cloudy,High,Completed
O06624,C00376,R0051,2025-03-06 17:00:00,1470.34,5,Rainy,Medium,Completed
O06625,C00828,R0080,2025-01-28 17:00:00,665.62,5,Rainy,Medium,Completed
O06626,C00033,R0059,2025-01-01 05:00:00,1771.25,2,Clear,High,Completed
O06627,C00504,R0072,2025-03-03 10:00:00,414.78,1,Clear,Low,Completed
O06628,C00627,R0014,2025-03-03 07:00:00,602.56,3,Clear,Medium,Completed
O06629,C01920,R0018,2025-01-15 01:00:00,375.31,1,Clear,Low,Completed
O06630,C01027,R0055,2025-01-12 04:00:00,297.94,4,Clear,Medium,Completed
O06631,C01510,R0094,2025-03-30 00:00:00,670.6,3,Clear,Low,Completed
O06632,C01540,R0097,2025-02-15 07:00:00,1998.44,4,Clear,Medium,Completed
O06633,C01892,R0098,2025-02-23 21:00:00,279.23,3,Cloudy,High,Completed
O06634,C01796,R0056,2025-01-28 08:00:00,504.7,6,Cloudy,High,Completed
O06635,C00042,R0049,2025-02-28 08:00:00,616.07,2,Clear,High,Completed
O06636,C00009,R0098,2025-03-19 20:00:00,1276.35,5,Clear,Low,Completed
O06637,C01000,R0060,2025-03-11 00:00:00,1516.16,2,Clear,Medium,Completed
O06638,C00819,R0053,2025-02-05 21:00:00,1528.67,3,Clear,Medium,Completed
O06639,C00657,R0071,2025-02-25 16:00:00,116.41,1,Clear,Low,Completed
O06640,C01937,R0006,2025-03-11 11:00:00,1338.52,2,Clear,Low,Completed
O06641,C01633,R0070,2025-03-18 01:00:00,1298.4,3,Rainy,Low,Completed
O06642,C01812,R0086,2025-02-20 12:00:00,1083.54,1,Rainy,Medium,Cancelled
O06643,C01166,R0008,2025-02-14 09:00:00,820.5,5,Rainy,High,Completed
O06644,C00790,R0015,2025-01-14 07:00:00,1615.14,3,Rainy,Medium,Completed
O06645,C01460,R0026,2025-03-12 00:00:00,753.37,4,Rainy,High,Completed
O06646,C01051,R0039,2025-01-19 12:00:00,537.02,4,Clear,Low,Completed
O06647,C01067,R0003,2025-02-28 05:00:00,689.18,4,Clear,Low,Completed
O06648,C01155,R0057,2025-01-12 21:00:00,935.33,1,Clear,High,Completed
O06649,C01240,R0010,2025-03-18 03:00:00,506.71,1,Rainy,Medium,Completed
O06650,C01630,R0003,2025-03-02 23:00:00,1254.39,2,Cloudy,Medium,Completed
O06651,C01544,R0094,2025-01-25 16:00:00,1780.0,1,Clear,Medium,Completed
O06652,C00598,R0046,2025-01-18 07:00:00,1231.37,3,Rainy,Medium,Completed
O06653,C01369,R0022,2025-03-28 08:00:00,948.67,4,Clear,High,Completed
O06654,C01532,R0067,2025-01-04 21:00:00,1614.05,5,Cloudy,Medium,Completed
O06655,C01674,R0065,2025-02-19 02:00:00,1521.27,6,Cloudy,High,Completed
O06656,C01905,R0097,2025-01-29 13:00:00,797.41,4,Clear,High,Completed
O06657,C01437,R0019,2025-02-05 22:00:00,1247.89,3,Cloudy,Medium,Completed
O06658,C00936,R0100,2025-01-29 12:00:00,1486.7,6,Clear,Medium,Completed
O06659,C01270,R0062,2025-02-13 05:00:00,566.38,5,Cloudy,High,Completed
O06660,C01473,R0098,2025-01-15 04:00:00,795.92,2,Clear,High,Completed
O06661,C01012,R0057,2025-01-26 03:00:00,300.97,1,Rainy,Low,Completed
O06662,C00021,R0095,2025-03-17 06:00:00,1976.59,3,Cloudy,Medium,Completed
O06663,C00999,R0088,2025-01-31 13:00:00,263.17,6,Clear,High,Completed
O06664,C01432,R0076,2025-03-04 08:00:00,420.35,1,Cloudy,Low,Completed
O06665,C00457,R0013,2025-02-17 03:00:00,1011.68,2,Clear,Medium,Completed
O06666,C01468,R0016,2025-02-26 10:00:00,1744.02,5,Clear,High,Cancelled
O06667,C01014,R0016,2025-01-23 11:00:00,776.18,6,Clear,Low,Completed
O06668,C01946,R0052,2025-03-14 04:00:00,1560.33,3,Clear,Medium,Completed
O06669,C00265,R0084,2025-03-14 07:00:00,1384.46,5,Rainy,High,Cancelled
O06670,C01684,R0041,2025-03-01 03:00:00,1313.46,6,Clear,Medium,Cancelled
O06671,C00184,R0048,2025-03-24 21:00:00,1705.53,6,Clear,Medium,Completed
O06672,C00227,R0091,2025-01-26 14:00:00,126.92,3,Clear,Medium,Completed
O06673,C01828,R0039,2025-01-21 07:00:00,1865.39,2,Rainy,High,Cancelled
O06674,C01572,R0013,2025-02-20 12:00:00,1675.53,2,Clear,Medium,Completed
O06675,C01270,R0004,2025-03-02 01:00:00,1881.95,2,Rainy,Medium,Completed
O06676,C01097,R0096,2025-02-27 16:00:00,1607.82,1,Cloudy,Low,Completed
O06677,C01174,R0098,2025-02-05 08:00:00,1769.32,4,Clear,Medium,Completed
O06678,C01537,R0043,2025-01-13 12:00:00,485.85,5,Cloudy,Medium,Completed
O06679,C01093,R0081,2025-02-27 23:00:00,706.54,3,Clear,Low,Completed
O06680,C00969,R0088,2025-02-25 19:00:00,698.92,5,Clear,Medium,Completed
O06681,C00805,R0093,2025-01-30 08:00:00,307.42,4,Cloudy,Low,Completed
O06682,C01254,R0046,2025-01-12 04:00:00,1486.2,1,Cloudy,Medium,Completed
O06683,C00723,R0092,2025-03-05 12:00:00,358.72,1,Cloudy,Medium,Completed
O06684,C01096,R0047,2025-01-20 21:00:00,199.77,4,Clear,Low,Completed
O06685,C01002,R0086,2025-01-08 07:00:00,1573.35,6,Clear,Medium,Completed
O06686,C00875,R0092,2025-01-10 22:00:00,1818.86,3,Rainy,Low,Cancelled
O06687,C01632,R0053,2025-03-24 00:00:00,1551.83,4,Clear,Low,Completed
O06688,C01421,R0025,2025-01-26 09:00:00,1668.17,1,Cloudy,Medium,Completed
O06689,C00084,R0041,2025-03-16 11:00:00,1231.68,6,Clear,Medium,Completed
O06690,C00740,R0003,2025-01-21 11:00:00,1786.72,1,Cloudy,High,Cancelled
O06691,C01323,R0077,2025-01-14 16:00:00,1043.74,6,Rainy,High,Completed
O06692,C01772,R0095,2025-01-19 12:00:00,1977.81,5,Clear,Medium,Completed
O06693,C01317,R0013,2025-03-12 09:00:00,296.49,3,Clear,Low,Completed
O06694,C01758,R0018,2025-02-11 13:00:00,1637.44,3,Rainy,Medium,Completed
O06695,C01994,R0037,2025-01-19 09:00:00,1318.64,1,Cloudy,Low,Completed
O06696,C00223,R0043,2025-02-03 02:00:00,1203.23,4,Rainy,Low,Cancelled
O06697,C00793,R0034,2025-03-18 07:00:00,1479.04,1,Clear,Low,Completed
O06698,C00733,R0081,2025-02-07 02:00:00,1696.55,5,Clear,Low,Completed
O06699,C01240,R0055,2025-03-28 14:00:00,1739.48,4,Clear,Low,Completed
O06700,C01255,R0052,2025-02-18 02:00:00,433.22,1,Clear,Low,Completed
O06701,C00405,R0085,2025-03-14 23:00:00,474.37,6,Rainy,Low,Completed
O06702,C01193,R0036,2025-02-26 05:00:00,130.72,6,Clear,Medium,Completed
O06703,C00329,R0054,2025-01-13 02:00:00,350.5,3,Rainy,High,Completed
O06704,C00426,R0059,2025-01-16 07:00:00,601.38,5,Cloudy,High,Completed
O06705,C01578,R0052,2025-01-21 05:00:00,1469.97,1,Clear,Medium,Completed
O06706,C00770,R0019,2025-01-07 23:00:00,1003.96,1,Clear,High,Completed
O06707,C01220,R0012,2025-03-20 12:00:00,1540.02,6,Clear,Medium,Completed
O06708,C01928,R0092,2025-03-16 14:00:00,1024.42,6,Rainy,Medium,Completed
O06709,C00608,R0011,2025-01-04 05:00:00,1155.64,6,Clear,Low,Completed
O06710,C01853,R0048,2025-02-16 04:00:00,311.03,6,Cloudy,Low,Completed
O06711,C00526,R0092,2025-02-07 03:00:00,1575.46,2,Clear,Low,Completed
O06712,C00625,R0099,2025-01-28 12:00:00,1540.44,4,Clear,Low,Completed
O06713,C00077,R0079,2025-02-21 00:00:00,684.37,2,Clear,Low,Completed
O06714,C01301,R0016,2025-01-25 12:00:00,724.3,3,Cloudy,Low,Completed
O06715,C00920,R0071,2025-01-24 12:00:00,517.39,4,Rainy,Medium,Completed
O06716,C00946,R0047,2025-01-13 13:00:00,1646.3,5,Cloudy,Medium,Cancelled
O06717,C00466,R0067,2025-01-13 05:00:00,1519.31,4,Clear,Medium,Completed
O06718,C01965,R0031,2025-01-05 12:00:00,1257.38,6,Cloudy,Medium,Completed
O06719,C01472,R0076,2025-03-05 05:00:00,553.76,1,Clear,Medium,Completed
O06720,C01344,R0008,2025-03-13 04:00:00,426.52,1,Cloudy,Low,Completed
O06721,C01946,R0089,2025-01-18 19:00:00,195.51,1,Clear,Medium,Completed
O06722,C01184,R0061,2025-01-27 13:00:00,186.66,4,Cloudy,High,Completed
O06723,C00492,R0044,2025-01-05 08:00:00,455.56,1,Clear,High,Completed
O06724,C00313,R0050,2025-02-15 04:00:00,291.01,1,Clear,Medium,Completed
O06725,C01655,R0035,2025-01-01 11:00:00,1156.6,6,Rainy,Medium,Completed
O06726,C01973,R0076,2025-01-28 00:00:00,780.37,2,Clear,Low,Completed
O06727,C01185,R0061,2025-02-06 10:00:00,945.4,1,Clear,Medium,Completed
O06728,C00308,R0085,2025-02-06 19:00:00,1228.73,2,Cloudy,Low,Completed
O06729,C01887,R0090,2025-01-24 02:00:00,1352.29,3,Clear,Medium,Completed
O06730,C01170,R0055,2025-03-02 19:00:00,1331.58,4,Clear,High,Completed
O06731,C01699,R0066,2025-02-25 23:00:00,595.63,2,Cloudy,High,Completed
O06732,C01420,R0014,2025-03-20 22:00:00,1638.29,6,Rainy,Medium,Completed
O06733,C00691,R0004,2025-02-11 04:00:00,1843.65,4,Cloudy,High,Completed
O06734,C00089,R0017,2025-03-07 19:00:00,700.28,4,Clear,Medium,Completed
O06735,C00735,R0069,2025-01-15 16:00:00,132.42,5,Rainy,Medium,Completed
O06736,C00778,R0024,2025-03-04 18:00:00,1808.39,2,Clear,Low,Completed
O06737,C00751,R0049,2025-03-26 13:00:00,1854.74,1,Cloudy,Low,Completed
O06738,C01332,R0055,2025-03-18 22:00:00,196.8,6,Clear,High,Completed
O06739,C01570,R0071,2025-03-28 07:00:00,109.42,6,Clear,Medium,Completed
O06740,C00371,R0023,2025-02-06 20:00:00,1651.17,5,Rainy,Medium,Completed
O06741,C00451,R0081,2025-03-03 01:00:00,672.78,2,Rainy,High,Completed
O06742,C00167,R0012,2025-01-24 21:00:00,1837.71,6,Clear,Medium,Completed
O06743,C00392,R0011,2025-03-12 08:00:00,511.81,2,Clear,High,Completed
O06744,C01661,R0075,2025-02-02 06:00:00,1736.19,3,Rainy,Low,Completed
O06745,C00736,R0098,2025-01-11 02:00:00,230.42,1,Clear,High,Completed
O06746,C00491,R0029,2025-02-06 00:00:00,595.21,3,Clear,High,Completed
O06747,C00925,R0062,2025-03-01 23:00:00,1948.94,4,Clear,High,Completed
O06748,C01174,R0053,2025-01-30 17:00:00,539.27,1,Clear,Medium,Completed
O06749,C01492,R0048,2025-01-24 23:00:00,352.72,3,Clear,Low,Completed
O06750,C01990,R0100,2025-02-11 04:00:00,1728.4,3,Rainy,Low,Completed
O06751,C01725,R0091,2025-02-28 22:00:00,323.82,1,Clear,Low,Completed
O06752,C01067,R0086,2025-01-03 21:00:00,285.17,2,Clear,Medium,Cancelled
O06753,C00945,R0066,2025-02-05 02:00:00,714.51,4,Clear,Medium,Completed
O06754,C00029,R0100,2025-02-08 05:00:00,1307.12,5,Clear,Medium,Completed
O06755,C01898,R0048,2025-01-31 22:00:00,1450.42,6,Clear,Medium,Completed
O06756,C01656,R0094,2025-01-03 06:00:00,1774.35,5,Rainy,Low,Completed
O06757,C01873,R0059,2025-03-18 13:00:00,1127.73,5,Clear,Low,Completed
O06758,C01055,R0071,2025-02-27 08:00:00,847.49,4,Rainy,Low,Completed
O06759,C00693,R0057,2025-01-18 01:00:00,781.78,1,Cloudy,Low,Completed
O06760,C01698,R0076,2025-02-13 06:00:00,1709.12,1,Cloudy,Medium,Completed
O06761,C00128,R0003,2025-01-07 02:00:00,1475.25,1,Clear,Low,Completed
O06762,C00767,R0081,2025-03-05 01:00:00,1820.32,5,Clear,Low,Completed
O06763,C01318,R0032,2025-03-11 23:00:00,1931.67,2,Clear,High,Completed
O06764,C00441,R0008,2025-02-13 16:00:00,670.1,3,Cloudy,High,Completed
O06765,C00869,R0087,2025-03-13 10:00:00,1106.38,5,Clear,Low,Completed
O06766,C01412,R0030,2025-02-19 21:00:00,1300.46,4,Cloudy,High,Completed
O06767,C01790,R0015,2025-03-16 22:00:00,411.31,1,Cloudy,High,Completed
O06768,C01666,R0074,2025-01-02 02:00:00,201.36,3,Cloudy,Medium,Completed
O06769,C00524,R0055,2025-02-16 20:00:00,1748.75,1,Clear,Low,Completed
O06770,C01571,R0038,2025-02-15 10:00:00,1117.49,1,Clear,Low,Completed
O06771,C01734,R0015,2025-01-11 09:00:00,1184.47,1,Rainy,High,Completed
O06772,C00760,R0030,2025-01-06 21:00:00,1154.34,6,Clear,Medium,Completed
O06773,C00110,R0046,2025-01-12 02:00:00,1534.43,2,Clear,Medium,Completed
O06774,C01352,R0064,2025-01-09 22:00:00,376.45,3,Clear,High,Completed
O06775,C01429,R0026,2025-01-21 08:00:00,1266.69,5,Cloudy,Medium,Completed
O06776,C01269,R0078,2025-01-21 15:00:00,992.01,2,Clear,Medium,Completed
O06777,C01786,R0067,2025-01-20 23:00:00,1804.22,6,Clear,High,Completed
O06778,C01902,R0036,2025-01-01 00:00:00,1087.28,4,Cloudy,Low,Completed
O06779,C01853,R0090,2025-03-21 07:00:00,1891.58,6,Cloudy,Medium,Completed
O06780,C00163,R0078,2025-02-05 00:00:00,771.18,4,Cloudy,Medium,Completed
O06781,C00560,R0031,2025-02-05 03:00:00,1937.1,6,Cloudy,High,Completed
O06782,C00399,R0078,2025-03-20 13:00:00,1762.8,5,Clear,High,Cancelled
O06783,C00583,R0040,2025-01-28 01:00:00,1210.1,3,Clear,Low,Completed
O06784,C00399,R0074,2025-03-02 00:00:00,772.05,5,Clear,Low,Completed
O06785,C01517,R0073,2025-03-20 21:00:00,814.25,2,Cloudy,Medium,Completed
O06786,C01670,R0046,2025-02-24 05:00:00,1568.23,3,Clear,Medium,Completed
O06787,C00239,R0042,2025-03-03 18:00:00,1203.2,4,Clear,Medium,Completed
O06788,C01489,R0018,2025-03-13 21:00:00,863.02,3,Clear,Low,Completed
O06789,C01604,R0100,2025-02-26 10:00:00,1308.5,3,Clear,Low,Completed
O06790,C01814,R0036,2025-02-23 21:00:00,1493.14,3,Clear,High,Cancelled
O06791,C01056,R0076,2025-02-19 19:00:00,143.51,5,Clear,Medium,Completed
O06792,C01147,R0050,2025-01-17 19:00:00,270.74,1,Clear,Medium,Completed
O06793,C01558,R0061,2025-03-04 03:00:00,279.52,2,Cloudy,Medium,Completed
O06794,C01691,R0040,2025-03-06 10:00:00,540.67,3,Cloudy,Medium,Completed
O06795,C00110,R0003,2025-03-19 04:00:00,911.28,3,Clear,Low,Completed
O06796,C01295,R0082,2025-01-05 14:00:00,1626.93,5,Cloudy,Medium,Completed
O06797,C01404,R0007,2025-02-03 20:00:00,767.09,2,Clear,Low,Completed
O06798,C00300,R0031,2025-02-08 17:00:00,133.21,2,Clear,Low,Completed
O06799,C01651,R0065,2025-02-06 21:00:00,1018.39,4,Clear,Medium,Completed
O06800,C01756,R0095,2025-02-07 20:00:00,1993.59,2,Clear,Medium,Completed
O06801,C01002,R0064,2025-03-24 14:00:00,763.14,2,Cloudy,Medium,Completed
O06802,C01766,R0077,2025-01-08 06:00:00,1926.38,3,Clear,Medium,Cancelled
O06803,C00764,R0093,2025-02-26 19:00:00,292.56,1,Cloudy,Medium,Completed
O06804,C00249,R0003,2025-02-13 05:00:00,428.89,3,Clear,High,Completed
O06805,C00521,R0093,2025-03-29 02:00:00,1475.83,6,Rainy,High,Completed
O06806,C00034,R0035,2025-01-20 04:00:00,1052.3,5,Clear,Low,Completed
O06807,C00228,R0015,2025-01-07 04:00:00,1553.73,2,Rainy,Low,Completed
O06808,C00585,R0021,2025-01-15 01:00:00,1740.76,1,Clear,Medium,Cancelled
O06809,C01423,R0062,2025-02-11 18:00:00,577.06,3,Cloudy,Medium,Completed
O06810,C00958,R0083,2025-02-17 05:00:00,1397.38,6,Clear,Medium,Completed
O06811,C00813,R0028,2025-01-15 17:00:00,1254.44,4,Clear,Low,Completed
O06812,C00724,R0004,2025-02-16 03:00:00,1736.92,5,Cloudy,Medium,Cancelled
O06813,C00584,R0013,2025-03-30 01:00:00,917.2,6,Clear,High,Completed
O06814,C00570,R0079,2025-03-21 18:00:00,198.55,5,Clear,Medium,Cancelled
O06815,C00220,R0051,2025-02-16 05:00:00,1190.95,6,Rainy,Low,Completed
O06816,C01395,R0048,2025-01-04 11:00:00,1921.87,5,Clear,Medium,Completed
O06817,C00787,R0039,2025-03-24 09:00:00,127.8,3,Clear,Medium,Completed
O06818,C01785,R0096,2025-01-10 10:00:00,556.49,1,Rainy,Medium,Completed
O06819,C00528,R0067,2025-02-12 04:00:00,700.53,1,Rainy,Medium,Completed
O06820,C00075,R0094,2025-01-01 19:00:00,1555.09,2,Clear,Medium,Completed
O06821,C01642,R0058,2025-03-03 02:00:00,714.23,1,Rainy,High,Completed
O06822,C00136,R0084,2025-01-12 05:00:00,554.26,4,Clear,Medium,Completed
O06823,C01953,R0002,2025-03-05 19:00:00,1332.26,6,Rainy,Medium,Completed
O06824,C00074,R0025,2025-01-13 15:00:00,188.17,5,Clear,Medium,Completed
O06825,C00254,R0011,2025-02-24 12:00:00,424.13,3,Cloudy,High,Completed
O06826,C01042,R0001,2025-02-03 17:00:00,875.26,5,Clear,Medium,Completed
O06827,C01955,R0048,2025-02-13 20:00:00,775.64,5,Cloudy,Low,Completed
O06828,C01022,R0048,2025-03-22 12:00:00,759.62,4,Clear,Medium,Completed
O06829,C01067,R0010,2025-03-27 00:00:00,306.25,6,Rainy,Medium,Completed
O06830,C00050,R0081,2025-02-07 20:00:00,785.6,5,Cloudy,Low,Completed
O06831,C00515,R0030,2025-01-06 21:00:00,1616.19,5,Rainy,Low,Completed
O06832,C00744,R0035,2025-03-11 23:00:00,886.3,4,Cloudy,Low,Completed
O06833,C00731,R0019,2025-02-03 16:00:00,1213.73,4,Cloudy,Low,Completed
O06834,C00571,R0053,2025-02-09 11:00:00,410.8,1,Cloudy,Low,Cancelled
O06835,C01820,R0034,2025-02-01 21:00:00,232.45,6,Clear,High,Completed
O06836,C01838,R0032,2025-02-08 07:00:00,1771.92,5,Cloudy,Low,Completed
O06837,C00576,R0076,2025-02-09 02:00:00,729.61,6,Rainy,Low,Completed
O06838,C01606,R0081,2025-02-22 14:00:00,765.64,2,Rainy,High,Completed
O06839,C01327,R0006,2025-02-09 18:00:00,1767.61,2,Clear,High,Completed
O06840,C01166,R0013,2025-02-24 18:00:00,1444.77,2,Clear,Medium,Completed
O06841,C00903,R0086,2025-01-23 14:00:00,1536.9,6,Cloudy,Medium,Completed
O06842,C00202,R0075,2025-02-15 22:00:00,1395.81,4,Cloudy,Low,Completed
O06843,C00207,R0064,2025-01-06 23:00:00,301.01,5,Clear,High,Cancelled
O06844,C00415,R0007,2025-02-19 23:00:00,1920.19,1,Clear,High,Completed
O06845,C00221,R0045,2025-03-30 05:00:00,1827.36,5,Cloudy,Medium,Completed
O06846,C01386,R0045,2025-01-25 16:00:00,548.82,2,Clear,Medium,Completed
O06847,C00758,R0085,2025-01-24 14:00:00,1627.59,6,Cloudy,Medium,Completed
O06848,C01105,R0065,2025-01-29 18:00:00,877.85,3,Rainy,Low,Cancelled
O06849,C00763,R0094,2025-02-17 05:00:00,1399.16,6,Cloudy,Medium,Completed
O06850,C00563,R0019,2025-01-28 16:00:00,414.65,2,Rainy,Medium,Completed
O06851,C01309,R0047,2025-03-24 14:00:00,1123.25,6,Clear,Low,Completed
O06852,C00369,R0046,2025-01-17 21:00:00,340.57,6,Clear,Medium,Completed
O06853,C01516,R0029,2025-02-11 01:00:00,1118.72,6,Clear,High,Completed
O06854,C01935,R0099,2025-03-01 00:00:00,562.83,4,Rainy,Medium,Completed
O06855,C00896,R0084,2025-01-22 12:00:00,959.69,5,Clear,Low,Completed
O06856,C01370,R0100,2025-02-05 09:00:00,1369.14,4,Clear,High,Completed
O06857,C00204,R0061,2025-03-21 05:00:00,1766.44,6,Cloudy,Medium,Cancelled
O06858,C01049,R0065,2025-02-07 19:00:00,414.05,1,Clear,Medium,Completed
O06859,C00957,R0023,2025-01-14 03:00:00,1797.21,5,Cloudy,Medium,Completed
O06860,C01577,R0095,2025-02-23 13:00:00,841.07,5,Clear,Low,Completed
O06861,C00069,R0051,2025-03-04 19:00:00,1703.21,5,Clear,Medium,Completed
O06862,C00516,R0063,2025-01-02 02:00:00,1073.84,3,Cloudy,Medium,Completed
O06863,C01516,R0099,2025-03-05 06:00:00,1738.2,5,Clear,High,Completed
O06864,C00240,R0022,2025-01-03 06:00:00,1359.37,3,Cloudy,Medium,Completed
O06865,C00361,R0071,2025-03-22 14:00:00,1066.56,5,Rainy,Medium,Completed
O06866,C01465,R0033,2025-03-19 07:00:00,693.82,6,Clear,Medium,Completed
O06867,C01055,R0100,2025-01-11 08:00:00,1940.93,2,Rainy,Medium,Completed
O06868,C01923,R0044,2025-03-17 01:00:00,1621.71,1,Rainy,High,Completed
O06869,C01653,R0007,2025-02-05 16:00:00,824.26,5,Clear,Medium,Completed
O06870,C00707,R0091,2025-03-03 05:00:00,416.77,4,Clear,Low,Completed
O06871,C01626,R0002,2025-03-20 04:00:00,1581.12,2,Rainy,Low,Cancelled
O06872,C00690,R0017,2025-03-05 13:00:00,1980.89,4,Clear,High,Completed
O06873,C00657,R0065,2025-03-01 00:00:00,630.05,4,Clear,High,Completed
O06874,C01980,R0058,2025-03-16 18:00:00,1840.14,3,Clear,Medium,Completed
O06875,C01738,R0030,2025-01-05 12:00:00,338.2,1,Rainy,Medium,Completed
O06876,C01346,R0086,2025-02-10 20:00:00,1909.19,4,Clear,Medium,Completed
O06877,C00344,R0092,2025-01-15 16:00:00,1516.14,2,Clear,Medium,Cancelled
O06878,C01739,R0097,2025-03-01 11:00:00,758.53,1,Clear,High,Completed
O06879,C00536,R0026,2025-03-14 02:00:00,678.8,2,Clear,High,Completed
O06880,C00355,R0035,2025-03-16 01:00:00,1322.53,4,Clear,Medium,Completed
O06881,C01495,R0063,2025-02-16 12:00:00,1227.66,1,Clear,High,Cancelled
O06882,C00928,R0075,2025-01-23 05:00:00,1845.98,5,Cloudy,Low,Completed
O06883,C00983,R0071,2025-02-20 17:00:00,1555.86,4,Clear,Medium,Completed
O06884,C00105,R0028,2025-02-22 07:00:00,1126.69,4,Clear,Low,Completed
O06885,C01811,R0025,2025-03-24 11:00:00,1862.38,6,Cloudy,High,Completed
O06886,C01346,R0061,2025-03-28 12:00:00,1226.19,6,Clear,High,Completed
O06887,C01596,R0031,2025-01-23 03:00:00,1714.4,3,Cloudy,Medium,Completed
O06888,C01907,R0054,2025-03-23 00:00:00,1697.79,2,Clear,High,Completed
O06889,C00962,R0067,2025-01-06 19:00:00,1846.47,5,Cloudy,Medium,Completed
O06890,C00527,R0097,2025-01-11 21:00:00,228.44,1,Clear,Medium,Completed
O06891,C00504,R0051,2025-01-01 18:00:00,1209.26,4,Rainy,Medium,Completed
O06892,C01109,R0058,2025-03-27 19:00:00,989.95,4,Rainy,Medium,Completed
O06893,C00931,R0034,2025-03-06 12:00:00,1032.03,5,Clear,Low,Completed
O06894,C00709,R0059,2025-03-04 00:00:00,973.83,4,Clear,Low,Completed
O06895,C00235,R0021,2025-03-28 07:00:00,1691.19,2,Rainy,High,Completed
O06896,C01947,R0056,2025-02-12 23:00:00,705.02,1,Clear,High,Completed
O06897,C01880,R0037,2025-01-10 11:00:00,979.23,5,Clear,High,Completed
O06898,C01287,R0064,2025-01-16 15:00:00,481.3,5,Cloudy,High,Completed
O06899,C01030,R0019,2025-02-17 18:00:00,578.26,6,Clear,Medium,Cancelled
O06900,C00494,R0085,2025-02-16 09:00:00,1354.8,3,Clear,High,Completed
O06901,C01917,R0078,2025-01-31 15:00:00,322.18,1,Clear,Low,Completed
O06902,C01313,R0074,2025-01-11 16:00:00,456.86,5,Clear,High,Completed
O06903,C01594,R0053,2025-02-04 16:00:00,1103.27,4,Clear,High,Completed
O06904,C01969,R0071,2025-03-17 06:00:00,183.17,6,Clear,Medium,Completed
O06905,C01681,R0093,2025-01-30 04:00:00,341.16,1,Clear,Medium,Completed
O06906,C00878,R0063,2025-02-07 22:00:00,1740.37,2,Clear,Low,Completed
O06907,C01578,R0062,2025-01-30 02:00:00,1707.68,5,Clear,High,Completed
O06908,C01374,R0072,2025-01-19 05:00:00,760.77,2,Clear,Medium,Completed
O06909,C01224,R0077,2025-03-13 19:00:00,761.18,5,Clear,Medium,Completed
O06910,C01960,R0019,2025-03-28 20:00:00,1879.38,4,Clear,Medium,Completed
O06911,C01710,R0075,2025-03-12 04:00:00,149.1,3,Clear,High,Completed
O06912,C00967,R0002,2025-01-26 14:00:00,1202.56,4,Cloudy,Low,Completed
O06913,C00966,R0006,2025-03-22 22:00:00,1235.04,2,Clear,Low,Completed
O06914,C00964,R0029,2025-03-21 16:00:00,1596.99,1,Clear,Low,Completed
O06915,C00897,R0041,2025-02-13 08:00:00,1908.33,6,Clear,Medium,Completed
O06916,C01359,R0051,2025-02-19 06:00:00,776.07,2,Rainy,Medium,Completed
O06917,C01631,R0005,2025-02-09 23:00:00,931.88,3,Clear,Medium,Completed
O06918,C00217,R0041,2025-03-18 15:00:00,1375.47,5,Cloudy,Low,Completed
O06919,C00623,R0062,2025-02-24 09:00:00,1937.82,6,Clear,High,Completed
O06920,C00353,R0030,2025-01-12 13:00:00,1792.51,5,Clear,Medium,Completed
O06921,C00692,R0062,2025-01-06 04:00:00,1367.4,2,Clear,High,Completed
O06922,C00675,R0100,2025-02-25 23:00:00,1727.77,1,Cloudy,High,Completed
O06923,C00631,R0027,2025-01-29 02:00:00,261.89,5,Clear,Low,Completed
O06924,C00325,R0050,2025-01-30 18:00:00,816.54,5,Cloudy,Low,Completed
O06925,C00901,R0082,2025-03-25 18:00:00,124.88,6,Rainy,Medium,Completed
O06926,C01252,R0052,2025-03-04 17:00:00,437.2,3,Clear,Low,Completed
O06927,C01169,R0049,2025-02-26 03:00:00,1297.94,6,Rainy,Medium,Completed
O06928,C01973,R0062,2025-02-08 00:00:00,1782.57,3,Clear,Low,Completed
O06929,C00308,R0100,2025-03-24 21:00:00,1302.28,1,Clear,Medium,Completed
O06930,C00654,R0060,2025-02-02 04:00:00,1361.86,5,Rainy,Medium,Completed
O06931,C01658,R0080,2025-02-15 00:00:00,297.26,4,Cloudy,Medium,Completed
O06932,C00285,R0054,2025-03-15 00:00:00,1363.23,2,Clear,Medium,Completed
O06933,C00392,R0005,2025-02-11 16:00:00,963.26,6,Clear,Low,Completed
O06934,C01762,R0009,2025-03-14 09:00:00,1337.74,5,Clear,High,Completed
O06935,C00360,R0034,2025-01-04 01:00:00,719.73,2,Clear,Low,Cancelled
O06936,C00769,R0098,2025-02-16 04:00:00,1204.82,6,Clear,Low,Completed
O06937,C00797,R0036,2025-02-13 05:00:00,905.73,5,Clear,Medium,Completed
O06938,C00932,R0095,2025-03-11 08:00:00,1161.41,3,Clear,High,Completed
O06939,C01971,R0020,2025-02-07 23:00:00,379.47,1,Clear,Low,Completed
O06940,C00165,R0081,2025-02-03 01:00:00,852.07,4,Cloudy,Medium,Completed
O06941,C00733,R0084,2025-03-29 08:00:00,811.13,6,Clear,Medium,Cancelled
O06942,C00581,R0092,2025-01-15 22:00:00,1499.15,3,Clear,Low,Completed
O06943,C00821,R0085,2025-03-19 09:00:00,1442.18,1,Clear,High,Completed
O06944,C01248,R0083,2025-02-14 20:00:00,1826.83,3,Clear,High,Completed
O06945,C00124,R0063,2025-03-17 00:00:00,1300.91,6,Rainy,Low,Completed
O06946,C01972,R0067,2025-03-07 15:00:00,697.64,2,Clear,Low,Completed
O06947,C00344,R0030,2025-03-13 15:00:00,1588.13,5,Rainy,Low,Completed
O06948,C01875,R0069,2025-03-11 12:00:00,1044.3,3,Cloudy,High,Cancelled
O06949,C00524,R0070,2025-03-29 15:00:00,467.64,6,Rainy,Medium,Completed
O06950,C01076,R0003,2025-02-06 14:00:00,1520.08,1,Cloudy,High,Completed
O06951,C00129,R0049,2025-01-01 04:00:00,351.81,5,Rainy,Medium,Completed
O06952,C01159,R0042,2025-03-08 20:00:00,438.49,6,Clear,Low,Completed
O06953,C00657,R0024,2025-02-14 19:00:00,1541.64,2,Rainy,Medium,Completed
O06954,C01151,R0044,2025-01-14 16:00:00,1563.27,2,Clear,Medium,Completed
O06955,C00738,R0001,2025-02-11 18:00:00,1602.48,4,Clear,Low,Cancelled
O06956,C00939,R0054,2025-02-02 14:00:00,657.32,5,Clear,Low,Completed
O06957,C00071,R0052,2025-01-25 00:00:00,1746.52,2,Clear,Medium,Completed
O06958,C00273,R0036,2025-01-14 14:00:00,1473.07,3,Cloudy,Medium,Completed
O06959,C01211,R0079,2025-03-05 15:00:00,1684.54,2,Cloudy,Low,Completed
O06960,C01027,R0038,2025-03-03 01:00:00,1446.35,2,Clear,High,Completed
O06961,C01309,R0044,2025-01-28 03:00:00,1201.23,2,Clear,Medium,Completed
O06962,C00022,R0082,2025-01-21 14:00:00,307.85,4,Clear,Low,Completed
O06963,C00166,R0087,2025-02-17 10:00:00,1450.78,6,Clear,Medium,Completed
O06964,C01334,R0047,2025-02-26 12:00:00,1411.88,1,Clear,Medium,Completed
O06965,C00875,R0029,2025-02-18 01:00:00,693.73,6,Clear,Medium,Completed
O06966,C01501,R0051,2025-02-16 20:00:00,1498.06,2,Cloudy,Medium,Completed
O06967,C00498,R0041,2025-02-20 19:00:00,1145.86,1,Clear,Low,Completed
O06968,C00434,R0086,2025-02-03 09:00:00,1162.87,5,Clear,Medium,Completed
O06969,C00758,R0064,2025-03-27 02:00:00,798.45,1,Rainy,Low,Completed
O06970,C00234,R0088,2025-01-09 15:00:00,321.89,5,Clear,Medium,Completed
O06971,C00837,R0048,2025-01-20 16:00:00,512.16,4,Cloudy,Low,Completed
O06972,C01694,R0077,2025-03-10 06:00:00,1560.78,5,Clear,Medium,Completed
O06973,C00663,R0097,2025-02-12 23:00:00,615.74,5,Cloudy,High,Completed
O06974,C00725,R0022,2025-01-06 15:00:00,104.28,3,Clear,Low,Completed
O06975,C00376,R0099,2025-01-11 20:00:00,1994.33,4,Cloudy,Low,Completed
O06976,C00730,R0017,2025-02-18 18:00:00,500.3,2,Cloudy,Medium,Completed
O06977,C01270,R0086,2025-01-20 01:00:00,1345.23,4,Clear,Medium,Completed
O06978,C00303,R0005,2025-03-22 08:00:00,1861.15,3,Clear,High,Completed
O06979,C00405,R0061,2025-03-13 16:00:00,1239.45,5,Clear,Medium,Completed
O06980,C01812,R0089,2025-03-01 20:00:00,1618.16,6,Rainy,Medium,Completed
O06981,C01687,R0006,2025-01-07 02:00:00,1955.11,4,Clear,High,Cancelled
O06982,C00708,R0053,2025-01-30 20:00:00,1734.69,3,Cloudy,Medium,Completed
O06983,C00917,R0081,2025-01-22 02:00:00,1160.02,6,Clear,Medium,Completed
O06984,C00021,R0095,2025-01-19 13:00:00,791.04,2,Clear,Medium,Completed
O06985,C00257,R0017,2025-01-19 11:00:00,1016.68,5,Cloudy,Medium,Completed
O06986,C00399,R0059,2025-01-05 21:00:00,1699.47,4,Cloudy,Medium,Completed
O06987,C01553,R0097,2025-03-06 04:00:00,1721.37,4,Cloudy,Low,Cancelled
O06988,C00051,R0039,2025-02-08 16:00:00,1707.12,6,Rainy,Medium,Completed
O06989,C00447,R0054,2025-01-24 14:00:00,1234.73,5,Rainy,Low,Completed
O06990,C01294,R0048,2025-03-22 16:00:00,1006.22,4,Rainy,Medium,Completed
O06991,C00827,R0037,2025-01-04 15:00:00,691.54,5,Clear,High,Completed
O06992,C00595,R0048,2025-03-10 20:00:00,106.39,3,Clear,Medium,Cancelled
O06993,C00818,R0068,2025-01-20 19:00:00,1552.52,5,Clear,High,Completed
O06994,C00636,R0078,2025-03-13 01:00:00,626.3,2,Cloudy,Medium,Completed
O06995,C01826,R0077,2025-03-04 20:00:00,726.39,5,Clear,High,Completed
O06996,C01286,R0027,2025-01-13 06:00:00,1702.61,6,Rainy,Medium,Cancelled
O06997,C01389,R0088,2025-01-30 23:00:00,199.28,4,Clear,Low,Completed
O06998,C01073,R0027,2025-02-28 12:00:00,1862.48,6,Clear,Medium,Completed
O06999,C01542,R0072,2025-02-11 10:00:00,102.59,5,Cloudy,High,Cancelled
O07000,C01653,R0063,2025-02-24 10:00:00,1884.42,5,Clear,Medium,Completed
O07001,C01142,R0052,2025-01-29 13:00:00,964.04,5,Clear,Medium,Completed
O07002,C01477,R0047,2025-02-20 03:00:00,294.03,2,Cloudy,Medium,Completed
O07003,C00775,R0021,2025-02-10 00:00:00,1380.91,6,Clear,High,Completed
O07004,C01889,R0057,2025-02-08 22:00:00,1802.13,2,Cloudy,Medium,Completed
O07005,C00973,R0075,2025-01-17 21:00:00,932.34,4,Clear,Medium,Cancelled
O07006,C01971,R0095,2025-02-23 18:00:00,1413.58,6,Cloudy,Low,Completed
O07007,C01910,R0091,2025-03-09 09:00:00,1960.79,4,Cloudy,High,Completed
O07008,C01665,R0042,2025-02-15 07:00:00,557.33,5,Cloudy,Low,Completed
O07009,C00397,R0048,2025-01-05 22:00:00,1658.85,1,Rainy,Medium,Completed
O07010,C00683,R0027,2025-01-14 00:00:00,660.95,6,Clear,Medium,Completed
O07011,C01051,R0072,2025-01-07 18:00:00,910.04,3,Cloudy,Low,Completed
O07012,C00711,R0033,2025-03-05 16:00:00,635.36,5,Clear,Low,Completed
O07013,C01396,R0076,2025-01-13 04:00:00,947.42,3,Rainy,Low,Completed
O07014,C01923,R0035,2025-01-29 17:00:00,109.67,2,Rainy,Medium,Completed
O07015,C01850,R0098,2025-02-28 08:00:00,676.53,4,Cloudy,High,Completed
O07016,C01881,R0016,2025-03-07 05:00:00,946.06,1,Clear,High,Completed
O07017,C01121,R0036,2025-01-29 00:00:00,1301.26,4,Clear,Low,Completed
O07018,C00529,R0066,2025-01-17 14:00:00,1310.99,2,Clear,Low,Completed
O07019,C00685,R0076,2025-02-13 15:00:00,1209.19,5,Clear,Medium,Completed
O07020,C01998,R0091,2025-03-22 22:00:00,656.76,2,Clear,Low,Completed
O07021,C00613,R0056,2025-01-10 23:00:00,1900.07,1,Clear,High,Completed
O07022,C00186,R0017,2025-01-28 23:00:00,844.74,5,Clear,High,Completed
O07023,C00696,R0020,2025-01-17 17:00:00,512.1,6,Rainy,High,Completed
O07024,C01974,R0085,2025-03-29 18:00:00,1153.57,5,Rainy,Medium,Cancelled
O07025,C00215,R0094,2025-01-03 04:00:00,1522.96,1,Rainy,High,Completed
O07026,C01275,R0084,2025-02-15 07:00:00,123.24,4,Clear,Medium,Completed
O07027,C00216,R0008,2025-02-17 14:00:00,625.05,5,Clear,High,Completed
O07028,C00029,R0018,2025-01-12 21:00:00,1667.46,4,Clear,High,Completed
O07029,C00102,R0018,2025-03-28 01:00:00,1063.34,3,Cloudy,Low,Completed
O07030,C00123,R0018,2025-02-12 20:00:00,876.13,1,Rainy,High,Completed
O07031,C00054,R0002,2025-03-22 08:00:00,1868.71,3,Cloudy,Medium,Completed
O07032,C01307,R0076,2025-01-07 15:00:00,270.12,5,Clear,High,Completed
O07033,C01638,R0096,2025-01-06 21:00:00,1269.58,1,Cloudy,Low,Cancelled
O07034,C01141,R0072,2025-01-17 12:00:00,750.16,5,Clear,Low,Completed
O07035,C00616,R0051,2025-02-13 09:00:00,234.56,1,Clear,High,Completed
O07036,C00557,R0010,2025-01-23 05:00:00,506.11,4,Clear,High,Completed
O07037,C00114,R0075,2025-03-06 19:00:00,1293.07,2,Clear,Low,Completed
O07038,C00855,R0014,2025-03-16 22:00:00,153.73,6,Rainy,Medium,Completed
O07039,C01567,R0026,2025-03-10 01:00:00,1225.27,2,Rainy,Medium,Completed
O07040,C00676,R0047,2025-01-12 21:00:00,1918.02,1,Clear,High,Completed
O07041,C00977,R0030,2025-02-12 20:00:00,1610.68,3,Clear,Medium,Completed
O07042,C00701,R0056,2025-02-09 19:00:00,756.63,1,Clear,High,Completed
O07043,C01317,R0042,2025-01-28 22:00:00,362.59,4,Rainy,High,Completed
O07044,C01219,R0004,2025-01-21 18:00:00,983.62,6,Clear,High,Completed
O07045,C00292,R0011,2025-02-16 02:00:00,846.61,3,Rainy,Medium,Completed
O07046,C01911,R0024,2025-03-19 07:00:00,1946.29,1,Clear,Low,Completed
O07047,C00261,R0086,2025-02-17 13:00:00,1980.75,6,Rainy,Medium,Completed
O07048,C01966,R0067,2025-03-28 12:00:00,880.11,6,Rainy,High,Completed
O07049,C01231,R0037,2025-02-19 04:00:00,382.69,1,Rainy,High,Completed
O07050,C00564,R0002,2025-03-28 14:00:00,1830.16,5,Rainy,High,Completed
O07051,C00049,R0012,2025-03-25 14:00:00,1607.73,4,Clear,Medium,Completed
O07052,C01030,R0021,2025-02-24 13:00:00,1071.42,4,Cloudy,Low,Completed
O07053,C00379,R0069,2025-03-12 08:00:00,794.17,2,Cloudy,Medium,Completed
O07054,C01418,R0071,2025-01-14 23:00:00,951.52,5,Rainy,Medium,Completed
O07055,C01910,R0064,2025-01-24 17:00:00,1813.57,3,Clear,Medium,Completed
O07056,C00224,R0068,2025-01-25 22:00:00,450.82,6,Clear,Medium,Completed
O07057,C01047,R0043,2025-02-17 18:00:00,1632.89,2,Cloudy,Low,Cancelled
O07058,C01008,R0054,2025-02-06 00:00:00,134.56,4,Clear,High,Completed
O07059,C00657,R0100,2025-02-03 12:00:00,1849.09,1,Rainy,Low,Completed
O07060,C00110,R0062,2025-01-14 01:00:00,1050.56,5,Clear,Medium,Completed
O07061,C00724,R0086,2025-01-02 03:00:00,530.82,4,Clear,Medium,Completed
O07062,C01836,R0093,2025-02-22 05:00:00,105.43,4,Cloudy,High,Completed
O07063,C00553,R0073,2025-02-12 21:00:00,1163.14,5,Rainy,High,Completed
O07064,C01423,R0090,2025-03-25 04:00:00,564.53,4,Cloudy,Medium,Completed
O07065,C01196,R0012,2025-02-25 21:00:00,1299.4,2,Rainy,Medium,Completed
O07066,C01006,R0001,2025-02-22 00:00:00,634.22,5,Clear,Medium,Completed
O07067,C00698,R0072,2025-03-31 00:00:00,267.25,4,Clear,Low,Completed
O07068,C00726,R0033,2025-03-28 23:00:00,1059.6,4,Clear,Low,Completed
O07069,C00306,R0064,2025-01-29 08:00:00,1172.52,5,Clear,High,Completed
O07070,C01588,R0068,2025-01-16 14:00:00,959.92,1,Clear,Medium,Completed
O07071,C01606,R0014,2025-02-13 09:00:00,970.27,3,Clear,High,Completed
O07072,C01732,R0093,2025-03-06 14:00:00,1220.34,5,Clear,High,Cancelled
O07073,C00959,R0014,2025-03-19 05:00:00,1100.07,1,Rainy,Low,Completed
O07074,C00954,R0009,2025-02-03 13:00:00,351.88,6,Cloudy,Medium,Completed
O07075,C01175,R0073,2025-01-12 14:00:00,474.46,4,Clear,Medium,Completed
O07076,C01452,R0026,2025-02-28 13:00:00,369.4,2,Clear,High,Completed
O07077,C00621,R0049,2025-02-02 19:00:00,1417.26,6,Clear,High,Completed
O07078,C01491,R0017,2025-02-09 15:00:00,1104.34,4,Clear,Medium,Completed
O07079,C00630,R0068,2025-02-25 12:00:00,916.72,4,Clear,High,Completed
O07080,C00877,R0060,2025-01-12 12:00:00,1616.84,6,Clear,Medium,Completed
O07081,C01631,R0003,2025-01-19 00:00:00,719.01,1,Clear,Medium,Completed
O07082,C01792,R0093,2025-02-12 01:00:00,1179.4,5,Rainy,Low,Completed
O07083,C00556,R0025,2025-02-15 15:00:00,241.37,3,Clear,Low,Completed
O07084,C01972,R0021,2025-01-14 04:00:00,1514.37,3,Clear,Low,Completed
O07085,C00067,R0012,2025-02-20 11:00:00,1420.87,5,Clear,Medium,Completed
O07086,C01180,R0054,2025-01-06 00:00:00,1624.52,5,Clear,Medium,Completed
O07087,C00835,R0001,2025-02-26 21:00:00,1780.5,2,Clear,Low,Completed
O07088,C00206,R0001,2025-01-13 15:00:00,1540.25,5,Clear,Medium,Completed
O07089,C00786,R0045,2025-02-08 23:00:00,1704.53,2,Clear,Medium,Completed
O07090,C00155,R0046,2025-01-21 15:00:00,756.74,5,Clear,High,Completed
O07091,C01715,R0048,2025-01-30 16:00:00,752.34,2,Clear,Low,Completed
O07092,C01533,R0007,2025-01-15 13:00:00,1894.17,5,Clear,Medium,Completed
O07093,C01596,R0010,2025-02-07 17:00:00,1837.69,5,Rainy,Low,Completed
O07094,C01098,R0015,2025-03-18 03:00:00,1142.14,3,Clear,Medium,Completed
O07095,C01073,R0040,2025-01-21 21:00:00,796.46,4,Cloudy,Medium,Completed
O07096,C00783,R0011,2025-02-19 01:00:00,1745.4,4,Clear,Medium,Completed
O07097,C01491,R0056,2025-02-08 01:00:00,714.48,2,Clear,Medium,Completed
O07098,C00585,R0046,2025-03-05 03:00:00,391.91,1,Clear,Low,Completed
O07099,C00708,R0045,2025-01-22 22:00:00,1315.04,6,Clear,High,Completed
O07100,C01935,R0087,2025-02-19 16:00:00,180.98,3,Rainy,High,Completed
O07101,C00179,R0013,2025-03-26 10:00:00,820.29,5,Clear,Low,Completed
O07102,C01072,R0027,2025-01-30 14:00:00,1634.56,3,Clear,High,Completed
O07103,C01096,R0081,2025-03-27 00:00:00,660.91,1,Cloudy,Medium,Completed
O07104,C00113,R0050,2025-01-05 15:00:00,1869.5,3,Clear,Medium,Completed
O07105,C00757,R0061,2025-03-29 11:00:00,1916.07,1,Clear,Medium,Completed
O07106,C00897,R0013,2025-03-11 16:00:00,1650.05,6,Cloudy,High,Completed
O07107,C01927,R0012,2025-03-10 18:00:00,1976.52,1,Clear,Low,Completed
O07108,C00821,R0029,2025-01-13 11:00:00,1108.45,1,Rainy,Medium,Completed
O07109,C00159,R0085,2025-02-09 21:00:00,1181.48,1,Clear,Low,Completed
O07110,C00786,R0084,2025-03-20 18:00:00,1688.72,1,Cloudy,High,Completed
O07111,C01804,R0020,2025-01-13 18:00:00,1036.33,5,Rainy,Low,Completed
O07112,C01840,R0031,2025-01-06 00:00:00,872.77,3,Rainy,Medium,Completed
O07113,C01054,R0008,2025-03-26 02:00:00,1268.03,4,Cloudy,Medium,Completed
O07114,C01121,R0024,2025-02-23 05:00:00,1349.55,4,Clear,Medium,Completed
O07115,C00251,R0075,2025-03-01 11:00:00,1526.7,5,Clear,Medium,Completed
O07116,C01543,R0039,2025-03-05 05:00:00,1369.58,2,Rainy,Low,Completed
O07117,C01116,R0033,2025-02-19 09:00:00,1516.87,6,Clear,Low,Completed
O07118,C00113,R0042,2025-03-22 11:00:00,1381.66,1,Rainy,Low,Completed
O07119,C00259,R0015,2025-03-02 15:00:00,1012.85,3,Cloudy,Medium,Completed
O07120,C00107,R0068,2025-02-19 03:00:00,356.38,1,Rainy,Medium,Completed
O07121,C00575,R0065,2025-02-26 02:00:00,1592.34,1,Clear,Low,Completed
O07122,C01414,R0032,2025-01-27 04:00:00,158.48,4,Clear,Low,Completed
O07123,C00991,R0011,2025-02-20 14:00:00,1985.75,1,Cloudy,Low,Completed
O07124,C01382,R0094,2025-02-19 23:00:00,1674.07,3,Rainy,Medium,Cancelled
O07125,C01807,R0037,2025-03-23 17:00:00,1374.73,3,Rainy,Low,Completed
O07126,C01223,R0019,2025-01-22 12:00:00,1936.55,4,Rainy,Low,Completed
O07127,C00427,R0051,2025-02-05 04:00:00,1263.69,5,Cloudy,High,Completed
O07128,C01502,R0100,2025-03-06 11:00:00,207.22,4,Clear,Low,Completed
O07129,C00859,R0034,2025-03-08 10:00:00,1162.83,4,Rainy,Low,Completed
O07130,C01873,R0071,2025-02-04 03:00:00,626.69,1,Clear,Medium,Completed
O07131,C01527,R0060,2025-02-01 17:00:00,802.01,2,Clear,Medium,Completed
O07132,C01682,R0084,2025-02-26 18:00:00,973.21,6,Cloudy,High,Completed
O07133,C00918,R0053,2025-01-05 14:00:00,1571.74,5,Cloudy,High,Cancelled
O07134,C01597,R0012,2025-03-18 17:00:00,1055.57,5,Clear,Medium,Cancelled
O07135,C01144,R0062,2025-02-03 14:00:00,1001.89,5,Clear,Low,Completed
O07136,C01597,R0096,2025-03-04 08:00:00,673.75,1,Rainy,Medium,Completed
O07137,C01333,R0066,2025-02-21 19:00:00,1125.76,4,Rainy,Low,Completed
O07138,C01562,R0086,2025-01-21 06:00:00,571.94,6,Clear,High,Completed
O07139,C00627,R0048,2025-02-03 18:00:00,595.89,1,Cloudy,Medium,Completed
O07140,C00475,R0040,2025-03-27 03:00:00,1538.79,3,Clear,Medium,Completed
O07141,C00552,R0024,2025-01-22 12:00:00,750.84,2,Clear,Medium,Completed
O07142,C00344,R0050,2025-02-04 18:00:00,197.66,2,Rainy,Medium,Completed
O07143,C00628,R0095,2025-01-26 23:00:00,752.99,6,Clear,Medium,Completed
O07144,C00136,R0068,2025-02-13 15:00:00,1313.29,1,Cloudy,Low,Completed
O07145,C00277,R0088,2025-03-07 04:00:00,1646.57,4,Cloudy,Medium,Completed
O07146,C01835,R0043,2025-02-18 03:00:00,1927.68,5,Cloudy,High,Completed
O07147,C01557,R0017,2025-02-26 00:00:00,1517.82,6,Clear,Low,Completed
O07148,C01923,R0083,2025-01-21 16:00:00,914.82,6,Clear,High,Completed
O07149,C00031,R0055,2025-01-23 14:00:00,668.33,3,Rainy,High,Completed
O07150,C00247,R0034,2025-02-08 03:00:00,346.3,3,Clear,High,Completed
O07151,C00411,R0097,2025-03-17 01:00:00,1292.6,6,Cloudy,High,Completed
O07152,C00027,R0070,2025-01-04 09:00:00,1068.78,2,Clear,High,Completed
O07153,C00073,R0060,2025-02-11 09:00:00,1387.63,6,Clear,Low,Completed
O07154,C01977,R0051,2025-02-19 03:00:00,550.55,4,Rainy,Medium,Completed
O07155,C01121,R0100,2025-01-07 21:00:00,714.92,5,Clear,Medium,Completed
O07156,C00673,R0077,2025-03-28 07:00:00,654.98,2,Cloudy,Low,Completed
O07157,C01370,R0073,2025-02-03 14:00:00,1615.54,4,Cloudy,High,Completed
O07158,C00476,R0035,2025-01-14 19:00:00,425.34,5,Cloudy,Medium,Completed
O07159,C01324,R0034,2025-03-08 01:00:00,1256.1,1,Clear,Medium,Completed
O07160,C01323,R0016,2025-03-05 22:00:00,197.57,4,Cloudy,High,Cancelled
O07161,C00287,R0082,2025-03-09 08:00:00,1144.1,6,Cloudy,Low,Completed
O07162,C01909,R0018,2025-01-08 12:00:00,221.44,6,Clear,Medium,Completed
O07163,C01473,R0038,2025-02-24 20:00:00,434.17,3,Clear,Low,Completed
O07164,C00212,R0043,2025-03-26 00:00:00,314.75,4,Clear,Low,Completed
O07165,C01100,R0032,2025-02-16 02:00:00,758.78,4,Clear,Low,Completed
O07166,C00401,R0007,2025-03-08 05:00:00,753.09,6,Cloudy,Medium,Completed
O07167,C00655,R0087,2025-03-14 10:00:00,1670.2,6,Cloudy,Low,Completed
O07168,C01058,R0087,2025-01-21 07:00:00,528.81,4,Clear,High,Completed
O07169,C00498,R0046,2025-01-26 11:00:00,264.13,5,Clear,High,Completed
O07170,C00848,R0061,2025-02-16 08:00:00,1246.67,5,Clear,Low,Completed
O07171,C01540,R0018,2025-02-28 05:00:00,1406.16,1,Clear,High,Completed
O07172,C01352,R0071,2025-03-02 16:00:00,660.16,1,Rainy,Medium,Completed
O07173,C00098,R0040,2025-02-25 17:00:00,1245.35,5,Cloudy,Low,Completed
O07174,C00366,R0088,2025-01-14 14:00:00,1574.51,5,Rainy,High,Completed
O07175,C01753,R0078,2025-01-17 17:00:00,760.35,2,Cloudy,High,Completed
O07176,C00463,R0050,2025-01-21 07:00:00,1098.17,4,Clear,High,Completed
O07177,C00028,R0005,2025-03-30 02:00:00,378.6,4,Clear,Medium,Completed
O07178,C00713,R0054,2025-03-31 00:00:00,144.93,3,Rainy,Medium,Completed
O07179,C01410,R0086,2025-02-18 06:00:00,1964.6,5,Clear,Medium,Cancelled
O07180,C00273,R0058,2025-02-20 02:00:00,669.49,5,Rainy,Medium,Completed
O07181,C00826,R0022,2025-01-04 06:00:00,629.91,1,Cloudy,Medium,Completed
O07182,C01151,R0074,2025-03-09 12:00:00,1949.17,6,Rainy,Low,Completed
O07183,C00202,R0090,2025-03-06 20:00:00,1483.64,1,Clear,Low,Completed
O07184,C01545,R0079,2025-01-16 17:00:00,1212.07,6,Cloudy,High,Cancelled
O07185,C01311,R0038,2025-01-07 20:00:00,1428.71,4,Cloudy,Medium,Completed
O07186,C00450,R0049,2025-03-07 03:00:00,1448.86,4,Cloudy,Low,Completed
O07187,C01112,R0001,2025-02-01 04:00:00,1550.34,6,Rainy,High,Completed
O07188,C01342,R0078,2025-03-13 16:00:00,227.66,5,Rainy,High,Completed
O07189,C00019,R0036,2025-03-18 21:00:00,884.38,4,Clear,High,Completed
O07190,C01617,R0095,2025-01-07 10:00:00,660.75,5,Clear,Low,Completed
O07191,C01131,R0028,2025-02-17 18:00:00,234.08,3,Cloudy,Medium,Completed
O07192,C01482,R0098,2025-02-14 07:00:00,883.94,3,Cloudy,High,Completed
O07193,C00311,R0035,2025-02-26 09:00:00,1270.73,2,Clear,Medium,Completed
O07194,C00412,R0060,2025-03-02 23:00:00,439.15,1,Rainy,Medium,Completed
O07195,C00742,R0062,2025-03-05 04:00:00,679.55,2,Cloudy,Low,Completed
O07196,C00624,R0087,2025-01-14 15:00:00,1314.42,3,Clear,Medium,Completed
O07197,C00732,R0046,2025-03-05 14:00:00,1200.72,4,Clear,Medium,Completed
O07198,C00635,R0083,2025-02-02 20:00:00,1750.69,1,Clear,Medium,Completed
O07199,C00498,R0082,2025-02-24 22:00:00,1603.34,1,Rainy,High,Completed
O07200,C00244,R0079,2025-01-24 09:00:00,1934.66,2,Rainy,Low,Completed
O07201,C00690,R0061,2025-01-22 08:00:00,1234.67,1,Cloudy,Medium,Cancelled
O07202,C00577,R0065,2025-01-22 11:00:00,1427.09,3,Rainy,High,Completed
O07203,C01404,R0089,2025-03-06 03:00:00,1734.96,4,Clear,Medium,Completed
O07204,C00515,R0026,2025-02-19 09:00:00,1695.99,2,Clear,Low,Completed
O07205,C00207,R0035,2025-01-28 18:00:00,1465.57,4,Rainy,Medium,Completed
O07206,C00948,R0057,2025-03-06 14:00:00,1050.49,6,Clear,Medium,Completed
O07207,C00394,R0079,2025-03-07 07:00:00,619.09,2,Cloudy,Medium,Completed
O07208,C01045,R0063,2025-03-02 08:00:00,1766.71,6,Rainy,Medium,Completed
O07209,C01829,R0004,2025-02-10 06:00:00,1575.65,5,Clear,Medium,Completed
O07210,C01551,R0079,2025-03-24 12:00:00,1692.02,1,Clear,High,Completed
O07211,C01367,R0042,2025-03-08 14:00:00,367.5,5,Clear,High,Completed
O07212,C00718,R0045,2025-03-24 12:00:00,698.14,6,Rainy,High,Completed
O07213,C01999,R0039,2025-01-16 03:00:00,907.28,1,Rainy,Medium,Completed
O07214,C00202,R0065,2025-01-05 11:00:00,1692.87,5,Clear,Low,Completed
O07215,C00120,R0022,2025-01-26 22:00:00,1796.48,4,Rainy,High,Completed
O07216,C01673,R0011,2025-01-14 08:00:00,641.3,3,Cloudy,Medium,Completed
O07217,C01836,R0037,2025-01-22 05:00:00,1404.22,2,Clear,Medium,Completed
O07218,C01831,R0090,2025-02-14 08:00:00,247.85,1,Clear,Low,Completed
O07219,C00389,R0051,2025-01-13 15:00:00,878.19,2,Clear,Medium,Completed
O07220,C01561,R0091,2025-02-10 08:00:00,1024.67,3,Clear,Low,Completed
O07221,C01848,R0058,2025-03-01 22:00:00,1554.7,5,Cloudy,Medium,Completed
O07222,C00234,R0077,2025-03-01 01:00:00,1794.75,4,Clear,High,Completed
O07223,C01657,R0007,2025-02-11 04:00:00,740.84,6,Rainy,Medium,Completed
O07224,C00602,R0008,2025-01-11 18:00:00,1102.7,2,Clear,Medium,Completed
O07225,C01344,R0051,2025-03-24 06:00:00,1330.15,6,Cloudy,High,Completed
O07226,C00712,R0023,2025-02-23 17:00:00,724.51,5,Clear,Medium,Completed
O07227,C00982,R0090,2025-01-10 13:00:00,1972.52,6,Clear,Low,Completed
O07228,C01204,R0091,2025-01-07 05:00:00,1763.97,1,Rainy,High,Cancelled
O07229,C00857,R0009,2025-02-07 21:00:00,663.17,2,Clear,High,Completed
O07230,C01392,R0046,2025-02-10 17:00:00,1065.1,2,Rainy,Medium,Completed
O07231,C00076,R0038,2025-01-27 10:00:00,538.6,1,Rainy,Low,Completed
O07232,C00649,R0013,2025-03-20 21:00:00,1077.56,3,Rainy,Low,Completed
O07233,C00650,R0007,2025-01-26 21:00:00,1398.33,5,Clear,High,Completed
O07234,C00496,R0011,2025-02-09 11:00:00,262.49,6,Rainy,Low,Completed
O07235,C01546,R0074,2025-02-15 13:00:00,1753.22,6,Clear,High,Completed
O07236,C01225,R0097,2025-01-03 05:00:00,1228.12,2,Rainy,Medium,Completed
O07237,C00830,R0050,2025-02-05 03:00:00,1980.25,5,Cloudy,Medium,Completed
O07238,C01370,R0067,2025-03-19 17:00:00,148.62,6,Clear,Low,Completed
O07239,C00483,R0041,2025-01-13 10:00:00,1679.85,4,Cloudy,Low,Completed
O07240,C01243,R0029,2025-01-19 12:00:00,1604.73,5,Clear,Low,Completed
O07241,C01084,R0037,2025-01-05 01:00:00,352.42,5,Cloudy,Medium,Completed
O07242,C00991,R0056,2025-03-29 17:00:00,737.08,6,Clear,Medium,Completed
O07243,C01683,R0080,2025-01-08 08:00:00,1781.11,1,Clear,High,Completed
O07244,C00619,R0016,2025-01-30 22:00:00,1085.06,6,Clear,Medium,Completed
O07245,C00550,R0044,2025-02-24 12:00:00,862.43,5,Clear,Medium,Completed
O07246,C00646,R0050,2025-03-26 22:00:00,1820.44,6,Clear,High,Completed
O07247,C01935,R0071,2025-01-14 10:00:00,277.35,6,Clear,Medium,Completed
O07248,C01245,R0079,2025-03-13 19:00:00,998.93,3,Cloudy,High,Completed
O07249,C01839,R0006,2025-02-28 01:00:00,1339.51,5,Clear,Medium,Completed
O07250,C01965,R0018,2025-03-24 21:00:00,1256.23,4,Cloudy,Medium,Completed
O07251,C00502,R0019,2025-02-05 05:00:00,602.13,6,Clear,High,Cancelled
O07252,C01157,R0051,2025-01-04 17:00:00,1170.29,5,Rainy,High,Cancelled
O07253,C00846,R0066,2025-01-06 10:00:00,1446.27,6,Rainy,Low,Completed
O07254,C00053,R0003,2025-02-13 20:00:00,1211.28,1,Rainy,Low,Completed
O07255,C00450,R0089,2025-03-29 17:00:00,1400.48,4,Clear,Medium,Completed
O07256,C00062,R0100,2025-02-15 00:00:00,586.55,1,Clear,Medium,Completed
O07257,C01047,R0054,2025-02-11 09:00:00,1682.41,6,Clear,High,Completed
O07258,C00044,R0049,2025-03-01 01:00:00,954.41,3,Rainy,Low,Completed
O07259,C00820,R0028,2025-01-08 21:00:00,1975.73,3,Cloudy,Medium,Completed
O07260,C01582,R0038,2025-03-30 11:00:00,144.24,1,Clear,Low,Completed
O07261,C00659,R0028,2025-02-07 10:00:00,822.6,3,Cloudy,High,Completed
O07262,C00728,R0032,2025-03-15 08:00:00,442.9,6,Cloudy,Low,Cancelled
O07263,C00852,R0041,2025-01-22 01:00:00,1155.66,1,Cloudy,High,Completed
O07264,C00047,R0036,2025-03-23 22:00:00,562.09,2,Clear,Medium,Completed
O07265,C01883,R0036,2025-01-08 14:00:00,1501.21,5,Clear,Low,Completed
O07266,C00820,R0087,2025-01-07 09:00:00,1775.55,2,Cloudy,Low,Completed
O07267,C01048,R0066,2025-02-23 20:00:00,500.68,3,Cloudy,Medium,Completed
O07268,C01681,R0010,2025-03-23 09:00:00,405.29,1,Clear,Low,Completed
O07269,C00089,R0070,2025-02-13 14:00:00,1763.18,1,Clear,High,Completed
O07270,C01198,R0072,2025-01-26 05:00:00,786.42,6,Clear,Medium,Completed
O07271,C01600,R0079,2025-02-26 22:00:00,925.71,1,Rainy,Low,Completed
O07272,C01143,R0093,2025-03-23 14:00:00,519.84,1,Clear,Medium,Completed
O07273,C00735,R0063,2025-02-14 08:00:00,908.1,5,Rainy,High,Completed
O07274,C01692,R0092,2025-03-12 19:00:00,539.47,4,Cloudy,Medium,Completed
O07275,C00178,R0022,2025-01-22 13:00:00,1365.26,2,Rainy,Medium,Completed
O07276,C01019,R0098,2025-01-06 17:00:00,1047.87,3,Clear,High,Completed
O07277,C01856,R0020,2025-02-16 18:00:00,1597.31,1,Clear,Low,Completed
O07278,C01948,R0033,2025-02-25 19:00:00,694.18,2,Clear,High,Cancelled
O07279,C01366,R0015,2025-02-15 22:00:00,1060.63,4,Cloudy,Medium,Completed
O07280,C01592,R0007,2025-01-30 00:00:00,593.09,2,Clear,Low,Completed
O07281,C01083,R0088,2025-02-03 18:00:00,1875.5,3,Clear,High,Completed
O07282,C00901,R0090,2025-01-20 16:00:00,1091.68,1,Cloudy,Medium,Completed
O07283,C00438,R0050,2025-01-04 04:00:00,429.58,3,Clear,Low,Completed
O07284,C01452,R0010,2025-02-12 17:00:00,618.25,1,Cloudy,Medium,Cancelled
O07285,C00426,R0079,2025-03-28 00:00:00,257.51,4,Rainy,Medium,Completed
O07286,C00968,R0037,2025-01-15 07:00:00,152.85,6,Rainy,Medium,Completed
O07287,C01405,R0059,2025-02-09 03:00:00,1099.25,3,Clear,Low,Completed
O07288,C00486,R0088,2025-02-05 05:00:00,740.53,2,Clear,Medium,Completed
O07289,C01756,R0075,2025-02-12 22:00:00,1931.17,6,Clear,Low,Completed
O07290,C01209,R0063,2025-02-11 01:00:00,425.53,4,Clear,Low,Completed
O07291,C01583,R0021,2025-01-08 05:00:00,1608.43,3,Clear,High,Completed
O07292,C00460,R0079,2025-02-05 05:00:00,700.35,6,Rainy,Low,Completed
O07293,C01913,R0079,2025-01-29 20:00:00,524.72,1,Rainy,Medium,Completed
O07294,C00921,R0037,2025-02-12 00:00:00,1942.31,6,Clear,Low,Completed
O07295,C01126,R0045,2025-02-25 12:00:00,1624.9,4,Rainy,Low,Completed
O07296,C01580,R0014,2025-01-10 20:00:00,1298.18,1,Clear,Low,Completed
O07297,C01039,R0043,2025-02-23 02:00:00,1424.53,6,Clear,Medium,Completed
O07298,C00748,R0085,2025-02-21 20:00:00,1983.62,5,Cloudy,Low,Cancelled
O07299,C01897,R0084,2025-01-15 01:00:00,1227.09,2,Cloudy,Low,Completed
O07300,C00051,R0033,2025-02-21 10:00:00,293.61,1,Rainy,High,Completed
O07301,C00309,R0003,2025-01-15 00:00:00,223.25,3,Rainy,Low,Completed
O07302,C01058,R0087,2025-02-18 05:00:00,1366.55,5,Clear,Medium,Completed
O07303,C01660,R0044,2025-03-19 19:00:00,1349.44,4,Rainy,Medium,Completed
O07304,C01005,R0087,2025-01-21 14:00:00,1521.53,3,Clear,High,Completed
O07305,C01613,R0091,2025-01-23 18:00:00,306.68,4,Clear,High,Completed
O07306,C01928,R0035,2025-01-07 16:00:00,1895.31,5,Clear,Medium,Completed
O07307,C00635,R0025,2025-03-26 20:00:00,1147.2,3,Rainy,Medium,Completed
O07308,C00205,R0096,2025-03-14 13:00:00,1334.16,1,Cloudy,Medium,Completed
O07309,C00740,R0086,2025-03-04 19:00:00,166.22,6,Rainy,Medium,Completed
O07310,C01094,R0008,2025-03-05 13:00:00,1925.85,3,Clear,Medium,Completed
O07311,C01254,R0062,2025-02-11 03:00:00,1168.92,2,Clear,Medium,Completed
O07312,C01504,R0018,2025-02-27 07:00:00,1170.39,1,Clear,Medium,Completed
O07313,C00533,R0092,2025-03-06 17:00:00,1892.76,2,Clear,Low,Completed
O07314,C00108,R0028,2025-03-26 07:00:00,1865.77,3,Clear,Low,Completed
O07315,C00876,R0075,2025-03-21 21:00:00,518.57,3,Clear,Low,Completed
O07316,C01265,R0012,2025-03-19 20:00:00,1869.09,4,Clear,Medium,Completed
O07317,C00251,R0064,2025-03-08 17:00:00,1499.58,3,Clear,Medium,Completed
O07318,C00135,R0002,2025-02-24 03:00:00,135.91,1,Clear,High,Completed
O07319,C01114,R0059,2025-01-30 14:00:00,555.7,2,Clear,High,Completed
O07320,C01615,R0037,2025-03-03 12:00:00,884.66,6,Cloudy,High,Completed
O07321,C01464,R0004,2025-02-13 09:00:00,1207.36,6,Rainy,Medium,Completed
O07322,C00689,R0041,2025-01-03 23:00:00,1432.53,5,Cloudy,Medium,Completed
O07323,C01322,R0045,2025-03-27 06:00:00,499.4,2,Rainy,Low,Completed
O07324,C00407,R0034,2025-02-27 10:00:00,1689.73,6,Clear,Low,Completed
O07325,C01332,R0087,2025-03-17 17:00:00,1706.86,6,Clear,High,Completed
O07326,C00102,R0013,2025-02-15 23:00:00,1306.5,4,Clear,Medium,Completed
O07327,C01385,R0007,2025-01-30 23:00:00,1850.08,5,Clear,Low,Completed
O07328,C01871,R0032,2025-03-25 23:00:00,1644.67,6,Cloudy,Low,Completed
O07329,C01648,R0023,2025-03-22 11:00:00,521.08,6,Rainy,Medium,Completed
O07330,C00693,R0049,2025-02-19 18:00:00,1617.49,5,Clear,Medium,Completed
O07331,C01640,R0072,2025-01-17 21:00:00,1911.08,3,Clear,Medium,Cancelled
O07332,C01552,R0047,2025-03-23 01:00:00,361.45,6,Cloudy,High,Completed
O07333,C01632,R0037,2025-02-14 00:00:00,1959.53,4,Clear,Medium,Completed
O07334,C01317,R0098,2025-01-23 07:00:00,147.49,4,Cloudy,Low,Completed
O07335,C01170,R0048,2025-02-14 13:00:00,1092.12,3,Rainy,Medium,Completed
O07336,C00404,R0029,2025-01-12 09:00:00,1570.4,6,Clear,Medium,Completed
O07337,C00814,R0037,2025-03-15 14:00:00,1601.83,1,Rainy,Medium,Completed
O07338,C01026,R0023,2025-01-06 12:00:00,1495.88,3,Clear,Low,Completed
O07339,C01143,R0038,2025-01-11 23:00:00,1105.77,4,Clear,Medium,Cancelled
O07340,C00855,R0093,2025-01-16 06:00:00,1336.83,5,Cloudy,Medium,Completed
O07341,C01630,R0044,2025-03-27 12:00:00,1429.87,1,Rainy,High,Completed
O07342,C01215,R0005,2025-02-05 10:00:00,1039.62,6,Rainy,Medium,Completed
O07343,C01027,R0052,2025-03-14 01:00:00,1231.8,4,Clear,High,Completed
O07344,C00942,R0040,2025-03-02 04:00:00,1708.1,4,Cloudy,High,Completed
O07345,C01021,R0011,2025-02-27 01:00:00,694.47,3,Clear,Medium,Completed
O07346,C01511,R0078,2025-03-23 04:00:00,1094.09,2,Cloudy,Low,Completed
O07347,C01647,R0002,2025-03-30 04:00:00,116.11,4,Cloudy,Low,Completed
O07348,C00177,R0035,2025-01-15 21:00:00,1406.13,2,Rainy,Medium,Completed
O07349,C01281,R0045,2025-03-13 07:00:00,471.23,1,Clear,High,Completed
O07350,C00873,R0049,2025-02-28 17:00:00,1013.9,5,Rainy,Medium,Completed
O07351,C01558,R0035,2025-01-14 12:00:00,499.39,2,Rainy,Low,Completed
O07352,C00477,R0092,2025-02-01 06:00:00,144.71,2,Clear,Medium,Completed
O07353,C00398,R0072,2025-01-11 15:00:00,1018.12,2,Clear,High,Completed
O07354,C01520,R0032,2025-02-07 22:00:00,907.18,2,Clear,Low,Completed
O07355,C00220,R0068,2025-01-25 07:00:00,907.78,2,Clear,Low,Completed
O07356,C00173,R0071,2025-01-25 00:00:00,496.73,1,Cloudy,Low,Completed
O07357,C00736,R0039,2025-03-19 23:00:00,1899.69,6,Clear,High,Completed
O07358,C01414,R0048,2025-02-18 00:00:00,106.66,6,Clear,High,Completed
O07359,C00502,R0091,2025-03-27 10:00:00,1793.94,4,Clear,Medium,Completed
O07360,C01601,R0037,2025-02-07 06:00:00,1500.11,5,Clear,High,Completed
O07361,C01813,R0060,2025-03-16 07:00:00,426.94,4,Clear,Medium,Completed
O07362,C00761,R0081,2025-02-15 13:00:00,997.16,1,Clear,Medium,Cancelled
O07363,C01284,R0074,2025-03-29 11:00:00,1978.82,1,Cloudy,Medium,Completed
O07364,C00131,R0004,2025-01-19 04:00:00,1323.03,2,Clear,Low,Completed
O07365,C01137,R0023,2025-02-12 13:00:00,342.02,1,Rainy,High,Completed
O07366,C00798,R0014,2025-03-30 21:00:00,969.52,1,Clear,Medium,Completed
O07367,C00799,R0005,2025-01-22 13:00:00,989.59,2,Cloudy,High,Completed
O07368,C00930,R0066,2025-01-31 21:00:00,1624.3,1,Clear,High,Completed
O07369,C00723,R0024,2025-03-26 08:00:00,1840.71,1,Cloudy,High,Completed
O07370,C01044,R0018,2025-02-05 22:00:00,256.26,1,Clear,Medium,Completed
O07371,C00215,R0027,2025-03-27 01:00:00,696.67,3,Clear,High,Completed
O07372,C01334,R0024,2025-01-02 18:00:00,667.03,6,Clear,Medium,Completed
O07373,C01275,R0029,2025-03-18 23:00:00,1992.49,4,Clear,Medium,Cancelled
O07374,C00488,R0011,2025-03-14 05:00:00,1162.53,3,Clear,Medium,Completed
O07375,C01406,R0018,2025-01-17 19:00:00,1771.68,4,Clear,Low,Completed
O07376,C01433,R0004,2025-02-25 06:00:00,909.46,2,Clear,Low,Completed
O07377,C01295,R0033,2025-02-20 05:00:00,1473.17,2,Rainy,Medium,Cancelled
O07378,C01958,R0078,2025-03-08 15:00:00,644.51,6,Clear,High,Completed
O07379,C01431,R0042,2025-01-19 09:00:00,1832.39,4,Cloudy,Medium,Completed
O07380,C01716,R0032,2025-01-11 09:00:00,964.78,4,Clear,High,Cancelled
O07381,C01218,R0051,2025-02-06 13:00:00,1627.08,6,Rainy,Low,Completed
O07382,C01465,R0004,2025-03-20 14:00:00,586.05,5,Cloudy,Medium,Cancelled
O07383,C00313,R0020,2025-02-24 07:00:00,1417.85,4,Clear,High,Completed
O07384,C00079,R0085,2025-03-14 12:00:00,869.8,4,Cloudy,Medium,Completed
O07385,C00180,R0067,2025-02-16 08:00:00,159.73,2,Cloudy,Medium,Completed
O07386,C01004,R0089,2025-03-23 00:00:00,884.72,2,Clear,Low,Completed
O07387,C00675,R0068,2025-03-21 02:00:00,1145.04,1,Cloudy,High,Completed
O07388,C01738,R0062,2025-03-26 06:00:00,388.35,1,Rainy,High,Completed
O07389,C00014,R0058,2025-01-11 07:00:00,449.43,2,Clear,Medium,Completed
O07390,C00859,R0047,2025-01-24 15:00:00,983.24,1,Clear,Medium,Completed
O07391,C00246,R0075,2025-03-19 21:00:00,751.19,3,Rainy,High,Completed
O07392,C01038,R0080,2025-03-19 14:00:00,937.41,3,Rainy,Medium,Completed
O07393,C00099,R0059,2025-02-19 12:00:00,975.57,6,Cloudy,High,Completed
O07394,C00033,R0100,2025-02-26 09:00:00,366.14,1,Clear,Medium,Completed
O07395,C01460,R0006,2025-03-30 15:00:00,444.27,1,Cloudy,Medium,Completed
O07396,C00257,R0095,2025-02-08 21:00:00,1711.51,4,Clear,Medium,Completed
O07397,C00034,R0040,2025-02-10 20:00:00,409.17,4,Clear,Low,Completed
O07398,C00019,R0077,2025-02-06 05:00:00,1365.24,3,Cloudy,Low,Completed
O07399,C01688,R0023,2025-01-08 00:00:00,895.2,6,Clear,Medium,Completed
O07400,C01284,R0052,2025-01-16 18:00:00,1939.65,3,Cloudy,High,Completed
O07401,C01700,R0004,2025-02-21 08:00:00,225.6,4,Cloudy,Medium,Completed
O07402,C00589,R0037,2025-03-22 12:00:00,1677.74,4,Clear,High,Completed
O07403,C01850,R0042,2025-03-22 05:00:00,1033.75,6,Cloudy,Medium,Completed
O07404,C01440,R0044,2025-01-09 01:00:00,110.17,4,Clear,High,Completed
O07405,C00137,R0097,2025-01-11 23:00:00,600.95,1,Clear,High,Completed
O07406,C00359,R0042,2025-02-22 22:00:00,874.62,2,Clear,High,Completed
O07407,C01744,R0029,2025-03-10 21:00:00,696.97,3,Rainy,Medium,Completed
O07408,C00754,R0019,2025-03-03 07:00:00,788.65,5,Clear,High,Completed
O07409,C01603,R0084,2025-03-25 23:00:00,1841.68,6,Cloudy,Medium,Completed
O07410,C01140,R0032,2025-03-15 11:00:00,785.77,4,Clear,Medium,Completed
O07411,C00404,R0044,2025-01-22 16:00:00,895.78,1,Clear,High,Cancelled
O07412,C01226,R0055,2025-02-08 06:00:00,1546.15,3,Clear,Low,Completed
O07413,C01400,R0080,2025-02-24 04:00:00,1608.28,4,Clear,Medium,Completed
O07414,C00250,R0005,2025-01-24 21:00:00,259.77,1,Clear,High,Cancelled
O07415,C00446,R0046,2025-03-06 01:00:00,1437.73,3,Cloudy,Low,Completed
O07416,C00954,R0076,2025-02-27 15:00:00,1016.89,3,Cloudy,High,Completed
O07417,C00278,R0045,2025-02-27 12:00:00,354.32,5,Clear,Medium,Completed
O07418,C00112,R0021,2025-03-05 11:00:00,602.95,5,Rainy,High,Cancelled
O07419,C01987,R0078,2025-02-07 07:00:00,185.57,3,Clear,Medium,Cancelled
O07420,C01867,R0022,2025-02-16 02:00:00,784.45,1,Rainy,Medium,Completed
O07421,C01497,R0030,2025-01-22 12:00:00,585.27,4,Rainy,Medium,Completed
O07422,C00746,R0023,2025-02-12 15:00:00,826.0,6,Clear,High,Completed
O07423,C00688,R0005,2025-02-07 07:00:00,1202.65,4,Cloudy,Low,Completed
O07424,C00392,R0063,2025-01-20 08:00:00,1491.45,3,Clear,Medium,Completed
O07425,C00969,R0093,2025-03-09 02:00:00,1250.17,4,Rainy,Medium,Completed
O07426,C00143,R0059,2025-01-26 12:00:00,1388.92,5,Clear,High,Completed
O07427,C01056,R0094,2025-01-26 04:00:00,1744.71,4,Clear,Low,Completed
O07428,C00181,R0082,2025-03-10 22:00:00,1760.27,2,Cloudy,Low,Completed
O07429,C00579,R0052,2025-01-26 20:00:00,1735.37,5,Cloudy,High,Completed
O07430,C01540,R0065,2025-01-07 11:00:00,391.02,5,Cloudy,Medium,Completed
O07431,C00798,R0039,2025-01-11 03:00:00,577.03,3,Clear,Low,Completed
O07432,C00269,R0081,2025-01-19 17:00:00,1054.42,3,Cloudy,Medium,Completed
O07433,C01260,R0003,2025-02-01 09:00:00,781.6,4,Rainy,Medium,Completed
O07434,C01301,R0042,2025-01-17 21:00:00,350.17,4,Rainy,High,Completed
O07435,C00553,R0071,2025-02-14 13:00:00,646.73,3,Cloudy,Medium,Completed
O07436,C00633,R0027,2025-02-01 04:00:00,1953.31,1,Rainy,Low,Completed
O07437,C00275,R0028,2025-02-23 22:00:00,759.16,4,Rainy,Medium,Completed
O07438,C00743,R0054,2025-03-07 19:00:00,895.94,1,Clear,Low,Completed
O07439,C01840,R0095,2025-03-26 19:00:00,112.16,5,Clear,Medium,Completed
O07440,C00086,R0015,2025-02-19 14:00:00,1466.89,6,Clear,Medium,Completed
O07441,C01087,R0053,2025-02-28 07:00:00,885.75,6,Clear,Medium,Completed
O07442,C00404,R0072,2025-01-31 03:00:00,295.97,2,Rainy,High,Completed
O07443,C00192,R0070,2025-03-02 01:00:00,1940.26,1,Rainy,High,Completed
O07444,C01317,R0092,2025-02-19 01:00:00,1577.12,4,Rainy,Low,Completed
O07445,C01055,R0004,2025-01-31 04:00:00,1479.69,6,Clear,Low,Cancelled
O07446,C01354,R0094,2025-01-04 14:00:00,1919.96,3,Rainy,Medium,Completed
O07447,C01682,R0017,2025-01-03 05:00:00,874.21,3,Rainy,Medium,Completed
O07448,C00107,R0034,2025-03-14 23:00:00,1465.21,2,Cloudy,Medium,Completed
O07449,C01895,R0006,2025-02-14 09:00:00,491.8,2,Cloudy,High,Completed
O07450,C00622,R0036,2025-02-22 05:00:00,1424.53,5,Rainy,High,Completed
O07451,C00276,R0099,2025-01-31 21:00:00,126.75,1,Rainy,High,Completed
O07452,C01746,R0039,2025-03-20 00:00:00,339.98,2,Clear,Medium,Completed
O07453,C00651,R0080,2025-03-23 02:00:00,907.99,5,Clear,Medium,Completed
O07454,C01622,R0066,2025-03-03 22:00:00,122.98,5,Rainy,Low,Completed
O07455,C00556,R0008,2025-01-04 00:00:00,977.74,5,Clear,High,Cancelled
O07456,C01106,R0015,2025-01-31 04:00:00,1093.3,6,Clear,Low,Cancelled
O07457,C01088,R0063,2025-01-12 05:00:00,1281.05,6,Clear,Low,Completed
O07458,C01914,R0091,2025-01-10 02:00:00,290.73,4,Clear,Low,Completed
O07459,C01954,R0080,2025-01-23 18:00:00,443.92,2,Clear,Medium,Completed
O07460,C01879,R0065,2025-02-15 21:00:00,1265.24,6,Cloudy,High,Completed
O07461,C01857,R0059,2025-03-16 12:00:00,1350.56,3,Cloudy,Low,Completed
O07462,C00567,R0010,2025-03-24 00:00:00,149.21,5,Clear,Low,Completed
O07463,C00586,R0007,2025-03-22 07:00:00,1126.7,3,Rainy,Low,Completed
O07464,C00885,R0074,2025-01-18 12:00:00,1591.47,4,Rainy,Medium,Completed
O07465,C00129,R0076,2025-02-22 11:00:00,231.29,1,Rainy,Medium,Completed
O07466,C00256,R0081,2025-03-19 09:00:00,885.03,4,Cloudy,Low,Completed
O07467,C00934,R0012,2025-01-25 08:00:00,720.37,4,Cloudy,Medium,Completed
O07468,C00231,R0079,2025-03-07 02:00:00,1835.96,2,Clear,Low,Completed
O07469,C01521,R0046,2025-03-28 21:00:00,453.02,5,Clear,High,Cancelled
O07470,C01161,R0032,2025-03-16 13:00:00,704.88,4,Rainy,Low,Completed
O07471,C00863,R0032,2025-03-20 20:00:00,1807.05,5,Cloudy,Medium,Cancelled
O07472,C01479,R0090,2025-01-09 12:00:00,728.24,3,Clear,Medium,Completed
O07473,C01937,R0078,2025-01-31 21:00:00,1109.56,1,Rainy,Medium,Completed
O07474,C00355,R0090,2025-02-20 04:00:00,162.77,1,Clear,Medium,Completed
O07475,C01648,R0061,2025-03-28 23:00:00,1971.31,3,Clear,Medium,Cancelled
O07476,C01509,R0069,2025-01-07 23:00:00,1667.4,2,Clear,Low,Completed
O07477,C01844,R0061,2025-01-27 17:00:00,1305.36,3,Cloudy,Low,Completed
O07478,C00146,R0046,2025-02-16 01:00:00,215.44,6,Clear,Medium,Completed
O07479,C01983,R0068,2025-03-17 23:00:00,242.25,3,Clear,Low,Completed
O07480,C01057,R0092,2025-01-05 05:00:00,1135.45,6,Clear,High,Completed
O07481,C00260,R0055,2025-01-04 16:00:00,641.62,2,Clear,Medium,Completed
O07482,C00087,R0001,2025-03-23 02:00:00,1283.3,2,Clear,High,Completed
O07483,C00843,R0077,2025-01-26 07:00:00,1236.57,4,Rainy,Medium,Completed
O07484,C01972,R0067,2025-01-12 21:00:00,1693.44,5,Clear,Low,Cancelled
O07485,C00265,R0049,2025-02-06 00:00:00,634.62,1,Cloudy,Low,Completed
O07486,C01856,R0025,2025-01-03 06:00:00,1197.94,2,Clear,Low,Completed
O07487,C01566,R0016,2025-01-24 23:00:00,1576.99,6,Clear,Medium,Completed
O07488,C00392,R0085,2025-03-28 16:00:00,1032.47,2,Rainy,Low,Completed
O07489,C00232,R0013,2025-01-24 05:00:00,1678.22,4,Cloudy,Medium,Completed
O07490,C00901,R0052,2025-01-31 10:00:00,349.42,4,Clear,Medium,Completed
O07491,C00588,R0036,2025-02-11 08:00:00,1494.41,5,Cloudy,Medium,Completed
O07492,C00447,R0072,2025-02-03 08:00:00,1891.67,2,Cloudy,Medium,Completed
O07493,C01153,R0044,2025-01-09 03:00:00,730.58,2,Clear,Low,Completed
O07494,C01295,R0083,2025-01-19 15:00:00,796.04,4,Clear,Low,Completed
O07495,C01113,R0047,2025-03-17 21:00:00,258.74,3,Clear,High,Completed
O07496,C00466,R0080,2025-03-09 06:00:00,1318.84,5,Clear,High,Completed
O07497,C00934,R0076,2025-01-04 19:00:00,1149.66,2,Cloudy,Low,Cancelled
O07498,C01194,R0020,2025-01-26 07:00:00,176.66,1,Rainy,High,Completed
O07499,C00128,R0018,2025-02-22 03:00:00,1529.2,1,Clear,Medium,Completed
O07500,C01198,R0054,2025-01-12 21:00:00,1675.64,6,Cloudy,High,Completed
O07501,C01973,R0012,2025-01-05 05:00:00,1823.53,4,Cloudy,Medium,Completed
O07502,C01050,R0025,2025-01-06 19:00:00,1136.89,6,Cloudy,Low,Completed
O07503,C00573,R0060,2025-02-04 18:00:00,959.9,1,Cloudy,Medium,Completed
O07504,C00511,R0075,2025-03-11 22:00:00,1764.66,4,Cloudy,Medium,Completed
O07505,C00488,R0086,2025-01-23 06:00:00,857.52,3,Rainy,High,Completed
O07506,C00891,R0034,2025-01-01 15:00:00,1345.34,4,Rainy,Low,Cancelled
O07507,C00579,R0013,2025-01-24 08:00:00,1269.19,2,Clear,Medium,Completed
O07508,C00950,R0038,2025-02-07 21:00:00,807.11,1,Clear,Low,Completed
O07509,C00406,R0012,2025-02-28 21:00:00,265.09,2,Clear,High,Completed
O07510,C01050,R0036,2025-02-08 00:00:00,140.69,1,Clear,Medium,Completed
O07511,C01107,R0028,2025-01-05 22:00:00,913.65,1,Clear,High,Completed
O07512,C00364,R0091,2025-03-27 17:00:00,1014.28,4,Clear,Low,Completed
O07513,C01391,R0039,2025-03-04 03:00:00,1663.09,5,Rainy,Medium,Completed
O07514,C01084,R0077,2025-03-29 08:00:00,887.38,1,Cloudy,Medium,Completed
O07515,C00551,R0043,2025-01-22 09:00:00,634.2,1,Clear,Low,Completed
O07516,C01659,R0091,2025-03-25 15:00:00,977.98,6,Clear,High,Completed
O07517,C00292,R0031,2025-02-21 09:00:00,552.18,5,Rainy,High,Completed
O07518,C00789,R0002,2025-02-18 10:00:00,273.59,2,Clear,Low,Completed
O07519,C01961,R0082,2025-01-02 12:00:00,314.78,1,Clear,Medium,Completed
O07520,C01910,R0090,2025-03-03 15:00:00,706.39,4,Clear,High,Completed
O07521,C00816,R0042,2025-03-05 23:00:00,124.09,5,Rainy,Medium,Cancelled
O07522,C01818,R0031,2025-03-06 04:00:00,518.39,5,Rainy,Medium,Completed
O07523,C00191,R0061,2025-01-06 09:00:00,1596.29,6,Clear,High,Completed
O07524,C00461,R0056,2025-03-15 19:00:00,545.77,1,Clear,Medium,Completed
O07525,C01828,R0086,2025-01-15 22:00:00,310.39,2,Cloudy,Medium,Completed
O07526,C00664,R0100,2025-03-09 14:00:00,1903.25,2,Rainy,Medium,Completed
O07527,C01920,R0083,2025-03-07 21:00:00,1282.69,3,Cloudy,High,Cancelled
O07528,C00233,R0014,2025-02-19 01:00:00,214.05,3,Clear,Medium,Completed
O07529,C00474,R0014,2025-01-22 01:00:00,218.26,4,Cloudy,Medium,Completed
O07530,C01429,R0029,2025-03-05 20:00:00,1263.03,6,Rainy,Low,Completed
O07531,C00658,R0081,2025-02-04 01:00:00,1126.24,1,Cloudy,Medium,Completed
O07532,C00271,R0050,2025-02-03 01:00:00,229.91,2,Cloudy,High,Completed
O07533,C01871,R0050,2025-02-04 22:00:00,526.2,3,Clear,Low,Completed
O07534,C01158,R0063,2025-01-26 22:00:00,1865.18,1,Cloudy,Low,Completed
O07535,C00171,R0073,2025-01-05 00:00:00,1186.82,6,Cloudy,Medium,Completed
O07536,C01439,R0065,2025-03-23 19:00:00,936.62,1,Clear,Medium,Completed
O07537,C00028,R0068,2025-02-24 09:00:00,575.3,2,Cloudy,Medium,Completed
O07538,C00136,R0071,2025-03-13 20:00:00,354.03,1,Clear,Low,Completed
O07539,C00925,R0011,2025-01-25 22:00:00,865.0,5,Rainy,High,Completed
O07540,C00405,R0014,2025-01-18 20:00:00,1852.5,3,Clear,Medium,Cancelled
O07541,C00977,R0083,2025-03-07 06:00:00,192.55,4,Rainy,Medium,Completed
O07542,C00888,R0003,2025-02-25 04:00:00,1982.86,3,Rainy,Medium,Completed
O07543,C01529,R0008,2025-03-19 04:00:00,494.84,1,Clear,Medium,Completed
O07544,C01265,R0093,2025-03-15 15:00:00,876.66,5,Clear,Low,Completed
O07545,C00856,R0043,2025-02-14 12:00:00,185.6,3,Clear,High,Completed
O07546,C01978,R0009,2025-03-05 04:00:00,1211.09,2,Clear,Medium,Completed
O07547,C00444,R0019,2025-02-25 19:00:00,1018.76,5,Clear,High,Completed
O07548,C00434,R0012,2025-03-29 11:00:00,1366.74,6,Clear,Medium,Completed
O07549,C01252,R0027,2025-01-24 11:00:00,1131.09,3,Cloudy,Medium,Cancelled
O07550,C00509,R0058,2025-02-10 16:00:00,856.54,1,Clear,High,Completed
O07551,C01823,R0025,2025-02-25 21:00:00,1501.74,2,Cloudy,Medium,Completed
O07552,C01327,R0045,2025-03-01 17:00:00,147.54,1,Cloudy,Low,Completed
O07553,C00034,R0048,2025-03-09 06:00:00,1127.96,6,Clear,Medium,Completed
O07554,C01026,R0050,2025-03-08 00:00:00,316.36,1,Clear,Medium,Completed
O07555,C00362,R0081,2025-02-22 05:00:00,928.42,6,Cloudy,Medium,Completed
O07556,C01219,R0044,2025-02-26 23:00:00,1603.14,2,Clear,Medium,Completed
O07557,C00606,R0059,2025-02-28 02:00:00,370.68,5,Cloudy,Medium,Completed
O07558,C01864,R0033,2025-01-24 03:00:00,1878.04,3,Clear,Medium,Completed
O07559,C01332,R0078,2025-02-22 22:00:00,1788.16,5,Cloudy,Low,Completed
O07560,C01671,R0028,2025-01-10 02:00:00,888.32,6,Clear,Low,Completed
O07561,C00716,R0018,2025-01-23 05:00:00,111.35,2,Rainy,Medium,Completed
O07562,C00250,R0055,2025-03-04 07:00:00,1600.52,6,Clear,Medium,Completed
O07563,C00147,R0033,2025-02-27 05:00:00,1773.7,3,Cloudy,Low,Completed
O07564,C01370,R0015,2025-01-02 19:00:00,432.0,2,Clear,High,Completed
O07565,C00348,R0061,2025-01-03 16:00:00,1840.77,4,Clear,High,Completed
O07566,C01278,R0011,2025-01-11 05:00:00,1836.78,4,Clear,High,Completed
O07567,C00399,R0036,2025-02-11 02:00:00,995.45,5,Clear,High,Completed
O07568,C01358,R0015,2025-03-09 00:00:00,1616.27,2,Rainy,Medium,Completed
O07569,C01200,R0053,2025-03-13 20:00:00,945.4,3,Clear,Medium,Cancelled
O07570,C00125,R0062,2025-03-04 10:00:00,1171.69,5,Clear,Medium,Completed
O07571,C00763,R0048,2025-02-13 16:00:00,707.69,4,Clear,Low,Completed
O07572,C00398,R0094,2025-01-07 15:00:00,402.99,4,Clear,Low,Completed
O07573,C00131,R0015,2025-02-11 20:00:00,1518.42,4,Clear,Low,Cancelled
O07574,C01586,R0063,2025-03-30 10:00:00,102.65,5,Cloudy,Medium,Completed
O07575,C00605,R0087,2025-03-22 21:00:00,1201.15,3,Clear,Low,Completed
O07576,C00892,R0043,2025-01-20 22:00:00,1742.9,4,Clear,High,Completed
O07577,C00822,R0050,2025-02-25 06:00:00,520.43,5,Cloudy,Low,Completed
O07578,C00902,R0060,2025-01-17 02:00:00,732.51,5,Clear,High,Completed
O07579,C00945,R0059,2025-01-20 15:00:00,1216.22,1,Clear,High,Completed
O07580,C01431,R0015,2025-01-13 20:00:00,569.05,1,Rainy,Low,Completed
O07581,C00732,R0029,2025-01-30 04:00:00,1710.23,6,Cloudy,Medium,Completed
O07582,C01870,R0075,2025-03-22 01:00:00,796.55,3,Cloudy,High,Completed
O07583,C00334,R0082,2025-03-19 04:00:00,1205.07,4,Rainy,High,Cancelled
O07584,C01044,R0040,2025-03-26 01:00:00,529.63,1,Rainy,High,Completed
O07585,C00205,R0031,2025-02-14 22:00:00,178.63,3,Clear,High,Completed
O07586,C01627,R0073,2025-02-02 17:00:00,430.03,1,Clear,Medium,Completed
O07587,C00956,R0086,2025-03-03 14:00:00,187.78,4,Cloudy,Low,Completed
O07588,C00355,R0011,2025-01-05 05:00:00,990.35,5,Cloudy,Medium,Completed
O07589,C01197,R0081,2025-02-02 06:00:00,1214.61,4,Clear,Medium,Completed
O07590,C01213,R0097,2025-02-21 07:00:00,184.88,1,Clear,Low,Completed
O07591,C00824,R0062,2025-02-25 18:00:00,271.92,4,Cloudy,Low,Completed
O07592,C01026,R0075,2025-01-24 19:00:00,1022.5,5,Cloudy,Medium,Completed
O07593,C01897,R0008,2025-01-07 03:00:00,1618.44,2,Cloudy,Low,Cancelled
O07594,C00941,R0051,2025-03-17 22:00:00,1293.22,5,Cloudy,High,Completed
O07595,C00168,R0057,2025-01-25 20:00:00,298.95,1,Clear,Low,Completed
O07596,C00368,R0004,2025-02-10 17:00:00,1786.33,5,Clear,Low,Completed
O07597,C00536,R0036,2025-02-14 14:00:00,1843.16,6,Clear,Low,Completed
O07598,C01949,R0019,2025-01-07 10:00:00,717.42,3,Rainy,Low,Completed
O07599,C00963,R0024,2025-01-10 13:00:00,1270.43,4,Rainy,Medium,Completed
O07600,C01901,R0041,2025-01-07 13:00:00,1035.42,6,Cloudy,High,Cancelled
O07601,C00580,R0049,2025-02-08 10:00:00,1889.85,2,Clear,Medium,Completed
O07602,C01394,R0082,2025-02-18 22:00:00,1066.62,2,Cloudy,Medium,Completed
O07603,C01730,R0097,2025-02-21 22:00:00,1923.94,4,Rainy,High,Completed
O07604,C01620,R0046,2025-02-01 21:00:00,478.75,4,Rainy,Medium,Completed
O07605,C00950,R0036,2025-01-20 10:00:00,756.52,3,Cloudy,Low,Completed
O07606,C01461,R0010,2025-01-21 05:00:00,1584.56,5,Clear,Medium,Cancelled
O07607,C00207,R0078,2025-03-07 15:00:00,1588.86,2,Cloudy,Medium,Completed
O07608,C01073,R0007,2025-01-19 11:00:00,1491.15,1,Clear,High,Cancelled
O07609,C00544,R0012,2025-03-20 05:00:00,1733.26,4,Clear,High,Completed
O07610,C01853,R0086,2025-02-07 16:00:00,1434.84,4,Rainy,Medium,Completed
O07611,C01706,R0091,2025-03-17 01:00:00,1308.56,6,Clear,Medium,Completed
O07612,C00129,R0048,2025-02-08 13:00:00,971.96,6,Rainy,Medium,Completed
O07613,C01471,R0037,2025-03-24 09:00:00,987.47,6,Clear,Medium,Completed
O07614,C00614,R0075,2025-01-13 03:00:00,871.71,2,Clear,Medium,Completed
O07615,C00035,R0036,2025-02-21 09:00:00,1278.4,6,Clear,Low,Completed
O07616,C00819,R0060,2025-03-18 10:00:00,872.66,4,Clear,Medium,Completed
O07617,C00199,R0077,2025-02-01 07:00:00,380.24,2,Rainy,Medium,Completed
O07618,C01837,R0096,2025-02-21 10:00:00,302.41,1,Clear,Low,Completed
O07619,C00077,R0008,2025-01-28 14:00:00,1856.5,1,Cloudy,Medium,Completed
O07620,C00369,R0007,2025-03-01 03:00:00,147.0,2,Clear,Medium,Completed
O07621,C00833,R0043,2025-03-08 00:00:00,300.39,4,Rainy,Medium,Completed
O07622,C00526,R0058,2025-02-08 07:00:00,946.08,3,Clear,Medium,Completed
O07623,C00349,R0081,2025-02-07 20:00:00,599.56,3,Clear,Low,Completed
O07624,C00506,R0086,2025-01-06 03:00:00,871.11,5,Rainy,Medium,Completed
O07625,C00643,R0046,2025-01-03 19:00:00,323.15,3,Rainy,Medium,Completed
O07626,C00238,R0034,2025-01-20 18:00:00,348.72,6,Clear,High,Completed
O07627,C01304,R0084,2025-01-15 21:00:00,1621.25,4,Rainy,Medium,Completed
O07628,C01601,R0072,2025-03-15 14:00:00,1542.31,3,Clear,Low,Completed
O07629,C01456,R0022,2025-03-03 15:00:00,298.08,5,Rainy,High,Completed
O07630,C00138,R0091,2025-02-27 01:00:00,1368.8,1,Clear,High,Completed
O07631,C01293,R0098,2025-03-23 09:00:00,1257.69,2,Clear,Low,Completed
O07632,C01764,R0021,2025-03-21 10:00:00,1455.39,3,Cloudy,High,Completed
O07633,C01225,R0015,2025-02-04 16:00:00,1001.45,2,Rainy,Medium,Completed
O07634,C01166,R0005,2025-02-26 09:00:00,612.97,2,Clear,High,Completed
O07635,C00612,R0017,2025-02-12 00:00:00,1360.99,6,Cloudy,Medium,Completed
O07636,C01674,R0072,2025-01-19 10:00:00,805.58,6,Rainy,Medium,Completed
O07637,C00680,R0019,2025-01-26 00:00:00,516.01,1,Clear,High,Completed
O07638,C01943,R0005,2025-03-03 10:00:00,876.4,5,Cloudy,High,Completed
O07639,C01635,R0023,2025-01-21 06:00:00,1550.21,4,Cloudy,Low,Completed
O07640,C01847,R0083,2025-03-27 12:00:00,1004.01,4,Cloudy,High,Completed
O07641,C01855,R0014,2025-01-27 07:00:00,669.74,4,Rainy,Medium,Completed
O07642,C00839,R0010,2025-03-15 02:00:00,1680.55,5,Clear,High,Completed
O07643,C00938,R0031,2025-03-07 18:00:00,1775.12,6,Cloudy,Medium,Completed
O07644,C00355,R0013,2025-02-20 11:00:00,923.18,5,Cloudy,Low,Completed
O07645,C00578,R0022,2025-01-02 01:00:00,811.91,5,Clear,Medium,Completed
O07646,C00847,R0037,2025-03-11 07:00:00,1264.13,3,Clear,High,Completed
O07647,C01353,R0039,2025-02-15 16:00:00,210.15,2,Rainy,Medium,Completed
O07648,C00559,R0010,2025-02-22 08:00:00,1413.51,5,Clear,High,Cancelled
O07649,C00849,R0031,2025-02-17 01:00:00,1586.35,5,Clear,Low,Completed
O07650,C01918,R0043,2025-02-07 12:00:00,855.14,3,Rainy,Low,Completed
O07651,C01255,R0099,2025-01-01 08:00:00,431.77,2,Clear,Medium,Completed
O07652,C01332,R0077,2025-01-03 01:00:00,154.75,6,Rainy,Low,Completed
O07653,C01682,R0094,2025-03-06 09:00:00,1310.77,6,Clear,Low,Completed
O07654,C01743,R0098,2025-01-19 09:00:00,611.09,4,Cloudy,Medium,Completed
O07655,C01170,R0036,2025-03-17 01:00:00,981.39,1,Clear,Low,Completed
O07656,C01176,R0035,2025-03-09 05:00:00,834.08,5,Clear,Medium,Completed
O07657,C01815,R0068,2025-03-28 19:00:00,432.28,5,Cloudy,Low,Completed
O07658,C00140,R0055,2025-01-30 05:00:00,1065.9,1,Rainy,High,Completed
O07659,C00663,R0068,2025-02-01 09:00:00,973.23,5,Rainy,High,Completed
O07660,C00021,R0047,2025-03-18 04:00:00,1285.88,6,Rainy,High,Completed
O07661,C01278,R0006,2025-03-05 23:00:00,578.58,5,Cloudy,Low,Completed
O07662,C00064,R0028,2025-01-10 13:00:00,507.81,5,Clear,High,Completed
O07663,C01242,R0030,2025-01-24 07:00:00,1647.26,1,Cloudy,Medium,Completed
O07664,C01096,R0027,2025-02-18 21:00:00,1434.17,6,Cloudy,Low,Completed
O07665,C00990,R0069,2025-03-20 06:00:00,1567.19,3,Clear,Low,Completed
O07666,C00162,R0039,2025-02-15 04:00:00,334.25,3,Rainy,Medium,Completed
O07667,C00130,R0035,2025-02-17 12:00:00,525.68,1,Cloudy,Medium,Completed
O07668,C00581,R0044,2025-01-10 22:00:00,1193.51,3,Clear,High,Completed
O07669,C01951,R0015,2025-03-29 07:00:00,1728.68,4,Clear,High,Completed
O07670,C00225,R0083,2025-03-03 07:00:00,1795.02,4,Clear,High,Completed
O07671,C01782,R0094,2025-03-04 03:00:00,1680.63,6,Rainy,Medium,Completed
O07672,C00580,R0032,2025-02-24 20:00:00,182.46,1,Rainy,Medium,Cancelled
O07673,C01478,R0029,2025-03-27 05:00:00,1659.67,2,Cloudy,Medium,Completed
O07674,C00983,R0063,2025-01-22 12:00:00,1808.27,6,Rainy,High,Completed
O07675,C01005,R0006,2025-01-09 12:00:00,207.82,5,Clear,High,Completed
O07676,C01939,R0090,2025-02-17 03:00:00,890.93,2,Rainy,Low,Completed
O07677,C01408,R0027,2025-02-20 13:00:00,1119.56,5,Cloudy,Medium,Completed
O07678,C00107,R0099,2025-03-16 08:00:00,542.23,6,Rainy,Medium,Completed
O07679,C00621,R0028,2025-02-27 14:00:00,1081.7,3,Cloudy,High,Completed
O07680,C00840,R0005,2025-03-15 05:00:00,1783.32,3,Cloudy,Low,Completed
O07681,C01127,R0041,2025-03-11 23:00:00,1747.19,4,Clear,Medium,Completed
O07682,C01165,R0056,2025-01-01 06:00:00,1885.69,2,Clear,Medium,Completed
O07683,C00577,R0054,2025-03-20 13:00:00,1019.81,1,Clear,Low,Completed
O07684,C01158,R0080,2025-01-13 07:00:00,880.08,5,Cloudy,Medium,Completed
O07685,C00199,R0018,2025-02-28 18:00:00,1365.0,3,Clear,High,Completed
O07686,C01904,R0077,2025-01-11 23:00:00,891.85,6,Rainy,Medium,Completed
O07687,C00510,R0043,2025-02-05 12:00:00,179.69,5,Clear,High,Completed
O07688,C00667,R0089,2025-02-26 20:00:00,1467.85,1,Cloudy,Medium,Completed
O07689,C00079,R0074,2025-02-26 08:00:00,633.87,5,Rainy,Low,Completed
O07690,C01972,R0029,2025-01-17 16:00:00,193.26,4,Cloudy,High,Completed
O07691,C00894,R0010,2025-01-15 20:00:00,139.18,1,Clear,High,Completed
O07692,C01506,R0006,2025-02-04 17:00:00,1869.59,1,Clear,Medium,Completed
O07693,C00512,R0080,2025-01-19 02:00:00,578.94,5,Clear,Low,Cancelled
O07694,C00250,R0089,2025-01-05 22:00:00,951.01,5,Clear,Low,Completed
O07695,C00889,R0004,2025-02-12 14:00:00,1906.1,3,Cloudy,Medium,Completed
O07696,C01024,R0034,2025-03-06 00:00:00,988.28,5,Clear,Low,Cancelled
O07697,C00599,R0083,2025-03-01 02:00:00,249.36,1,Clear,Medium,Completed
O07698,C01840,R0033,2025-03-12 22:00:00,1148.68,6,Rainy,Low,Cancelled
O07699,C00753,R0004,2025-01-23 01:00:00,267.58,5,Clear,High,Completed
O07700,C00600,R0044,2025-01-13 14:00:00,280.67,6,Clear,High,Cancelled
O07701,C00975,R0098,2025-01-07 11:00:00,1717.81,6,Rainy,High,Completed
O07702,C00483,R0076,2025-01-01 13:00:00,649.9,3,Rainy,High,Completed
O07703,C00836,R0031,2025-02-07 00:00:00,1389.47,2,Cloudy,High,Completed
O07704,C00172,R0080,2025-02-19 20:00:00,1066.96,6,Clear,Medium,Completed
O07705,C00869,R0066,2025-01-19 12:00:00,522.42,4,Clear,High,Completed
O07706,C00017,R0058,2025-03-18 19:00:00,1083.86,6,Cloudy,Medium,Completed
O07707,C01759,R0060,2025-01-03 00:00:00,231.09,1,Clear,High,Completed
O07708,C01318,R0002,2025-01-08 12:00:00,759.7,3,Clear,Medium,Completed
O07709,C00394,R0036,2025-03-01 01:00:00,1093.39,4,Cloudy,Medium,Completed
O07710,C01846,R0070,2025-01-23 01:00:00,533.95,5,Cloudy,Medium,Completed
O07711,C01522,R0060,2025-03-11 19:00:00,1354.36,6,Cloudy,Low,Completed
O07712,C01243,R0023,2025-01-25 07:00:00,198.44,5,Cloudy,High,Completed
O07713,C00234,R0047,2025-03-16 01:00:00,1021.14,2,Clear,Medium,Completed
O07714,C01414,R0046,2025-02-23 14:00:00,1458.49,5,Clear,Medium,Completed
O07715,C00248,R0080,2025-01-30 10:00:00,916.9,4,Cloudy,Medium,Completed
O07716,C01926,R0044,2025-01-13 05:00:00,1761.71,3,Clear,Medium,Completed
O07717,C00052,R0019,2025-03-07 01:00:00,1301.17,2,Rainy,High,Completed
O07718,C00015,R0049,2025-03-05 20:00:00,1921.14,4,Clear,High,Completed
O07719,C01348,R0088,2025-01-18 13:00:00,639.83,3,Clear,Low,Completed
O07720,C00441,R0058,2025-03-08 10:00:00,1883.7,4,Cloudy,Medium,Completed
O07721,C01136,R0091,2025-01-28 12:00:00,1252.96,5,Rainy,Low,Completed
O07722,C00696,R0007,2025-03-29 18:00:00,1515.84,4,Clear,Low,Completed
O07723,C01896,R0094,2025-03-23 14:00:00,1814.11,2,Clear,Low,Completed
O07724,C00007,R0041,2025-03-27 11:00:00,1147.27,4,Clear,Low,Completed
O07725,C01587,R0078,2025-03-27 10:00:00,1738.14,1,Cloudy,Medium,Completed
O07726,C00826,R0015,2025-01-16 08:00:00,1129.22,5,Cloudy,High,Completed
O07727,C01777,R0076,2025-01-23 10:00:00,1238.48,4,Cloudy,Medium,Completed
O07728,C01269,R0053,2025-01-31 10:00:00,945.69,3,Clear,Medium,Completed
O07729,C01472,R0093,2025-02-07 08:00:00,376.71,5,Clear,Low,Completed
O07730,C01389,R0023,2025-02-14 11:00:00,1151.66,6,Clear,High,Completed
O07731,C01391,R0077,2025-01-24 11:00:00,1957.15,3,Cloudy,High,Completed
O07732,C01946,R0073,2025-01-20 07:00:00,1595.65,2,Cloudy,Medium,Completed
O07733,C01722,R0088,2025-02-13 02:00:00,1520.25,6,Cloudy,Low,Cancelled
O07734,C01311,R0094,2025-01-01 14:00:00,1322.29,6,Cloudy,Low,Completed
O07735,C01986,R0065,2025-02-26 09:00:00,761.03,6,Cloudy,Medium,Completed
O07736,C01628,R0060,2025-01-01 10:00:00,422.27,1,Rainy,Medium,Completed
O07737,C01130,R0010,2025-03-11 00:00:00,526.65,4,Cloudy,High,Cancelled
O07738,C01037,R0058,2025-02-21 23:00:00,112.01,5,Cloudy,Low,Completed
O07739,C01170,R0047,2025-03-15 08:00:00,1379.61,4,Cloudy,Low,Completed
O07740,C00478,R0015,2025-03-11 04:00:00,1642.57,4,Cloudy,Low,Completed
O07741,C00631,R0009,2025-03-15 11:00:00,610.93,5,Rainy,Medium,Completed
O07742,C00715,R0013,2025-01-23 13:00:00,274.52,6,Cloudy,Low,Completed
O07743,C01677,R0023,2025-03-05 17:00:00,737.88,6,Clear,Low,Completed
O07744,C00115,R0033,2025-03-14 14:00:00,654.9,1,Cloudy,Medium,Completed
O07745,C00509,R0009,2025-02-19 04:00:00,956.67,1,Cloudy,Low,Cancelled
O07746,C01176,R0003,2025-03-01 06:00:00,601.79,2,Rainy,High,Completed
O07747,C00057,R0094,2025-02-08 16:00:00,745.49,5,Clear,High,Completed
O07748,C00382,R0073,2025-03-01 10:00:00,1824.35,5,Rainy,Low,Completed
O07749,C01181,R0025,2025-02-16 08:00:00,736.19,3,Cloudy,Medium,Completed
O07750,C00952,R0088,2025-03-20 17:00:00,1592.48,3,Rainy,Low,Completed
O07751,C01846,R0096,2025-02-07 06:00:00,1289.08,3,Cloudy,High,Completed
O07752,C01157,R0071,2025-03-30 14:00:00,741.32,1,Rainy,Medium,Completed
O07753,C01187,R0036,2025-03-27 21:00:00,1653.8,2,Clear,Medium,Completed
O07754,C00275,R0089,2025-03-10 22:00:00,1230.64,2,Clear,Medium,Completed
O07755,C01719,R0020,2025-01-01 01:00:00,116.38,6,Cloudy,Low,Completed
O07756,C01101,R0081,2025-03-30 01:00:00,230.58,4,Clear,High,Completed
O07757,C01861,R0054,2025-03-09 17:00:00,1530.02,2,Rainy,High,Completed
O07758,C00044,R0100,2025-03-13 09:00:00,948.4,3,Clear,High,Completed
O07759,C00718,R0090,2025-01-24 19:00:00,870.46,5,Clear,Low,Completed
O07760,C01574,R0019,2025-01-19 03:00:00,377.07,4,Clear,Medium,Completed
O07761,C00318,R0060,2025-03-13 07:00:00,398.91,6,Clear,Medium,Completed
O07762,C00534,R0037,2025-01-16 22:00:00,1615.73,1,Clear,Medium,Completed
O07763,C01609,R0003,2025-03-14 05:00:00,1675.13,2,Clear,Low,Completed
O07764,C01777,R0092,2025-02-15 03:00:00,1164.0,6,Clear,High,Completed
O07765,C01960,R0086,2025-03-23 05:00:00,660.74,5,Cloudy,Medium,Completed
O07766,C01178,R0019,2025-03-01 18:00:00,1872.13,3,Clear,Medium,Cancelled
O07767,C00237,R0053,2025-02-16 02:00:00,1285.53,1,Clear,Low,Completed
O07768,C00893,R0046,2025-01-04 01:00:00,1613.62,1,Rainy,Medium,Completed
O07769,C00517,R0080,2025-02-25 14:00:00,106.24,2,Clear,Low,Completed
O07770,C01245,R0056,2025-03-28 09:00:00,955.61,5,Cloudy,High,Completed
O07771,C01334,R0070,2025-02-28 08:00:00,1754.8,3,Cloudy,Low,Completed
O07772,C01622,R0031,2025-02-04 18:00:00,742.64,3,Cloudy,Low,Completed
O07773,C01201,R0053,2025-02-20 03:00:00,1480.45,3,Clear,Medium,Completed
O07774,C01795,R0034,2025-02-02 05:00:00,1349.58,3,Rainy,Medium,Completed
O07775,C01244,R0031,2025-02-28 11:00:00,389.21,2,Clear,Medium,Completed
O07776,C00038,R0060,2025-01-04 04:00:00,1572.32,6,Clear,Low,Completed
O07777,C00654,R0011,2025-02-14 16:00:00,313.8,6,Cloudy,Medium,Completed
O07778,C01455,R0100,2025-02-28 11:00:00,1483.04,6,Rainy,Medium,Completed
O07779,C01934,R0006,2025-03-14 04:00:00,1982.84,2,Clear,Medium,Completed
O07780,C00747,R0027,2025-02-06 05:00:00,1920.16,5,Clear,Medium,Completed
O07781,C01227,R0007,2025-02-15 03:00:00,1620.46,4,Clear,Low,Completed
O07782,C00841,R0049,2025-02-27 12:00:00,1115.58,2,Clear,Medium,Completed
O07783,C01830,R0096,2025-02-10 13:00:00,1382.17,3,Cloudy,Medium,Completed
O07784,C00448,R0072,2025-02-21 01:00:00,1483.41,6,Rainy,High,Completed
O07785,C01519,R0060,2025-03-17 02:00:00,115.96,6,Clear,Medium,Completed
O07786,C00684,R0033,2025-03-16 14:00:00,294.5,5,Clear,Medium,Completed
O07787,C00125,R0047,2025-03-06 22:00:00,1234.41,3,Clear,High,Completed
O07788,C01862,R0044,2025-02-19 12:00:00,112.42,2,Rainy,Low,Cancelled
O07789,C01089,R0079,2025-02-13 19:00:00,1826.92,6,Cloudy,Medium,Completed
O07790,C00793,R0027,2025-01-14 01:00:00,1030.36,5,Clear,High,Completed
O07791,C00784,R0094,2025-03-08 04:00:00,589.76,3,Cloudy,Low,Completed
O07792,C01268,R0022,2025-02-24 11:00:00,848.26,6,Clear,High,Cancelled
O07793,C01551,R0047,2025-02-25 01:00:00,1716.48,4,Clear,High,Completed
O07794,C00226,R0093,2025-03-26 07:00:00,1861.67,1,Rainy,Low,Completed
O07795,C00465,R0048,2025-02-27 04:00:00,320.85,1,Cloudy,Low,Completed
O07796,C00643,R0030,2025-01-27 11:00:00,1578.13,6,Rainy,Low,Completed
O07797,C01731,R0002,2025-02-21 06:00:00,1198.63,3,Cloudy,Medium,Completed
O07798,C00293,R0015,2025-01-18 08:00:00,1212.46,6,Clear,High,Completed
O07799,C00721,R0047,2025-01-19 06:00:00,1580.96,1,Clear,Medium,Completed
O07800,C01975,R0027,2025-01-07 20:00:00,523.4,6,Clear,Medium,Completed
O07801,C01405,R0071,2025-03-07 22:00:00,1108.99,6,Clear,Low,Completed
O07802,C01649,R0027,2025-02-11 03:00:00,706.77,4,Clear,Medium,Completed
O07803,C00756,R0085,2025-01-22 12:00:00,279.57,6,Clear,High,Completed
O07804,C00166,R0013,2025-01-04 09:00:00,299.65,4,Cloudy,Medium,Completed
O07805,C01727,R0055,2025-01-05 22:00:00,359.3,3,Clear,Medium,Completed
O07806,C00769,R0017,2025-03-11 04:00:00,1268.31,4,Rainy,Low,Completed
O07807,C01863,R0075,2025-02-25 06:00:00,301.08,1,Cloudy,Low,Completed
O07808,C01242,R0059,2025-01-02 03:00:00,1183.2,3,Clear,Low,Completed
O07809,C01007,R0010,2025-03-26 08:00:00,1217.76,6,Clear,Low,Completed
O07810,C00871,R0033,2025-01-21 17:00:00,1817.4,1,Clear,Medium,Completed
O07811,C01299,R0078,2025-01-09 01:00:00,1290.12,4,Rainy,Medium,Completed
O07812,C01076,R0037,2025-01-25 15:00:00,1972.62,4,Clear,High,Cancelled
O07813,C01398,R0008,2025-03-19 09:00:00,158.89,5,Clear,Low,Completed
O07814,C01694,R0033,2025-02-14 03:00:00,1437.88,2,Clear,Low,Completed
O07815,C01387,R0007,2025-01-05 16:00:00,150.31,6,Clear,Medium,Completed
O07816,C00567,R0034,2025-02-24 21:00:00,1485.82,2,Cloudy,High,Completed
O07817,C01038,R0071,2025-03-14 09:00:00,833.12,3,Clear,Medium,Completed
O07818,C01805,R0007,2025-03-27 21:00:00,1261.48,1,Clear,High,Completed
O07819,C01364,R0041,2025-03-12 10:00:00,688.12,2,Rainy,Low,Completed
O07820,C00602,R0100,2025-02-28 02:00:00,402.3,3,Cloudy,High,Completed
O07821,C01563,R0055,2025-03-02 10:00:00,1474.67,4,Clear,Medium,Completed
O07822,C01113,R0007,2025-02-26 21:00:00,1818.78,2,Cloudy,Low,Completed
O07823,C00905,R0084,2025-03-30 17:00:00,448.81,1,Clear,Low,Completed
O07824,C00041,R0018,2025-02-09 21:00:00,1849.34,5,Rainy,High,Completed
O07825,C01328,R0043,2025-02-17 00:00:00,366.35,5,Clear,Low,Completed
O07826,C01292,R0078,2025-03-30 07:00:00,1497.76,2,Clear,High,Completed
O07827,C01162,R0040,2025-03-12 16:00:00,1922.95,5,Cloudy,High,Completed
O07828,C01030,R0053,2025-01-06 12:00:00,380.0,3,Clear,Low,Completed
O07829,C00242,R0014,2025-01-24 17:00:00,926.67,6,Clear,High,Completed
O07830,C00162,R0021,2025-01-06 04:00:00,741.17,1,Rainy,High,Completed
O07831,C01019,R0057,2025-02-13 02:00:00,838.11,4,Clear,Low,Completed
O07832,C00692,R0091,2025-03-28 10:00:00,1530.97,1,Clear,Low,Completed
O07833,C00809,R0046,2025-01-09 14:00:00,1356.26,4,Clear,High,Completed
O07834,C00979,R0026,2025-01-13 23:00:00,1940.51,5,Cloudy,Medium,Completed
O07835,C00518,R0091,2025-03-16 09:00:00,452.41,3,Clear,High,Completed
O07836,C00898,R0024,2025-02-25 18:00:00,1132.2,4,Clear,High,Cancelled
O07837,C00783,R0005,2025-01-13 07:00:00,953.34,5,Rainy,Medium,Completed
O07838,C01425,R0042,2025-01-17 17:00:00,1845.83,4,Clear,Low,Cancelled
O07839,C00784,R0092,2025-03-02 18:00:00,120.18,2,Rainy,Medium,Completed
O07840,C01180,R0043,2025-03-08 12:00:00,1979.42,1,Cloudy,High,Completed
O07841,C00085,R0032,2025-01-06 01:00:00,1011.5,6,Clear,Low,Completed
O07842,C01736,R0088,2025-02-01 06:00:00,1288.53,6,Clear,High,Completed
O07843,C01034,R0006,2025-01-05 09:00:00,784.1,3,Cloudy,Low,Completed
O07844,C00138,R0074,2025-02-14 03:00:00,1719.8,5,Cloudy,Low,Cancelled
O07845,C00754,R0067,2025-03-07 13:00:00,1167.78,3,Cloudy,Medium,Completed
O07846,C00906,R0007,2025-01-03 23:00:00,1359.34,1,Cloudy,High,Completed
O07847,C00713,R0029,2025-01-24 15:00:00,1332.92,6,Clear,Medium,Completed
O07848,C00156,R0034,2025-02-21 20:00:00,791.57,4,Clear,Medium,Completed
O07849,C00408,R0007,2025-01-04 03:00:00,244.38,4,Clear,Low,Completed
O07850,C00787,R0081,2025-02-12 01:00:00,1634.64,3,Cloudy,High,Cancelled
O07851,C01249,R0077,2025-01-19 20:00:00,650.46,4,Cloudy,Medium,Completed
O07852,C00580,R0058,2025-02-01 21:00:00,1712.97,4,Clear,Medium,Completed
O07853,C01208,R0085,2025-01-21 06:00:00,1256.42,4,Clear,Low,Completed
O07854,C01219,R0031,2025-03-04 09:00:00,772.04,2,Rainy,Medium,Completed
O07855,C00554,R0073,2025-02-04 13:00:00,1229.07,5,Rainy,High,Completed
O07856,C00396,R0045,2025-03-22 20:00:00,1326.44,5,Rainy,High,Completed
O07857,C01938,R0047,2025-02-10 10:00:00,1442.7,6,Clear,Low,Completed
O07858,C01687,R0077,2025-01-21 09:00:00,1662.44,1,Clear,Low,Completed
O07859,C01620,R0081,2025-03-22 15:00:00,403.53,4,Clear,High,Completed
O07860,C01158,R0072,2025-01-20 18:00:00,1893.87,3,Clear,Medium,Completed
O07861,C01333,R0073,2025-02-15 23:00:00,880.6,4,Clear,Medium,Completed
O07862,C01890,R0073,2025-03-13 05:00:00,1734.86,1,Cloudy,High,Completed
O07863,C00810,R0040,2025-03-08 15:00:00,518.91,4,Clear,Medium,Cancelled
O07864,C00962,R0030,2025-02-19 19:00:00,155.16,2,Clear,Low,Completed
O07865,C00542,R0062,2025-01-10 09:00:00,1189.35,1,Cloudy,High,Completed
O07866,C01033,R0071,2025-01-30 11:00:00,716.87,5,Clear,Medium,Completed
O07867,C00987,R0017,2025-03-13 10:00:00,1970.48,5,Cloudy,Medium,Completed
O07868,C00170,R0005,2025-01-03 05:00:00,298.46,2,Clear,Medium,Completed
O07869,C00290,R0081,2025-03-15 00:00:00,189.88,5,Clear,Medium,Completed
O07870,C01192,R0001,2025-03-02 13:00:00,185.53,6,Rainy,High,Completed
O07871,C01368,R0080,2025-01-25 02:00:00,512.06,2,Cloudy,Low,Completed
O07872,C01521,R0081,2025-03-12 18:00:00,1200.46,5,Rainy,Medium,Completed
O07873,C01169,R0094,2025-01-21 19:00:00,1060.57,5,Cloudy,Medium,Completed
O07874,C01437,R0031,2025-01-09 13:00:00,765.14,6,Cloudy,Low,Completed
O07875,C00740,R0035,2025-03-22 21:00:00,268.71,4,Rainy,Medium,Completed
O07876,C01842,R0072,2025-02-18 08:00:00,544.1,1,Clear,Medium,Completed
O07877,C00588,R0030,2025-01-12 14:00:00,449.88,5,Clear,Low,Completed
O07878,C00735,R0085,2025-03-03 04:00:00,1516.77,1,Rainy,Low,Completed
O07879,C01713,R0015,2025-01-29 04:00:00,1581.9,1,Clear,High,Completed
O07880,C00457,R0098,2025-02-09 04:00:00,1576.33,5,Cloudy,Medium,Completed
O07881,C00701,R0056,2025-01-19 08:00:00,1941.18,1,Cloudy,Medium,Completed
O07882,C00979,R0060,2025-02-22 03:00:00,1780.05,6,Rainy,Medium,Completed
O07883,C01326,R0027,2025-02-23 21:00:00,1045.83,2,Rainy,Medium,Completed
O07884,C00046,R0002,2025-03-18 19:00:00,888.38,6,Cloudy,Medium,Cancelled
O07885,C01918,R0074,2025-03-16 07:00:00,1839.96,3,Cloudy,Low,Completed
O07886,C01041,R0064,2025-03-20 03:00:00,1261.33,2,Clear,High,Completed
O07887,C01602,R0005,2025-01-23 19:00:00,659.36,5,Clear,Medium,Completed
O07888,C01384,R0091,2025-02-11 01:00:00,1172.48,2,Rainy,Low,Completed
O07889,C01285,R0068,2025-03-28 02:00:00,1985.08,6,Rainy,Low,Completed
O07890,C01147,R0013,2025-01-18 16:00:00,1713.99,3,Clear,Medium,Completed
O07891,C00231,R0081,2025-03-29 17:00:00,634.43,2,Clear,Medium,Cancelled
O07892,C00950,R0085,2025-03-16 22:00:00,1910.61,1,Clear,Medium,Completed
O07893,C00637,R0023,2025-03-12 03:00:00,1964.78,5,Clear,Medium,Completed
O07894,C00112,R0097,2025-03-23 04:00:00,539.22,1,Rainy,Medium,Completed
O07895,C01808,R0050,2025-01-03 17:00:00,1801.63,1,Clear,Low,Completed
O07896,C00593,R0079,2025-02-03 22:00:00,1778.09,5,Rainy,Medium,Completed
O07897,C01270,R0078,2025-02-18 22:00:00,175.53,5,Cloudy,Medium,Completed
O07898,C00859,R0073,2025-03-17 09:00:00,1372.41,4,Rainy,High,Completed
O07899,C00391,R0037,2025-01-19 04:00:00,680.03,3,Cloudy,Medium,Completed
O07900,C00392,R0030,2025-02-02 21:00:00,1381.76,1,Clear,Medium,Cancelled
O07901,C00328,R0093,2025-03-26 04:00:00,1835.76,6,Rainy,Low,Completed
O07902,C01239,R0023,2025-01-10 18:00:00,1047.68,1,Clear,High,Completed
O07903,C01888,R0034,2025-03-14 10:00:00,887.38,5,Rainy,Medium,Completed
O07904,C00747,R0064,2025-01-29 02:00:00,1850.91,5,Clear,Low,Completed
O07905,C00367,R0055,2025-02-13 00:00:00,1950.82,2,Cloudy,Medium,Completed
O07906,C00082,R0071,2025-02-08 14:00:00,218.25,1,Clear,High,Completed
O07907,C00806,R0009,2025-02-01 16:00:00,1853.41,1,Clear,Medium,Completed
O07908,C00822,R0004,2025-01-10 10:00:00,257.26,5,Clear,High,Completed
O07909,C01100,R0066,2025-03-16 00:00:00,740.84,6,Clear,Medium,Completed
O07910,C01551,R0091,2025-03-28 00:00:00,1548.89,6,Rainy,Medium,Completed
O07911,C01756,R0033,2025-01-30 09:00:00,1576.37,1,Cloudy,Medium,Completed
O07912,C01527,R0032,2025-03-17 15:00:00,1479.06,3,Rainy,Medium,Completed
O07913,C01766,R0044,2025-02-22 13:00:00,174.31,4,Rainy,Low,Completed
O07914,C01970,R0037,2025-02-28 18:00:00,352.64,5,Cloudy,Medium,Completed
O07915,C00952,R0091,2025-01-28 20:00:00,1878.81,5,Clear,High,Completed
O07916,C01503,R0092,2025-03-18 21:00:00,254.78,1,Cloudy,High,Completed
O07917,C00372,R0067,2025-02-25 17:00:00,249.24,6,Cloudy,Medium,Completed
O07918,C01289,R0060,2025-02-25 04:00:00,1687.73,4,Clear,High,Completed
O07919,C00264,R0059,2025-01-05 21:00:00,1318.4,4,Clear,High,Completed
O07920,C00110,R0036,2025-03-19 20:00:00,768.15,6,Cloudy,Low,Completed
O07921,C01939,R0049,2025-03-29 09:00:00,414.85,5,Clear,Low,Completed
O07922,C00307,R0051,2025-03-17 13:00:00,1779.92,5,Clear,Medium,Completed
O07923,C01224,R0008,2025-03-08 03:00:00,1978.22,5,Clear,Medium,Completed
O07924,C00226,R0050,2025-01-23 14:00:00,194.95,3,Clear,Medium,Completed
O07925,C00185,R0041,2025-03-05 14:00:00,1152.82,1,Rainy,Low,Completed
O07926,C00964,R0038,2025-02-22 21:00:00,596.48,3,Cloudy,Medium,Completed
O07927,C00031,R0086,2025-01-26 01:00:00,1681.53,5,Clear,Low,Cancelled
O07928,C00614,R0078,2025-01-17 03:00:00,757.54,4,Rainy,Low,Completed
O07929,C01795,R0079,2025-03-08 18:00:00,1457.8,1,Clear,Low,Completed
O07930,C00099,R0055,2025-03-13 23:00:00,1125.09,1,Cloudy,Medium,Completed
O07931,C01363,R0068,2025-01-15 02:00:00,1128.89,6,Clear,Medium,Completed
O07932,C00811,R0018,2025-01-03 07:00:00,1730.2,5,Clear,Medium,Completed
O07933,C01821,R0065,2025-02-24 09:00:00,993.77,5,Clear,Medium,Completed
O07934,C01290,R0064,2025-02-17 23:00:00,1706.64,5,Clear,Medium,Completed
O07935,C00652,R0012,2025-01-30 20:00:00,790.51,5,Clear,Medium,Completed
O07936,C00814,R0041,2025-03-14 21:00:00,432.09,5,Cloudy,Low,Completed
O07937,C01822,R0042,2025-03-11 06:00:00,965.41,5,Clear,Low,Completed
O07938,C01374,R0060,2025-01-14 01:00:00,1046.88,1,Clear,Low,Completed
O07939,C01020,R0050,2025-02-06 23:00:00,1008.93,3,Cloudy,Low,Completed
O07940,C00978,R0081,2025-01-11 06:00:00,1635.83,4,Rainy,Medium,Completed
O07941,C01752,R0083,2025-03-22 02:00:00,1172.89,5,Cloudy,High,Completed
O07942,C01568,R0036,2025-02-12 17:00:00,1788.04,4,Rainy,Medium,Completed
O07943,C01481,R0048,2025-01-07 16:00:00,1076.95,6,Rainy,Medium,Completed
O07944,C01839,R0071,2025-03-03 19:00:00,526.96,1,Cloudy,Low,Completed
O07945,C00088,R0073,2025-03-14 09:00:00,346.04,4,Cloudy,High,Completed
O07946,C01087,R0008,2025-01-06 04:00:00,1749.89,1,Clear,Low,Completed
O07947,C00922,R0025,2025-03-21 12:00:00,206.73,2,Cloudy,Low,Completed
O07948,C01411,R0007,2025-02-27 02:00:00,323.46,3,Rainy,High,Completed
O07949,C01815,R0008,2025-03-09 09:00:00,220.95,2,Cloudy,Low,Completed
O07950,C01483,R0088,2025-03-24 09:00:00,905.09,1,Clear,Low,Completed
O07951,C00586,R0081,2025-01-07 19:00:00,1111.97,6,Rainy,Medium,Completed
O07952,C00818,R0076,2025-02-05 21:00:00,137.76,2,Rainy,High,Completed
O07953,C00932,R0031,2025-02-21 12:00:00,1079.61,1,Clear,Low,Completed
O07954,C01660,R0012,2025-02-20 06:00:00,848.14,2,Cloudy,Medium,Completed
O07955,C01293,R0057,2025-01-22 00:00:00,1569.93,1,Rainy,Medium,Cancelled
O07956,C01918,R0066,2025-01-22 20:00:00,1676.92,3,Clear,Medium,Completed
O07957,C00797,R0012,2025-02-28 11:00:00,1401.44,6,Clear,High,Completed
O07958,C01958,R0027,2025-03-15 15:00:00,999.64,3,Cloudy,Low,Completed
O07959,C01019,R0046,2025-01-30 04:00:00,510.68,3,Clear,Medium,Completed
O07960,C01013,R0007,2025-02-12 09:00:00,1709.52,1,Cloudy,Low,Completed
O07961,C00973,R0061,2025-01-03 01:00:00,749.17,4,Clear,Medium,Completed
O07962,C00633,R0058,2025-01-29 22:00:00,776.95,2,Clear,Medium,Completed
O07963,C00346,R0058,2025-01-02 01:00:00,1840.42,2,Rainy,High,Completed
O07964,C00724,R0013,2025-01-01 10:00:00,1953.63,2,Cloudy,Low,Completed
O07965,C00901,R0053,2025-02-03 15:00:00,1806.45,6,Clear,Medium,Completed
O07966,C01684,R0100,2025-02-16 21:00:00,1996.65,2,Cloudy,High,Completed
O07967,C01102,R0065,2025-03-27 18:00:00,1750.93,3,Clear,Low,Completed
O07968,C01389,R0049,2025-02-10 12:00:00,1438.28,4,Rainy,High,Completed
O07969,C01038,R0035,2025-02-14 12:00:00,658.26,2,Clear,Low,Completed
O07970,C00136,R0094,2025-02-05 01:00:00,1910.62,4,Clear,High,Completed
O07971,C01328,R0095,2025-01-15 22:00:00,1765.59,1,Clear,High,Completed
O07972,C00397,R0017,2025-01-12 20:00:00,557.42,1,Cloudy,Medium,Completed
O07973,C00792,R0072,2025-03-03 10:00:00,1029.41,6,Clear,Medium,Completed
O07974,C00079,R0067,2025-03-10 03:00:00,233.11,2,Rainy,High,Completed
O07975,C01779,R0010,2025-01-18 16:00:00,1911.29,5,Cloudy,Low,Completed
O07976,C00705,R0034,2025-02-12 21:00:00,1188.26,6,Rainy,Low,Completed
O07977,C00982,R0086,2025-03-21 23:00:00,565.88,3,Cloudy,High,Completed
O07978,C01442,R0004,2025-01-15 19:00:00,655.56,6,Clear,Medium,Completed
O07979,C01266,R0096,2025-01-24 01:00:00,1963.25,2,Clear,High,Completed
O07980,C01075,R0029,2025-03-20 14:00:00,1269.67,3,Clear,Medium,Completed
O07981,C00744,R0046,2025-01-12 03:00:00,899.3,2,Rainy,Medium,Completed
O07982,C01795,R0075,2025-03-21 19:00:00,1049.71,3,Rainy,Medium,Completed
O07983,C00384,R0046,2025-02-21 16:00:00,287.25,5,Rainy,High,Completed
O07984,C00375,R0077,2025-01-03 15:00:00,242.54,5,Cloudy,Medium,Completed
O07985,C01754,R0059,2025-02-24 02:00:00,1226.14,6,Clear,High,Cancelled
O07986,C00206,R0061,2025-01-20 13:00:00,1072.81,1,Clear,Medium,Completed
O07987,C01850,R0068,2025-03-26 03:00:00,782.39,6,Rainy,Low,Completed
O07988,C00489,R0066,2025-03-18 12:00:00,1175.62,2,Clear,High,Completed
O07989,C01405,R0034,2025-03-26 07:00:00,238.08,5,Clear,Medium,Completed
O07990,C01992,R0086,2025-03-08 05:00:00,1893.58,5,Cloudy,High,Completed
O07991,C00881,R0005,2025-02-06 13:00:00,658.05,6,Clear,High,Completed
O07992,C01335,R0009,2025-02-20 17:00:00,236.38,2,Cloudy,Low,Completed
O07993,C01399,R0020,2025-03-27 20:00:00,422.06,6,Clear,Medium,Completed
O07994,C00632,R0021,2025-01-10 05:00:00,281.4,6,Clear,High,Completed
O07995,C00592,R0017,2025-03-14 00:00:00,439.35,6,Clear,High,Completed
O07996,C01066,R0012,2025-03-01 03:00:00,891.83,2,Cloudy,Medium,Completed
O07997,C00533,R0092,2025-02-06 16:00:00,1502.3,1,Clear,High,Completed
O07998,C00522,R0082,2025-02-04 22:00:00,617.46,5,Clear,High,Completed
O07999,C00825,R0067,2025-02-01 07:00:00,928.26,3,Clear,High,Completed
O08000,C01177,R0005,2025-01-12 05:00:00,1864.64,2,Rainy,High,Completed
O08001,C01336,R0060,2025-03-10 02:00:00,662.06,2,Cloudy,Medium,Completed
O08002,C01318,R0053,2025-01-31 11:00:00,1609.97,2,Cloudy,Low,Completed
O08003,C00598,R0052,2025-01-26 15:00:00,399.85,6,Clear,High,Completed
O08004,C00113,R0078,2025-03-01 15:00:00,438.81,6,Clear,Medium,Completed
O08005,C01725,R0048,2025-03-30 00:00:00,966.69,2,Cloudy,Low,Completed
O08006,C01136,R0090,2025-03-28 11:00:00,544.79,5,Rainy,High,Completed
O08007,C01199,R0019,2025-02-24 16:00:00,1815.75,3,Clear,Medium,Completed
O08008,C01846,R0017,2025-03-21 06:00:00,196.43,1,Rainy,Low,Completed
O08009,C01326,R0054,2025-01-16 23:00:00,1234.82,4,Cloudy,Low,Completed
O08010,C01988,R0068,2025-01-04 12:00:00,1248.04,5,Clear,High,Completed
O08011,C01540,R0035,2025-01-11 05:00:00,225.45,5,Clear,High,Completed
O08012,C00734,R0088,2025-02-03 11:00:00,1491.87,4,Rainy,Medium,Completed
O08013,C01986,R0041,2025-01-10 23:00:00,990.91,4,Cloudy,Medium,Completed
O08014,C01245,R0013,2025-02-15 16:00:00,1473.84,2,Clear,Medium,Completed
O08015,C01195,R0033,2025-01-17 03:00:00,1671.16,3,Clear,High,Completed
O08016,C00318,R0015,2025-01-29 03:00:00,713.51,5,Rainy,Medium,Completed
O08017,C00996,R0063,2025-01-08 02:00:00,1020.52,5,Cloudy,Medium,Completed
O08018,C00213,R0015,2025-02-18 23:00:00,595.45,1,Rainy,Medium,Completed
O08019,C00253,R0031,2025-03-12 20:00:00,482.88,4,Cloudy,Medium,Completed
O08020,C00124,R0028,2025-02-03 16:00:00,101.13,4,Clear,Medium,Completed
O08021,C01664,R0010,2025-02-24 09:00:00,1930.9,5,Cloudy,Medium,Completed
O08022,C01237,R0057,2025-01-06 08:00:00,937.76,4,Cloudy,Medium,Completed
O08023,C00624,R0071,2025-02-19 20:00:00,124.83,2,Cloudy,Low,Completed
O08024,C01109,R0033,2025-01-20 15:00:00,116.98,1,Cloudy,High,Completed
O08025,C01540,R0007,2025-03-20 11:00:00,647.87,5,Rainy,Low,Completed
O08026,C01089,R0005,2025-03-05 13:00:00,126.48,6,Clear,High,Completed
O08027,C01342,R0090,2025-03-08 15:00:00,811.58,1,Rainy,Low,Completed
O08028,C01370,R0080,2025-02-13 12:00:00,219.58,6,Cloudy,Low,Completed
O08029,C01656,R0057,2025-03-19 23:00:00,174.58,2,Rainy,Medium,Completed
O08030,C01267,R0072,2025-02-20 23:00:00,1371.82,1,Cloudy,Medium,Completed
O08031,C00898,R0086,2025-03-19 19:00:00,1823.0,6,Rainy,Medium,Completed
O08032,C01161,R0098,2025-02-27 07:00:00,877.83,4,Clear,Medium,Completed
O08033,C00247,R0040,2025-02-24 09:00:00,1689.86,5,Clear,Medium,Completed
O08034,C00441,R0028,2025-01-26 11:00:00,155.6,1,Cloudy,Medium,Completed
O08035,C00045,R0036,2025-03-07 02:00:00,1577.61,3,Cloudy,High,Completed
O08036,C00658,R0056,2025-02-09 11:00:00,219.32,5,Cloudy,Low,Completed
O08037,C00880,R0047,2025-03-08 14:00:00,1693.03,1,Cloudy,Low,Completed
O08038,C01712,R0071,2025-02-05 13:00:00,1776.5,5,Clear,High,Completed
O08039,C01017,R0040,2025-03-21 13:00:00,1593.35,6,Rainy,Medium,Completed
O08040,C00554,R0059,2025-03-24 09:00:00,1659.42,1,Clear,High,Cancelled
O08041,C00809,R0043,2025-02-14 05:00:00,1166.82,1,Clear,Medium,Completed
O08042,C00971,R0092,2025-03-02 02:00:00,603.28,4,Clear,High,Completed
O08043,C01113,R0066,2025-01-13 13:00:00,1322.14,1,Rainy,Low,Completed
O08044,C00730,R0009,2025-01-27 14:00:00,935.13,3,Cloudy,Medium,Completed
O08045,C01021,R0006,2025-01-03 22:00:00,110.14,4,Cloudy,Low,Cancelled
O08046,C00954,R0065,2025-03-22 02:00:00,1005.97,3,Clear,Medium,Completed
O08047,C01252,R0003,2025-01-27 21:00:00,1337.26,6,Clear,Medium,Completed
O08048,C01834,R0074,2025-03-16 12:00:00,126.38,3,Clear,High,Completed
O08049,C01315,R0037,2025-01-08 05:00:00,1280.58,2,Clear,Low,Completed
O08050,C01446,R0087,2025-03-25 06:00:00,1339.81,3,Cloudy,Medium,Completed
O08051,C01091,R0033,2025-01-04 17:00:00,400.4,1,Clear,Low,Cancelled
O08052,C01275,R0009,2025-02-04 07:00:00,919.04,5,Rainy,Medium,Completed
O08053,C01065,R0053,2025-01-23 22:00:00,1932.23,4,Rainy,Medium,Completed
O08054,C00099,R0077,2025-01-03 11:00:00,1779.96,4,Cloudy,Low,Completed
O08055,C01330,R0092,2025-02-17 00:00:00,880.56,4,Clear,Low,Completed
O08056,C00872,R0051,2025-02-22 14:00:00,764.71,5,Clear,Low,Completed
O08057,C01878,R0071,2025-03-03 21:00:00,335.75,3,Cloudy,Low,Completed
O08058,C01480,R0026,2025-01-06 06:00:00,166.86,6,Cloudy,Low,Completed
O08059,C01615,R0016,2025-01-04 10:00:00,665.18,2,Cloudy,High,Completed
O08060,C00301,R0040,2025-02-21 19:00:00,1886.54,1,Clear,Low,Completed
O08061,C01223,R0090,2025-02-09 09:00:00,1921.37,6,Clear,High,Completed
O08062,C01683,R0051,2025-03-10 08:00:00,1643.79,4,Clear,Low,Completed
O08063,C00488,R0039,2025-03-23 08:00:00,766.57,1,Clear,Low,Completed
O08064,C01130,R0055,2025-03-25 03:00:00,372.89,3,Clear,Low,Completed
O08065,C01425,R0096,2025-02-07 01:00:00,1231.51,6,Clear,High,Completed
O08066,C01729,R0036,2025-01-24 21:00:00,1328.36,2,Clear,High,Completed
O08067,C01005,R0065,2025-01-22 08:00:00,906.69,4,Cloudy,Low,Completed
O08068,C00477,R0085,2025-03-21 13:00:00,1414.13,3,Clear,Low,Completed
O08069,C01146,R0077,2025-01-03 16:00:00,1518.7,6,Cloudy,High,Completed
O08070,C01101,R0090,2025-03-23 20:00:00,1587.82,2,Clear,High,Cancelled
O08071,C01336,R0045,2025-02-15 09:00:00,1054.37,6,Cloudy,Medium,Completed
O08072,C01136,R0009,2025-03-29 13:00:00,1604.12,4,Clear,High,Completed
O08073,C00861,R0037,2025-02-21 20:00:00,148.41,3,Clear,High,Completed
O08074,C00809,R0087,2025-02-07 00:00:00,1392.77,1,Clear,High,Cancelled
O08075,C01706,R0001,2025-01-26 11:00:00,547.7,6,Rainy,Medium,Completed
O08076,C00518,R0066,2025-01-19 05:00:00,613.99,5,Clear,Low,Completed
O08077,C01221,R0063,2025-02-16 22:00:00,273.47,4,Cloudy,Medium,Completed
O08078,C01122,R0043,2025-03-02 19:00:00,465.55,2,Rainy,Low,Completed
O08079,C00459,R0028,2025-03-02 04:00:00,1984.82,2,Cloudy,Low,Completed
O08080,C01865,R0100,2025-01-22 19:00:00,889.24,5,Clear,Medium,Cancelled
O08081,C00230,R0031,2025-03-03 02:00:00,1862.75,5,Clear,Medium,Completed
O08082,C01192,R0069,2025-02-03 07:00:00,409.51,3,Rainy,Medium,Completed
O08083,C01833,R0089,2025-02-12 15:00:00,487.71,5,Cloudy,Low,Completed
O08084,C01801,R0008,2025-03-07 19:00:00,1159.85,4,Clear,High,Completed
O08085,C00008,R0034,2025-01-14 09:00:00,764.11,6,Rainy,Low,Cancelled
O08086,C01196,R0049,2025-01-08 11:00:00,1323.44,5,Cloudy,High,Completed
O08087,C01978,R0096,2025-03-13 00:00:00,901.89,4,Cloudy,Medium,Completed
O08088,C01384,R0058,2025-01-19 17:00:00,1642.03,1,Cloudy,Low,Cancelled
O08089,C00195,R0075,2025-02-23 12:00:00,919.96,5,Clear,High,Completed
O08090,C01293,R0047,2025-03-11 04:00:00,1187.46,1,Cloudy,Low,Completed
O08091,C01043,R0025,2025-02-22 09:00:00,710.04,6,Rainy,Low,Completed
O08092,C00354,R0003,2025-02-07 15:00:00,1437.68,2,Clear,Low,Completed
O08093,C01888,R0045,2025-02-19 01:00:00,1343.99,6,Clear,Medium,Completed
O08094,C01073,R0052,2025-01-14 17:00:00,854.3,5,Cloudy,High,Completed
O08095,C00464,R0096,2025-01-27 12:00:00,624.46,2,Clear,High,Completed
O08096,C00356,R0099,2025-03-20 17:00:00,1266.8,6,Clear,High,Completed
O08097,C00850,R0096,2025-03-21 18:00:00,1891.99,1,Clear,Medium,Completed
O08098,C00974,R0034,2025-03-29 12:00:00,352.02,2,Clear,Medium,Completed
O08099,C01182,R0069,2025-03-19 19:00:00,1618.32,1,Clear,Medium,Cancelled
O08100,C00066,R0092,2025-01-18 04:00:00,1131.68,3,Clear,Low,Completed
O08101,C01997,R0092,2025-03-06 04:00:00,1098.56,6,Clear,High,Completed
O08102,C00859,R0008,2025-03-03 11:00:00,1927.2,6,Clear,High,Completed
O08103,C00571,R0027,2025-03-07 04:00:00,1251.16,1,Clear,High,Completed
O08104,C01845,R0080,2025-01-22 10:00:00,1677.98,3,Cloudy,High,Completed
O08105,C00308,R0063,2025-01-21 00:00:00,1077.51,2,Cloudy,Medium,Completed
O08106,C01361,R0082,2025-01-22 13:00:00,574.72,1,Cloudy,Low,Completed
O08107,C01695,R0025,2025-03-03 20:00:00,1419.53,3,Clear,High,Completed
O08108,C00783,R0058,2025-01-13 16:00:00,1854.04,1,Cloudy,High,Completed
O08109,C00121,R0048,2025-01-28 06:00:00,1698.34,4,Clear,Medium,Completed
O08110,C00766,R0001,2025-03-24 09:00:00,476.89,6,Clear,High,Completed
O08111,C01428,R0008,2025-01-08 12:00:00,702.09,4,Clear,Low,Completed
O08112,C00773,R0021,2025-01-02 05:00:00,1082.07,2,Clear,Medium,Completed
O08113,C01671,R0098,2025-02-01 20:00:00,1186.05,4,Cloudy,High,Completed
O08114,C01810,R0088,2025-01-02 15:00:00,468.25,6,Cloudy,High,Completed
O08115,C01592,R0090,2025-02-07 03:00:00,537.02,5,Cloudy,High,Completed
O08116,C01867,R0078,2025-03-22 06:00:00,1541.78,3,Rainy,Low,Completed
O08117,C00096,R0029,2025-02-09 06:00:00,1487.6,6,Rainy,Low,Cancelled
O08118,C01138,R0030,2025-02-14 10:00:00,1694.5,6,Clear,Medium,Completed
O08119,C00987,R0003,2025-03-16 06:00:00,1872.57,5,Clear,Medium,Cancelled
O08120,C01893,R0007,2025-01-29 12:00:00,685.7,4,Clear,Medium,Completed
O08121,C01453,R0100,2025-02-14 08:00:00,1733.23,2,Clear,Medium,Cancelled
O08122,C00540,R0011,2025-03-08 01:00:00,1365.42,5,Cloudy,Medium,Completed
O08123,C01842,R0032,2025-02-26 02:00:00,1919.76,6,Clear,Medium,Completed
O08124,C00002,R0059,2025-02-19 06:00:00,616.94,2,Clear,High,Completed
O08125,C01236,R0012,2025-01-02 12:00:00,612.38,1,Clear,Medium,Completed
O08126,C00580,R0079,2025-01-23 10:00:00,1438.16,6,Clear,High,Completed
O08127,C01664,R0038,2025-03-22 01:00:00,1863.98,5,Cloudy,Low,Completed
O08128,C00333,R0024,2025-01-11 08:00:00,1666.66,1,Clear,High,Completed
O08129,C01048,R0065,2025-01-29 20:00:00,1481.38,5,Cloudy,Medium,Cancelled
O08130,C01789,R0018,2025-02-13 08:00:00,835.89,3,Cloudy,Medium,Completed
O08131,C01392,R0046,2025-02-27 23:00:00,1463.76,2,Clear,Medium,Completed
O08132,C00742,R0056,2025-02-25 15:00:00,1622.08,1,Clear,High,Completed
O08133,C00506,R0063,2025-03-01 22:00:00,1531.24,4,Rainy,Medium,Completed
O08134,C01000,R0007,2025-01-21 19:00:00,1385.94,5,Clear,Low,Completed
O08135,C01200,R0066,2025-02-03 18:00:00,189.55,6,Clear,Low,Cancelled
O08136,C01453,R0040,2025-03-14 07:00:00,1353.46,1,Cloudy,Low,Completed
O08137,C01911,R0054,2025-02-07 00:00:00,1008.76,5,Clear,Medium,Completed
O08138,C00733,R0031,2025-02-20 10:00:00,1926.98,5,Rainy,Medium,Completed
O08139,C01466,R0097,2025-03-22 03:00:00,1253.66,5,Cloudy,Medium,Completed
O08140,C01572,R0052,2025-03-24 18:00:00,1255.63,1,Clear,Low,Completed
O08141,C00514,R0094,2025-03-04 03:00:00,1988.7,1,Clear,Medium,Completed
O08142,C00895,R0031,2025-01-08 06:00:00,277.82,5,Clear,Low,Cancelled
O08143,C00361,R0034,2025-02-04 07:00:00,625.0,4,Clear,High,Completed
O08144,C00274,R0007,2025-02-08 18:00:00,1346.55,6,Clear,High,Completed
O08145,C00177,R0089,2025-03-25 22:00:00,698.95,2,Clear,High,Completed
O08146,C01288,R0016,2025-01-12 04:00:00,757.69,5,Clear,Medium,Completed
O08147,C01210,R0022,2025-03-17 17:00:00,1796.03,4,Cloudy,Medium,Completed
O08148,C00527,R0100,2025-01-10 07:00:00,1200.77,2,Clear,Low,Completed
O08149,C00913,R0053,2025-02-23 03:00:00,295.44,5,Clear,Low,Completed
O08150,C00279,R0091,2025-02-17 19:00:00,690.64,2,Cloudy,Medium,Completed
O08151,C00706,R0017,2025-01-10 21:00:00,244.51,5,Cloudy,Medium,Completed
O08152,C01222,R0004,2025-03-30 10:00:00,1156.65,1,Rainy,High,Completed
O08153,C01373,R0061,2025-01-21 19:00:00,429.21,5,Clear,Low,Completed
O08154,C01947,R0099,2025-03-06 09:00:00,1728.52,5,Clear,Medium,Completed
O08155,C01445,R0086,2025-01-12 03:00:00,1196.9,5,Cloudy,Low,Completed
O08156,C01329,R0052,2025-03-04 22:00:00,212.81,5,Rainy,Medium,Completed
O08157,C00064,R0035,2025-02-11 02:00:00,671.66,4,Rainy,Medium,Completed
O08158,C00290,R0044,2025-03-09 15:00:00,1271.04,3,Cloudy,High,Cancelled
O08159,C00018,R0015,2025-01-31 02:00:00,737.45,4,Cloudy,High,Completed
O08160,C00064,R0061,2025-02-15 15:00:00,1075.04,4,Cloudy,High,Completed
O08161,C01898,R0044,2025-01-08 21:00:00,1827.79,1,Clear,Medium,Completed
O08162,C00330,R0021,2025-02-11 11:00:00,765.07,5,Clear,Medium,Completed
O08163,C01894,R0077,2025-03-08 01:00:00,738.16,4,Cloudy,High,Completed
O08164,C00763,R0047,2025-01-24 13:00:00,1657.54,2,Clear,Medium,Completed
O08165,C01964,R0075,2025-02-11 08:00:00,705.64,5,Rainy,High,Completed
O08166,C01041,R0049,2025-01-07 11:00:00,248.12,1,Clear,High,Completed
O08167,C00443,R0053,2025-03-20 23:00:00,443.8,6,Clear,Medium,Completed
O08168,C00141,R0027,2025-03-08 02:00:00,1902.72,6,Clear,Low,Completed
O08169,C01332,R0031,2025-03-16 00:00:00,1873.26,1,Clear,Low,Cancelled
O08170,C00444,R0044,2025-03-19 17:00:00,527.14,2,Clear,Low,Completed
O08171,C00496,R0032,2025-01-29 00:00:00,1151.65,6,Clear,High,Completed
O08172,C00426,R0030,2025-03-11 08:00:00,361.0,1,Cloudy,High,Completed
O08173,C01499,R0018,2025-02-16 04:00:00,1381.89,6,Clear,Medium,Completed
O08174,C01856,R0063,2025-03-30 04:00:00,452.08,5,Cloudy,Low,Completed
O08175,C01269,R0016,2025-01-03 06:00:00,194.6,3,Clear,Medium,Completed
O08176,C00450,R0035,2025-01-04 12:00:00,1667.3,3,Rainy,High,Completed
O08177,C01826,R0062,2025-03-20 08:00:00,718.26,4,Rainy,Medium,Completed
O08178,C00351,R0009,2025-01-25 15:00:00,306.19,1,Clear,Low,Completed
O08179,C00599,R0062,2025-03-23 15:00:00,1684.42,5,Clear,High,Completed
O08180,C00711,R0039,2025-02-12 00:00:00,1548.56,2,Rainy,Medium,Cancelled
O08181,C00870,R0051,2025-01-11 11:00:00,1399.14,2,Clear,Medium,Cancelled
O08182,C01984,R0010,2025-02-26 15:00:00,1831.37,5,Clear,High,Completed
O08183,C01185,R0052,2025-02-07 21:00:00,1029.53,5,Cloudy,High,Completed
O08184,C01164,R0012,2025-03-16 10:00:00,343.31,2,Clear,Medium,Completed
O08185,C01517,R0072,2025-01-25 23:00:00,216.56,1,Rainy,High,Completed
O08186,C01612,R0062,2025-02-11 22:00:00,705.04,6,Cloudy,Medium,Cancelled
O08187,C01555,R0003,2025-02-16 19:00:00,264.98,4,Clear,Medium,Completed
O08188,C00393,R0083,2025-02-17 15:00:00,1117.47,4,Rainy,High,Completed
O08189,C00842,R0011,2025-01-13 14:00:00,127.55,4,Clear,Medium,Completed
O08190,C00401,R0008,2025-03-14 11:00:00,943.15,5,Cloudy,Medium,Completed
O08191,C00050,R0090,2025-02-21 00:00:00,439.07,2,Rainy,Medium,Completed
O08192,C00744,R0023,2025-02-12 18:00:00,799.71,2,Cloudy,Medium,Completed
O08193,C01319,R0010,2025-01-17 15:00:00,1382.56,2,Clear,Medium,Cancelled
O08194,C01449,R0018,2025-01-03 19:00:00,766.83,6,Cloudy,High,Completed
O08195,C00906,R0076,2025-01-07 09:00:00,748.55,2,Clear,Low,Completed
O08196,C01036,R0039,2025-02-12 06:00:00,1982.43,2,Rainy,High,Completed
O08197,C01359,R0026,2025-03-05 05:00:00,1465.75,3,Clear,High,Completed
O08198,C00991,R0011,2025-01-08 13:00:00,1076.34,6,Cloudy,Low,Completed
O08199,C01039,R0010,2025-01-22 20:00:00,1200.81,5,Clear,Medium,Completed
O08200,C00028,R0003,2025-01-01 19:00:00,1278.35,6,Cloudy,Low,Completed
O08201,C00388,R0062,2025-02-05 10:00:00,146.69,5,Clear,Low,Completed
O08202,C01316,R0071,2025-03-27 17:00:00,252.5,3,Rainy,High,Completed
O08203,C01911,R0061,2025-03-20 08:00:00,1333.46,4,Clear,Medium,Completed
O08204,C00833,R0004,2025-01-28 06:00:00,792.49,1,Rainy,Low,Completed
O08205,C00250,R0061,2025-02-25 06:00:00,205.34,6,Cloudy,Medium,Completed
O08206,C01529,R0008,2025-01-31 01:00:00,665.28,5,Clear,Low,Completed
O08207,C00098,R0013,2025-02-20 00:00:00,347.54,5,Clear,Medium,Completed
O08208,C01839,R0012,2025-02-06 16:00:00,1841.0,3,Clear,Low,Completed
O08209,C01361,R0035,2025-01-25 01:00:00,485.56,5,Clear,Low,Completed
O08210,C01063,R0054,2025-01-13 21:00:00,373.01,5,Clear,Medium,Completed
O08211,C01062,R0051,2025-02-12 17:00:00,1289.72,4,Clear,Medium,Completed
O08212,C01324,R0043,2025-01-14 04:00:00,1091.63,3,Cloudy,Low,Completed
O08213,C00179,R0100,2025-03-17 06:00:00,1194.27,6,Rainy,Medium,Completed
O08214,C01633,R0066,2025-03-05 20:00:00,928.3,5,Cloudy,Low,Completed
O08215,C00892,R0015,2025-02-12 11:00:00,987.62,2,Clear,High,Cancelled
O08216,C01493,R0049,2025-01-16 07:00:00,1579.72,3,Cloudy,Low,Completed
O08217,C01306,R0034,2025-01-24 02:00:00,517.85,4,Clear,High,Cancelled
O08218,C00750,R0039,2025-02-22 01:00:00,853.41,6,Cloudy,Medium,Completed
O08219,C01188,R0026,2025-01-20 23:00:00,1919.87,1,Cloudy,High,Completed
O08220,C00453,R0069,2025-03-17 21:00:00,460.97,5,Clear,Medium,Completed
O08221,C00097,R0048,2025-02-09 03:00:00,658.17,2,Rainy,Low,Completed
O08222,C01793,R0089,2025-01-01 13:00:00,463.98,2,Cloudy,Low,Completed
O08223,C00309,R0051,2025-03-28 11:00:00,138.94,1,Cloudy,High,Completed
O08224,C00262,R0098,2025-01-06 21:00:00,612.68,3,Clear,Medium,Completed
O08225,C00293,R0004,2025-01-25 13:00:00,188.29,4,Clear,Low,Completed
O08226,C01794,R0098,2025-03-16 06:00:00,393.9,5,Cloudy,Medium,Completed
O08227,C00249,R0027,2025-01-20 16:00:00,789.1,5,Rainy,Medium,Completed
O08228,C00245,R0042,2025-03-06 11:00:00,139.37,6,Cloudy,Medium,Completed
O08229,C00251,R0056,2025-02-20 07:00:00,1530.62,5,Clear,High,Cancelled
O08230,C00123,R0093,2025-01-14 04:00:00,1611.62,2,Cloudy,Low,Completed
O08231,C00325,R0069,2025-02-27 16:00:00,881.69,3,Clear,Medium,Completed
O08232,C00986,R0018,2025-01-19 12:00:00,1970.87,1,Clear,Medium,Completed
O08233,C01705,R0061,2025-03-23 17:00:00,1390.09,3,Rainy,Medium,Completed
O08234,C01971,R0004,2025-02-05 06:00:00,1513.07,4,Cloudy,Low,Completed
O08235,C00501,R0001,2025-01-25 08:00:00,465.37,4,Clear,Low,Completed
O08236,C00687,R0050,2025-02-03 06:00:00,1691.13,1,Clear,Medium,Completed
O08237,C01805,R0084,2025-01-20 14:00:00,1895.59,2,Clear,High,Completed
O08238,C01740,R0070,2025-01-31 11:00:00,548.99,6,Clear,Low,Completed
O08239,C01861,R0020,2025-02-10 11:00:00,1404.28,1,Clear,High,Completed
O08240,C01090,R0020,2025-03-29 06:00:00,1519.19,6,Clear,Medium,Completed
O08241,C01851,R0046,2025-03-28 07:00:00,679.82,4,Clear,Low,Completed
O08242,C00836,R0027,2025-02-24 17:00:00,1002.52,2,Clear,Medium,Completed
O08243,C00059,R0026,2025-02-13 15:00:00,285.32,3,Cloudy,Medium,Completed
O08244,C00731,R0032,2025-02-15 07:00:00,428.88,4,Cloudy,Medium,Cancelled
O08245,C01522,R0010,2025-03-12 03:00:00,216.98,2,Clear,Medium,Completed
O08246,C01397,R0082,2025-03-10 19:00:00,1164.31,2,Clear,High,Completed
O08247,C00266,R0012,2025-02-22 14:00:00,1288.0,5,Clear,High,Completed
O08248,C01677,R0074,2025-01-12 18:00:00,1840.63,3,Clear,Low,Completed
O08249,C00236,R0088,2025-02-28 06:00:00,1130.15,2,Clear,High,Cancelled
O08250,C00898,R0024,2025-03-15 20:00:00,595.16,1,Clear,Medium,Completed
O08251,C00218,R0051,2025-01-01 06:00:00,213.0,6,Cloudy,High,Completed
O08252,C01551,R0038,2025-02-02 19:00:00,1781.41,3,Cloudy,High,Completed
O08253,C01838,R0046,2025-01-02 18:00:00,1009.83,3,Rainy,Medium,Completed
O08254,C01465,R0089,2025-01-09 08:00:00,1500.91,4,Clear,Medium,Completed
O08255,C01674,R0008,2025-03-12 08:00:00,127.83,3,Clear,Low,Completed
O08256,C01430,R0055,2025-01-23 19:00:00,1027.46,3,Cloudy,Low,Completed
O08257,C01768,R0078,2025-01-10 09:00:00,718.87,5,Clear,Low,Completed
O08258,C01625,R0031,2025-01-27 08:00:00,157.63,3,Rainy,High,Completed
O08259,C00975,R0088,2025-03-06 08:00:00,1573.78,6,Cloudy,Low,Completed
O08260,C00589,R0016,2025-02-26 14:00:00,1074.51,6,Clear,Medium,Completed
O08261,C01672,R0020,2025-02-20 04:00:00,733.04,6,Cloudy,High,Completed
O08262,C00917,R0038,2025-01-23 09:00:00,1631.02,2,Clear,Medium,Completed
O08263,C01493,R0015,2025-01-21 00:00:00,949.15,1,Rainy,Medium,Completed
O08264,C00918,R0078,2025-01-18 21:00:00,106.65,6,Clear,Medium,Completed
O08265,C01134,R0076,2025-02-26 06:00:00,1894.45,5,Rainy,Medium,Completed
O08266,C00353,R0034,2025-02-09 08:00:00,585.8,5,Rainy,High,Completed
O08267,C01837,R0072,2025-03-22 08:00:00,1678.09,5,Clear,Medium,Completed
O08268,C00091,R0019,2025-03-17 23:00:00,1651.19,5,Cloudy,Medium,Completed
O08269,C01960,R0069,2025-01-05 14:00:00,408.51,4,Clear,High,Completed
O08270,C01906,R0091,2025-01-09 19:00:00,1000.61,5,Clear,High,Cancelled
O08271,C01942,R0063,2025-03-13 02:00:00,176.38,4,Clear,Low,Completed
O08272,C01438,R0077,2025-02-05 10:00:00,773.65,4,Clear,High,Completed
O08273,C00702,R0032,2025-02-11 02:00:00,1488.86,3,Clear,High,Cancelled
O08274,C00073,R0095,2025-02-11 11:00:00,550.43,1,Clear,Low,Completed
O08275,C00685,R0037,2025-03-25 07:00:00,322.54,3,Clear,High,Completed
O08276,C01571,R0066,2025-03-21 14:00:00,1063.53,4,Rainy,Low,Completed
O08277,C00722,R0007,2025-01-28 17:00:00,1120.27,3,Clear,Medium,Completed
O08278,C01322,R0048,2025-01-15 13:00:00,1384.07,2,Rainy,Medium,Completed
O08279,C01669,R0011,2025-03-06 01:00:00,1542.36,5,Rainy,Low,Completed
O08280,C01307,R0075,2025-01-11 10:00:00,1422.04,5,Clear,Low,Completed
O08281,C01529,R0087,2025-03-07 06:00:00,1706.28,4,Cloudy,Medium,Cancelled
O08282,C01222,R0031,2025-02-20 06:00:00,523.52,3,Cloudy,High,Completed
O08283,C00958,R0044,2025-02-24 23:00:00,1182.56,2,Clear,Medium,Completed
O08284,C01056,R0045,2025-03-23 01:00:00,784.18,2,Clear,Medium,Completed
O08285,C00648,R0072,2025-01-04 06:00:00,1928.01,6,Cloudy,Medium,Completed
O08286,C00760,R0056,2025-01-23 17:00:00,936.53,2,Clear,Medium,Completed
O08287,C00871,R0032,2025-03-04 05:00:00,1923.46,4,Rainy,Medium,Completed
O08288,C01365,R0021,2025-02-08 11:00:00,1561.22,6,Rainy,Medium,Completed
O08289,C01682,R0031,2025-01-26 18:00:00,1465.08,3,Clear,Medium,Completed
O08290,C01358,R0001,2025-01-13 16:00:00,1033.97,2,Clear,Low,Completed
O08291,C00143,R0077,2025-03-08 13:00:00,942.42,2,Clear,High,Completed
O08292,C01770,R0011,2025-02-13 15:00:00,1100.44,3,Clear,Medium,Completed
O08293,C01434,R0093,2025-03-12 18:00:00,657.9,3,Clear,High,Completed
O08294,C00949,R0068,2025-03-03 20:00:00,1818.57,5,Rainy,High,Completed
O08295,C00044,R0036,2025-03-19 20:00:00,1609.23,1,Clear,Low,Cancelled
O08296,C00032,R0079,2025-01-04 10:00:00,1622.65,1,Cloudy,Low,Completed
O08297,C01767,R0059,2025-01-04 20:00:00,922.99,2,Cloudy,High,Completed
O08298,C00028,R0067,2025-03-03 03:00:00,235.07,3,Rainy,Medium,Completed
O08299,C01020,R0056,2025-03-26 08:00:00,1397.85,5,Clear,High,Completed
O08300,C00423,R0051,2025-02-02 05:00:00,811.39,4,Rainy,Medium,Completed
O08301,C00491,R0029,2025-02-28 01:00:00,1753.82,1,Clear,High,Completed
O08302,C00160,R0085,2025-02-02 23:00:00,1582.64,6,Rainy,Medium,Completed
O08303,C00845,R0002,2025-01-20 19:00:00,376.12,1,Clear,Low,Completed
O08304,C01231,R0006,2025-01-21 23:00:00,1243.26,3,Clear,High,Completed
O08305,C00018,R0031,2025-03-19 22:00:00,1415.21,4,Clear,Medium,Completed
O08306,C01127,R0054,2025-01-10 14:00:00,1179.46,1,Rainy,Medium,Completed
O08307,C01606,R0088,2025-03-08 02:00:00,1076.68,5,Clear,Medium,Completed
O08308,C01655,R0040,2025-03-15 22:00:00,532.94,1,Clear,High,Completed
O08309,C01675,R0017,2025-01-06 10:00:00,548.22,3,Clear,Low,Completed
O08310,C00672,R0005,2025-01-31 22:00:00,1559.22,3,Clear,Low,Completed
O08311,C00232,R0002,2025-01-16 23:00:00,135.51,6,Clear,Medium,Completed
O08312,C01684,R0058,2025-03-07 06:00:00,1579.93,6,Clear,High,Completed
O08313,C01889,R0012,2025-02-01 16:00:00,1100.92,4,Clear,Medium,Completed
O08314,C00424,R0005,2025-02-17 19:00:00,1878.82,1,Cloudy,Low,Completed
O08315,C00904,R0060,2025-02-09 06:00:00,1994.91,4,Clear,Medium,Completed
O08316,C00755,R0041,2025-02-24 00:00:00,1360.62,1,Clear,Medium,Completed
O08317,C01571,R0020,2025-03-10 07:00:00,883.29,2,Clear,Medium,Completed
O08318,C00837,R0072,2025-01-13 12:00:00,1002.66,1,Cloudy,Medium,Completed
O08319,C00894,R0001,2025-01-26 08:00:00,488.01,3,Cloudy,Medium,Completed
O08320,C01891,R0056,2025-03-19 03:00:00,288.55,3,Clear,Medium,Completed
O08321,C00239,R0070,2025-02-06 17:00:00,1199.65,2,Cloudy,High,Completed
O08322,C01358,R0056,2025-02-20 21:00:00,1630.44,1,Clear,Medium,Completed
O08323,C00149,R0054,2025-02-01 10:00:00,597.36,1,Rainy,Medium,Completed
O08324,C00623,R0011,2025-02-20 06:00:00,897.34,3,Rainy,Low,Cancelled
O08325,C01432,R0003,2025-02-03 03:00:00,1154.07,2,Cloudy,Low,Completed
O08326,C00017,R0095,2025-03-25 02:00:00,1825.01,3,Cloudy,Medium,Cancelled
O08327,C00914,R0028,2025-02-25 03:00:00,363.4,2,Cloudy,Medium,Completed
O08328,C00226,R0005,2025-01-10 05:00:00,550.08,3,Clear,Medium,Completed
O08329,C00652,R0090,2025-02-12 03:00:00,1845.21,5,Clear,Low,Completed
O08330,C01680,R0016,2025-01-29 16:00:00,175.12,1,Cloudy,Medium,Completed
O08331,C00260,R0031,2025-01-05 21:00:00,1346.62,4,Cloudy,Medium,Completed
O08332,C01753,R0028,2025-01-08 05:00:00,1315.1,5,Clear,Low,Completed
O08333,C00674,R0007,2025-02-21 18:00:00,828.18,3,Clear,Medium,Cancelled
O08334,C01628,R0009,2025-03-27 04:00:00,989.51,2,Clear,High,Completed
O08335,C00174,R0039,2025-01-19 08:00:00,1724.34,4,Cloudy,High,Cancelled
O08336,C01867,R0099,2025-02-21 00:00:00,413.47,2,Clear,Low,Completed
O08337,C00205,R0043,2025-03-08 15:00:00,539.98,6,Clear,Medium,Completed
O08338,C00415,R0027,2025-02-12 19:00:00,1073.47,2,Rainy,Medium,Completed
O08339,C01532,R0076,2025-02-09 13:00:00,878.52,6,Cloudy,Low,Completed
O08340,C01177,R0089,2025-01-04 10:00:00,1191.31,6,Cloudy,Medium,Completed
O08341,C01127,R0093,2025-02-11 04:00:00,1849.59,1,Rainy,Medium,Completed
O08342,C01738,R0095,2025-03-27 13:00:00,1842.49,3,Clear,Medium,Completed
O08343,C00792,R0098,2025-03-15 00:00:00,537.03,1,Cloudy,Medium,Completed
O08344,C01089,R0033,2025-01-15 10:00:00,674.07,6,Cloudy,Medium,Completed
O08345,C01141,R0091,2025-01-23 05:00:00,407.93,2,Clear,Medium,Completed
O08346,C01689,R0056,2025-03-17 20:00:00,1862.8,1,Clear,Medium,Completed
O08347,C01180,R0002,2025-01-19 18:00:00,855.94,5,Rainy,Low,Completed
O08348,C01700,R0014,2025-02-08 05:00:00,954.44,6,Clear,High,Completed
O08349,C01106,R0013,2025-02-09 17:00:00,1625.02,2,Cloudy,Low,Completed
O08350,C00518,R0024,2025-01-09 21:00:00,1074.65,2,Rainy,Medium,Completed
O08351,C01858,R0069,2025-02-07 11:00:00,327.54,5,Clear,High,Completed
O08352,C01091,R0034,2025-02-19 13:00:00,931.91,2,Clear,Medium,Completed
O08353,C01262,R0087,2025-01-28 04:00:00,1298.0,4,Rainy,Medium,Completed
O08354,C01608,R0019,2025-02-10 22:00:00,1466.5,4,Clear,High,Completed
O08355,C01631,R0030,2025-01-24 23:00:00,1326.17,3,Cloudy,Medium,Cancelled
O08356,C01840,R0049,2025-01-14 20:00:00,326.44,3,Clear,Medium,Completed
O08357,C00979,R0043,2025-01-09 19:00:00,678.25,1,Cloudy,High,Cancelled
O08358,C01010,R0016,2025-01-13 00:00:00,1493.77,1,Clear,Low,Completed
O08359,C01350,R0052,2025-02-13 23:00:00,1772.36,5,Clear,Medium,Completed
O08360,C00590,R0098,2025-03-22 10:00:00,189.65,5,Clear,High,Completed
O08361,C00067,R0049,2025-01-12 09:00:00,180.24,6,Clear,Low,Completed
O08362,C01200,R0011,2025-02-25 04:00:00,1322.47,2,Clear,Low,Completed
O08363,C01857,R0078,2025-02-12 22:00:00,1141.29,3,Clear,Medium,Completed
O08364,C00684,R0047,2025-03-20 10:00:00,395.14,6,Rainy,High,Cancelled
O08365,C01502,R0079,2025-03-03 14:00:00,1141.75,3,Clear,Low,Completed
O08366,C01279,R0035,2025-02-18 01:00:00,1951.53,3,Rainy,Medium,Completed
O08367,C00063,R0071,2025-01-05 00:00:00,1298.71,3,Clear,High,Completed
O08368,C00814,R0029,2025-01-12 12:00:00,953.37,1,Cloudy,Low,Completed
O08369,C00403,R0054,2025-02-24 12:00:00,1672.31,4,Cloudy,High,Completed
O08370,C01782,R0086,2025-02-19 20:00:00,504.36,6,Clear,Medium,Completed
O08371,C00192,R0023,2025-01-14 19:00:00,887.22,5,Clear,High,Completed
O08372,C01353,R0024,2025-01-05 06:00:00,1102.76,5,Clear,Low,Completed
O08373,C00071,R0099,2025-02-09 18:00:00,1058.63,3,Rainy,Low,Completed
O08374,C00878,R0010,2025-03-28 22:00:00,1849.85,3,Clear,Medium,Completed
O08375,C00741,R0061,2025-01-13 18:00:00,656.07,1,Clear,Low,Completed
O08376,C00946,R0008,2025-02-06 19:00:00,207.36,1,Cloudy,Low,Cancelled
O08377,C01087,R0048,2025-03-29 05:00:00,1841.12,5,Rainy,High,Completed
O08378,C01321,R0076,2025-01-09 01:00:00,512.43,3,Cloudy,Low,Completed
O08379,C00245,R0093,2025-01-11 08:00:00,820.15,3,Clear,Medium,Completed
O08380,C00519,R0029,2025-02-12 04:00:00,1108.69,6,Clear,Medium,Completed
O08381,C00393,R0087,2025-02-19 16:00:00,1954.17,5,Cloudy,Low,Completed
O08382,C00772,R0026,2025-02-14 15:00:00,1117.01,1,Rainy,Low,Completed
O08383,C01625,R0037,2025-03-26 19:00:00,950.71,6,Clear,Medium,Completed
O08384,C01201,R0096,2025-01-22 03:00:00,1208.91,5,Clear,Medium,Completed
O08385,C01228,R0052,2025-01-07 10:00:00,1944.54,1,Rainy,High,Completed
O08386,C01670,R0038,2025-01-20 04:00:00,1654.09,1,Clear,Medium,Completed
O08387,C01618,R0006,2025-02-28 04:00:00,421.04,6,Clear,High,Completed
O08388,C01557,R0008,2025-02-02 22:00:00,1626.19,6,Cloudy,Low,Completed
O08389,C00911,R0017,2025-02-21 01:00:00,1698.09,1,Rainy,Medium,Cancelled
O08390,C01152,R0076,2025-03-19 19:00:00,1412.32,3,Clear,High,Completed
O08391,C01219,R0062,2025-03-12 08:00:00,1348.74,5,Clear,Low,Completed
O08392,C01218,R0086,2025-01-25 00:00:00,937.67,1,Cloudy,High,Completed
O08393,C00184,R0078,2025-03-22 23:00:00,1319.22,4,Clear,Medium,Completed
O08394,C00247,R0034,2025-01-16 01:00:00,1501.39,1,Clear,High,Cancelled
O08395,C01897,R0019,2025-01-20 00:00:00,333.36,1,Clear,Low,Completed
O08396,C01896,R0070,2025-01-06 08:00:00,588.93,6,Clear,Medium,Completed
O08397,C00324,R0082,2025-02-03 19:00:00,468.76,1,Clear,High,Completed
O08398,C00160,R0100,2025-02-06 08:00:00,1698.3,2,Clear,Medium,Completed
O08399,C00706,R0037,2025-01-15 13:00:00,1392.0,6,Clear,Medium,Completed
O08400,C00622,R0038,2025-03-21 18:00:00,956.48,4,Rainy,Medium,Completed
O08401,C00925,R0015,2025-01-19 19:00:00,1669.51,3,Rainy,Medium,Cancelled
O08402,C00066,R0040,2025-02-28 11:00:00,1461.88,6,Cloudy,Medium,Completed
O08403,C00930,R0009,2025-01-05 12:00:00,1835.83,5,Rainy,Medium,Completed
O08404,C00254,R0053,2025-02-21 07:00:00,245.93,5,Rainy,Medium,Completed
O08405,C00283,R0070,2025-01-25 00:00:00,1067.4,6,Rainy,Low,Completed
O08406,C01084,R0066,2025-01-11 00:00:00,1442.82,5,Clear,High,Completed
O08407,C00118,R0080,2025-03-13 09:00:00,494.24,6,Cloudy,Medium,Completed
O08408,C00423,R0052,2025-03-27 01:00:00,721.54,3,Clear,Medium,Completed
O08409,C00556,R0001,2025-02-23 13:00:00,896.05,1,Cloudy,Medium,Completed
O08410,C01746,R0030,2025-01-16 10:00:00,1609.22,4,Clear,Low,Completed
O08411,C00036,R0097,2025-03-23 14:00:00,1037.79,5,Cloudy,Low,Completed
O08412,C00531,R0001,2025-01-05 01:00:00,1036.45,2,Cloudy,High,Completed
O08413,C00091,R0039,2025-03-04 22:00:00,918.69,2,Clear,Medium,Completed
O08414,C01325,R0016,2025-01-04 23:00:00,534.32,4,Rainy,Low,Completed
O08415,C01748,R0017,2025-03-23 04:00:00,1853.84,5,Clear,Medium,Completed
O08416,C01941,R0082,2025-03-04 07:00:00,703.82,1,Clear,High,Completed
O08417,C01943,R0022,2025-03-29 05:00:00,1178.18,5,Clear,High,Completed
O08418,C01758,R0086,2025-03-28 14:00:00,382.68,1,Clear,Medium,Completed
O08419,C01241,R0099,2025-02-28 13:00:00,925.06,5,Rainy,Low,Completed
O08420,C01759,R0031,2025-01-30 19:00:00,1817.23,2,Clear,Low,Completed
O08421,C01947,R0040,2025-02-10 12:00:00,1991.38,3,Clear,High,Completed
O08422,C00098,R0027,2025-03-05 00:00:00,787.33,6,Clear,High,Completed
O08423,C01480,R0036,2025-02-07 17:00:00,392.58,4,Clear,Medium,Completed
O08424,C00531,R0004,2025-02-03 16:00:00,697.46,1,Clear,High,Completed
O08425,C01833,R0069,2025-01-25 22:00:00,721.76,3,Clear,High,Completed
O08426,C00538,R0025,2025-02-10 06:00:00,1324.57,1,Clear,Low,Completed
O08427,C01052,R0095,2025-03-19 19:00:00,1042.7,4,Cloudy,Low,Completed
O08428,C01600,R0078,2025-03-18 15:00:00,1560.07,3,Cloudy,Low,Completed
O08429,C01348,R0030,2025-01-06 14:00:00,1432.48,3,Clear,Medium,Cancelled
O08430,C01247,R0047,2025-01-14 15:00:00,577.49,6,Rainy,Medium,Completed
O08431,C00080,R0012,2025-01-09 06:00:00,1590.09,6,Cloudy,Medium,Cancelled
O08432,C00563,R0027,2025-01-29 10:00:00,1710.18,4,Clear,Low,Completed
O08433,C01482,R0045,2025-01-06 03:00:00,1236.94,4,Rainy,Medium,Completed
O08434,C00614,R0088,2025-02-01 09:00:00,1862.57,1,Rainy,Low,Completed
O08435,C00176,R0063,2025-03-08 22:00:00,1587.6,3,Cloudy,Medium,Completed
O08436,C00522,R0055,2025-01-24 18:00:00,1231.25,4,Cloudy,Medium,Completed
O08437,C01773,R0030,2025-03-03 04:00:00,1821.72,6,Cloudy,Low,Completed
O08438,C01481,R0082,2025-02-18 17:00:00,1240.68,1,Rainy,Medium,Completed
O08439,C00423,R0014,2025-03-22 06:00:00,1090.26,5,Clear,High,Completed
O08440,C01124,R0056,2025-03-08 03:00:00,776.89,6,Clear,High,Completed
O08441,C01914,R0019,2025-02-24 06:00:00,1777.44,4,Clear,Low,Completed
O08442,C01764,R0086,2025-01-07 20:00:00,333.18,6,Clear,Low,Completed
O08443,C01427,R0026,2025-03-19 14:00:00,999.66,6,Clear,Medium,Completed
O08444,C00576,R0071,2025-03-04 21:00:00,1121.09,3,Clear,Low,Completed
O08445,C01404,R0092,2025-01-26 14:00:00,1154.02,5,Clear,High,Completed
O08446,C00531,R0038,2025-03-16 14:00:00,1338.59,4,Clear,Medium,Completed
O08447,C00332,R0069,2025-02-27 16:00:00,1061.01,2,Cloudy,Medium,Completed
O08448,C01342,R0036,2025-02-20 00:00:00,587.95,3,Cloudy,High,Completed
O08449,C00653,R0018,2025-02-14 16:00:00,1728.19,6,Clear,Medium,Cancelled
O08450,C01561,R0057,2025-02-17 06:00:00,1349.3,3,Clear,Medium,Completed
O08451,C00740,R0078,2025-03-16 07:00:00,1730.56,1,Clear,Low,Completed
O08452,C01113,R0023,2025-03-13 06:00:00,624.48,2,Clear,Low,Completed
O08453,C01628,R0014,2025-01-26 18:00:00,1310.41,4,Clear,High,Completed
O08454,C00511,R0096,2025-02-05 18:00:00,1456.93,2,Rainy,High,Cancelled
O08455,C00042,R0069,2025-02-19 02:00:00,828.47,6,Rainy,Medium,Completed
O08456,C00885,R0022,2025-03-12 06:00:00,1643.26,4,Clear,Medium,Completed
O08457,C01831,R0028,2025-03-08 22:00:00,104.77,1,Clear,Medium,Completed
O08458,C01950,R0043,2025-01-27 12:00:00,1230.35,6,Rainy,Medium,Completed
O08459,C01413,R0076,2025-01-09 22:00:00,1265.78,6,Clear,Medium,Completed
O08460,C00081,R0018,2025-02-26 09:00:00,1114.3,5,Clear,High,Completed
O08461,C00402,R0100,2025-01-06 23:00:00,1297.09,2,Clear,Low,Completed
O08462,C00107,R0095,2025-01-26 18:00:00,417.73,3,Cloudy,High,Completed
O08463,C01135,R0077,2025-02-11 23:00:00,1401.08,4,Clear,Low,Completed
O08464,C01301,R0084,2025-01-15 17:00:00,738.0,2,Clear,High,Completed
O08465,C01238,R0036,2025-01-12 16:00:00,958.9,4,Clear,Low,Completed
O08466,C01767,R0007,2025-02-26 01:00:00,732.91,2,Cloudy,High,Completed
O08467,C01842,R0023,2025-02-04 20:00:00,1000.48,3,Clear,High,Completed
O08468,C00506,R0034,2025-03-23 15:00:00,1280.98,4,Cloudy,Low,Completed
O08469,C01145,R0096,2025-01-17 05:00:00,1692.85,4,Clear,Low,Completed
O08470,C01158,R0021,2025-02-15 07:00:00,1018.53,5,Clear,Medium,Cancelled
O08471,C01842,R0070,2025-01-12 00:00:00,714.13,1,Clear,High,Completed
O08472,C00720,R0080,2025-03-27 13:00:00,1027.09,2,Cloudy,Medium,Completed
O08473,C01986,R0099,2025-02-08 00:00:00,1408.73,3,Cloudy,Medium,Completed
O08474,C01395,R0047,2025-01-07 23:00:00,758.73,5,Rainy,Low,Completed
O08475,C00257,R0053,2025-03-25 03:00:00,887.14,5,Clear,Medium,Completed
O08476,C01721,R0084,2025-02-05 09:00:00,1169.4,1,Rainy,Low,Completed
O08477,C01822,R0041,2025-01-08 05:00:00,658.62,3,Clear,Medium,Completed
O08478,C00954,R0075,2025-01-08 18:00:00,497.26,6,Clear,Low,Completed
O08479,C01899,R0032,2025-02-15 06:00:00,366.75,2,Clear,High,Completed
O08480,C01204,R0014,2025-02-24 01:00:00,769.96,4,Clear,Medium,Completed
O08481,C00933,R0088,2025-02-12 00:00:00,191.85,1,Clear,Medium,Completed
O08482,C01072,R0095,2025-02-20 16:00:00,1208.62,4,Rainy,Medium,Completed
O08483,C01623,R0017,2025-01-23 03:00:00,434.23,5,Clear,Medium,Completed
O08484,C00897,R0025,2025-02-20 05:00:00,817.05,4,Clear,Medium,Completed
O08485,C00019,R0064,2025-01-10 11:00:00,611.52,2,Cloudy,Low,Completed
O08486,C01070,R0073,2025-01-26 13:00:00,1297.74,6,Clear,High,Completed
O08487,C00451,R0086,2025-03-31 00:00:00,1715.66,2,Clear,High,Completed
O08488,C00898,R0048,2025-03-15 13:00:00,1303.27,6,Clear,Medium,Completed
O08489,C01080,R0035,2025-01-11 09:00:00,1130.76,4,Clear,Low,Completed
O08490,C00741,R0037,2025-03-22 22:00:00,1371.26,4,Rainy,Medium,Completed
O08491,C01681,R0055,2025-01-29 00:00:00,156.98,1,Clear,High,Completed
O08492,C01116,R0017,2025-03-16 20:00:00,333.4,6,Clear,Medium,Completed
O08493,C00082,R0028,2025-01-13 08:00:00,280.36,2,Clear,High,Completed
O08494,C00737,R0001,2025-03-22 07:00:00,286.57,4,Clear,Low,Completed
O08495,C00079,R0053,2025-02-22 18:00:00,594.92,3,Clear,High,Completed
O08496,C01686,R0073,2025-02-16 01:00:00,1110.9,1,Rainy,High,Completed
O08497,C01897,R0055,2025-03-02 17:00:00,317.89,1,Clear,Medium,Completed
O08498,C00283,R0061,2025-03-07 06:00:00,1876.72,1,Cloudy,Low,Completed
O08499,C01335,R0013,2025-02-12 19:00:00,1723.09,1,Cloudy,High,Completed
O08500,C00997,R0047,2025-03-08 05:00:00,1946.12,6,Cloudy,Low,Completed
O08501,C00160,R0064,2025-01-04 23:00:00,180.75,6,Cloudy,Medium,Cancelled
O08502,C01340,R0032,2025-02-26 15:00:00,1717.66,4,Cloudy,High,Completed
O08503,C01901,R0028,2025-03-27 04:00:00,1627.09,5,Clear,High,Completed
O08504,C01692,R0053,2025-03-14 11:00:00,1814.0,3,Clear,High,Completed
O08505,C01180,R0031,2025-02-26 08:00:00,1103.09,5,Clear,High,Completed
O08506,C00888,R0008,2025-02-04 12:00:00,1596.99,5,Clear,Low,Completed
O08507,C01738,R0072,2025-03-11 05:00:00,197.45,4,Clear,Medium,Completed
O08508,C00468,R0098,2025-03-06 06:00:00,244.17,1,Clear,High,Completed
O08509,C01945,R0087,2025-02-08 13:00:00,325.21,1,Clear,High,Completed
O08510,C00853,R0074,2025-02-17 20:00:00,1838.1,4,Clear,High,Cancelled
O08511,C00462,R0025,2025-03-17 06:00:00,216.22,4,Rainy,Medium,Completed
O08512,C00854,R0033,2025-02-04 14:00:00,290.28,6,Clear,Medium,Completed
O08513,C00117,R0068,2025-03-08 21:00:00,1867.78,2,Rainy,Low,Completed
O08514,C01690,R0007,2025-01-23 21:00:00,304.05,1,Cloudy,Medium,Completed
O08515,C00364,R0097,2025-02-12 23:00:00,1752.54,3,Clear,Low,Completed
O08516,C01867,R0066,2025-01-24 10:00:00,1599.61,2,Clear,Medium,Completed
O08517,C01655,R0046,2025-01-10 05:00:00,176.54,5,Clear,High,Completed
O08518,C01735,R0096,2025-01-23 02:00:00,141.51,6,Rainy,Low,Completed
O08519,C01937,R0005,2025-01-02 06:00:00,1115.34,6,Rainy,Medium,Completed
O08520,C00466,R0017,2025-02-27 13:00:00,1994.63,1,Clear,Medium,Completed
O08521,C01799,R0076,2025-01-01 21:00:00,1769.78,4,Clear,Medium,Completed
O08522,C00184,R0052,2025-02-24 16:00:00,689.05,4,Rainy,Medium,Completed
O08523,C01984,R0012,2025-02-01 09:00:00,833.99,4,Clear,Low,Completed
O08524,C00660,R0062,2025-01-09 21:00:00,837.02,1,Rainy,High,Completed
O08525,C01190,R0035,2025-01-30 15:00:00,1494.94,6,Clear,Low,Completed
O08526,C00075,R0062,2025-02-19 12:00:00,748.15,3,Cloudy,Low,Completed
O08527,C01772,R0021,2025-01-18 00:00:00,380.81,4,Clear,High,Completed
O08528,C00826,R0085,2025-02-03 04:00:00,1519.5,6,Clear,Medium,Completed
O08529,C01296,R0066,2025-03-27 20:00:00,970.23,1,Clear,High,Completed
O08530,C01715,R0053,2025-02-13 17:00:00,245.88,5,Rainy,High,Completed
O08531,C00503,R0021,2025-02-05 20:00:00,1601.1,2,Clear,High,Cancelled
O08532,C00795,R0015,2025-01-04 03:00:00,1212.09,1,Clear,Low,Completed
O08533,C01587,R0075,2025-01-16 05:00:00,1029.8,1,Cloudy,Low,Completed
O08534,C00587,R0074,2025-03-05 02:00:00,1379.35,6,Rainy,Low,Completed
O08535,C00656,R0082,2025-02-05 00:00:00,1060.2,4,Clear,Medium,Completed
O08536,C01367,R0023,2025-03-07 23:00:00,1332.0,2,Cloudy,Low,Completed
O08537,C00700,R0031,2025-01-21 18:00:00,1748.23,2,Clear,Medium,Completed
O08538,C00635,R0054,2025-02-27 01:00:00,1265.68,4,Rainy,High,Completed
O08539,C00844,R0055,2025-03-16 04:00:00,1353.24,3,Clear,Low,Completed
O08540,C01275,R0026,2025-02-22 03:00:00,1266.33,1,Clear,Low,Completed
O08541,C01832,R0053,2025-01-30 02:00:00,1109.24,4,Clear,Medium,Completed
O08542,C00835,R0066,2025-01-06 11:00:00,426.75,6,Cloudy,Low,Completed
O08543,C01154,R0039,2025-02-22 20:00:00,737.79,3,Clear,High,Completed
O08544,C00764,R0007,2025-01-04 18:00:00,1416.91,4,Clear,Medium,Completed
O08545,C00358,R0088,2025-01-20 15:00:00,908.4,5,Cloudy,Low,Completed
O08546,C01968,R0039,2025-03-24 20:00:00,871.65,3,Rainy,Low,Completed
O08547,C00692,R0032,2025-02-22 17:00:00,1542.61,6,Clear,Low,Completed
O08548,C01432,R0026,2025-01-21 21:00:00,110.58,3,Clear,Medium,Completed
O08549,C01885,R0087,2025-01-17 02:00:00,1390.09,2,Clear,Medium,Completed
O08550,C01519,R0078,2025-02-12 22:00:00,1029.53,1,Rainy,Medium,Completed
O08551,C00622,R0029,2025-02-16 07:00:00,815.85,4,Rainy,Low,Completed
O08552,C00482,R0025,2025-01-25 21:00:00,747.02,6,Clear,Medium,Completed
O08553,C00980,R0056,2025-02-07 19:00:00,428.46,6,Cloudy,High,Completed
O08554,C01874,R0031,2025-02-26 10:00:00,735.08,4,Clear,Low,Completed
O08555,C01102,R0066,2025-01-20 07:00:00,843.7,1,Rainy,High,Completed
O08556,C00978,R0002,2025-02-14 16:00:00,931.15,6,Clear,High,Completed
O08557,C01538,R0087,2025-02-26 06:00:00,1377.37,6,Clear,Low,Completed
O08558,C01345,R0047,2025-01-20 17:00:00,961.78,1,Cloudy,Medium,Completed
O08559,C01812,R0075,2025-02-06 23:00:00,1612.94,6,Rainy,Low,Completed
O08560,C00290,R0029,2025-02-09 02:00:00,1315.5,6,Rainy,Low,Completed
O08561,C01321,R0099,2025-02-24 14:00:00,460.23,6,Clear,Medium,Completed
O08562,C01705,R0049,2025-02-15 06:00:00,626.63,2,Rainy,Medium,Completed
O08563,C00752,R0073,2025-01-24 15:00:00,250.57,1,Cloudy,High,Completed
O08564,C01995,R0032,2025-02-06 09:00:00,1896.87,5,Cloudy,High,Completed
O08565,C01499,R0030,2025-01-11 19:00:00,1784.45,2,Rainy,High,Completed
O08566,C00023,R0015,2025-03-11 00:00:00,261.11,3,Clear,Low,Completed
O08567,C00806,R0062,2025-01-08 15:00:00,1190.74,1,Clear,Medium,Completed
O08568,C00172,R0078,2025-03-17 17:00:00,1924.76,3,Rainy,Medium,Completed
O08569,C00835,R0017,2025-01-25 15:00:00,1519.57,2,Clear,Medium,Completed
O08570,C00318,R0022,2025-03-15 19:00:00,1034.44,6,Rainy,High,Completed
O08571,C00908,R0030,2025-03-01 16:00:00,558.1,5,Rainy,Medium,Completed
O08572,C00798,R0081,2025-02-12 09:00:00,630.17,5,Clear,Medium,Completed
O08573,C00991,R0016,2025-03-03 17:00:00,1498.85,1,Rainy,Medium,Completed
O08574,C00855,R0052,2025-01-10 12:00:00,1583.09,5,Clear,Low,Completed
O08575,C01217,R0008,2025-03-08 12:00:00,1104.52,6,Cloudy,Low,Completed
O08576,C00681,R0064,2025-02-27 00:00:00,329.8,4,Clear,High,Cancelled
O08577,C00916,R0039,2025-03-09 16:00:00,1874.35,6,Clear,High,Completed
O08578,C01142,R0031,2025-02-23 15:00:00,1705.05,2,Rainy,Medium,Completed
O08579,C01030,R0012,2025-01-31 19:00:00,367.02,6,Clear,Low,Completed
O08580,C00843,R0033,2025-02-09 17:00:00,207.78,5,Clear,High,Completed
O08581,C00483,R0058,2025-03-28 06:00:00,1118.15,2,Rainy,Medium,Completed
O08582,C00132,R0012,2025-02-23 18:00:00,639.87,2,Clear,Low,Cancelled
O08583,C01117,R0025,2025-01-20 19:00:00,638.17,6,Cloudy,Low,Completed
O08584,C01787,R0038,2025-03-24 04:00:00,265.72,6,Rainy,Low,Completed
O08585,C01546,R0048,2025-02-07 09:00:00,1911.43,4,Clear,Medium,Completed
O08586,C01587,R0082,2025-03-26 18:00:00,1677.32,6,Cloudy,Medium,Completed
O08587,C00861,R0083,2025-01-12 20:00:00,316.29,6,Clear,Medium,Completed
O08588,C00294,R0055,2025-02-19 09:00:00,1765.54,1,Clear,Medium,Completed
O08589,C00641,R0003,2025-01-25 13:00:00,1397.62,2,Clear,Medium,Cancelled
O08590,C01000,R0099,2025-01-06 01:00:00,718.34,4,Cloudy,High,Completed
O08591,C00392,R0069,2025-02-17 07:00:00,1755.38,5,Clear,High,Completed
O08592,C00249,R0035,2025-02-22 14:00:00,1236.24,3,Rainy,High,Completed
O08593,C01638,R0051,2025-01-01 01:00:00,1712.47,1,Clear,Medium,Completed
O08594,C01873,R0027,2025-02-07 03:00:00,991.61,6,Cloudy,High,Cancelled
O08595,C01619,R0037,2025-02-03 06:00:00,1051.24,3,Clear,Low,Completed
O08596,C00703,R0085,2025-01-27 04:00:00,652.92,4,Cloudy,Low,Completed
O08597,C01441,R0016,2025-03-21 08:00:00,836.62,2,Cloudy,Medium,Completed
O08598,C01167,R0092,2025-01-20 04:00:00,1178.73,4,Rainy,Low,Completed
O08599,C01261,R0025,2025-03-24 05:00:00,1899.41,1,Cloudy,Medium,Completed
O08600,C00287,R0033,2025-02-10 11:00:00,1240.22,1,Clear,Medium,Completed
O08601,C00277,R0062,2025-02-22 16:00:00,380.02,5,Rainy,Low,Cancelled
O08602,C00387,R0017,2025-01-03 05:00:00,113.29,4,Clear,High,Completed
O08603,C01406,R0043,2025-03-04 02:00:00,1716.88,1,Rainy,Medium,Cancelled
O08604,C00450,R0030,2025-01-05 12:00:00,792.22,4,Rainy,Low,Completed
O08605,C00291,R0041,2025-01-12 15:00:00,698.44,5,Clear,Low,Cancelled
O08606,C01193,R0004,2025-03-12 08:00:00,1621.39,5,Clear,Medium,Completed
O08607,C00443,R0066,2025-03-12 18:00:00,1896.19,4,Rainy,High,Completed
O08608,C00656,R0060,2025-02-15 00:00:00,1521.29,6,Rainy,Medium,Completed
O08609,C01208,R0009,2025-01-23 16:00:00,430.31,1,Cloudy,Low,Completed
O08610,C01069,R0031,2025-01-22 23:00:00,843.62,2,Rainy,Low,Completed
O08611,C01779,R0089,2025-03-22 11:00:00,1542.86,6,Rainy,Low,Completed
O08612,C00827,R0100,2025-02-12 00:00:00,1823.16,2,Cloudy,High,Completed
O08613,C01970,R0069,2025-02-21 17:00:00,1997.34,6,Cloudy,High,Completed
O08614,C01292,R0024,2025-01-26 16:00:00,1071.97,5,Cloudy,Low,Completed
O08615,C00476,R0024,2025-03-09 04:00:00,1662.8,1,Clear,Low,Completed
O08616,C00253,R0093,2025-03-28 14:00:00,188.6,5,Clear,Low,Completed
O08617,C01420,R0045,2025-01-05 03:00:00,643.07,5,Cloudy,High,Cancelled
O08618,C00289,R0095,2025-02-25 18:00:00,805.88,5,Cloudy,High,Completed
O08619,C01236,R0037,2025-01-21 14:00:00,1953.5,5,Clear,Medium,Completed
O08620,C01000,R0058,2025-01-31 21:00:00,106.45,4,Rainy,High,Completed
O08621,C01713,R0083,2025-03-06 02:00:00,685.24,4,Cloudy,Low,Completed
O08622,C00021,R0023,2025-01-31 13:00:00,1867.78,1,Clear,Medium,Completed
O08623,C00316,R0035,2025-03-11 00:00:00,682.69,6,Clear,High,Completed
O08624,C00564,R0063,2025-03-17 06:00:00,527.63,1,Rainy,High,Completed
O08625,C01462,R0006,2025-02-11 13:00:00,1487.17,3,Clear,Medium,Completed
O08626,C01447,R0006,2025-03-15 01:00:00,1516.14,2,Cloudy,Low,Completed
O08627,C01257,R0030,2025-03-15 09:00:00,997.14,4,Clear,High,Completed
O08628,C01969,R0001,2025-02-12 16:00:00,1899.14,1,Clear,Medium,Completed
O08629,C00123,R0063,2025-03-03 18:00:00,485.14,6,Rainy,Medium,Completed
O08630,C00874,R0008,2025-03-11 12:00:00,1835.49,5,Clear,Medium,Completed
O08631,C00960,R0028,2025-02-16 09:00:00,1535.47,4,Rainy,Medium,Completed
O08632,C01636,R0089,2025-03-16 03:00:00,799.6,2,Clear,Medium,Completed
O08633,C00214,R0033,2025-03-30 08:00:00,1633.13,4,Cloudy,Low,Cancelled
O08634,C01946,R0053,2025-01-31 02:00:00,353.08,6,Clear,Medium,Completed
O08635,C00839,R0038,2025-03-30 04:00:00,348.87,2,Rainy,Medium,Completed
O08636,C00647,R0052,2025-01-20 14:00:00,1866.88,3,Rainy,Medium,Completed
O08637,C00968,R0078,2025-03-14 06:00:00,280.08,1,Cloudy,Low,Completed
O08638,C01854,R0011,2025-02-21 05:00:00,107.75,6,Clear,Medium,Completed
O08639,C00730,R0002,2025-03-23 01:00:00,839.16,2,Clear,Medium,Completed
O08640,C00600,R0053,2025-01-23 00:00:00,297.32,3,Clear,Medium,Completed
O08641,C00792,R0094,2025-01-06 16:00:00,1739.77,6,Rainy,Low,Completed
O08642,C00040,R0094,2025-03-03 07:00:00,1853.12,6,Clear,High,Completed
O08643,C00752,R0068,2025-03-26 19:00:00,1016.61,4,Clear,Medium,Completed
O08644,C01356,R0077,2025-02-27 18:00:00,908.4,1,Cloudy,Medium,Completed
O08645,C00943,R0007,2025-02-26 23:00:00,1124.17,2,Cloudy,Medium,Completed
O08646,C00648,R0067,2025-03-13 15:00:00,529.77,6,Rainy,Low,Completed
O08647,C00182,R0009,2025-02-13 09:00:00,666.14,6,Rainy,High,Completed
O08648,C00265,R0078,2025-03-14 20:00:00,291.86,2,Rainy,Medium,Completed
O08649,C00771,R0063,2025-01-24 07:00:00,948.26,6,Cloudy,High,Completed
O08650,C01718,R0011,2025-03-07 04:00:00,1262.21,1,Clear,Medium,Completed
O08651,C01557,R0037,2025-02-08 15:00:00,1867.43,6,Rainy,High,Completed
O08652,C00863,R0014,2025-03-15 21:00:00,1504.24,4,Clear,High,Completed
O08653,C00432,R0019,2025-03-17 00:00:00,1473.82,4,Cloudy,High,Cancelled
O08654,C01967,R0008,2025-03-06 13:00:00,685.2,5,Clear,Medium,Completed
O08655,C01220,R0007,2025-03-17 11:00:00,1787.76,6,Clear,Medium,Completed
O08656,C01748,R0059,2025-02-10 19:00:00,1899.22,4,Cloudy,Low,Completed
O08657,C00509,R0063,2025-01-07 22:00:00,1871.3,1,Cloudy,High,Completed
O08658,C00447,R0007,2025-01-07 02:00:00,173.73,3,Clear,Medium,Completed
O08659,C00528,R0055,2025-01-19 12:00:00,1248.27,1,Clear,Medium,Completed
O08660,C01226,R0003,2025-03-30 05:00:00,1322.13,2,Clear,Medium,Cancelled
O08661,C00875,R0067,2025-02-26 07:00:00,660.62,6,Cloudy,Medium,Completed
O08662,C01754,R0018,2025-02-08 06:00:00,1985.58,5,Cloudy,Medium,Completed
O08663,C01629,R0045,2025-02-22 04:00:00,653.26,5,Clear,High,Completed
O08664,C01157,R0097,2025-03-19 03:00:00,511.56,3,Clear,Medium,Completed
O08665,C01163,R0092,2025-03-11 17:00:00,1019.88,6,Cloudy,High,Completed
O08666,C00669,R0036,2025-01-14 06:00:00,713.98,2,Rainy,Low,Completed
O08667,C01517,R0016,2025-01-02 11:00:00,1855.66,4,Rainy,Low,Completed
O08668,C00847,R0079,2025-03-10 21:00:00,936.15,4,Clear,Low,Completed
O08669,C00070,R0029,2025-01-11 14:00:00,879.28,4,Clear,Low,Completed
O08670,C00816,R0059,2025-02-25 16:00:00,1289.14,1,Rainy,Low,Completed
O08671,C01039,R0018,2025-02-10 01:00:00,254.12,4,Clear,Low,Completed
O08672,C01771,R0049,2025-01-14 22:00:00,1537.79,2,Clear,Medium,Cancelled
O08673,C01236,R0046,2025-01-13 09:00:00,1559.96,5,Cloudy,Low,Completed
O08674,C01826,R0083,2025-02-13 12:00:00,1000.65,1,Clear,Medium,Completed
O08675,C01084,R0029,2025-01-20 21:00:00,1915.83,4,Cloudy,High,Completed
O08676,C01276,R0070,2025-03-16 15:00:00,1200.74,2,Cloudy,Medium,Completed
O08677,C00446,R0050,2025-02-10 01:00:00,1420.95,3,Rainy,High,Completed
O08678,C01026,R0055,2025-01-20 13:00:00,1856.26,2,Clear,Medium,Completed
O08679,C01772,R0027,2025-01-25 13:00:00,1366.06,5,Clear,High,Completed
O08680,C01360,R0007,2025-03-24 20:00:00,920.47,2,Cloudy,Medium,Completed
O08681,C00019,R0091,2025-03-07 09:00:00,147.07,2,Clear,High,Completed
O08682,C00561,R0083,2025-01-19 13:00:00,1483.77,1,Cloudy,Medium,Completed
O08683,C01102,R0081,2025-03-25 14:00:00,1933.25,5,Rainy,Medium,Cancelled
O08684,C00472,R0041,2025-03-23 16:00:00,993.45,4,Clear,High,Completed
O08685,C00028,R0011,2025-01-05 02:00:00,745.56,5,Clear,Low,Completed
O08686,C00560,R0005,2025-01-28 06:00:00,1086.59,3,Clear,Medium,Completed
O08687,C00608,R0066,2025-02-14 22:00:00,1484.03,6,Rainy,Medium,Completed
O08688,C01189,R0056,2025-02-26 11:00:00,101.31,5,Cloudy,Medium,Completed
O08689,C00458,R0012,2025-02-08 21:00:00,1785.7,1,Cloudy,Low,Completed
O08690,C00945,R0042,2025-03-02 18:00:00,1784.09,4,Clear,High,Cancelled
O08691,C01901,R0075,2025-02-04 00:00:00,1128.47,5,Cloudy,Medium,Completed
O08692,C01200,R0010,2025-01-28 12:00:00,332.52,6,Clear,Low,Completed
O08693,C01609,R0028,2025-01-25 23:00:00,1376.43,4,Clear,Medium,Completed
O08694,C00984,R0007,2025-02-08 07:00:00,361.91,1,Clear,Low,Completed
O08695,C00868,R0014,2025-03-14 18:00:00,1064.34,2,Clear,High,Completed
O08696,C01016,R0077,2025-03-15 06:00:00,277.9,6,Clear,Low,Completed
O08697,C00029,R0069,2025-03-18 07:00:00,1219.22,3,Rainy,High,Completed
O08698,C01980,R0061,2025-02-18 19:00:00,704.33,5,Rainy,Medium,Completed
O08699,C00669,R0051,2025-01-15 23:00:00,1678.88,4,Clear,Medium,Completed
O08700,C00826,R0042,2025-03-23 23:00:00,1619.9,5,Clear,High,Completed
O08701,C00816,R0008,2025-03-02 00:00:00,1997.1,1,Rainy,High,Completed
O08702,C00279,R0050,2025-03-13 15:00:00,589.26,2,Rainy,Low,Completed
O08703,C00283,R0001,2025-03-07 16:00:00,217.42,1,Cloudy,Medium,Cancelled
O08704,C01503,R0069,2025-01-24 03:00:00,941.71,6,Clear,Medium,Completed
O08705,C01003,R0011,2025-02-21 09:00:00,258.47,4,Clear,Medium,Completed
O08706,C01543,R0048,2025-03-05 23:00:00,439.15,5,Rainy,Medium,Completed
O08707,C00305,R0010,2025-02-11 05:00:00,1234.87,4,Rainy,Medium,Completed
O08708,C00694,R0015,2025-02-07 21:00:00,1225.05,6,Cloudy,High,Completed
O08709,C00109,R0047,2025-03-23 17:00:00,182.32,6,Rainy,Medium,Cancelled
O08710,C00324,R0093,2025-01-01 11:00:00,941.52,1,Clear,Low,Completed
O08711,C01230,R0025,2025-02-10 19:00:00,1107.42,5,Clear,High,Completed
O08712,C01258,R0006,2025-01-12 08:00:00,609.25,4,Clear,Medium,Completed
O08713,C01962,R0011,2025-01-21 07:00:00,1756.88,5,Clear,Low,Completed
O08714,C00458,R0017,2025-03-25 05:00:00,406.09,3,Rainy,Low,Completed
O08715,C01211,R0015,2025-02-13 16:00:00,582.41,1,Rainy,Medium,Completed
O08716,C01964,R0016,2025-01-23 09:00:00,398.29,1,Clear,Low,Completed
O08717,C00482,R0056,2025-03-12 08:00:00,321.44,3,Clear,High,Completed
O08718,C00922,R0066,2025-03-08 11:00:00,1770.06,2,Clear,Low,Completed
O08719,C01431,R0036,2025-01-25 11:00:00,627.93,6,Clear,Medium,Completed
O08720,C01865,R0083,2025-03-14 15:00:00,1472.8,4,Rainy,Medium,Completed
O08721,C01533,R0038,2025-03-12 10:00:00,913.17,2,Clear,Medium,Completed
O08722,C01893,R0085,2025-03-13 11:00:00,1308.16,5,Cloudy,Medium,Cancelled
O08723,C00520,R0075,2025-03-09 09:00:00,1863.53,4,Clear,Medium,Completed
O08724,C01077,R0003,2025-02-13 01:00:00,1704.75,4,Cloudy,Medium,Completed
O08725,C01422,R0098,2025-01-11 02:00:00,231.07,6,Cloudy,Medium,Completed
O08726,C01223,R0018,2025-02-20 01:00:00,1705.88,4,Clear,High,Completed
O08727,C00391,R0079,2025-01-11 16:00:00,958.46,3,Clear,Medium,Completed
O08728,C01673,R0089,2025-03-27 02:00:00,765.28,1,Cloudy,Medium,Completed
O08729,C00771,R0054,2025-01-13 21:00:00,1377.54,3,Cloudy,Medium,Completed
O08730,C01870,R0079,2025-02-21 14:00:00,1905.39,3,Clear,High,Completed
O08731,C00913,R0094,2025-02-15 08:00:00,278.86,3,Clear,Medium,Completed
O08732,C01522,R0017,2025-01-27 11:00:00,1559.35,2,Clear,Medium,Completed
O08733,C01196,R0082,2025-02-03 04:00:00,486.67,3,Rainy,Low,Completed
O08734,C00086,R0095,2025-02-19 00:00:00,822.26,1,Clear,High,Completed
O08735,C00558,R0082,2025-03-28 23:00:00,1760.26,4,Clear,High,Completed
O08736,C00858,R0099,2025-03-13 20:00:00,1137.02,2,Rainy,Medium,Completed
O08737,C01210,R0013,2025-03-16 23:00:00,228.17,6,Rainy,Medium,Completed
O08738,C01180,R0063,2025-03-27 08:00:00,1065.29,3,Clear,Medium,Completed
O08739,C01517,R0014,2025-01-04 06:00:00,1600.32,3,Cloudy,Low,Completed
O08740,C01934,R0059,2025-02-26 06:00:00,1104.87,4,Clear,Medium,Completed
O08741,C01545,R0036,2025-01-26 19:00:00,417.09,4,Clear,High,Completed
O08742,C01651,R0018,2025-03-04 10:00:00,945.58,6,Clear,High,Cancelled
O08743,C00666,R0005,2025-02-27 10:00:00,1856.26,2,Clear,Low,Cancelled
O08744,C01154,R0014,2025-02-17 19:00:00,1350.59,6,Clear,Low,Completed
O08745,C00843,R0025,2025-02-10 17:00:00,1486.78,6,Clear,High,Completed
O08746,C01105,R0044,2025-03-02 07:00:00,1593.28,1,Rainy,High,Completed
O08747,C01408,R0039,2025-03-06 01:00:00,272.32,2,Clear,Low,Completed
O08748,C01826,R0012,2025-03-15 05:00:00,1204.92,4,Clear,Medium,Completed
O08749,C01683,R0061,2025-01-20 21:00:00,814.24,1,Rainy,Medium,Completed
O08750,C00295,R0062,2025-03-20 22:00:00,364.4,3,Clear,Low,Completed
O08751,C00269,R0053,2025-03-10 00:00:00,485.15,6,Clear,Medium,Completed
O08752,C00645,R0053,2025-02-22 07:00:00,1584.2,3,Rainy,Medium,Completed
O08753,C01586,R0028,2025-03-27 00:00:00,406.83,5,Clear,High,Completed
O08754,C00535,R0035,2025-03-07 05:00:00,693.6,4,Cloudy,High,Completed
O08755,C01402,R0065,2025-01-02 05:00:00,641.26,5,Cloudy,High,Completed
O08756,C01400,R0003,2025-01-31 06:00:00,192.4,2,Clear,High,Completed
O08757,C00088,R0043,2025-01-08 04:00:00,978.1,2,Clear,High,Completed
O08758,C00925,R0050,2025-01-20 11:00:00,1555.27,6,Clear,Medium,Completed
O08759,C01648,R0071,2025-03-24 07:00:00,142.09,1,Cloudy,Low,Completed
O08760,C00111,R0009,2025-01-06 04:00:00,313.85,6,Cloudy,Low,Cancelled
O08761,C00584,R0036,2025-03-06 10:00:00,1468.35,4,Clear,Medium,Completed
O08762,C01178,R0023,2025-03-01 03:00:00,1227.8,1,Clear,Medium,Completed
O08763,C01487,R0088,2025-03-20 05:00:00,1458.97,1,Clear,High,Completed
O08764,C01593,R0074,2025-02-12 18:00:00,537.2,2,Rainy,Medium,Completed
O08765,C00769,R0050,2025-01-23 07:00:00,1627.16,2,Clear,Low,Cancelled
O08766,C01180,R0055,2025-01-26 00:00:00,1011.76,6,Rainy,Medium,Completed
O08767,C01649,R0012,2025-02-11 03:00:00,1259.57,4,Clear,High,Completed
O08768,C01342,R0083,2025-01-26 05:00:00,275.09,2,Clear,High,Completed
O08769,C01583,R0032,2025-01-06 18:00:00,489.56,4,Clear,Low,Completed
O08770,C00238,R0024,2025-03-27 17:00:00,1569.38,5,Clear,Low,Completed
O08771,C00334,R0086,2025-03-06 18:00:00,525.43,6,Cloudy,Medium,Completed
O08772,C00106,R0067,2025-01-06 09:00:00,275.81,3,Rainy,Low,Completed
O08773,C01506,R0027,2025-01-17 16:00:00,1234.69,6,Rainy,Medium,Completed
O08774,C01723,R0061,2025-02-21 20:00:00,1141.08,5,Clear,Medium,Completed
O08775,C01695,R0019,2025-01-27 17:00:00,1255.0,2,Clear,Low,Completed
O08776,C01734,R0073,2025-01-19 04:00:00,1274.78,3,Rainy,Low,Completed
O08777,C00382,R0051,2025-03-01 07:00:00,1050.37,3,Rainy,High,Completed
O08778,C00689,R0064,2025-02-17 08:00:00,1038.17,6,Clear,Low,Completed
O08779,C00261,R0077,2025-03-03 11:00:00,1855.91,6,Rainy,Low,Completed
O08780,C01823,R0002,2025-03-07 18:00:00,1114.38,1,Cloudy,Low,Completed
O08781,C01317,R0036,2025-01-03 09:00:00,1272.87,3,Clear,Low,Completed
O08782,C01359,R0093,2025-02-17 08:00:00,607.24,4,Rainy,Medium,Completed
O08783,C00655,R0011,2025-01-30 03:00:00,1755.08,2,Clear,Low,Completed
O08784,C00820,R0098,2025-02-17 17:00:00,146.3,2,Clear,Medium,Completed
O08785,C00709,R0068,2025-03-03 19:00:00,1158.73,1,Cloudy,High,Completed
O08786,C00476,R0068,2025-02-16 04:00:00,829.32,6,Clear,High,Completed
O08787,C01249,R0064,2025-03-10 09:00:00,1247.42,6,Cloudy,Low,Completed
O08788,C00907,R0001,2025-01-17 15:00:00,784.33,1,Cloudy,Low,Completed
O08789,C00555,R0089,2025-03-06 08:00:00,1463.61,2,Clear,Medium,Completed
O08790,C01478,R0026,2025-01-05 11:00:00,138.63,1,Clear,Low,Completed
O08791,C00663,R0011,2025-03-24 16:00:00,871.19,3,Cloudy,High,Completed
O08792,C01320,R0087,2025-03-25 05:00:00,1679.4,3,Rainy,Medium,Completed
O08793,C00575,R0002,2025-01-07 07:00:00,575.38,4,Rainy,Low,Completed
O08794,C00642,R0083,2025-02-07 17:00:00,200.23,6,Clear,High,Completed
O08795,C01791,R0093,2025-02-05 09:00:00,1043.4,1,Cloudy,Low,Completed
O08796,C00463,R0040,2025-03-25 00:00:00,1955.41,2,Clear,Low,Completed
O08797,C00855,R0004,2025-01-02 02:00:00,221.9,6,Clear,High,Completed
O08798,C01238,R0080,2025-01-05 22:00:00,233.11,6,Cloudy,Medium,Completed
O08799,C00585,R0037,2025-01-31 02:00:00,1230.72,5,Clear,High,Completed
O08800,C00943,R0061,2025-01-01 02:00:00,575.13,2,Rainy,Low,Completed
O08801,C00616,R0091,2025-02-03 13:00:00,879.44,6,Rainy,Low,Completed
O08802,C00158,R0005,2025-03-25 00:00:00,1677.96,5,Clear,Low,Completed
O08803,C00272,R0015,2025-02-17 01:00:00,477.81,5,Clear,Low,Completed
O08804,C01851,R0087,2025-02-22 05:00:00,1466.67,4,Rainy,Medium,Completed
O08805,C01262,R0067,2025-01-13 15:00:00,1058.52,5,Clear,Medium,Completed
O08806,C01327,R0082,2025-01-08 08:00:00,1819.42,3,Clear,Medium,Completed
O08807,C01908,R0026,2025-01-04 11:00:00,1948.63,3,Clear,Low,Completed
O08808,C00670,R0006,2025-01-11 22:00:00,1021.43,6,Clear,Medium,Completed
O08809,C00621,R0044,2025-02-20 19:00:00,1210.83,4,Rainy,Low,Completed
O08810,C00521,R0058,2025-02-03 09:00:00,1517.1,2,Clear,High,Completed
O08811,C01345,R0081,2025-02-07 06:00:00,705.48,2,Clear,High,Completed
O08812,C00059,R0046,2025-02-06 08:00:00,530.81,6,Rainy,Medium,Completed
O08813,C01382,R0042,2025-01-17 03:00:00,1932.9,6,Cloudy,Low,Completed
O08814,C00704,R0048,2025-03-18 11:00:00,921.97,2,Cloudy,Medium,Completed
O08815,C00648,R0027,2025-03-25 11:00:00,103.02,2,Clear,High,Completed
O08816,C01275,R0020,2025-02-12 23:00:00,1691.66,3,Clear,Medium,Completed
O08817,C00891,R0070,2025-03-10 17:00:00,1239.36,3,Rainy,Medium,Completed
O08818,C00436,R0035,2025-03-06 04:00:00,420.26,4,Clear,High,Completed
O08819,C00146,R0076,2025-01-19 17:00:00,157.27,4,Rainy,Medium,Completed
O08820,C00859,R0048,2025-01-15 05:00:00,653.82,4,Rainy,Low,Completed
O08821,C00978,R0067,2025-02-15 16:00:00,1862.99,2,Clear,Medium,Completed
O08822,C01376,R0068,2025-02-05 19:00:00,1873.63,2,Rainy,Medium,Completed
O08823,C01594,R0052,2025-01-13 13:00:00,690.91,3,Clear,Low,Completed
O08824,C01713,R0068,2025-03-26 03:00:00,1688.27,3,Rainy,Medium,Completed
O08825,C01824,R0004,2025-02-06 16:00:00,939.51,1,Cloudy,High,Completed
O08826,C00245,R0039,2025-01-03 17:00:00,1343.26,1,Clear,Low,Completed
O08827,C01584,R0021,2025-01-10 13:00:00,735.44,6,Cloudy,High,Completed
O08828,C00301,R0066,2025-02-08 09:00:00,1080.35,2,Rainy,High,Completed
O08829,C00438,R0016,2025-03-18 08:00:00,658.18,6,Cloudy,Low,Completed
O08830,C00868,R0007,2025-01-03 02:00:00,216.12,3,Cloudy,Low,Completed
O08831,C00100,R0083,2025-01-17 02:00:00,364.82,2,Cloudy,Medium,Completed
O08832,C00725,R0097,2025-02-14 05:00:00,652.28,6,Cloudy,Medium,Completed
O08833,C00814,R0009,2025-02-01 08:00:00,1954.88,6,Clear,High,Completed
O08834,C00480,R0017,2025-02-19 20:00:00,1934.78,5,Cloudy,Medium,Completed
O08835,C00415,R0091,2025-03-16 15:00:00,1672.56,1,Clear,Low,Completed
O08836,C00165,R0097,2025-03-03 14:00:00,541.76,4,Clear,Low,Completed
O08837,C01936,R0012,2025-03-29 00:00:00,939.04,2,Clear,Medium,Cancelled
O08838,C01966,R0057,2025-03-23 00:00:00,935.59,5,Rainy,Low,Completed
O08839,C01662,R0045,2025-02-18 00:00:00,835.25,4,Clear,Low,Completed
O08840,C01326,R0011,2025-02-14 21:00:00,185.27,6,Clear,Low,Completed
O08841,C00974,R0013,2025-03-30 21:00:00,1115.6,5,Clear,Low,Completed
O08842,C01145,R0031,2025-02-21 14:00:00,238.34,3,Clear,Low,Completed
O08843,C00088,R0077,2025-01-18 16:00:00,1623.65,3,Clear,High,Cancelled
O08844,C01241,R0026,2025-01-07 16:00:00,1413.48,3,Clear,Medium,Completed
O08845,C00573,R0063,2025-03-07 04:00:00,770.2,6,Rainy,Medium,Completed
O08846,C00814,R0031,2025-01-11 03:00:00,1329.56,4,Clear,Low,Completed
O08847,C00179,R0022,2025-01-08 14:00:00,542.77,4,Rainy,High,Completed
O08848,C01726,R0006,2025-01-23 15:00:00,603.98,3,Clear,Low,Completed
O08849,C00163,R0020,2025-03-07 11:00:00,696.85,6,Cloudy,High,Completed
O08850,C00593,R0085,2025-01-04 20:00:00,1614.32,4,Cloudy,High,Completed
O08851,C01006,R0010,2025-01-07 14:00:00,500.31,3,Cloudy,High,Completed
O08852,C01194,R0083,2025-01-19 05:00:00,1169.28,2,Clear,Medium,Completed
O08853,C00301,R0035,2025-01-13 17:00:00,480.89,3,Cloudy,Medium,Completed
O08854,C00374,R0026,2025-03-24 05:00:00,641.57,6,Clear,High,Completed
O08855,C00708,R0071,2025-02-10 21:00:00,547.41,1,Clear,Medium,Completed
O08856,C00203,R0037,2025-03-20 16:00:00,1325.51,2,Clear,Medium,Completed
O08857,C00047,R0008,2025-01-15 06:00:00,1100.78,6,Clear,Medium,Completed
O08858,C00463,R0005,2025-03-20 16:00:00,1470.47,3,Clear,Low,Completed
O08859,C01694,R0044,2025-03-21 05:00:00,517.89,1,Cloudy,High,Completed
O08860,C00408,R0100,2025-02-17 05:00:00,117.38,3,Rainy,Medium,Completed
O08861,C01218,R0092,2025-01-16 04:00:00,1392.97,2,Clear,Low,Completed
O08862,C00427,R0067,2025-03-22 00:00:00,318.22,3,Clear,Medium,Completed
O08863,C00930,R0072,2025-03-27 22:00:00,567.98,4,Clear,Medium,Completed
O08864,C01815,R0079,2025-01-23 03:00:00,680.8,3,Cloudy,Low,Completed
O08865,C00317,R0091,2025-02-14 19:00:00,1518.92,2,Rainy,Medium,Completed
O08866,C01503,R0049,2025-02-05 14:00:00,1289.19,5,Clear,Low,Completed
O08867,C00421,R0036,2025-01-20 12:00:00,450.1,3,Rainy,Low,Completed
O08868,C01293,R0080,2025-02-26 00:00:00,1235.99,4,Clear,Medium,Completed
O08869,C01505,R0026,2025-02-06 14:00:00,1445.48,2,Clear,Medium,Completed
O08870,C01735,R0045,2025-01-16 06:00:00,838.9,1,Clear,Medium,Completed
O08871,C01760,R0061,2025-03-25 10:00:00,567.31,5,Clear,Medium,Completed
O08872,C00263,R0044,2025-01-27 16:00:00,1390.07,6,Clear,High,Completed
O08873,C01450,R0004,2025-02-05 21:00:00,1260.69,3,Clear,Low,Completed
O08874,C00166,R0076,2025-03-01 18:00:00,248.03,2,Cloudy,Medium,Completed
O08875,C01716,R0081,2025-01-25 12:00:00,1366.69,4,Clear,High,Completed
O08876,C00428,R0058,2025-02-25 09:00:00,1028.18,4,Clear,Low,Cancelled
O08877,C01728,R0026,2025-01-04 19:00:00,1531.4,2,Clear,Low,Completed
O08878,C00397,R0095,2025-01-20 01:00:00,462.36,4,Rainy,Low,Completed
O08879,C01240,R0079,2025-02-14 19:00:00,590.61,6,Clear,Low,Completed
O08880,C00796,R0098,2025-03-20 12:00:00,1132.29,5,Clear,Low,Completed
O08881,C01888,R0029,2025-02-17 16:00:00,1015.29,1,Clear,Medium,Completed
O08882,C00107,R0009,2025-03-25 02:00:00,834.09,4,Clear,Medium,Completed
O08883,C00098,R0078,2025-03-21 18:00:00,1517.46,4,Clear,Low,Completed
O08884,C01904,R0036,2025-03-26 23:00:00,1173.03,1,Clear,Low,Completed
O08885,C01506,R0004,2025-03-05 03:00:00,1449.52,5,Clear,Medium,Completed
O08886,C01523,R0059,2025-02-28 11:00:00,391.18,5,Rainy,High,Completed
O08887,C01254,R0037,2025-01-17 02:00:00,1485.08,5,Rainy,Low,Completed
O08888,C01281,R0088,2025-03-24 13:00:00,976.9,6,Rainy,Medium,Completed
O08889,C00043,R0081,2025-03-09 22:00:00,164.16,4,Rainy,Low,Completed
O08890,C00242,R0013,2025-03-12 04:00:00,545.53,4,Cloudy,Medium,Completed
O08891,C01578,R0020,2025-02-24 16:00:00,148.94,5,Rainy,Low,Completed
O08892,C00095,R0017,2025-03-16 16:00:00,968.06,4,Clear,Low,Completed
O08893,C01970,R0051,2025-01-16 10:00:00,719.17,3,Cloudy,Medium,Completed
O08894,C01790,R0091,2025-02-02 03:00:00,1976.15,4,Rainy,High,Completed
O08895,C00188,R0055,2025-03-12 05:00:00,1750.16,6,Cloudy,Medium,Completed
O08896,C00385,R0033,2025-01-09 12:00:00,1668.77,5,Rainy,High,Completed
O08897,C00819,R0021,2025-02-09 17:00:00,1052.12,2,Clear,Medium,Completed
O08898,C01424,R0081,2025-02-04 08:00:00,1633.47,5,Clear,Medium,Completed
O08899,C01530,R0022,2025-01-10 05:00:00,607.05,2,Clear,Medium,Completed
O08900,C01191,R0025,2025-02-19 15:00:00,1165.23,4,Clear,Low,Completed
O08901,C01807,R0067,2025-02-14 23:00:00,846.54,4,Rainy,Medium,Completed
O08902,C01149,R0091,2025-03-08 14:00:00,425.55,6,Rainy,High,Completed
O08903,C01697,R0091,2025-03-21 12:00:00,237.97,2,Cloudy,High,Completed
O08904,C00087,R0012,2025-01-07 22:00:00,1160.61,5,Clear,Medium,Completed
O08905,C01845,R0015,2025-03-06 06:00:00,285.51,1,Clear,Medium,Completed
O08906,C00489,R0084,2025-01-06 21:00:00,1464.21,1,Cloudy,Medium,Completed
O08907,C00226,R0086,2025-01-04 17:00:00,1850.79,5,Clear,Medium,Completed
O08908,C01681,R0002,2025-01-13 22:00:00,408.0,4,Clear,High,Completed
O08909,C00345,R0004,2025-02-28 02:00:00,994.78,2,Clear,Low,Cancelled
O08910,C01784,R0045,2025-02-20 09:00:00,1503.67,2,Cloudy,High,Completed
O08911,C01898,R0013,2025-02-06 18:00:00,645.0,5,Rainy,Medium,Completed
O08912,C00518,R0055,2025-02-01 16:00:00,1849.45,5,Clear,Medium,Completed
O08913,C01055,R0032,2025-02-26 15:00:00,1788.08,3,Clear,Low,Completed
O08914,C01733,R0022,2025-03-06 02:00:00,297.13,6,Cloudy,Low,Completed
O08915,C01768,R0089,2025-01-07 04:00:00,152.06,2,Clear,High,Completed
O08916,C00296,R0091,2025-01-30 18:00:00,1955.27,6,Rainy,High,Completed
O08917,C00414,R0055,2025-03-01 09:00:00,1917.3,3,Clear,High,Completed
O08918,C01861,R0017,2025-03-13 13:00:00,902.34,4,Rainy,Medium,Completed
O08919,C01996,R0070,2025-02-26 10:00:00,196.07,2,Clear,Medium,Completed
O08920,C00135,R0051,2025-02-22 02:00:00,1275.86,6,Cloudy,Low,Completed
O08921,C00525,R0080,2025-03-18 03:00:00,657.48,5,Clear,Low,Completed
O08922,C01009,R0008,2025-03-05 20:00:00,1879.77,5,Rainy,Medium,Completed
O08923,C00004,R0061,2025-03-04 13:00:00,1609.86,4,Clear,High,Completed
O08924,C00178,R0097,2025-03-02 11:00:00,1334.23,6,Clear,Medium,Completed
O08925,C00746,R0010,2025-01-19 17:00:00,640.56,6,Rainy,High,Completed
O08926,C00259,R0098,2025-03-18 11:00:00,1432.41,1,Clear,Low,Completed
O08927,C00652,R0019,2025-01-04 17:00:00,649.42,3,Rainy,High,Completed
O08928,C01089,R0014,2025-01-08 07:00:00,171.5,5,Rainy,High,Completed
O08929,C01819,R0067,2025-03-02 03:00:00,1066.03,6,Clear,Low,Completed
O08930,C01387,R0055,2025-03-15 03:00:00,1028.5,2,Clear,Medium,Completed
O08931,C01842,R0061,2025-03-25 21:00:00,1549.71,6,Cloudy,Medium,Completed
O08932,C01741,R0056,2025-02-23 17:00:00,1744.78,2,Rainy,Medium,Completed
O08933,C01041,R0063,2025-01-21 23:00:00,773.49,2,Clear,High,Completed
O08934,C01224,R0087,2025-02-09 19:00:00,954.0,4,Cloudy,Medium,Completed
O08935,C00544,R0011,2025-02-24 04:00:00,993.76,1,Clear,Low,Completed
O08936,C01236,R0047,2025-03-03 01:00:00,716.03,3,Cloudy,Low,Completed
O08937,C00435,R0006,2025-01-18 16:00:00,1512.44,2,Clear,Medium,Completed
O08938,C01297,R0034,2025-03-21 01:00:00,1091.99,2,Clear,Medium,Completed
O08939,C00290,R0065,2025-02-13 21:00:00,1836.52,5,Cloudy,High,Completed
O08940,C00803,R0099,2025-02-07 17:00:00,1335.59,1,Rainy,High,Completed
O08941,C00483,R0089,2025-03-20 14:00:00,502.6,5,Clear,High,Cancelled
O08942,C00234,R0064,2025-01-28 02:00:00,413.14,4,Clear,Low,Completed
O08943,C00408,R0093,2025-02-11 13:00:00,807.53,4,Cloudy,Low,Completed
O08944,C00694,R0087,2025-03-22 06:00:00,759.16,3,Cloudy,Low,Completed
O08945,C01170,R0082,2025-02-20 10:00:00,873.55,4,Cloudy,Low,Completed
O08946,C00562,R0078,2025-01-16 08:00:00,448.82,3,Clear,High,Completed
O08947,C00430,R0081,2025-03-27 07:00:00,1958.62,5,Clear,High,Completed
O08948,C00432,R0066,2025-01-11 18:00:00,376.85,2,Clear,Medium,Completed
O08949,C01639,R0031,2025-03-10 04:00:00,1340.03,2,Rainy,High,Cancelled
O08950,C01569,R0083,2025-03-07 07:00:00,124.83,1,Cloudy,Medium,Completed
O08951,C00497,R0096,2025-02-17 16:00:00,873.23,4,Clear,Medium,Completed
O08952,C00983,R0062,2025-01-01 17:00:00,687.45,1,Clear,Medium,Completed
O08953,C01113,R0054,2025-02-25 12:00:00,825.85,1,Clear,Medium,Completed
O08954,C00997,R0092,2025-03-21 07:00:00,1046.35,2,Clear,Low,Completed
O08955,C01435,R0008,2025-03-11 00:00:00,1240.71,4,Cloudy,Low,Completed
O08956,C00897,R0042,2025-01-05 13:00:00,1208.67,2,Rainy,Medium,Completed
O08957,C01877,R0041,2025-01-14 18:00:00,1298.36,6,Cloudy,Medium,Cancelled
O08958,C00827,R0059,2025-03-08 12:00:00,1704.64,1,Cloudy,High,Completed
O08959,C01265,R0040,2025-02-09 09:00:00,1784.76,4,Cloudy,Medium,Completed
O08960,C00778,R0022,2025-02-23 15:00:00,1500.78,6,Clear,High,Completed
O08961,C00223,R0024,2025-01-12 03:00:00,249.99,6,Clear,High,Completed
O08962,C01772,R0038,2025-01-19 02:00:00,1926.46,6,Rainy,Medium,Completed
O08963,C01689,R0002,2025-03-26 19:00:00,1900.06,2,Clear,Low,Completed
O08964,C00468,R0041,2025-03-22 21:00:00,1452.24,3,Rainy,Medium,Completed
O08965,C00569,R0019,2025-03-09 05:00:00,1083.13,6,Clear,High,Completed
O08966,C01346,R0002,2025-01-30 22:00:00,576.17,3,Cloudy,Medium,Cancelled
O08967,C00375,R0092,2025-01-31 20:00:00,1537.07,5,Clear,High,Completed
O08968,C01136,R0096,2025-03-08 15:00:00,1767.93,5,Clear,High,Completed
O08969,C00527,R0062,2025-02-26 05:00:00,1363.86,4,Rainy,Low,Completed
O08970,C00412,R0083,2025-03-08 06:00:00,1295.24,5,Cloudy,Medium,Completed
O08971,C00269,R0016,2025-02-03 12:00:00,466.71,4,Clear,High,Completed
O08972,C00626,R0094,2025-01-18 08:00:00,779.81,1,Clear,Low,Completed
O08973,C01276,R0022,2025-02-06 17:00:00,1473.96,3,Rainy,Medium,Completed
O08974,C01012,R0014,2025-02-02 22:00:00,132.11,4,Rainy,Low,Completed
O08975,C01398,R0056,2025-03-24 07:00:00,1318.4,1,Clear,Low,Completed
O08976,C01678,R0065,2025-03-13 22:00:00,1556.67,3,Clear,Low,Completed
O08977,C01650,R0045,2025-03-22 07:00:00,735.94,2,Clear,Medium,Completed
O08978,C00450,R0054,2025-03-17 08:00:00,244.72,1,Clear,High,Completed
O08979,C00802,R0066,2025-03-09 22:00:00,1656.33,2,Clear,Medium,Cancelled
O08980,C01893,R0086,2025-02-15 18:00:00,369.49,5,Rainy,High,Completed
O08981,C01561,R0046,2025-02-23 18:00:00,804.52,4,Clear,Medium,Completed
O08982,C01392,R0033,2025-03-18 20:00:00,1443.78,3,Clear,High,Completed
O08983,C00822,R0079,2025-01-18 17:00:00,1652.27,5,Clear,High,Completed
O08984,C00255,R0050,2025-02-06 18:00:00,1738.53,1,Clear,Medium,Completed
O08985,C01487,R0022,2025-03-18 13:00:00,1107.79,5,Clear,Low,Completed
O08986,C01292,R0040,2025-02-02 17:00:00,1004.16,2,Clear,High,Completed
O08987,C00126,R0039,2025-01-23 06:00:00,1711.8,2,Clear,Medium,Cancelled
O08988,C01417,R0041,2025-03-10 02:00:00,1169.85,6,Clear,Medium,Completed
O08989,C00762,R0075,2025-01-12 20:00:00,1199.44,4,Clear,Medium,Completed
O08990,C00799,R0068,2025-02-17 01:00:00,924.55,5,Rainy,High,Completed
O08991,C01358,R0007,2025-01-21 23:00:00,808.35,6,Cloudy,Low,Cancelled
O08992,C00565,R0085,2025-01-02 21:00:00,1013.03,3,Cloudy,Low,Completed
O08993,C01392,R0071,2025-03-03 06:00:00,793.21,2,Clear,Low,Completed
O08994,C01579,R0004,2025-02-18 15:00:00,752.74,1,Clear,Low,Completed
O08995,C01702,R0076,2025-01-23 08:00:00,1987.96,5,Cloudy,Low,Completed
O08996,C01578,R0091,2025-01-03 13:00:00,738.81,3,Cloudy,Medium,Completed
O08997,C01916,R0059,2025-03-15 13:00:00,587.13,3,Rainy,Low,Completed
O08998,C00456,R0081,2025-02-16 01:00:00,772.46,3,Clear,Low,Completed
O08999,C01712,R0084,2025-01-09 18:00:00,1222.48,3,Clear,Medium,Completed
O09000,C01091,R0095,2025-01-30 12:00:00,1830.88,6,Clear,Medium,Completed
O09001,C01090,R0026,2025-03-26 11:00:00,1596.94,2,Clear,Medium,Completed
O09002,C00912,R0031,2025-01-16 16:00:00,1700.26,4,Clear,Low,Cancelled
O09003,C01619,R0099,2025-02-19 09:00:00,1732.12,5,Clear,Medium,Completed
O09004,C00862,R0073,2025-03-29 03:00:00,1849.0,2,Cloudy,Medium,Completed
O09005,C00617,R0069,2025-02-02 18:00:00,546.64,4,Cloudy,Medium,Completed
O09006,C00400,R0052,2025-01-31 12:00:00,970.9,3,Clear,Low,Completed
O09007,C00287,R0072,2025-02-10 07:00:00,831.88,1,Clear,Medium,Completed
O09008,C01910,R0021,2025-01-22 17:00:00,825.57,3,Clear,Medium,Completed
O09009,C00186,R0016,2025-02-14 22:00:00,1339.34,4,Cloudy,High,Cancelled
O09010,C00284,R0051,2025-01-22 19:00:00,863.43,4,Cloudy,Medium,Completed
O09011,C01540,R0016,2025-01-20 11:00:00,1271.03,1,Rainy,High,Completed
O09012,C00650,R0018,2025-03-08 00:00:00,826.33,6,Cloudy,High,Completed
O09013,C00691,R0047,2025-02-20 10:00:00,691.14,2,Clear,Low,Completed
O09014,C00237,R0056,2025-03-24 18:00:00,770.85,6,Clear,Medium,Completed
O09015,C01042,R0028,2025-03-14 20:00:00,1627.14,1,Cloudy,Low,Completed
O09016,C00815,R0082,2025-02-01 13:00:00,1242.0,3,Rainy,Medium,Completed
O09017,C00928,R0078,2025-02-19 01:00:00,1950.6,5,Clear,Low,Completed
O09018,C00414,R0056,2025-02-08 06:00:00,1682.05,2,Cloudy,Low,Completed
O09019,C01956,R0037,2025-02-16 15:00:00,1022.98,5,Clear,High,Cancelled
O09020,C00009,R0016,2025-01-30 09:00:00,560.52,5,Rainy,Medium,Completed
O09021,C00420,R0085,2025-03-23 14:00:00,1380.43,2,Cloudy,High,Completed
O09022,C00029,R0065,2025-02-04 17:00:00,1480.63,3,Clear,Low,Completed
O09023,C01680,R0060,2025-01-17 14:00:00,981.93,6,Rainy,Low,Completed
O09024,C00348,R0061,2025-03-17 07:00:00,536.85,4,Rainy,Low,Completed
O09025,C00661,R0011,2025-02-28 07:00:00,1158.75,3,Clear,Medium,Cancelled
O09026,C00576,R0075,2025-01-14 15:00:00,582.28,6,Clear,High,Completed
O09027,C01903,R0066,2025-02-23 23:00:00,1886.0,4,Rainy,Medium,Completed
O09028,C00450,R0032,2025-03-09 12:00:00,1294.88,4,Cloudy,Low,Completed
O09029,C00380,R0019,2025-02-13 09:00:00,654.67,2,Rainy,Medium,Completed
O09030,C00699,R0056,2025-02-08 06:00:00,509.89,2,Clear,Medium,Completed
O09031,C00366,R0005,2025-01-04 04:00:00,1461.77,1,Cloudy,Medium,Completed
O09032,C01251,R0003,2025-02-14 16:00:00,1444.81,6,Cloudy,Medium,Completed
O09033,C01142,R0028,2025-03-02 09:00:00,1234.55,5,Clear,Medium,Completed
O09034,C00412,R0090,2025-03-15 19:00:00,1267.17,5,Rainy,High,Completed
O09035,C00951,R0087,2025-03-07 19:00:00,1247.35,5,Cloudy,Medium,Completed
O09036,C00356,R0094,2025-02-12 09:00:00,784.2,5,Cloudy,Medium,Completed
O09037,C00254,R0072,2025-01-06 08:00:00,1881.09,1,Clear,Medium,Completed
O09038,C01567,R0100,2025-01-22 14:00:00,1010.63,4,Cloudy,Medium,Completed
O09039,C01697,R0029,2025-02-17 07:00:00,138.62,1,Rainy,High,Cancelled
O09040,C00727,R0077,2025-02-07 23:00:00,761.89,6,Rainy,Medium,Completed
O09041,C01468,R0059,2025-02-03 23:00:00,347.54,2,Rainy,Medium,Completed
O09042,C00681,R0025,2025-02-10 13:00:00,790.43,3,Clear,High,Completed
O09043,C01105,R0022,2025-03-23 18:00:00,1255.7,4,Clear,Medium,Completed
O09044,C01070,R0097,2025-02-15 09:00:00,143.06,4,Cloudy,Medium,Completed
O09045,C01073,R0071,2025-03-17 00:00:00,1753.38,1,Rainy,Medium,Completed
O09046,C01473,R0023,2025-02-03 16:00:00,1259.59,2,Cloudy,High,Completed
O09047,C00810,R0070,2025-02-25 22:00:00,661.21,2,Clear,Low,Completed
O09048,C01431,R0079,2025-02-13 05:00:00,691.29,6,Cloudy,High,Completed
O09049,C01904,R0079,2025-01-24 17:00:00,984.77,4,Cloudy,Low,Completed
O09050,C01307,R0040,2025-02-10 09:00:00,571.37,1,Clear,Low,Cancelled
O09051,C00473,R0098,2025-03-20 07:00:00,108.25,5,Clear,High,Completed
O09052,C00416,R0014,2025-01-26 09:00:00,150.46,4,Clear,Low,Completed
O09053,C00979,R0029,2025-03-24 15:00:00,779.71,5,Clear,Low,Completed
O09054,C00600,R0016,2025-01-17 03:00:00,336.02,3,Clear,Medium,Completed
O09055,C01145,R0093,2025-03-12 17:00:00,142.49,2,Clear,Medium,Completed
O09056,C01027,R0087,2025-02-01 14:00:00,1732.61,4,Clear,High,Completed
O09057,C01340,R0010,2025-03-19 13:00:00,620.86,3,Clear,High,Completed
O09058,C00460,R0047,2025-01-22 11:00:00,1055.93,5,Cloudy,Medium,Completed
O09059,C01251,R0004,2025-03-18 17:00:00,440.88,4,Clear,Medium,Completed
O09060,C00079,R0012,2025-01-02 20:00:00,188.78,3,Clear,Low,Completed
O09061,C01681,R0042,2025-03-02 02:00:00,1515.25,4,Rainy,Medium,Completed
O09062,C01778,R0098,2025-01-31 02:00:00,337.42,3,Rainy,Medium,Completed
O09063,C01568,R0004,2025-02-01 11:00:00,148.86,3,Clear,Low,Completed
O09064,C00775,R0084,2025-03-21 12:00:00,1215.74,5,Clear,Medium,Cancelled
O09065,C01747,R0092,2025-01-17 01:00:00,125.59,2,Clear,Low,Completed
O09066,C01095,R0092,2025-03-26 14:00:00,928.94,1,Rainy,High,Completed
O09067,C00896,R0006,2025-01-15 23:00:00,648.79,3,Clear,High,Completed
O09068,C01221,R0014,2025-03-04 03:00:00,706.89,2,Clear,Low,Completed
O09069,C00058,R0035,2025-02-10 22:00:00,107.41,6,Clear,Medium,Completed
O09070,C01448,R0047,2025-03-23 23:00:00,1932.26,1,Clear,Low,Completed
O09071,C01493,R0058,2025-01-09 12:00:00,1082.23,5,Cloudy,Medium,Completed
O09072,C00624,R0065,2025-02-14 16:00:00,1187.77,4,Clear,Medium,Completed
O09073,C00048,R0019,2025-01-16 05:00:00,1365.63,2,Clear,Low,Completed
O09074,C01459,R0057,2025-03-30 13:00:00,1615.29,4,Cloudy,Medium,Completed
O09075,C01209,R0065,2025-02-02 00:00:00,1255.03,4,Cloudy,High,Completed
O09076,C01903,R0013,2025-02-11 02:00:00,1548.18,1,Clear,Low,Completed
O09077,C00839,R0008,2025-01-18 08:00:00,952.6,6,Clear,Medium,Completed
O09078,C00165,R0018,2025-03-02 21:00:00,805.42,2,Clear,High,Completed
O09079,C01751,R0035,2025-02-18 14:00:00,1663.95,3,Rainy,High,Completed
O09080,C01355,R0087,2025-01-09 04:00:00,1744.09,6,Cloudy,High,Completed
O09081,C00330,R0026,2025-02-27 21:00:00,361.83,1,Clear,Low,Cancelled
O09082,C01145,R0038,2025-02-20 15:00:00,1131.05,2,Clear,High,Completed
O09083,C00213,R0084,2025-03-28 07:00:00,1398.92,3,Cloudy,Medium,Completed
O09084,C01847,R0066,2025-02-15 18:00:00,258.84,4,Clear,High,Completed
O09085,C00507,R0026,2025-03-21 05:00:00,1866.23,5,Clear,High,Completed
O09086,C01577,R0057,2025-03-11 13:00:00,1088.21,5,Cloudy,Medium,Completed
O09087,C01889,R0100,2025-03-01 01:00:00,1326.37,1,Rainy,Medium,Completed
O09088,C00916,R0025,2025-01-02 12:00:00,438.66,6,Rainy,Medium,Completed
O09089,C00801,R0030,2025-02-11 08:00:00,602.43,3,Clear,High,Completed
O09090,C00168,R0082,2025-03-08 02:00:00,329.9,3,Rainy,High,Completed
O09091,C00995,R0007,2025-01-24 19:00:00,601.6,5,Clear,High,Completed
O09092,C01570,R0027,2025-01-13 18:00:00,1035.55,3,Clear,Medium,Completed
O09093,C00830,R0011,2025-03-29 21:00:00,1683.9,2,Clear,Medium,Completed
O09094,C00996,R0008,2025-01-13 16:00:00,1114.07,2,Cloudy,Low,Completed
O09095,C00987,R0011,2025-03-15 15:00:00,564.48,5,Clear,High,Completed
O09096,C00787,R0088,2025-02-08 19:00:00,184.78,4,Clear,Low,Completed
O09097,C00427,R0030,2025-03-03 03:00:00,1281.74,4,Clear,High,Completed
O09098,C01733,R0094,2025-03-06 06:00:00,898.3,4,Clear,High,Completed
O09099,C01727,R0015,2025-03-25 00:00:00,1970.27,5,Rainy,Low,Completed
O09100,C01245,R0056,2025-02-03 04:00:00,1581.54,1,Cloudy,Medium,Completed
O09101,C01016,R0035,2025-03-05 22:00:00,1635.89,3,Clear,Low,Completed
O09102,C01034,R0039,2025-02-01 02:00:00,123.25,2,Rainy,Medium,Completed
O09103,C01144,R0024,2025-01-19 20:00:00,1577.81,6,Clear,Low,Completed
O09104,C01659,R0008,2025-02-04 14:00:00,469.77,2,Cloudy,Low,Completed
O09105,C01271,R0043,2025-02-01 13:00:00,1213.01,6,Clear,Medium,Completed
O09106,C01384,R0042,2025-02-05 20:00:00,950.1,1,Clear,Low,Completed
O09107,C01933,R0084,2025-03-24 07:00:00,1186.05,3,Clear,Medium,Completed
O09108,C01245,R0041,2025-03-06 16:00:00,353.54,4,Clear,Medium,Completed
O09109,C00773,R0047,2025-03-21 22:00:00,968.09,6,Rainy,Medium,Completed
O09110,C01530,R0026,2025-02-04 02:00:00,170.19,2,Cloudy,Low,Completed
O09111,C01082,R0052,2025-02-28 00:00:00,177.9,4,Cloudy,Low,Completed
O09112,C01851,R0088,2025-03-20 07:00:00,1349.7,4,Rainy,Low,Completed
O09113,C01484,R0022,2025-01-16 20:00:00,1908.23,5,Cloudy,Medium,Completed
O09114,C01152,R0005,2025-02-21 18:00:00,1577.05,5,Clear,Low,Completed
O09115,C01723,R0015,2025-01-28 00:00:00,991.4,3,Rainy,High,Completed
O09116,C00717,R0036,2025-01-11 05:00:00,206.15,2,Clear,Medium,Completed
O09117,C00086,R0063,2025-01-24 12:00:00,185.54,5,Clear,Low,Completed
O09118,C00104,R0093,2025-02-04 04:00:00,400.0,3,Cloudy,Low,Completed
O09119,C00143,R0079,2025-01-20 15:00:00,1954.04,1,Clear,Medium,Completed
O09120,C00205,R0091,2025-03-26 00:00:00,857.46,4,Clear,High,Completed
O09121,C00641,R0049,2025-01-06 01:00:00,1702.47,2,Clear,Medium,Completed
O09122,C01782,R0055,2025-02-26 05:00:00,1439.77,2,Clear,Low,Completed
O09123,C01062,R0072,2025-02-02 12:00:00,1250.31,3,Clear,High,Completed
O09124,C01387,R0060,2025-01-06 00:00:00,1900.87,5,Cloudy,High,Completed
O09125,C01645,R0057,2025-03-30 22:00:00,537.78,4,Clear,Low,Completed
O09126,C01333,R0029,2025-03-20 13:00:00,964.29,4,Cloudy,High,Completed
O09127,C01076,R0019,2025-02-27 15:00:00,1742.97,2,Rainy,Medium,Completed
O09128,C00001,R0095,2025-03-18 12:00:00,1148.35,2,Cloudy,Medium,Completed
O09129,C00011,R0073,2025-01-02 22:00:00,568.25,4,Cloudy,Medium,Completed
O09130,C01850,R0010,2025-03-24 00:00:00,496.94,1,Clear,Low,Completed
O09131,C00747,R0010,2025-03-18 09:00:00,1530.47,3,Cloudy,Medium,Completed
O09132,C01664,R0097,2025-02-28 06:00:00,124.3,1,Rainy,Medium,Completed
O09133,C01960,R0089,2025-03-20 05:00:00,1836.96,5,Clear,Low,Cancelled
O09134,C01238,R0057,2025-01-31 10:00:00,134.99,1,Clear,High,Completed
O09135,C00956,R0054,2025-01-05 14:00:00,1298.88,1,Cloudy,Low,Completed
O09136,C00755,R0056,2025-02-22 02:00:00,1249.02,5,Cloudy,Medium,Completed
O09137,C01580,R0068,2025-03-17 10:00:00,1198.98,6,Rainy,Low,Completed
O09138,C00518,R0069,2025-01-06 14:00:00,1001.25,6,Cloudy,Medium,Completed
O09139,C01692,R0087,2025-02-24 22:00:00,1719.62,3,Rainy,Medium,Completed
O09140,C01439,R0055,2025-01-26 09:00:00,1352.73,4,Clear,High,Completed
O09141,C01032,R0069,2025-02-14 01:00:00,1585.54,1,Clear,Low,Completed
O09142,C00005,R0072,2025-03-24 20:00:00,319.49,3,Cloudy,Medium,Completed
O09143,C01386,R0081,2025-01-24 07:00:00,194.81,5,Clear,Medium,Completed
O09144,C00694,R0001,2025-01-11 18:00:00,154.2,6,Clear,Low,Completed
O09145,C00112,R0012,2025-03-10 16:00:00,379.69,3,Clear,High,Completed
O09146,C01004,R0035,2025-02-08 03:00:00,1367.31,6,Cloudy,Low,Completed
O09147,C00273,R0078,2025-01-10 21:00:00,1038.64,1,Rainy,Medium,Completed
O09148,C00422,R0082,2025-01-29 15:00:00,1529.28,4,Clear,Low,Completed
O09149,C00265,R0074,2025-03-09 02:00:00,464.29,5,Rainy,Medium,Completed
O09150,C01482,R0079,2025-02-18 06:00:00,797.23,5,Clear,High,Completed
O09151,C00212,R0033,2025-03-30 17:00:00,1788.15,1,Rainy,Medium,Completed
O09152,C01102,R0083,2025-01-25 18:00:00,1877.86,6,Rainy,High,Completed
O09153,C00782,R0098,2025-03-14 22:00:00,1851.29,3,Rainy,Low,Completed
O09154,C00666,R0025,2025-01-17 18:00:00,1654.78,4,Clear,Medium,Completed
O09155,C01245,R0016,2025-02-04 05:00:00,1407.65,5,Clear,Low,Completed
O09156,C00369,R0008,2025-03-16 06:00:00,1835.99,1,Clear,Medium,Completed
O09157,C00958,R0035,2025-03-12 17:00:00,1456.95,1,Clear,Medium,Completed
O09158,C00347,R0085,2025-03-01 22:00:00,1912.48,2,Rainy,Low,Completed
O09159,C00025,R0083,2025-02-19 14:00:00,147.1,6,Rainy,Medium,Completed
O09160,C00976,R0046,2025-03-09 05:00:00,1851.12,2,Rainy,High,Completed
O09161,C01444,R0011,2025-01-21 04:00:00,1155.91,3,Clear,High,Completed
O09162,C01378,R0061,2025-03-06 19:00:00,312.42,1,Clear,Low,Completed
O09163,C01744,R0044,2025-02-07 12:00:00,508.33,6,Clear,Low,Completed
O09164,C00417,R0011,2025-03-03 00:00:00,1719.1,3,Clear,Medium,Completed
O09165,C00515,R0011,2025-01-27 19:00:00,1061.62,3,Clear,High,Cancelled
O09166,C00215,R0022,2025-02-02 18:00:00,1967.35,4,Clear,Medium,Completed
O09167,C01931,R0085,2025-01-01 17:00:00,323.31,2,Clear,High,Completed
O09168,C01136,R0091,2025-03-23 12:00:00,883.76,3,Clear,Medium,Completed
O09169,C00954,R0082,2025-02-01 11:00:00,730.56,4,Rainy,Low,Completed
O09170,C01728,R0062,2025-01-29 14:00:00,1080.66,4,Cloudy,Low,Completed
O09171,C00914,R0048,2025-03-26 20:00:00,1303.53,6,Cloudy,High,Completed
O09172,C01583,R0094,2025-01-26 00:00:00,1357.1,2,Clear,Low,Completed
O09173,C00428,R0063,2025-02-13 11:00:00,102.46,2,Clear,Low,Completed
O09174,C00733,R0051,2025-02-26 05:00:00,269.02,1,Rainy,High,Completed
O09175,C00699,R0045,2025-02-27 11:00:00,166.62,3,Clear,Low,Completed
O09176,C01586,R0033,2025-01-19 00:00:00,1742.74,4,Cloudy,High,Cancelled
O09177,C01733,R0085,2025-02-13 09:00:00,695.26,1,Clear,Medium,Completed
O09178,C00216,R0060,2025-03-07 13:00:00,797.42,6,Rainy,Medium,Cancelled
O09179,C00413,R0002,2025-01-16 15:00:00,955.71,3,Rainy,High,Completed
O09180,C01757,R0013,2025-03-09 16:00:00,1713.68,3,Clear,High,Completed
O09181,C00380,R0066,2025-02-26 19:00:00,126.92,1,Rainy,Low,Cancelled
O09182,C01626,R0057,2025-02-12 02:00:00,325.37,4,Cloudy,High,Completed
O09183,C00232,R0043,2025-01-30 19:00:00,1401.81,1,Cloudy,Medium,Completed
O09184,C00835,R0045,2025-02-22 08:00:00,1931.4,3,Clear,Medium,Completed
O09185,C00258,R0031,2025-02-16 23:00:00,1321.29,1,Clear,High,Completed
O09186,C01689,R0010,2025-02-12 15:00:00,596.13,1,Rainy,Low,Completed
O09187,C01280,R0023,2025-01-10 04:00:00,1087.74,6,Clear,High,Completed
O09188,C00403,R0086,2025-03-24 17:00:00,1952.46,3,Rainy,Medium,Completed
O09189,C00424,R0029,2025-02-13 17:00:00,1103.35,2,Clear,Low,Completed
O09190,C00770,R0097,2025-02-15 07:00:00,809.66,6,Clear,Low,Completed
O09191,C00065,R0031,2025-02-04 09:00:00,828.51,4,Cloudy,Medium,Completed
O09192,C00190,R0078,2025-02-18 02:00:00,1937.36,3,Clear,Medium,Completed
O09193,C01627,R0074,2025-01-02 05:00:00,1465.94,6,Rainy,High,Completed
O09194,C00950,R0018,2025-02-02 18:00:00,1405.63,6,Clear,High,Completed
O09195,C00173,R0011,2025-01-01 09:00:00,540.9,2,Clear,Medium,Completed
O09196,C00759,R0047,2025-02-18 18:00:00,1163.02,1,Cloudy,Low,Completed
O09197,C01792,R0003,2025-03-10 10:00:00,777.82,2,Cloudy,Medium,Completed
O09198,C00628,R0002,2025-02-26 20:00:00,556.38,3,Rainy,Medium,Completed
O09199,C00561,R0054,2025-03-06 05:00:00,1801.55,6,Clear,Low,Completed
O09200,C01251,R0072,2025-01-03 02:00:00,828.0,6,Clear,High,Completed
O09201,C01001,R0031,2025-01-17 13:00:00,637.3,3,Cloudy,High,Completed
O09202,C01605,R0008,2025-01-14 01:00:00,1870.27,1,Clear,High,Completed
O09203,C01958,R0043,2025-01-22 09:00:00,474.96,6,Clear,Low,Completed
O09204,C01412,R0048,2025-01-23 01:00:00,1516.46,3,Rainy,Medium,Completed
O09205,C00401,R0002,2025-03-16 08:00:00,1340.22,5,Clear,Medium,Completed
O09206,C00638,R0022,2025-03-15 11:00:00,1848.92,2,Clear,High,Completed
O09207,C00949,R0005,2025-02-05 19:00:00,1680.89,5,Clear,High,Cancelled
O09208,C00213,R0007,2025-01-13 23:00:00,1440.06,5,Cloudy,Low,Completed
O09209,C00053,R0020,2025-02-11 11:00:00,697.69,2,Clear,High,Completed
O09210,C00624,R0092,2025-02-25 02:00:00,1041.58,3,Clear,High,Completed
O09211,C01695,R0077,2025-01-11 23:00:00,1894.54,2,Clear,Medium,Completed
O09212,C00752,R0002,2025-03-06 06:00:00,144.08,1,Rainy,Medium,Completed
O09213,C00662,R0032,2025-01-01 20:00:00,1609.23,5,Clear,Medium,Completed
O09214,C00139,R0090,2025-01-23 20:00:00,578.44,6,Clear,High,Completed
O09215,C00418,R0003,2025-02-19 20:00:00,451.53,5,Clear,Medium,Completed
O09216,C01649,R0041,2025-02-09 11:00:00,541.23,3,Clear,High,Completed
O09217,C00143,R0042,2025-02-12 12:00:00,213.53,2,Clear,Low,Completed
O09218,C01906,R0077,2025-01-09 13:00:00,1984.76,6,Cloudy,High,Completed
O09219,C00509,R0085,2025-03-10 04:00:00,1752.75,4,Cloudy,Medium,Completed
O09220,C00650,R0045,2025-01-27 06:00:00,1090.01,6,Cloudy,High,Completed
O09221,C00486,R0087,2025-01-19 07:00:00,1458.7,3,Clear,Medium,Completed
O09222,C00992,R0071,2025-02-15 18:00:00,1157.53,3,Clear,Medium,Completed
O09223,C01461,R0017,2025-01-13 01:00:00,1642.0,3,Clear,Medium,Completed
O09224,C01840,R0092,2025-01-09 15:00:00,1705.05,2,Clear,Medium,Completed
O09225,C00543,R0047,2025-01-12 07:00:00,542.3,3,Clear,Medium,Completed
O09226,C00293,R0094,2025-01-18 06:00:00,973.52,1,Clear,Medium,Completed
O09227,C01644,R0069,2025-01-16 23:00:00,1306.21,1,Clear,Low,Completed
O09228,C01308,R0024,2025-02-23 12:00:00,1959.04,5,Clear,High,Completed
O09229,C00671,R0071,2025-02-07 02:00:00,1397.11,5,Cloudy,Low,Completed
O09230,C00838,R0034,2025-03-11 06:00:00,1805.51,2,Clear,High,Completed
O09231,C01038,R0050,2025-02-13 09:00:00,1707.61,4,Rainy,High,Completed
O09232,C00634,R0042,2025-02-24 23:00:00,1205.92,5,Rainy,Medium,Completed
O09233,C01751,R0033,2025-02-25 23:00:00,1797.95,5,Clear,Medium,Completed
O09234,C00272,R0027,2025-03-07 17:00:00,817.1,5,Rainy,Low,Completed
O09235,C01049,R0078,2025-03-13 12:00:00,820.64,6,Clear,Low,Cancelled
O09236,C01959,R0059,2025-03-20 12:00:00,1583.83,5,Rainy,Medium,Completed
O09237,C00322,R0019,2025-03-11 23:00:00,355.63,3,Rainy,Low,Completed
O09238,C00806,R0076,2025-02-09 07:00:00,681.07,5,Rainy,Medium,Completed
O09239,C01705,R0003,2025-02-07 04:00:00,1256.29,6,Clear,High,Cancelled
O09240,C01127,R0071,2025-01-03 12:00:00,898.12,2,Cloudy,High,Completed
O09241,C01890,R0099,2025-02-21 08:00:00,1887.38,6,Cloudy,Low,Completed
O09242,C00883,R0025,2025-01-07 21:00:00,1921.16,3,Clear,High,Completed
O09243,C01064,R0015,2025-03-21 09:00:00,1054.9,6,Rainy,Low,Completed
O09244,C00235,R0083,2025-02-25 03:00:00,1124.22,3,Rainy,Medium,Completed
O09245,C00832,R0060,2025-01-28 06:00:00,1476.79,2,Rainy,Medium,Completed
O09246,C01113,R0083,2025-01-15 14:00:00,968.8,4,Clear,Medium,Completed
O09247,C01124,R0023,2025-03-07 05:00:00,461.19,5,Clear,Medium,Completed
O09248,C00144,R0011,2025-02-08 19:00:00,1519.24,1,Clear,Low,Completed
O09249,C01106,R0059,2025-03-21 08:00:00,1501.79,4,Cloudy,Medium,Cancelled
O09250,C00589,R0085,2025-02-16 09:00:00,565.46,5,Clear,Medium,Completed
O09251,C01595,R0034,2025-03-24 21:00:00,1682.54,1,Clear,Medium,Completed
O09252,C00229,R0007,2025-02-27 17:00:00,1265.93,3,Clear,Medium,Completed
O09253,C01627,R0044,2025-02-16 12:00:00,548.97,6,Clear,High,Cancelled
O09254,C01890,R0091,2025-01-06 13:00:00,1338.87,3,Clear,Low,Completed
O09255,C01419,R0064,2025-02-21 03:00:00,543.86,3,Cloudy,Low,Completed
O09256,C01537,R0023,2025-03-19 23:00:00,603.94,5,Clear,High,Cancelled
O09257,C01805,R0058,2025-02-12 09:00:00,1711.22,2,Clear,Medium,Completed
O09258,C01822,R0020,2025-03-20 09:00:00,1866.03,3,Clear,High,Completed
O09259,C01221,R0027,2025-01-19 05:00:00,588.08,3,Cloudy,High,Completed
O09260,C00274,R0060,2025-01-29 07:00:00,1863.3,3,Rainy,Medium,Completed
O09261,C00590,R0008,2025-02-21 23:00:00,553.72,6,Clear,Medium,Completed
O09262,C00653,R0067,2025-02-19 15:00:00,322.81,5,Clear,High,Completed
O09263,C01824,R0002,2025-02-17 02:00:00,210.63,1,Rainy,High,Completed
O09264,C00583,R0022,2025-02-28 11:00:00,560.02,4,Clear,Low,Completed
O09265,C00968,R0070,2025-03-28 07:00:00,831.97,3,Clear,Medium,Completed
O09266,C01586,R0036,2025-03-05 22:00:00,1862.34,4,Cloudy,High,Completed
O09267,C01991,R0024,2025-02-25 10:00:00,560.1,2,Clear,Low,Completed
O09268,C00372,R0012,2025-02-08 22:00:00,794.38,2,Clear,Medium,Completed
O09269,C01905,R0081,2025-02-27 13:00:00,1494.9,2,Rainy,Medium,Completed
O09270,C01104,R0022,2025-01-16 09:00:00,673.94,3,Clear,Medium,Cancelled
O09271,C01259,R0083,2025-02-11 12:00:00,1400.3,4,Clear,Low,Completed
O09272,C01311,R0073,2025-03-08 20:00:00,920.95,1,Clear,Low,Completed
O09273,C00819,R0076,2025-02-19 00:00:00,473.25,5,Clear,Low,Completed
O09274,C01691,R0096,2025-01-16 15:00:00,1494.71,4,Clear,Medium,Completed
O09275,C00572,R0095,2025-03-22 23:00:00,151.37,5,Clear,Low,Completed
O09276,C00545,R0081,2025-02-09 21:00:00,655.44,4,Rainy,Medium,Completed
O09277,C01461,R0023,2025-02-03 18:00:00,776.74,3,Cloudy,Low,Completed
O09278,C00127,R0074,2025-02-04 10:00:00,970.61,1,Clear,Medium,Completed
O09279,C00733,R0063,2025-03-18 21:00:00,1391.75,3,Clear,Low,Completed
O09280,C01736,R0030,2025-03-05 21:00:00,972.87,2,Clear,High,Completed
O09281,C00417,R0019,2025-01-14 22:00:00,1229.22,1,Clear,High,Completed
O09282,C00638,R0026,2025-01-18 01:00:00,1231.98,6,Clear,Low,Completed
O09283,C00041,R0090,2025-01-03 05:00:00,809.22,6,Cloudy,Medium,Completed
O09284,C00787,R0011,2025-01-30 04:00:00,1874.55,4,Clear,High,Completed
O09285,C01493,R0020,2025-03-15 05:00:00,1916.12,3,Rainy,High,Completed
O09286,C00297,R0056,2025-02-15 18:00:00,1205.52,5,Cloudy,Medium,Completed
O09287,C01621,R0045,2025-02-10 14:00:00,236.21,3,Clear,Medium,Completed
O09288,C01625,R0068,2025-01-17 08:00:00,1033.14,3,Cloudy,Low,Completed
O09289,C00042,R0047,2025-01-24 01:00:00,450.4,4,Clear,High,Cancelled
O09290,C00632,R0076,2025-03-30 16:00:00,1018.11,4,Clear,High,Completed
O09291,C01303,R0089,2025-02-04 09:00:00,458.12,2,Cloudy,Low,Completed
O09292,C01483,R0058,2025-01-31 23:00:00,1437.32,1,Clear,Medium,Cancelled
O09293,C00033,R0010,2025-03-03 06:00:00,252.82,3,Cloudy,Low,Cancelled
O09294,C01300,R0022,2025-01-06 18:00:00,1911.28,5,Rainy,Medium,Completed
O09295,C00665,R0071,2025-03-18 21:00:00,471.21,6,Rainy,Low,Completed
O09296,C01114,R0024,2025-01-23 13:00:00,1355.25,6,Clear,Low,Completed
O09297,C00616,R0066,2025-03-19 08:00:00,1842.23,4,Cloudy,Medium,Cancelled
O09298,C00948,R0096,2025-02-25 17:00:00,570.98,4,Rainy,High,Completed
O09299,C01548,R0085,2025-03-13 16:00:00,1875.16,2,Cloudy,Low,Completed
O09300,C00160,R0061,2025-01-04 00:00:00,838.48,1,Clear,High,Completed
O09301,C01953,R0007,2025-01-19 02:00:00,1925.01,6,Rainy,Low,Cancelled
O09302,C00458,R0072,2025-03-17 06:00:00,1945.59,2,Clear,Medium,Completed
O09303,C01732,R0038,2025-03-27 05:00:00,457.35,4,Clear,High,Completed
O09304,C00399,R0021,2025-01-20 00:00:00,1679.07,5,Cloudy,Low,Completed
O09305,C01843,R0008,2025-03-28 13:00:00,467.5,2,Clear,Low,Completed
O09306,C01798,R0089,2025-03-10 16:00:00,530.24,3,Clear,Medium,Completed
O09307,C01115,R0028,2025-01-14 22:00:00,259.84,4,Clear,Medium,Completed
O09308,C01733,R0092,2025-01-28 11:00:00,397.42,4,Clear,High,Completed
O09309,C00581,R0054,2025-01-24 16:00:00,1301.22,2,Clear,Medium,Cancelled
O09310,C01490,R0031,2025-01-08 08:00:00,953.58,5,Clear,High,Completed
O09311,C00220,R0100,2025-02-02 08:00:00,1602.79,2,Clear,Medium,Completed
O09312,C01443,R0089,2025-02-22 12:00:00,730.79,5,Clear,Medium,Completed
O09313,C00379,R0041,2025-02-24 05:00:00,1940.39,4,Clear,Medium,Completed
O09314,C01750,R0037,2025-01-04 04:00:00,194.76,2,Clear,Medium,Completed
O09315,C00930,R0038,2025-02-08 20:00:00,219.58,1,Clear,Medium,Completed
O09316,C01471,R0051,2025-01-27 11:00:00,1432.61,6,Cloudy,High,Completed
O09317,C00964,R0076,2025-03-11 21:00:00,1786.32,2,Cloudy,Low,Completed
O09318,C01170,R0037,2025-02-19 14:00:00,1611.45,2,Clear,Medium,Completed
O09319,C00233,R0031,2025-02-28 20:00:00,1030.65,1,Clear,Low,Completed
O09320,C01395,R0062,2025-01-01 11:00:00,612.32,1,Rainy,Medium,Completed
O09321,C00922,R0018,2025-02-04 14:00:00,125.56,3,Clear,High,Completed
O09322,C00234,R0090,2025-03-02 09:00:00,1067.96,1,Rainy,Medium,Completed
O09323,C00726,R0006,2025-01-19 16:00:00,1003.71,5,Clear,High,Completed
O09324,C00367,R0009,2025-03-16 13:00:00,754.07,6,Clear,High,Completed
O09325,C00481,R0011,2025-01-18 18:00:00,1198.34,6,Clear,Low,Cancelled
O09326,C01597,R0095,2025-02-08 03:00:00,1484.75,3,Clear,Low,Completed
O09327,C01387,R0002,2025-01-27 06:00:00,1431.69,5,Clear,Low,Completed
O09328,C00590,R0029,2025-01-10 09:00:00,600.18,3,Clear,Medium,Completed
O09329,C01535,R0051,2025-01-19 14:00:00,1212.08,3,Rainy,High,Cancelled
O09330,C01119,R0069,2025-03-21 14:00:00,382.67,6,Clear,Low,Completed
O09331,C01866,R0023,2025-03-04 11:00:00,331.04,5,Rainy,Medium,Cancelled
O09332,C00216,R0100,2025-01-29 02:00:00,1593.13,4,Clear,Medium,Completed
O09333,C00725,R0007,2025-02-25 00:00:00,1418.12,6,Rainy,Medium,Completed
O09334,C01840,R0056,2025-03-27 23:00:00,1559.06,4,Rainy,Medium,Completed
O09335,C00712,R0077,2025-02-28 09:00:00,389.68,2,Clear,High,Completed
O09336,C01888,R0062,2025-02-13 11:00:00,1837.78,4,Clear,Low,Completed
O09337,C01567,R0074,2025-02-22 19:00:00,352.91,6,Clear,Medium,Completed
O09338,C01826,R0100,2025-02-22 19:00:00,1753.07,2,Clear,Medium,Completed
O09339,C01879,R0080,2025-01-17 07:00:00,769.52,4,Cloudy,High,Completed
O09340,C00985,R0015,2025-01-31 03:00:00,300.32,2,Cloudy,Low,Completed
O09341,C01159,R0053,2025-03-20 16:00:00,644.86,6,Cloudy,High,Completed
O09342,C01107,R0043,2025-02-23 13:00:00,444.75,2,Clear,Low,Completed
O09343,C00391,R0083,2025-02-12 23:00:00,1032.27,6,Clear,Medium,Completed
O09344,C01071,R0085,2025-01-01 13:00:00,1904.52,1,Clear,Low,Completed
O09345,C00392,R0035,2025-01-27 17:00:00,722.96,6,Clear,Low,Completed
O09346,C00718,R0079,2025-02-13 13:00:00,1262.99,2,Clear,Medium,Completed
O09347,C00385,R0014,2025-01-10 08:00:00,1794.27,6,Clear,High,Completed
O09348,C00381,R0093,2025-02-18 05:00:00,1297.14,6,Cloudy,Medium,Completed
O09349,C01101,R0069,2025-03-06 07:00:00,788.18,5,Clear,High,Completed
O09350,C01283,R0049,2025-02-02 23:00:00,1982.59,5,Clear,Low,Completed
O09351,C01973,R0018,2025-03-07 02:00:00,456.09,2,Clear,Medium,Completed
O09352,C00604,R0051,2025-01-19 04:00:00,1094.19,5,Cloudy,Low,Completed
O09353,C00934,R0001,2025-02-14 18:00:00,1613.74,4,Clear,Medium,Completed
O09354,C01971,R0027,2025-03-23 03:00:00,101.23,5,Clear,Medium,Completed
O09355,C00399,R0064,2025-03-26 23:00:00,1433.88,1,Clear,Low,Completed
O09356,C00100,R0060,2025-01-25 04:00:00,606.35,5,Clear,Medium,Completed
O09357,C01525,R0091,2025-03-25 10:00:00,422.48,4,Clear,Low,Completed
O09358,C00383,R0089,2025-01-29 14:00:00,620.97,6,Clear,Medium,Completed
O09359,C00707,R0041,2025-01-16 04:00:00,1936.95,4,Clear,High,Completed
O09360,C01216,R0021,2025-01-12 04:00:00,1794.68,2,Cloudy,Medium,Completed
O09361,C01604,R0014,2025-03-13 12:00:00,506.13,3,Cloudy,High,Completed
O09362,C01925,R0020,2025-02-28 02:00:00,322.35,4,Clear,Low,Completed
O09363,C01778,R0092,2025-03-07 15:00:00,791.89,2,Clear,High,Completed
O09364,C01626,R0085,2025-01-04 05:00:00,1225.44,2,Clear,Medium,Completed
O09365,C01369,R0087,2025-01-08 20:00:00,1747.57,5,Clear,High,Completed
O09366,C00010,R0011,2025-03-09 22:00:00,1935.57,5,Clear,Medium,Completed
O09367,C00264,R0066,2025-02-25 05:00:00,1527.19,2,Rainy,High,Cancelled
O09368,C01292,R0084,2025-02-09 22:00:00,1238.11,6,Clear,Medium,Completed
O09369,C00832,R0024,2025-02-07 14:00:00,370.43,1,Cloudy,Medium,Completed
O09370,C00630,R0089,2025-01-15 04:00:00,240.65,6,Rainy,Low,Completed
O09371,C00762,R0037,2025-03-30 07:00:00,1232.45,2,Clear,Medium,Completed
O09372,C01595,R0086,2025-02-14 09:00:00,1124.22,5,Rainy,Medium,Completed
O09373,C00195,R0024,2025-01-18 02:00:00,1707.57,4,Rainy,High,Completed
O09374,C00562,R0015,2025-02-07 09:00:00,712.95,1,Clear,High,Completed
O09375,C01431,R0012,2025-01-27 19:00:00,175.41,3,Clear,Low,Completed
O09376,C01320,R0095,2025-01-01 20:00:00,905.05,6,Rainy,Low,Completed
O09377,C01914,R0064,2025-01-29 05:00:00,1941.45,4,Cloudy,Medium,Completed
O09378,C00097,R0031,2025-02-15 19:00:00,1611.59,5,Cloudy,Medium,Completed
O09379,C00462,R0053,2025-01-04 15:00:00,164.17,4,Rainy,Low,Completed
O09380,C01663,R0094,2025-03-09 09:00:00,1761.89,4,Cloudy,Medium,Completed
O09381,C00758,R0084,2025-03-28 00:00:00,996.21,5,Cloudy,Low,Completed
O09382,C00087,R0072,2025-03-08 04:00:00,793.06,4,Clear,Medium,Completed
O09383,C00991,R0044,2025-02-18 17:00:00,758.81,2,Cloudy,Low,Completed
O09384,C00077,R0030,2025-03-01 00:00:00,1230.77,6,Rainy,High,Cancelled
O09385,C01913,R0035,2025-01-13 21:00:00,1108.14,1,Cloudy,Low,Completed
O09386,C01740,R0021,2025-01-21 11:00:00,1347.59,6,Rainy,Medium,Completed
O09387,C01507,R0063,2025-02-01 15:00:00,1189.92,5,Clear,Medium,Completed
O09388,C01170,R0092,2025-01-01 00:00:00,373.49,1,Clear,Low,Cancelled
O09389,C00661,R0017,2025-03-29 00:00:00,588.75,2,Clear,Low,Completed
O09390,C01135,R0012,2025-01-28 23:00:00,1697.96,5,Clear,Low,Completed
O09391,C01665,R0018,2025-01-09 19:00:00,1360.19,2,Clear,Low,Completed
O09392,C00765,R0092,2025-02-26 12:00:00,951.96,3,Clear,Low,Completed
O09393,C00678,R0060,2025-03-23 21:00:00,446.94,3,Clear,Medium,Completed
O09394,C01321,R0067,2025-01-13 15:00:00,114.61,3,Rainy,Medium,Completed
O09395,C01450,R0015,2025-01-29 18:00:00,692.59,1,Clear,Low,Completed
O09396,C01673,R0016,2025-03-16 05:00:00,204.21,6,Clear,Low,Completed
O09397,C00791,R0022,2025-03-18 09:00:00,1016.34,6,Rainy,Medium,Completed
O09398,C01358,R0095,2025-01-26 15:00:00,1661.42,3,Rainy,Medium,Completed
O09399,C01547,R0063,2025-01-22 18:00:00,642.26,3,Rainy,Low,Completed
O09400,C00583,R0031,2025-03-28 08:00:00,1710.73,2,Clear,Low,Completed
O09401,C00671,R0001,2025-02-03 15:00:00,1438.67,4,Cloudy,Low,Completed
O09402,C01752,R0075,2025-01-02 00:00:00,338.0,4,Clear,High,Completed
O09403,C00538,R0006,2025-03-16 00:00:00,1324.67,6,Cloudy,Low,Completed
O09404,C01822,R0087,2025-01-05 11:00:00,388.19,6,Clear,Low,Cancelled
O09405,C01186,R0009,2025-02-26 09:00:00,1344.1,3,Cloudy,Medium,Completed
O09406,C00430,R0052,2025-01-08 11:00:00,371.16,6,Clear,High,Completed
O09407,C01638,R0080,2025-02-06 16:00:00,845.77,4,Rainy,Medium,Completed
O09408,C01093,R0062,2025-03-18 06:00:00,1176.53,3,Clear,Low,Completed
O09409,C00133,R0058,2025-01-26 02:00:00,195.71,3,Clear,Low,Completed
O09410,C00189,R0019,2025-01-07 23:00:00,391.29,1,Rainy,High,Completed
O09411,C01747,R0013,2025-01-10 06:00:00,708.78,5,Cloudy,High,Completed
O09412,C01779,R0032,2025-01-20 12:00:00,978.41,4,Clear,High,Completed
O09413,C01702,R0100,2025-01-12 13:00:00,1731.13,3,Clear,Medium,Completed
O09414,C01948,R0009,2025-03-06 13:00:00,455.82,4,Clear,Medium,Completed
O09415,C01946,R0049,2025-03-26 04:00:00,760.19,1,Clear,Low,Completed
O09416,C00573,R0037,2025-03-16 02:00:00,1003.97,1,Clear,Medium,Completed
O09417,C01898,R0031,2025-01-26 20:00:00,661.98,3,Rainy,Medium,Completed
O09418,C00279,R0031,2025-02-20 13:00:00,1288.92,4,Clear,Medium,Completed
O09419,C01454,R0059,2025-01-10 01:00:00,587.54,4,Rainy,Low,Completed
O09420,C01649,R0055,2025-02-25 14:00:00,1567.47,4,Clear,High,Completed
O09421,C00542,R0019,2025-01-07 23:00:00,1059.79,1,Clear,Medium,Completed
O09422,C01859,R0063,2025-02-19 09:00:00,263.98,2,Rainy,High,Completed
O09423,C01185,R0002,2025-02-26 18:00:00,1291.3,2,Clear,Medium,Completed
O09424,C00746,R0045,2025-03-01 09:00:00,1181.56,4,Clear,Low,Completed
O09425,C00899,R0096,2025-02-14 09:00:00,743.33,4,Clear,Medium,Completed
O09426,C00453,R0043,2025-01-04 20:00:00,121.2,5,Clear,High,Completed
O09427,C00889,R0098,2025-02-21 14:00:00,481.33,3,Clear,Low,Completed
O09428,C00851,R0001,2025-01-22 08:00:00,870.85,1,Clear,Medium,Completed
O09429,C00170,R0085,2025-01-05 09:00:00,479.84,5,Clear,High,Completed
O09430,C00830,R0061,2025-02-22 07:00:00,1197.23,4,Clear,Medium,Completed
O09431,C00698,R0003,2025-02-20 00:00:00,1453.42,6,Rainy,Low,Completed
O09432,C01081,R0091,2025-03-12 22:00:00,1726.43,2,Clear,Medium,Completed
O09433,C01264,R0044,2025-02-24 21:00:00,1329.27,2,Rainy,Medium,Completed
O09434,C00769,R0007,2025-03-20 03:00:00,1409.12,5,Clear,Medium,Completed
O09435,C00358,R0033,2025-03-06 07:00:00,1256.04,2,Clear,Medium,Completed
O09436,C00201,R0009,2025-02-21 11:00:00,1972.42,2,Cloudy,High,Completed
O09437,C00444,R0030,2025-02-08 04:00:00,595.9,6,Cloudy,Low,Completed
O09438,C01861,R0018,2025-03-15 16:00:00,605.89,3,Clear,Low,Completed
O09439,C00827,R0056,2025-02-14 20:00:00,340.03,4,Clear,Low,Completed
O09440,C01326,R0090,2025-02-22 08:00:00,1022.8,5,Clear,Medium,Completed
O09441,C01130,R0084,2025-03-06 05:00:00,282.71,6,Cloudy,Low,Completed
O09442,C01826,R0031,2025-02-09 14:00:00,613.28,1,Cloudy,Medium,Completed
O09443,C00101,R0072,2025-03-29 03:00:00,1017.09,1,Rainy,High,Completed
O09444,C01121,R0063,2025-03-14 03:00:00,1919.43,6,Clear,Low,Completed
O09445,C01689,R0087,2025-03-06 03:00:00,1931.24,4,Clear,Medium,Completed
O09446,C00938,R0050,2025-01-04 19:00:00,1513.11,1,Rainy,Medium,Completed
O09447,C00029,R0089,2025-02-01 14:00:00,839.58,6,Clear,Low,Completed
O09448,C01530,R0001,2025-01-31 10:00:00,1743.81,2,Clear,Low,Completed
O09449,C00665,R0082,2025-02-09 17:00:00,1763.37,3,Rainy,High,Completed
O09450,C01462,R0019,2025-03-02 21:00:00,1829.38,5,Clear,High,Completed
O09451,C01403,R0064,2025-01-15 00:00:00,1316.05,5,Clear,High,Completed
O09452,C00073,R0053,2025-02-24 21:00:00,483.41,2,Clear,Medium,Completed
O09453,C00254,R0006,2025-01-30 03:00:00,273.05,4,Clear,Medium,Completed
O09454,C01987,R0017,2025-02-08 12:00:00,1838.07,3,Clear,High,Completed
O09455,C01935,R0046,2025-03-26 00:00:00,205.54,1,Clear,Medium,Completed
O09456,C00516,R0072,2025-02-10 17:00:00,662.19,5,Clear,High,Completed
O09457,C00749,R0073,2025-01-05 18:00:00,1025.23,5,Clear,Medium,Completed
O09458,C01574,R0055,2025-02-22 10:00:00,141.76,4,Rainy,Medium,Completed
O09459,C01044,R0091,2025-02-24 01:00:00,1823.13,3,Rainy,Medium,Completed
O09460,C01649,R0100,2025-03-24 10:00:00,645.53,6,Rainy,High,Cancelled
O09461,C00535,R0006,2025-01-02 09:00:00,154.16,1,Cloudy,High,Completed
O09462,C00421,R0070,2025-02-28 19:00:00,1987.82,5,Cloudy,Low,Completed
O09463,C00446,R0068,2025-03-14 04:00:00,691.65,5,Clear,Low,Cancelled
O09464,C00879,R0086,2025-01-19 16:00:00,1765.85,1,Clear,Medium,Completed
O09465,C00136,R0040,2025-02-21 13:00:00,961.6,3,Clear,Medium,Completed
O09466,C01529,R0091,2025-02-14 13:00:00,1359.94,3,Rainy,High,Completed
O09467,C01957,R0066,2025-01-17 20:00:00,558.07,3,Cloudy,Low,Completed
O09468,C01784,R0009,2025-01-14 20:00:00,1055.46,5,Rainy,High,Completed
O09469,C01325,R0011,2025-03-26 21:00:00,589.54,6,Clear,Medium,Completed
O09470,C01633,R0020,2025-02-23 05:00:00,1907.06,2,Cloudy,High,Completed
O09471,C00033,R0043,2025-01-10 11:00:00,215.8,5,Cloudy,High,Completed
O09472,C00647,R0058,2025-01-07 21:00:00,621.88,4,Clear,High,Completed
O09473,C01791,R0078,2025-01-25 08:00:00,1796.91,4,Cloudy,Medium,Completed
O09474,C00278,R0026,2025-01-31 16:00:00,1012.07,6,Clear,High,Completed
O09475,C00133,R0038,2025-03-05 22:00:00,1240.16,5,Clear,High,Completed
O09476,C00750,R0094,2025-01-25 21:00:00,1338.22,5,Cloudy,Medium,Completed
O09477,C01551,R0036,2025-01-25 16:00:00,234.76,1,Clear,Medium,Completed
O09478,C01813,R0099,2025-03-12 19:00:00,133.7,3,Rainy,High,Cancelled
O09479,C00126,R0055,2025-02-28 21:00:00,1881.9,6,Clear,Low,Completed
O09480,C00345,R0006,2025-03-02 06:00:00,615.86,1,Clear,High,Completed
O09481,C00017,R0003,2025-02-08 12:00:00,822.59,6,Clear,Medium,Completed
O09482,C00824,R0065,2025-01-28 00:00:00,1395.98,4,Rainy,Low,Completed
O09483,C00562,R0064,2025-03-12 07:00:00,548.98,4,Rainy,Medium,Completed
O09484,C00647,R0058,2025-01-19 14:00:00,1492.84,2,Clear,Medium,Completed
O09485,C00630,R0058,2025-01-05 00:00:00,970.66,3,Rainy,Low,Cancelled
O09486,C01402,R0018,2025-03-12 23:00:00,1727.56,3,Clear,Medium,Completed
O09487,C00818,R0023,2025-02-22 19:00:00,629.23,6,Clear,High,Completed
O09488,C00060,R0096,2025-01-27 06:00:00,487.26,4,Rainy,High,Completed
O09489,C01661,R0029,2025-01-21 22:00:00,1680.21,1,Rainy,Medium,Completed
O09490,C00467,R0023,2025-01-12 23:00:00,720.02,5,Clear,Medium,Completed
O09491,C00628,R0036,2025-01-16 08:00:00,882.55,3,Clear,Medium,Completed
O09492,C00391,R0070,2025-01-03 16:00:00,1608.04,5,Rainy,Low,Completed
O09493,C00936,R0081,2025-01-07 17:00:00,1307.6,4,Clear,High,Completed
O09494,C00685,R0082,2025-03-17 17:00:00,939.28,2,Rainy,High,Completed
O09495,C01211,R0095,2025-01-28 13:00:00,574.79,4,Cloudy,Low,Completed
O09496,C00498,R0006,2025-01-21 00:00:00,1551.98,5,Cloudy,Medium,Completed
O09497,C00600,R0034,2025-03-11 00:00:00,442.82,4,Cloudy,Low,Completed
O09498,C01739,R0044,2025-03-16 14:00:00,1863.73,3,Cloudy,Low,Completed
O09499,C01385,R0044,2025-01-24 14:00:00,385.6,6,Clear,Low,Completed
O09500,C01847,R0027,2025-01-17 21:00:00,1629.37,6,Clear,Low,Completed
O09501,C01856,R0100,2025-02-01 20:00:00,906.07,5,Cloudy,Medium,Completed
O09502,C00449,R0052,2025-03-22 20:00:00,453.41,5,Clear,High,Completed
O09503,C01718,R0042,2025-02-06 01:00:00,864.52,2,Clear,Low,Completed
O09504,C01888,R0025,2025-02-16 13:00:00,520.95,3,Clear,High,Completed
O09505,C00680,R0074,2025-02-21 11:00:00,358.39,1,Clear,Low,Completed
O09506,C01205,R0039,2025-01-31 21:00:00,554.4,2,Clear,Low,Completed
O09507,C01836,R0039,2025-03-18 07:00:00,1748.06,3,Clear,Medium,Completed
O09508,C01983,R0012,2025-01-02 18:00:00,301.29,6,Rainy,Medium,Completed
O09509,C00130,R0011,2025-03-03 01:00:00,1947.83,1,Cloudy,Medium,Completed
O09510,C01999,R0003,2025-03-06 02:00:00,109.5,6,Clear,Medium,Completed
O09511,C00149,R0022,2025-02-07 22:00:00,1350.65,5,Cloudy,High,Completed
O09512,C01496,R0004,2025-01-26 06:00:00,1727.37,6,Clear,High,Completed
O09513,C00818,R0008,2025-03-01 02:00:00,1874.52,2,Rainy,Low,Completed
O09514,C01745,R0014,2025-03-12 22:00:00,373.57,5,Cloudy,Low,Completed
O09515,C01647,R0084,2025-01-30 22:00:00,1426.6,5,Clear,Low,Completed
O09516,C00948,R0088,2025-01-09 21:00:00,303.96,5,Clear,Low,Completed
O09517,C00500,R0014,2025-01-06 11:00:00,769.96,3,Clear,High,Completed
O09518,C01673,R0092,2025-03-27 16:00:00,1490.66,1,Clear,Low,Completed
O09519,C01379,R0016,2025-03-15 14:00:00,757.35,3,Clear,Medium,Completed
O09520,C01940,R0032,2025-01-07 08:00:00,695.41,5,Clear,High,Completed
O09521,C01235,R0064,2025-01-21 02:00:00,320.5,2,Clear,High,Completed
O09522,C00658,R0076,2025-03-26 04:00:00,226.23,6,Clear,Low,Completed
O09523,C01620,R0016,2025-01-13 16:00:00,319.03,5,Rainy,High,Completed
O09524,C01054,R0052,2025-03-26 00:00:00,1763.4,1,Clear,High,Cancelled
O09525,C00577,R0019,2025-02-11 08:00:00,121.28,3,Clear,Medium,Cancelled
O09526,C01048,R0069,2025-03-06 15:00:00,1416.45,1,Clear,Medium,Completed
O09527,C00984,R0012,2025-01-15 06:00:00,1560.39,3,Clear,Medium,Completed
O09528,C01967,R0093,2025-01-30 18:00:00,1178.99,6,Rainy,High,Completed
O09529,C00723,R0005,2025-03-13 05:00:00,1488.47,1,Clear,Medium,Completed
O09530,C00222,R0042,2025-02-14 01:00:00,1339.31,1,Clear,Medium,Completed
O09531,C00602,R0017,2025-01-20 14:00:00,965.56,3,Cloudy,High,Completed
O09532,C01642,R0072,2025-01-31 20:00:00,827.15,3,Cloudy,Low,Completed
O09533,C00684,R0094,2025-01-22 08:00:00,1888.53,3,Clear,Medium,Completed
O09534,C00742,R0010,2025-02-17 10:00:00,1946.68,4,Cloudy,Medium,Completed
O09535,C00925,R0084,2025-01-24 06:00:00,1337.42,6,Cloudy,Medium,Cancelled
O09536,C01613,R0016,2025-02-02 23:00:00,474.87,1,Rainy,Medium,Completed
O09537,C00580,R0016,2025-02-20 01:00:00,951.01,4,Cloudy,Low,Completed
O09538,C01901,R0042,2025-03-14 20:00:00,1043.42,4,Clear,Low,Completed
O09539,C00401,R0003,2025-01-15 23:00:00,1540.14,5,Clear,Low,Completed
O09540,C01889,R0023,2025-01-12 20:00:00,1368.78,4,Cloudy,High,Completed
O09541,C00901,R0086,2025-03-15 05:00:00,1078.15,4,Cloudy,Medium,Completed
O09542,C01628,R0028,2025-02-27 15:00:00,1392.69,3,Clear,Low,Completed
O09543,C00512,R0045,2025-03-05 10:00:00,145.71,3,Clear,Medium,Completed
O09544,C00088,R0100,2025-02-18 12:00:00,1575.61,2,Rainy,Medium,Completed
O09545,C01489,R0068,2025-03-12 11:00:00,502.1,6,Cloudy,Low,Completed
O09546,C00050,R0024,2025-02-21 21:00:00,1347.18,1,Clear,High,Completed
O09547,C00103,R0019,2025-02-28 20:00:00,316.55,6,Clear,High,Completed
O09548,C00368,R0075,2025-02-26 09:00:00,317.48,4,Rainy,Medium,Cancelled
O09549,C00936,R0040,2025-01-31 22:00:00,167.75,4,Cloudy,Medium,Completed
O09550,C01516,R0046,2025-03-01 00:00:00,1829.44,1,Clear,Medium,Completed
O09551,C01582,R0040,2025-01-15 21:00:00,1248.66,6,Clear,Medium,Completed
O09552,C01715,R0062,2025-03-23 08:00:00,787.73,3,Clear,Medium,Completed
O09553,C01803,R0018,2025-01-02 15:00:00,1596.78,3,Clear,High,Completed
O09554,C01292,R0012,2025-01-20 01:00:00,1289.56,1,Clear,Medium,Completed
O09555,C01421,R0014,2025-03-24 00:00:00,1278.15,1,Cloudy,Low,Completed
O09556,C01344,R0082,2025-01-09 04:00:00,1025.38,3,Cloudy,High,Completed
O09557,C01544,R0061,2025-03-20 02:00:00,115.06,1,Cloudy,Medium,Completed
O09558,C01473,R0012,2025-03-14 06:00:00,591.08,6,Cloudy,Medium,Completed
O09559,C01801,R0027,2025-02-09 01:00:00,307.25,3,Clear,Low,Cancelled
O09560,C01500,R0006,2025-01-02 05:00:00,1358.58,1,Clear,Low,Completed
O09561,C00898,R0088,2025-03-12 21:00:00,572.38,3,Clear,Low,Completed
O09562,C01614,R0033,2025-01-17 05:00:00,955.32,2,Rainy,Medium,Completed
O09563,C00909,R0080,2025-02-17 16:00:00,771.52,3,Clear,Medium,Completed
O09564,C01264,R0050,2025-01-15 10:00:00,372.08,3,Clear,Medium,Completed
O09565,C00258,R0012,2025-01-05 22:00:00,1920.9,4,Clear,Low,Cancelled
O09566,C01732,R0095,2025-01-22 15:00:00,1873.5,6,Rainy,High,Cancelled
O09567,C01996,R0057,2025-02-21 14:00:00,260.76,3,Cloudy,High,Completed
O09568,C01968,R0053,2025-03-30 15:00:00,1671.99,1,Cloudy,Medium,Completed
O09569,C01866,R0013,2025-01-25 07:00:00,1027.91,5,Clear,Medium,Completed
O09570,C01667,R0072,2025-03-13 04:00:00,1570.1,1,Clear,High,Completed
O09571,C01988,R0003,2025-02-24 16:00:00,387.2,4,Clear,Medium,Completed
O09572,C00390,R0064,2025-03-24 13:00:00,351.32,1,Rainy,Medium,Completed
O09573,C01367,R0084,2025-02-13 13:00:00,1792.44,2,Clear,High,Completed
O09574,C00773,R0058,2025-03-30 13:00:00,1805.86,5,Rainy,Medium,Completed
O09575,C00754,R0004,2025-01-31 21:00:00,985.23,5,Clear,Low,Completed
O09576,C01411,R0045,2025-01-28 23:00:00,1753.3,6,Cloudy,High,Completed
O09577,C00394,R0066,2025-03-15 19:00:00,1368.17,4,Clear,High,Completed
O09578,C00683,R0036,2025-03-12 05:00:00,451.52,6,Rainy,High,Completed
O09579,C01683,R0023,2025-03-28 13:00:00,725.01,5,Clear,High,Completed
O09580,C00270,R0019,2025-03-12 16:00:00,358.52,3,Cloudy,Medium,Completed
O09581,C00149,R0040,2025-01-03 14:00:00,1570.5,4,Clear,High,Completed
O09582,C01404,R0072,2025-03-02 13:00:00,1971.98,6,Clear,High,Completed
O09583,C00811,R0016,2025-01-07 12:00:00,1138.12,2,Rainy,Medium,Cancelled
O09584,C00028,R0058,2025-02-02 08:00:00,1346.14,5,Clear,Medium,Completed
O09585,C01173,R0018,2025-03-21 07:00:00,1517.58,5,Clear,Medium,Completed
O09586,C01444,R0036,2025-02-26 06:00:00,526.09,4,Cloudy,Low,Completed
O09587,C00280,R0024,2025-02-25 18:00:00,738.4,5,Rainy,Medium,Completed
O09588,C01206,R0001,2025-01-01 05:00:00,883.41,5,Clear,Low,Completed
O09589,C00166,R0001,2025-02-23 07:00:00,1229.72,2,Clear,Medium,Completed
O09590,C00017,R0064,2025-03-21 06:00:00,1715.94,2,Rainy,Low,Completed
O09591,C01174,R0062,2025-02-04 04:00:00,582.99,4,Cloudy,Medium,Completed
O09592,C00339,R0036,2025-02-25 23:00:00,994.69,5,Rainy,Medium,Completed
O09593,C01069,R0075,2025-03-26 07:00:00,1527.91,6,Cloudy,High,Completed
O09594,C01526,R0018,2025-01-01 03:00:00,266.03,1,Clear,Medium,Completed
O09595,C00842,R0016,2025-01-02 06:00:00,1074.5,4,Clear,Medium,Completed
O09596,C00189,R0017,2025-03-19 08:00:00,374.32,6,Clear,High,Completed
O09597,C00651,R0024,2025-03-10 20:00:00,1124.38,2,Clear,Medium,Cancelled
O09598,C01085,R0098,2025-02-24 02:00:00,1558.86,1,Clear,Low,Completed
O09599,C00294,R0068,2025-01-30 12:00:00,550.2,6,Clear,Low,Completed
O09600,C01858,R0099,2025-02-06 21:00:00,1714.01,6,Clear,Medium,Completed
O09601,C01057,R0079,2025-02-20 00:00:00,736.13,5,Clear,Low,Completed
O09602,C01323,R0002,2025-03-24 11:00:00,462.49,4,Cloudy,High,Completed
O09603,C00415,R0095,2025-02-01 03:00:00,984.11,4,Clear,High,Completed
O09604,C01648,R0073,2025-03-30 14:00:00,1764.54,2,Cloudy,Low,Completed
O09605,C00803,R0010,2025-01-21 20:00:00,230.97,3,Rainy,Low,Completed
O09606,C01573,R0053,2025-01-09 12:00:00,722.39,3,Cloudy,Medium,Cancelled
O09607,C00431,R0089,2025-03-03 19:00:00,1341.01,3,Clear,Low,Completed
O09608,C01519,R0051,2025-02-28 14:00:00,779.4,4,Clear,Low,Completed
O09609,C01124,R0069,2025-01-14 20:00:00,234.57,2,Clear,High,Completed
O09610,C01047,R0014,2025-01-07 21:00:00,730.8,2,Clear,Medium,Completed
O09611,C01444,R0066,2025-01-01 05:00:00,1659.82,3,Cloudy,High,Completed
O09612,C01448,R0082,2025-01-23 03:00:00,1939.27,1,Cloudy,Medium,Completed
O09613,C00487,R0093,2025-03-12 20:00:00,175.58,3,Clear,Medium,Cancelled
O09614,C01754,R0053,2025-03-29 04:00:00,1181.64,4,Clear,High,Completed
O09615,C00089,R0084,2025-01-20 00:00:00,300.08,1,Clear,Medium,Completed
O09616,C01233,R0064,2025-01-10 10:00:00,1392.75,2,Rainy,Medium,Completed
O09617,C00271,R0072,2025-03-27 06:00:00,115.0,5,Rainy,Medium,Completed
O09618,C01957,R0049,2025-03-29 11:00:00,128.01,6,Cloudy,Medium,Completed
O09619,C01773,R0090,2025-03-14 14:00:00,1576.07,1,Cloudy,High,Completed
O09620,C00900,R0062,2025-01-20 14:00:00,241.43,2,Clear,High,Completed
O09621,C01430,R0037,2025-02-07 08:00:00,679.85,1,Cloudy,Medium,Completed
O09622,C01745,R0049,2025-02-25 00:00:00,1920.28,3,Clear,Medium,Completed
O09623,C00278,R0068,2025-03-11 08:00:00,1971.97,1,Cloudy,Low,Completed
O09624,C00206,R0033,2025-03-05 13:00:00,406.67,1,Clear,Medium,Completed
O09625,C01614,R0022,2025-02-21 01:00:00,1165.71,1,Clear,Medium,Completed
O09626,C00913,R0070,2025-03-02 05:00:00,1162.38,4,Rainy,Low,Completed
O09627,C00328,R0033,2025-01-29 01:00:00,959.52,6,Rainy,High,Completed
O09628,C01634,R0028,2025-02-15 16:00:00,1856.93,4,Cloudy,Low,Completed
O09629,C00858,R0088,2025-02-21 08:00:00,1532.66,6,Clear,Medium,Completed
O09630,C00877,R0004,2025-02-07 09:00:00,1552.6,3,Cloudy,High,Completed
O09631,C00862,R0066,2025-03-23 18:00:00,612.18,5,Cloudy,Medium,Completed
O09632,C00336,R0077,2025-02-05 07:00:00,925.21,4,Rainy,Medium,Completed
O09633,C00606,R0049,2025-03-23 22:00:00,1026.11,5,Rainy,Medium,Completed
O09634,C00592,R0011,2025-01-27 22:00:00,667.93,4,Clear,Low,Completed
O09635,C01062,R0035,2025-01-19 05:00:00,280.15,2,Clear,Medium,Completed
O09636,C01014,R0039,2025-03-04 12:00:00,340.08,2,Rainy,Low,Completed
O09637,C01944,R0010,2025-03-13 21:00:00,443.28,1,Rainy,Low,Completed
O09638,C01252,R0074,2025-03-07 05:00:00,486.94,5,Clear,Medium,Completed
O09639,C01507,R0072,2025-03-29 16:00:00,560.3,1,Cloudy,Medium,Cancelled
O09640,C01158,R0069,2025-03-14 15:00:00,585.37,6,Clear,Medium,Cancelled
O09641,C00708,R0023,2025-01-14 13:00:00,965.86,1,Clear,Low,Completed
O09642,C00978,R0034,2025-01-14 09:00:00,1068.19,4,Rainy,High,Completed
O09643,C01414,R0032,2025-02-20 09:00:00,686.87,4,Cloudy,Low,Completed
O09644,C01818,R0016,2025-01-12 01:00:00,1823.86,1,Clear,Medium,Completed
O09645,C01637,R0068,2025-02-05 01:00:00,1150.97,6,Clear,Medium,Completed
O09646,C00425,R0054,2025-01-14 16:00:00,1596.21,4,Rainy,High,Cancelled
O09647,C00587,R0028,2025-01-29 10:00:00,1856.05,6,Cloudy,Medium,Completed
O09648,C00806,R0060,2025-03-28 07:00:00,409.96,2,Rainy,High,Completed
O09649,C01534,R0078,2025-02-23 12:00:00,912.96,2,Clear,Low,Completed
O09650,C00720,R0076,2025-02-27 10:00:00,923.1,5,Clear,Medium,Completed
O09651,C01619,R0060,2025-03-21 15:00:00,773.5,2,Cloudy,Medium,Completed
O09652,C01451,R0085,2025-02-26 12:00:00,116.92,6,Rainy,Low,Completed
O09653,C00949,R0080,2025-03-20 15:00:00,1650.35,1,Clear,Low,Completed
O09654,C00655,R0044,2025-03-24 10:00:00,311.96,3,Cloudy,Medium,Completed
O09655,C00474,R0002,2025-01-27 07:00:00,1991.41,4,Cloudy,Medium,Completed
O09656,C00568,R0023,2025-01-14 08:00:00,1568.62,1,Rainy,Medium,Completed
O09657,C01385,R0093,2025-03-03 06:00:00,1202.02,4,Clear,Low,Completed
O09658,C01976,R0046,2025-02-28 08:00:00,393.75,5,Clear,High,Completed
O09659,C01823,R0073,2025-01-09 10:00:00,1079.25,1,Clear,Medium,Completed
O09660,C00211,R0054,2025-01-27 02:00:00,596.11,1,Clear,Low,Completed
O09661,C01977,R0071,2025-03-19 20:00:00,579.41,1,Cloudy,Medium,Completed
O09662,C01203,R0093,2025-03-28 15:00:00,1676.11,5,Rainy,High,Completed
O09663,C01944,R0081,2025-01-31 06:00:00,823.22,1,Clear,Medium,Completed
O09664,C01082,R0009,2025-02-09 17:00:00,956.38,4,Rainy,High,Completed
O09665,C01097,R0070,2025-03-17 21:00:00,1701.63,3,Clear,High,Completed
O09666,C00215,R0044,2025-01-03 21:00:00,266.8,1,Clear,High,Completed
O09667,C00900,R0084,2025-02-15 14:00:00,1229.77,5,Clear,Medium,Completed
O09668,C01802,R0074,2025-03-10 14:00:00,1198.61,5,Rainy,High,Completed
O09669,C01983,R0073,2025-01-07 13:00:00,907.91,1,Cloudy,Low,Completed
O09670,C01097,R0012,2025-01-23 20:00:00,1676.57,5,Clear,Medium,Completed
O09671,C00467,R0097,2025-03-18 15:00:00,1891.49,2,Clear,Low,Completed
O09672,C01295,R0032,2025-03-23 07:00:00,984.14,6,Rainy,Low,Completed
O09673,C01523,R0034,2025-02-14 02:00:00,966.68,5,Rainy,Medium,Completed
O09674,C00354,R0083,2025-02-06 21:00:00,1053.92,3,Clear,Medium,Completed
O09675,C01258,R0033,2025-01-22 06:00:00,1473.94,2,Clear,Low,Completed
O09676,C01343,R0064,2025-01-16 07:00:00,1369.31,4,Rainy,Low,Completed
O09677,C01043,R0048,2025-03-21 14:00:00,523.39,2,Rainy,Medium,Completed
O09678,C00625,R0016,2025-02-06 18:00:00,221.4,3,Rainy,Medium,Completed
O09679,C01599,R0050,2025-03-16 21:00:00,1903.58,6,Rainy,Medium,Completed
O09680,C00372,R0023,2025-02-23 21:00:00,596.03,2,Cloudy,Low,Cancelled
O09681,C00184,R0026,2025-01-28 20:00:00,1313.33,1,Rainy,High,Completed
O09682,C01301,R0054,2025-01-28 17:00:00,1674.03,5,Rainy,Medium,Completed
O09683,C00674,R0044,2025-01-11 19:00:00,670.53,1,Rainy,Medium,Completed
O09684,C00755,R0037,2025-03-04 20:00:00,1307.32,1,Cloudy,Medium,Cancelled
O09685,C01169,R0009,2025-01-14 00:00:00,305.01,1,Cloudy,Medium,Completed
O09686,C01682,R0094,2025-03-18 20:00:00,1942.87,2,Cloudy,Medium,Completed
O09687,C01105,R0013,2025-03-05 21:00:00,210.5,4,Rainy,Low,Completed
O09688,C00322,R0060,2025-03-04 12:00:00,932.53,6,Clear,High,Completed
O09689,C00435,R0080,2025-01-29 01:00:00,1119.96,5,Clear,Low,Completed
O09690,C01857,R0002,2025-03-01 07:00:00,1601.92,2,Clear,Medium,Completed
O09691,C01067,R0095,2025-03-26 04:00:00,330.14,6,Cloudy,Medium,Completed
O09692,C01337,R0060,2025-02-28 14:00:00,937.54,1,Clear,High,Completed
O09693,C01930,R0057,2025-02-17 19:00:00,669.45,3,Clear,Low,Completed
O09694,C00293,R0043,2025-03-12 11:00:00,692.82,3,Clear,Medium,Completed
O09695,C00688,R0019,2025-03-14 00:00:00,1579.7,1,Rainy,High,Completed
O09696,C00888,R0011,2025-01-14 15:00:00,110.38,4,Clear,Low,Completed
O09697,C00069,R0078,2025-03-08 04:00:00,1523.26,6,Rainy,Low,Completed
O09698,C00056,R0047,2025-01-05 01:00:00,1639.76,5,Cloudy,Medium,Completed
O09699,C00631,R0089,2025-01-28 10:00:00,1812.59,6,Rainy,Low,Completed
O09700,C01228,R0063,2025-03-28 13:00:00,1291.08,2,Rainy,High,Completed
O09701,C00420,R0007,2025-02-15 17:00:00,733.57,4,Rainy,Medium,Completed
O09702,C01951,R0079,2025-02-12 09:00:00,911.75,3,Clear,Low,Completed
O09703,C00567,R0094,2025-02-08 10:00:00,1942.5,1,Clear,Medium,Completed
O09704,C00550,R0031,2025-03-30 19:00:00,1774.25,2,Clear,Low,Completed
O09705,C00243,R0088,2025-03-09 00:00:00,980.7,4,Clear,High,Completed
O09706,C01225,R0055,2025-02-24 17:00:00,1891.82,6,Cloudy,Low,Completed
O09707,C00748,R0025,2025-01-27 14:00:00,1663.61,4,Clear,Medium,Completed
O09708,C01498,R0072,2025-01-04 12:00:00,1812.07,4,Clear,Low,Completed
O09709,C00527,R0030,2025-02-23 05:00:00,1397.66,6,Clear,Medium,Completed
O09710,C01680,R0036,2025-03-18 23:00:00,1729.54,2,Cloudy,High,Completed
O09711,C00077,R0050,2025-01-22 14:00:00,1794.36,5,Clear,Low,Completed
O09712,C01502,R0014,2025-02-25 10:00:00,274.83,6,Clear,Low,Cancelled
O09713,C01845,R0029,2025-01-08 15:00:00,1933.91,2,Cloudy,High,Completed
O09714,C00440,R0027,2025-02-10 12:00:00,733.86,6,Cloudy,Medium,Completed
O09715,C01287,R0050,2025-01-10 10:00:00,935.81,1,Cloudy,Medium,Completed
O09716,C01209,R0036,2025-02-04 20:00:00,1604.62,2,Clear,High,Completed
O09717,C01079,R0034,2025-02-23 02:00:00,1363.3,4,Cloudy,High,Completed
O09718,C01332,R0021,2025-01-08 01:00:00,1796.81,5,Cloudy,Medium,Completed
O09719,C00516,R0038,2025-01-24 13:00:00,861.09,5,Rainy,Medium,Completed
O09720,C01323,R0075,2025-03-22 15:00:00,809.25,1,Cloudy,Medium,Completed
O09721,C01576,R0097,2025-02-04 10:00:00,160.21,1,Clear,Low,Completed
O09722,C01254,R0079,2025-01-26 05:00:00,979.18,3,Cloudy,High,Completed
O09723,C01401,R0076,2025-01-15 13:00:00,1475.73,3,Cloudy,Low,Completed
O09724,C01310,R0088,2025-01-05 02:00:00,672.24,3,Cloudy,Low,Completed
O09725,C01162,R0050,2025-03-15 17:00:00,979.18,2,Cloudy,High,Completed
O09726,C01502,R0037,2025-03-17 04:00:00,516.86,5,Clear,Low,Completed
O09727,C00615,R0075,2025-02-14 04:00:00,1568.3,1,Clear,Low,Completed
O09728,C01031,R0019,2025-01-04 02:00:00,214.97,3,Cloudy,Medium,Completed
O09729,C00676,R0001,2025-03-29 17:00:00,1440.23,1,Rainy,Medium,Completed
O09730,C01443,R0081,2025-01-17 17:00:00,819.99,3,Clear,Medium,Completed
O09731,C01496,R0040,2025-01-08 19:00:00,179.03,2,Clear,High,Completed
O09732,C01959,R0055,2025-01-06 18:00:00,1721.59,6,Rainy,Low,Completed
O09733,C00420,R0080,2025-01-06 22:00:00,1026.67,2,Cloudy,Low,Completed
O09734,C01901,R0026,2025-01-05 11:00:00,1238.71,4,Clear,Low,Completed
O09735,C00276,R0043,2025-01-10 04:00:00,1490.86,1,Clear,Low,Cancelled
O09736,C01585,R0059,2025-01-07 00:00:00,1344.64,6,Clear,Low,Completed
O09737,C00608,R0051,2025-01-22 05:00:00,1488.63,6,Clear,Medium,Completed
O09738,C00571,R0015,2025-01-01 04:00:00,1548.34,4,Rainy,High,Cancelled
O09739,C01767,R0008,2025-01-17 03:00:00,1219.39,6,Cloudy,High,Completed
O09740,C01713,R0094,2025-03-15 05:00:00,794.71,2,Rainy,High,Completed
O09741,C00090,R0014,2025-03-20 23:00:00,561.97,6,Rainy,High,Completed
O09742,C00282,R0097,2025-01-24 07:00:00,1815.52,2,Cloudy,Low,Completed
O09743,C01572,R0007,2025-03-18 15:00:00,1942.86,6,Clear,Low,Completed
O09744,C01195,R0018,2025-03-15 19:00:00,779.56,6,Cloudy,Medium,Completed
O09745,C00638,R0012,2025-03-16 07:00:00,313.39,1,Rainy,Medium,Completed
O09746,C00811,R0002,2025-01-16 04:00:00,522.82,4,Clear,Low,Completed
O09747,C01379,R0050,2025-01-18 08:00:00,1374.27,6,Rainy,High,Completed
O09748,C01228,R0093,2025-03-10 03:00:00,428.57,6,Rainy,Medium,Completed
O09749,C01313,R0021,2025-03-28 04:00:00,1582.23,4,Clear,High,Completed
O09750,C00868,R0007,2025-01-22 12:00:00,1853.76,4,Clear,Low,Completed
O09751,C00462,R0091,2025-02-20 20:00:00,1930.94,1,Cloudy,Low,Completed
O09752,C01633,R0012,2025-01-28 12:00:00,117.72,1,Cloudy,Medium,Completed
O09753,C00750,R0084,2025-01-14 17:00:00,1920.49,1,Clear,Low,Completed
O09754,C01197,R0057,2025-01-16 17:00:00,1506.37,5,Clear,High,Completed
O09755,C00301,R0078,2025-01-07 15:00:00,259.7,6,Clear,High,Completed
O09756,C00600,R0074,2025-01-28 09:00:00,888.96,2,Clear,Medium,Completed
O09757,C01935,R0023,2025-02-22 15:00:00,1430.09,5,Clear,High,Completed
O09758,C01887,R0030,2025-01-04 06:00:00,1917.7,5,Rainy,Low,Cancelled
O09759,C00529,R0058,2025-01-29 20:00:00,411.87,2,Cloudy,Medium,Completed
O09760,C00140,R0095,2025-03-26 21:00:00,342.69,6,Clear,Low,Completed
O09761,C01790,R0052,2025-02-21 00:00:00,997.46,3,Cloudy,Medium,Completed
O09762,C00278,R0056,2025-02-09 14:00:00,1939.39,3,Clear,Low,Completed
O09763,C00663,R0010,2025-03-24 20:00:00,1945.62,3,Clear,Medium,Completed
O09764,C00511,R0019,2025-02-06 01:00:00,533.04,1,Rainy,Medium,Completed
O09765,C01370,R0019,2025-01-17 06:00:00,706.76,1,Clear,Medium,Completed
O09766,C01870,R0087,2025-03-20 09:00:00,1825.26,4,Clear,Medium,Cancelled
O09767,C01164,R0059,2025-02-28 16:00:00,1496.2,4,Clear,Medium,Cancelled
O09768,C00114,R0044,2025-02-04 03:00:00,1947.4,5,Rainy,Low,Cancelled
O09769,C00580,R0059,2025-01-15 03:00:00,1796.98,4,Rainy,Low,Completed
O09770,C01531,R0096,2025-03-06 18:00:00,508.68,1,Rainy,Medium,Completed
O09771,C01390,R0084,2025-01-06 11:00:00,1543.48,5,Rainy,Medium,Completed
O09772,C00691,R0004,2025-01-16 16:00:00,192.27,4,Clear,Low,Completed
O09773,C00637,R0097,2025-01-27 15:00:00,1653.88,4,Cloudy,High,Completed
O09774,C01421,R0065,2025-03-05 09:00:00,1242.96,3,Cloudy,High,Cancelled
O09775,C01849,R0013,2025-01-19 08:00:00,1916.59,1,Rainy,Medium,Completed
O09776,C00823,R0067,2025-03-14 13:00:00,1924.06,5,Cloudy,Medium,Completed
O09777,C01874,R0012,2025-02-20 03:00:00,196.55,2,Cloudy,High,Completed
O09778,C00875,R0093,2025-01-11 00:00:00,404.99,6,Cloudy,High,Completed
O09779,C01948,R0055,2025-03-17 09:00:00,1019.99,4,Cloudy,High,Completed
O09780,C01894,R0061,2025-01-01 22:00:00,1771.04,1,Cloudy,High,Completed
O09781,C01769,R0095,2025-02-20 03:00:00,1647.45,5,Rainy,High,Completed
O09782,C00940,R0041,2025-03-20 15:00:00,1932.3,6,Rainy,Medium,Completed
O09783,C01683,R0036,2025-01-08 06:00:00,1274.36,1,Clear,Medium,Completed
O09784,C00942,R0002,2025-01-09 05:00:00,587.47,1,Clear,High,Completed
O09785,C01135,R0022,2025-01-05 02:00:00,147.7,5,Clear,Low,Completed
O09786,C01899,R0022,2025-02-01 00:00:00,523.56,3,Cloudy,Low,Completed
O09787,C00358,R0041,2025-03-02 10:00:00,1383.02,6,Clear,Medium,Completed
O09788,C01262,R0095,2025-01-19 20:00:00,1859.92,3,Clear,Medium,Completed
O09789,C00003,R0014,2025-03-16 05:00:00,709.72,4,Clear,High,Completed
O09790,C01747,R0093,2025-01-21 18:00:00,1763.84,3,Clear,Low,Cancelled
O09791,C00404,R0035,2025-01-06 20:00:00,850.31,4,Rainy,High,Completed
O09792,C00025,R0050,2025-03-13 10:00:00,685.72,4,Clear,Low,Completed
O09793,C01867,R0009,2025-01-29 03:00:00,1066.8,5,Rainy,Low,Completed
O09794,C00509,R0096,2025-03-02 23:00:00,940.32,1,Clear,Medium,Completed
O09795,C00696,R0059,2025-02-08 05:00:00,1836.22,2,Clear,High,Completed
O09796,C01489,R0056,2025-03-17 22:00:00,989.69,2,Clear,Low,Completed
O09797,C00061,R0091,2025-01-30 11:00:00,626.94,3,Cloudy,Low,Completed
O09798,C01532,R0010,2025-03-14 02:00:00,1700.87,5,Clear,High,Completed
O09799,C00123,R0025,2025-03-20 08:00:00,1997.62,2,Cloudy,Low,Completed
O09800,C01521,R0045,2025-01-24 08:00:00,1331.53,1,Cloudy,Low,Completed
O09801,C00055,R0097,2025-02-11 12:00:00,575.88,4,Cloudy,Medium,Completed
O09802,C01187,R0011,2025-01-03 10:00:00,553.75,4,Cloudy,High,Completed
O09803,C00974,R0009,2025-02-19 14:00:00,209.64,5,Clear,High,Completed
O09804,C01723,R0007,2025-02-10 06:00:00,246.86,3,Clear,Medium,Completed
O09805,C01063,R0071,2025-03-09 16:00:00,1838.47,1,Clear,Medium,Completed
O09806,C01721,R0034,2025-03-17 06:00:00,283.33,3,Clear,High,Completed
O09807,C01107,R0083,2025-01-11 22:00:00,1020.25,3,Clear,Low,Completed
O09808,C01731,R0020,2025-03-02 14:00:00,1426.43,5,Clear,Medium,Completed
O09809,C00546,R0089,2025-01-15 17:00:00,1715.67,4,Clear,Medium,Completed
O09810,C00113,R0005,2025-02-09 04:00:00,425.41,3,Clear,High,Completed
O09811,C00425,R0093,2025-01-02 22:00:00,931.78,3,Rainy,High,Completed
O09812,C00918,R0055,2025-02-01 08:00:00,577.81,1,Cloudy,Medium,Completed
O09813,C00230,R0091,2025-02-25 12:00:00,586.06,6,Cloudy,Medium,Completed
O09814,C01307,R0089,2025-01-10 13:00:00,677.29,4,Cloudy,High,Completed
O09815,C00917,R0015,2025-03-22 04:00:00,1215.52,3,Cloudy,High,Completed
O09816,C01961,R0048,2025-02-01 12:00:00,131.5,6,Clear,Medium,Completed
O09817,C01311,R0004,2025-02-01 17:00:00,876.66,2,Rainy,High,Completed
O09818,C00155,R0078,2025-02-15 20:00:00,454.98,6,Clear,Medium,Completed
O09819,C00165,R0081,2025-03-29 21:00:00,1937.53,2,Clear,Medium,Completed
O09820,C00962,R0021,2025-01-10 21:00:00,1207.19,4,Clear,Low,Completed
O09821,C01206,R0080,2025-01-04 05:00:00,1749.38,4,Clear,Medium,Completed
O09822,C01263,R0090,2025-03-24 16:00:00,471.81,5,Clear,Low,Completed
O09823,C00649,R0009,2025-02-13 20:00:00,1639.03,6,Clear,Medium,Completed
O09824,C01363,R0066,2025-02-18 06:00:00,888.09,3,Cloudy,Low,Completed
O09825,C00938,R0079,2025-01-15 14:00:00,437.62,2,Clear,Medium,Completed
O09826,C00512,R0035,2025-02-08 00:00:00,1546.37,6,Clear,High,Completed
O09827,C00932,R0088,2025-01-15 13:00:00,1547.82,2,Clear,Low,Completed
O09828,C00266,R0051,2025-02-24 08:00:00,1992.19,4,Clear,Medium,Completed
O09829,C00187,R0078,2025-01-13 03:00:00,1583.78,4,Rainy,Low,Completed
O09830,C01064,R0037,2025-02-20 12:00:00,376.01,1,Cloudy,Medium,Completed
O09831,C01846,R0006,2025-01-20 11:00:00,712.84,1,Clear,Medium,Completed
O09832,C01517,R0082,2025-02-22 17:00:00,958.28,4,Clear,Low,Completed
O09833,C01703,R0086,2025-02-20 07:00:00,340.64,1,Cloudy,Low,Completed
O09834,C00391,R0082,2025-01-10 13:00:00,1597.27,4,Clear,Low,Completed
O09835,C01284,R0051,2025-02-14 08:00:00,1100.73,6,Clear,Medium,Completed
O09836,C00655,R0066,2025-02-03 00:00:00,1894.45,4,Clear,Medium,Completed
O09837,C01740,R0096,2025-02-04 07:00:00,1219.69,5,Clear,Medium,Completed
O09838,C00176,R0017,2025-03-12 13:00:00,1093.51,1,Clear,Medium,Completed
O09839,C00774,R0065,2025-02-04 19:00:00,235.71,3,Clear,Medium,Completed
O09840,C00764,R0009,2025-03-27 17:00:00,383.76,3,Rainy,Medium,Completed
O09841,C01353,R0013,2025-01-04 14:00:00,1714.1,6,Rainy,High,Completed
O09842,C00931,R0100,2025-02-26 18:00:00,1982.28,5,Clear,Medium,Completed
O09843,C01224,R0058,2025-01-01 03:00:00,888.84,3,Cloudy,Medium,Completed
O09844,C00711,R0030,2025-02-20 20:00:00,1639.16,3,Cloudy,Medium,Completed
O09845,C01220,R0031,2025-03-18 20:00:00,1292.41,6,Clear,Medium,Completed
O09846,C00826,R0023,2025-03-05 09:00:00,1922.21,6,Clear,Medium,Completed
O09847,C00589,R0063,2025-03-24 09:00:00,552.46,5,Clear,High,Completed
O09848,C00531,R0028,2025-03-03 10:00:00,1135.19,2,Cloudy,High,Completed
O09849,C01086,R0059,2025-02-17 02:00:00,876.71,5,Clear,Low,Completed
O09850,C01351,R0010,2025-02-06 16:00:00,1129.26,5,Clear,High,Completed
O09851,C01930,R0089,2025-02-28 09:00:00,610.83,1,Cloudy,High,Completed
O09852,C00281,R0100,2025-03-24 07:00:00,1045.72,3,Rainy,High,Cancelled
O09853,C01964,R0090,2025-02-08 23:00:00,1287.13,3,Rainy,Low,Completed
O09854,C01786,R0026,2025-03-20 06:00:00,254.31,2,Rainy,Medium,Completed
O09855,C00227,R0077,2025-03-14 22:00:00,1511.68,5,Rainy,Medium,Completed
O09856,C00639,R0017,2025-01-01 01:00:00,1442.39,4,Clear,Medium,Completed
O09857,C01082,R0040,2025-02-17 16:00:00,1772.87,2,Cloudy,Medium,Completed
O09858,C00921,R0068,2025-03-10 06:00:00,909.13,2,Cloudy,High,Cancelled
O09859,C00477,R0023,2025-01-07 04:00:00,217.17,3,Clear,Medium,Completed
O09860,C01400,R0035,2025-01-07 07:00:00,976.78,3,Rainy,Medium,Completed
O09861,C00716,R0075,2025-03-22 19:00:00,361.46,3,Clear,Medium,Completed
O09862,C00243,R0076,2025-03-27 03:00:00,1330.15,3,Cloudy,Medium,Completed
O09863,C00367,R0009,2025-03-12 22:00:00,189.55,2,Rainy,Medium,Completed
O09864,C00936,R0079,2025-03-19 03:00:00,810.59,6,Clear,Low,Completed
O09865,C01868,R0045,2025-01-20 18:00:00,257.4,5,Cloudy,Medium,Completed
O09866,C01524,R0037,2025-02-27 19:00:00,106.4,6,Cloudy,Low,Completed
O09867,C00838,R0069,2025-02-03 14:00:00,1925.06,6,Cloudy,High,Completed
O09868,C01276,R0019,2025-02-15 14:00:00,1992.64,3,Clear,High,Completed
O09869,C00906,R0075,2025-03-11 07:00:00,1155.46,1,Rainy,High,Completed
O09870,C01346,R0073,2025-03-28 16:00:00,554.02,2,Cloudy,Medium,Completed
O09871,C00376,R0099,2025-02-19 04:00:00,1831.09,4,Clear,Medium,Completed
O09872,C01433,R0027,2025-02-26 09:00:00,1853.77,4,Rainy,High,Cancelled
O09873,C00711,R0013,2025-03-14 02:00:00,1723.57,5,Cloudy,Medium,Completed
O09874,C01512,R0057,2025-03-25 04:00:00,1134.3,2,Clear,Medium,Cancelled
O09875,C00343,R0060,2025-03-07 02:00:00,241.93,2,Clear,Medium,Cancelled
O09876,C00240,R0012,2025-02-22 02:00:00,268.03,2,Clear,Medium,Completed
O09877,C00139,R0009,2025-01-16 06:00:00,1803.58,6,Clear,High,Completed
O09878,C01146,R0092,2025-03-17 00:00:00,1764.07,1,Clear,Medium,Completed
O09879,C00420,R0077,2025-03-26 20:00:00,925.35,1,Clear,Medium,Completed
O09880,C01585,R0084,2025-03-26 07:00:00,723.49,6,Clear,Low,Completed
O09881,C00304,R0077,2025-01-23 09:00:00,1323.84,3,Rainy,Medium,Completed
O09882,C00115,R0027,2025-03-06 18:00:00,1633.28,6,Rainy,High,Completed
O09883,C00343,R0090,2025-03-27 23:00:00,1490.2,4,Cloudy,Low,Completed
O09884,C01275,R0063,2025-02-02 22:00:00,1269.65,6,Cloudy,High,Cancelled
O09885,C00007,R0093,2025-02-21 02:00:00,539.87,1,Rainy,High,Completed
O09886,C00731,R0029,2025-03-23 04:00:00,598.76,4,Clear,Low,Completed
O09887,C01613,R0022,2025-03-12 21:00:00,1475.73,6,Clear,Low,Completed
O09888,C00179,R0073,2025-02-15 02:00:00,1624.98,2,Cloudy,Low,Completed
O09889,C01169,R0088,2025-02-12 00:00:00,320.66,1,Rainy,Low,Completed
O09890,C00416,R0019,2025-01-02 23:00:00,455.86,4,Cloudy,Low,Completed
O09891,C00666,R0038,2025-01-28 11:00:00,1392.89,1,Rainy,Low,Cancelled
O09892,C01145,R0095,2025-03-01 19:00:00,839.07,2,Clear,Medium,Completed
O09893,C01148,R0039,2025-01-05 17:00:00,1170.26,2,Clear,High,Completed
O09894,C00150,R0015,2025-01-19 05:00:00,1268.15,2,Cloudy,Low,Cancelled
O09895,C00397,R0054,2025-01-07 17:00:00,1574.79,3,Clear,Low,Cancelled
O09896,C00381,R0032,2025-01-21 23:00:00,1630.86,6,Clear,High,Completed
O09897,C01804,R0046,2025-02-14 03:00:00,632.18,4,Cloudy,Low,Cancelled
O09898,C00839,R0061,2025-02-11 21:00:00,1128.46,3,Clear,Low,Completed
O09899,C00001,R0093,2025-03-11 14:00:00,334.7,5,Clear,Low,Completed
O09900,C01697,R0052,2025-02-28 02:00:00,1699.83,5,Clear,Low,Completed
O09901,C00244,R0034,2025-03-04 21:00:00,1706.35,1,Rainy,Medium,Completed
O09902,C01911,R0073,2025-03-25 17:00:00,669.06,1,Clear,Low,Completed
O09903,C01422,R0035,2025-01-20 23:00:00,405.18,1,Clear,Medium,Completed
O09904,C01275,R0070,2025-02-09 20:00:00,233.17,3,Cloudy,Medium,Completed
O09905,C00879,R0037,2025-01-07 14:00:00,1192.46,6,Clear,High,Completed
O09906,C01600,R0078,2025-02-01 10:00:00,273.71,2,Cloudy,Medium,Completed
O09907,C01323,R0061,2025-03-18 12:00:00,1393.13,1,Cloudy,Low,Completed
O09908,C00760,R0049,2025-01-09 11:00:00,1388.44,1,Clear,Medium,Completed
O09909,C00954,R0009,2025-01-22 07:00:00,1266.58,6,Clear,High,Cancelled
O09910,C01321,R0019,2025-03-24 19:00:00,1765.46,5,Clear,Low,Completed
O09911,C00977,R0087,2025-01-05 19:00:00,818.73,2,Clear,Low,Completed
O09912,C01988,R0028,2025-01-17 07:00:00,1814.31,3,Clear,High,Completed
O09913,C01524,R0080,2025-02-21 14:00:00,170.16,6,Clear,High,Completed
O09914,C01139,R0026,2025-03-05 22:00:00,314.24,2,Cloudy,Low,Completed
O09915,C01831,R0038,2025-01-31 20:00:00,883.19,5,Clear,Medium,Completed
O09916,C00001,R0040,2025-01-02 12:00:00,1228.59,3,Clear,Low,Completed
O09917,C00553,R0025,2025-02-11 01:00:00,161.51,4,Rainy,Medium,Completed
O09918,C01709,R0099,2025-03-05 23:00:00,1178.13,1,Clear,High,Completed
O09919,C01624,R0069,2025-01-16 08:00:00,684.06,3,Cloudy,High,Completed
O09920,C00482,R0071,2025-03-23 13:00:00,1785.58,5,Rainy,Low,Completed
O09921,C01634,R0023,2025-02-03 21:00:00,1113.24,2,Clear,Medium,Completed
O09922,C00600,R0089,2025-03-14 08:00:00,1217.0,3,Rainy,Medium,Completed
O09923,C00763,R0065,2025-02-16 19:00:00,1896.68,5,Clear,Medium,Cancelled
O09924,C01534,R0022,2025-02-15 18:00:00,1551.92,6,Cloudy,Low,Cancelled
O09925,C00335,R0064,2025-02-27 23:00:00,932.72,3,Cloudy,High,Completed
O09926,C00465,R0068,2025-03-29 22:00:00,1006.07,1,Cloudy,Medium,Completed
O09927,C01165,R0058,2025-03-10 15:00:00,1331.06,6,Cloudy,Low,Completed
O09928,C00583,R0028,2025-03-26 15:00:00,480.38,2,Clear,Medium,Completed
O09929,C00137,R0078,2025-03-11 22:00:00,268.44,6,Clear,Low,Completed
O09930,C01004,R0097,2025-01-04 02:00:00,691.35,2,Rainy,Low,Completed
O09931,C01983,R0068,2025-03-17 13:00:00,1578.93,3,Clear,Low,Completed
O09932,C01635,R0075,2025-02-23 00:00:00,588.92,6,Clear,Low,Completed
O09933,C01687,R0096,2025-03-24 11:00:00,348.44,5,Cloudy,Low,Cancelled
O09934,C00950,R0004,2025-03-22 06:00:00,516.14,1,Clear,Medium,Completed
O09935,C00687,R0001,2025-03-24 17:00:00,1390.05,1,Clear,Medium,Completed
O09936,C00167,R0026,2025-03-07 16:00:00,1266.5,3,Cloudy,Medium,Completed
O09937,C01367,R0033,2025-03-03 05:00:00,1407.8,4,Cloudy,Medium,Completed
O09938,C01434,R0081,2025-02-10 19:00:00,711.72,6,Cloudy,Medium,Completed
O09939,C01793,R0027,2025-02-22 07:00:00,1811.63,3,Clear,Low,Completed
O09940,C00910,R0042,2025-03-10 09:00:00,958.36,6,Cloudy,Medium,Completed
O09941,C01760,R0069,2025-01-13 11:00:00,1076.05,1,Clear,High,Completed
O09942,C00880,R0071,2025-01-18 17:00:00,1902.74,6,Cloudy,Medium,Completed
O09943,C00842,R0064,2025-01-17 16:00:00,1960.63,2,Rainy,Medium,Cancelled
O09944,C00065,R0025,2025-02-28 09:00:00,1356.93,3,Cloudy,Medium,Completed
O09945,C01605,R0072,2025-03-24 14:00:00,1895.15,3,Clear,Medium,Completed
O09946,C01091,R0098,2025-03-22 21:00:00,1128.86,2,Clear,Low,Completed
O09947,C00433,R0004,2025-02-23 08:00:00,683.84,6,Cloudy,Medium,Completed
O09948,C01074,R0012,2025-01-31 20:00:00,698.68,3,Clear,Medium,Completed
O09949,C01338,R0058,2025-02-05 21:00:00,1161.99,5,Cloudy,High,Completed
O09950,C01333,R0095,2025-01-21 13:00:00,1249.57,2,Clear,Low,Completed
O09951,C01627,R0011,2025-02-20 05:00:00,935.27,2,Cloudy,Medium,Completed
O09952,C00115,R0059,2025-01-04 17:00:00,1779.17,6,Rainy,Medium,Completed
O09953,C01910,R0036,2025-01-03 15:00:00,910.72,2,Rainy,Medium,Completed
O09954,C00569,R0022,2025-02-16 07:00:00,619.5,1,Cloudy,Low,Completed
O09955,C01366,R0065,2025-02-14 00:00:00,115.17,3,Clear,Medium,Cancelled
O09956,C01554,R0050,2025-02-15 15:00:00,1944.08,4,Clear,Low,Completed
O09957,C01808,R0004,2025-03-07 19:00:00,1666.2,3,Clear,Medium,Cancelled
O09958,C00642,R0100,2025-01-22 09:00:00,1269.56,3,Clear,Medium,Completed
O09959,C00495,R0072,2025-01-06 15:00:00,1678.03,1,Cloudy,Low,Completed
O09960,C01293,R0089,2025-01-06 00:00:00,1639.55,5,Cloudy,High,Completed
O09961,C00941,R0092,2025-03-04 13:00:00,1870.52,5,Clear,Medium,Completed
O09962,C01104,R0052,2025-02-04 07:00:00,833.53,1,Clear,Low,Completed
O09963,C01480,R0100,2025-02-16 13:00:00,1154.22,1,Cloudy,Low,Completed
O09964,C01323,R0100,2025-01-22 00:00:00,287.39,1,Rainy,Low,Completed
O09965,C00968,R0043,2025-03-27 14:00:00,1934.1,3,Rainy,Medium,Completed
O09966,C00822,R0046,2025-03-09 15:00:00,1971.74,1,Rainy,Medium,Completed
O09967,C00202,R0004,2025-03-14 15:00:00,1599.26,4,Clear,High,Completed
O09968,C01527,R0013,2025-02-03 10:00:00,962.83,2,Clear,Low,Completed
O09969,C01761,R0038,2025-01-12 13:00:00,1043.48,5,Clear,Medium,Completed
O09970,C01695,R0045,2025-03-03 07:00:00,927.2,6,Cloudy,Low,Completed
O09971,C01740,R0025,2025-02-04 10:00:00,657.29,4,Cloudy,Low,Completed
O09972,C00649,R0067,2025-02-09 08:00:00,1102.8,6,Rainy,Low,Completed
O09973,C01509,R0055,2025-03-29 11:00:00,201.55,5,Clear,Medium,Completed
O09974,C01609,R0096,2025-03-01 12:00:00,1984.59,3,Rainy,Medium,Completed
O09975,C00560,R0039,2025-02-02 10:00:00,905.7,3,Clear,Medium,Completed
O09976,C01042,R0065,2025-01-09 18:00:00,1862.0,1,Clear,Low,Completed
O09977,C00478,R0075,2025-02-07 01:00:00,1476.12,5,Clear,Medium,Completed
O09978,C00488,R0002,2025-03-26 09:00:00,650.89,3,Clear,Medium,Completed
O09979,C00983,R0069,2025-02-11 22:00:00,521.9,3,Rainy,Low,Completed
O09980,C00779,R0086,2025-03-10 05:00:00,1991.78,6,Clear,Medium,Completed
O09981,C01470,R0062,2025-02-05 04:00:00,1567.04,6,Clear,Low,Completed
O09982,C00340,R0046,2025-02-12 07:00:00,574.36,5,Cloudy,Low,Completed
O09983,C01555,R0077,2025-01-17 13:00:00,228.15,3,Clear,High,Completed
O09984,C00612,R0087,2025-02-26 00:00:00,1424.14,1,Clear,Low,Completed
O09985,C00116,R0031,2025-01-27 14:00:00,675.73,3,Clear,Medium,Completed
O09986,C01882,R0099,2025-01-21 12:00:00,520.53,4,Clear,Low,Cancelled
O09987,C00074,R0035,2025-03-09 21:00:00,1496.38,4,Clear,Low,Completed
O09988,C01816,R0045,2025-03-30 09:00:00,1390.6,1,Clear,Medium,Completed
O09989,C01293,R0077,2025-03-04 11:00:00,1014.68,4,Rainy,Medium,Completed
O09990,C01661,R0054,2025-03-03 21:00:00,1891.05,6,Cloudy,Medium,Cancelled
O09991,C00116,R0071,2025-01-19 15:00:00,1391.31,3,Cloudy,Medium,Completed
O09992,C01710,R0069,2025-02-16 21:00:00,1797.5,4,Clear,High,Completed
O09993,C01717,R0029,2025-01-24 06:00:00,462.05,4,Rainy,Medium,Completed
O09994,C01762,R0072,2025-02-10 09:00:00,663.63,3,Rainy,High,Completed
O09995,C01693,R0008,2025-02-09 00:00:00,298.59,5,Clear,Low,Completed
O09996,C01188,R0054,2025-02-21 03:00:00,678.7,1,Cloudy,High,Completed
O09997,C01607,R0007,2025-01-04 13:00:00,1946.38,5,Cloudy,Medium,Completed
O09998,C01246,R0083,2025-02-26 03:00:00,1929.43,5,Cloudy,High,Completed
O09999,C00126,R0023,2025-03-23 04:00:00,1544.73,4,Rainy,Medium,Completed
O10000,C00657,R0100,2025-02-06 12:00:00,1089.99,2,Clear,Low,Completed
