payment_id,order_id,payment_method,payment_status,payment_amount
P00001,O00001,Credit Card,Completed,1552.79
P00002,O00002,Debit Card,Completed,1562.78
P00003,O00003,Credit Card,Completed,1653.23
P00004,O00004,Debit Card,Completed,1698.19
P00005,O00005,Credit Card,Completed,898.83
P00006,O00006,UPI,Completed,1748.34
P00007,O00007,UPI,Completed,1099.28
P00008,O00008,Credit Card,Completed,994.13
P00009,O00009,Credit Card,Completed,1465.22
P00010,O00010,UPI,Completed,506.25
P00011,O00011,UPI,Completed,1600.05
P00012,O00012,UPI,Completed,915.99
P00013,O00013,Credit Card,Completed,341.86
P00014,O00014,Cash,Completed,326.69
P00015,O00015,Cash,Completed,413.32
P00016,O00016,Credit Card,Failed,1792.09
P00017,O00017,Debit Card,Completed,1982.78
P00018,O00018,UPI,Completed,778.25
P00019,O00019,UPI,Completed,655.07
P00020,O00020,Cash,Refunded,515.66
P00021,O00021,UPI,Completed,1665.25
P00022,O00022,Debit Card,Completed,497.49
P00023,O00023,UPI,Completed,1855.77
P00024,O00024,UPI,Completed,1367.97
P00025,O00025,UPI,Completed,1804.54
P00026,O00026,Credit Card,Completed,1152.62
P00027,O00027,UPI,Completed,1412.29
P00028,O00028,UPI,Completed,1276.97
P00029,O00029,Credit Card,Completed,1679.27
P00030,O00030,Cash,Completed,1688.14
P00031,O00031,UPI,Completed,1220.61
P00032,O00032,Cash,Completed,1301.76
P00033,O00033,UPI,Completed,1851.56
P00034,O00034,UPI,Completed,1866.75
P00035,O00035,UPI,Completed,1362.07
P00036,O00036,Cash,Completed,114.73
P00037,O00037,Credit Card,Completed,298.38
P00038,O00038,Cash,Completed,1730.09
P00039,O00039,Credit Card,Completed,260.96
P00040,O00040,Credit Card,Failed,505.69
P00041,O00041,UPI,Failed,538.04
P00042,O00042,UPI,Completed,1240.45
P00043,O00043,Credit Card,Completed,1195.6
P00044,O00044,Debit Card,Completed,649.89
P00045,O00045,Debit Card,Completed,494.46
P00046,O00046,Debit Card,Completed,1552.61
P00047,O00047,Debit Card,Completed,1877.37
P00048,O00048,Debit Card,Completed,200.33
P00049,O00049,UPI,Completed,353.04
P00050,O00050,UPI,Completed,1320.11
P00051,O00051,UPI,Completed,1628.44
P00052,O00052,UPI,Completed,1603.26
P00053,O00053,UPI,Completed,1467.4
P00054,O00054,Credit Card,Completed,1786.11
P00055,O00055,UPI,Completed,512.96
P00056,O00056,UPI,Completed,303.85
P00057,O00057,UPI,Completed,1269.19
P00058,O00058,UPI,Refunded,1662.32
P00059,O00059,UPI,Completed,1205.88
P00060,O00060,Debit Card,Failed,1929.7
P00061,O00061,Debit Card,Completed,1611.57
P00062,O00062,Debit Card,Completed,1431.5
P00063,O00063,Cash,Refunded,214.49
P00064,O00064,UPI,Completed,304.71
P00065,O00065,Credit Card,Completed,1591.19
P00066,O00066,UPI,Completed,476.65
P00067,O00067,UPI,Completed,154.79
P00068,O00068,Debit Card,Completed,1830.45
P00069,O00069,UPI,Completed,1792.53
P00070,O00070,Debit Card,Completed,515.12
P00071,O00071,Debit Card,Completed,1582.39
P00072,O00072,UPI,Completed,191.16
P00073,O00073,UPI,Completed,641.61
P00074,O00074,UPI,Refunded,1284.97
P00075,O00075,UPI,Completed,1550.04
P00076,O00076,UPI,Completed,119.76
P00077,O00077,UPI,Completed,719.8
P00078,O00078,Debit Card,Completed,507.26
P00079,O00079,Debit Card,Failed,1997.68
P00080,O00080,Credit Card,Completed,1374.87
P00081,O00081,Credit Card,Completed,870.78
P00082,O00082,UPI,Completed,243.74
P00083,O00083,UPI,Completed,1237.47
P00084,O00084,Credit Card,Completed,1319.23
P00085,O00085,Debit Card,Completed,1651.17
P00086,O00086,UPI,Completed,648.3
P00087,O00087,UPI,Completed,1964.71
P00088,O00088,Credit Card,Completed,934.98
P00089,O00089,UPI,Completed,662.29
P00090,O00090,UPI,Completed,762.05
P00091,O00091,Debit Card,Completed,1087.21
P00092,O00092,UPI,Completed,1879.73
P00093,O00093,UPI,Completed,1496.8
P00094,O00094,Cash,Completed,1196.51
P00095,O00095,UPI,Completed,409.34
P00096,O00096,Debit Card,Completed,383.77
P00097,O00097,Debit Card,Completed,1054.17
P00098,O00098,UPI,Completed,1484.55
P00099,O00099,UPI,Completed,1526.92
P00100,O00100,UPI,Completed,529.24
P00101,O00101,UPI,Completed,290.19
P00102,O00102,UPI,Refunded,830.48
P00103,O00103,UPI,Failed,1844.53
P00104,O00104,UPI,Completed,1136.2
P00105,O00105,UPI,Completed,708.19
P00106,O00106,UPI,Completed,714.91
P00107,O00107,UPI,Completed,350.97
P00108,O00108,Cash,Completed,999.13
P00109,O00109,Debit Card,Completed,1603.59
P00110,O00110,Debit Card,Completed,1940.26
P00111,O00111,UPI,Completed,1053.03
P00112,O00112,Credit Card,Completed,417.71
P00113,O00113,Credit Card,Completed,1397.61
P00114,O00114,UPI,Completed,1537.9
P00115,O00115,UPI,Completed,236.23
P00116,O00116,UPI,Completed,1715.26
P00117,O00117,UPI,Completed,1675.71
P00118,O00118,UPI,Completed,997.83
P00119,O00119,UPI,Completed,1164.8
P00120,O00120,Debit Card,Completed,1455.48
P00121,O00121,Debit Card,Completed,1385.82
P00122,O00122,Debit Card,Completed,131.42
P00123,O00123,UPI,Completed,332.63
P00124,O00124,UPI,Failed,408.92
P00125,O00125,Debit Card,Completed,1535.78
P00126,O00126,Debit Card,Completed,936.16
P00127,O00127,UPI,Failed,1136.45
P00128,O00128,Credit Card,Completed,1568.11
P00129,O00129,Debit Card,Completed,747.87
P00130,O00130,Cash,Completed,1522.89
P00131,O00131,UPI,Completed,940.37
P00132,O00132,Credit Card,Completed,816.64
P00133,O00133,Cash,Refunded,732.77
P00134,O00134,UPI,Completed,1933.4
P00135,O00135,UPI,Failed,1566.75
P00136,O00136,UPI,Completed,138.37
P00137,O00137,UPI,Completed,1919.09
P00138,O00138,UPI,Completed,1573.34
P00139,O00139,UPI,Completed,383.43
P00140,O00140,Credit Card,Completed,245.04
P00141,O00141,UPI,Failed,685.57
P00142,O00142,UPI,Completed,1285.94
P00143,O00143,Credit Card,Completed,1271.44
P00144,O00144,UPI,Completed,624.12
P00145,O00145,UPI,Completed,946.78
P00146,O00146,UPI,Completed,502.59
P00147,O00147,Cash,Completed,196.1
P00148,O00148,UPI,Completed,1082.24
P00149,O00149,Credit Card,Refunded,759.28
P00150,O00150,Credit Card,Completed,1131.48
P00151,O00151,Credit Card,Completed,1898.36
P00152,O00152,Debit Card,Completed,372.4
P00153,O00153,UPI,Completed,103.73
P00154,O00154,Credit Card,Completed,246.07
P00155,O00155,UPI,Completed,979.15
P00156,O00156,UPI,Completed,1443.17
P00157,O00157,Cash,Completed,1203.45
P00158,O00158,Credit Card,Completed,1040.3
P00159,O00159,UPI,Completed,772.53
P00160,O00160,Cash,Completed,688.95
P00161,O00161,UPI,Failed,814.94
P00162,O00162,UPI,Completed,1262.11
P00163,O00163,UPI,Completed,418.73
P00164,O00164,Credit Card,Completed,1565.59
P00165,O00165,UPI,Completed,1192.98
P00166,O00166,UPI,Completed,611.4
P00167,O00167,UPI,Completed,1052.19
P00168,O00168,Credit Card,Completed,1929.28
P00169,O00169,UPI,Completed,138.93
P00170,O00170,Debit Card,Completed,479.09
P00171,O00171,Cash,Completed,951.92
P00172,O00172,UPI,Completed,1313.04
P00173,O00173,UPI,Completed,503.23
P00174,O00174,Debit Card,Completed,1869.67
P00175,O00175,UPI,Completed,1320.89
P00176,O00176,Debit Card,Completed,1767.12
P00177,O00177,UPI,Completed,725.7
P00178,O00178,UPI,Completed,1675.01
P00179,O00179,Debit Card,Completed,818.62
P00180,O00180,Credit Card,Completed,580.23
P00181,O00181,UPI,Completed,1832.15
P00182,O00182,Cash,Completed,275.22
P00183,O00183,Cash,Completed,1891.49
P00184,O00184,Debit Card,Completed,971.18
P00185,O00185,Debit Card,Completed,1985.99
P00186,O00186,UPI,Completed,1125.23
P00187,O00187,UPI,Completed,1539.23
P00188,O00188,UPI,Completed,113.43
P00189,O00189,UPI,Completed,1043.67
P00190,O00190,UPI,Completed,1501.16
P00191,O00191,UPI,Completed,1587.37
P00192,O00192,Credit Card,Completed,400.29
P00193,O00193,UPI,Completed,896.04
P00194,O00194,Credit Card,Completed,896.24
P00195,O00195,Credit Card,Completed,296.92
P00196,O00196,UPI,Completed,941.79
P00197,O00197,Cash,Completed,1633.48
P00198,O00198,Debit Card,Completed,670.34
P00199,O00199,Debit Card,Completed,921.89
P00200,O00200,Cash,Completed,1925.82
P00201,O00201,UPI,Completed,160.25
P00202,O00202,UPI,Completed,1223.89
P00203,O00203,UPI,Completed,1512.53
P00204,O00204,UPI,Failed,1545.68
P00205,O00205,Credit Card,Completed,1460.28
P00206,O00206,Cash,Completed,1480.26
P00207,O00207,Cash,Completed,212.12
P00208,O00208,Credit Card,Completed,1114.86
P00209,O00209,UPI,Refunded,1587.64
P00210,O00210,Credit Card,Completed,278.72
P00211,O00211,Debit Card,Completed,122.89
P00212,O00212,Debit Card,Completed,1647.67
P00213,O00213,Cash,Failed,1453.36
P00214,O00214,UPI,Completed,883.19
P00215,O00215,Cash,Completed,1886.75
P00216,O00216,UPI,Completed,1556.54
P00217,O00217,Credit Card,Completed,1938.94
P00218,O00218,Credit Card,Completed,1865.7
P00219,O00219,UPI,Completed,1014.46
P00220,O00220,UPI,Completed,1533.95
P00221,O00221,UPI,Completed,1371.46
P00222,O00222,UPI,Completed,1641.75
P00223,O00223,Debit Card,Completed,1596.61
P00224,O00224,UPI,Completed,391.14
P00225,O00225,Debit Card,Completed,544.1
P00226,O00226,UPI,Completed,604.89
P00227,O00227,UPI,Completed,1655.15
P00228,O00228,UPI,Completed,1640.41
P00229,O00229,Cash,Completed,1041.14
P00230,O00230,Debit Card,Completed,1203.58
P00231,O00231,UPI,Completed,1671.15
P00232,O00232,UPI,Completed,693.93
P00233,O00233,UPI,Completed,195.34
P00234,O00234,Credit Card,Completed,1016.93
P00235,O00235,UPI,Completed,1836.06
P00236,O00236,Credit Card,Completed,1601.89
P00237,O00237,UPI,Completed,796.57
P00238,O00238,UPI,Completed,223.07
P00239,O00239,UPI,Completed,1310.15
P00240,O00240,Debit Card,Completed,1685.53
P00241,O00241,Credit Card,Completed,1363.4
P00242,O00242,UPI,Failed,907.64
P00243,O00243,Debit Card,Completed,334.37
P00244,O00244,UPI,Refunded,1830.47
P00245,O00245,UPI,Completed,624.32
P00246,O00246,UPI,Completed,526.15
P00247,O00247,Credit Card,Completed,1650.36
P00248,O00248,UPI,Refunded,1964.32
P00249,O00249,UPI,Completed,1354.3
P00250,O00250,Cash,Completed,1287.14
P00251,O00251,Credit Card,Completed,706.92
P00252,O00252,UPI,Completed,138.79
P00253,O00253,Debit Card,Completed,464.42
P00254,O00254,Debit Card,Completed,1210.42
P00255,O00255,Cash,Completed,387.5
P00256,O00256,UPI,Completed,1779.29
P00257,O00257,UPI,Completed,457.47
P00258,O00258,UPI,Completed,1092.0
P00259,O00259,Credit Card,Completed,1072.83
P00260,O00260,Cash,Completed,1247.5
P00261,O00261,Credit Card,Completed,722.12
P00262,O00262,UPI,Failed,1759.71
P00263,O00263,UPI,Completed,944.17
P00264,O00264,Debit Card,Completed,1430.29
P00265,O00265,Credit Card,Completed,1308.23
P00266,O00266,UPI,Completed,322.6
P00267,O00267,Credit Card,Completed,1283.01
P00268,O00268,Credit Card,Completed,1146.34
P00269,O00269,Cash,Completed,1807.35
P00270,O00270,Debit Card,Completed,1773.67
P00271,O00271,Debit Card,Completed,386.81
P00272,O00272,Cash,Completed,255.2
P00273,O00273,Credit Card,Completed,659.73
P00274,O00274,Credit Card,Completed,1974.56
P00275,O00275,UPI,Completed,140.99
P00276,O00276,UPI,Completed,1378.5
P00277,O00277,Credit Card,Completed,1256.18
P00278,O00278,Cash,Completed,1328.5
P00279,O00279,Credit Card,Completed,514.74
P00280,O00280,Credit Card,Completed,530.76
P00281,O00281,Credit Card,Completed,918.22
P00282,O00282,Cash,Completed,282.13
P00283,O00283,UPI,Completed,241.77
P00284,O00284,Cash,Completed,267.88
P00285,O00285,Credit Card,Completed,1188.66
P00286,O00286,UPI,Completed,855.71
P00287,O00287,UPI,Completed,657.87
P00288,O00288,UPI,Completed,700.06
P00289,O00289,UPI,Completed,493.84
P00290,O00290,UPI,Completed,881.86
P00291,O00291,Cash,Completed,485.81
P00292,O00292,Credit Card,Completed,1426.29
P00293,O00293,Cash,Completed,335.47
P00294,O00294,UPI,Completed,1901.66
P00295,O00295,Credit Card,Completed,270.66
P00296,O00296,Credit Card,Completed,1892.58
P00297,O00297,UPI,Completed,1683.26
P00298,O00298,Cash,Completed,1393.35
P00299,O00299,Credit Card,Completed,1833.37
P00300,O00300,UPI,Completed,364.52
P00301,O00301,UPI,Completed,435.0
P00302,O00302,Debit Card,Completed,579.09
P00303,O00303,Credit Card,Completed,565.14
P00304,O00304,UPI,Completed,690.61
P00305,O00305,Debit Card,Completed,1193.7
P00306,O00306,Cash,Completed,153.53
P00307,O00307,Credit Card,Completed,826.32
P00308,O00308,UPI,Completed,568.13
P00309,O00309,Debit Card,Completed,1252.6
P00310,O00310,Credit Card,Completed,1971.82
P00311,O00311,UPI,Completed,1083.54
P00312,O00312,Credit Card,Failed,908.8
P00313,O00313,Debit Card,Refunded,799.66
P00314,O00314,UPI,Completed,1591.4
P00315,O00315,UPI,Completed,236.76
P00316,O00316,UPI,Completed,1923.56
P00317,O00317,Credit Card,Completed,894.04
P00318,O00318,UPI,Completed,696.03
P00319,O00319,Debit Card,Completed,1950.73
P00320,O00320,UPI,Completed,1878.17
P00321,O00321,Credit Card,Completed,1319.67
P00322,O00322,Debit Card,Completed,135.16
P00323,O00323,Credit Card,Completed,1522.22
P00324,O00324,Credit Card,Completed,737.56
P00325,O00325,Debit Card,Completed,837.73
P00326,O00326,UPI,Completed,401.61
P00327,O00327,Credit Card,Completed,1094.57
P00328,O00328,Debit Card,Failed,1514.65
P00329,O00329,UPI,Completed,618.72
P00330,O00330,UPI,Completed,1883.59
P00331,O00331,UPI,Completed,470.0
P00332,O00332,Debit Card,Completed,225.9
P00333,O00333,Cash,Completed,1324.29
P00334,O00334,Credit Card,Completed,1713.71
P00335,O00335,UPI,Completed,1910.95
P00336,O00336,UPI,Failed,1557.62
P00337,O00337,UPI,Completed,479.34
P00338,O00338,UPI,Completed,1957.56
P00339,O00339,Credit Card,Completed,1846.93
P00340,O00340,UPI,Completed,410.02
P00341,O00341,UPI,Completed,1161.69
P00342,O00342,UPI,Completed,1155.48
P00343,O00343,UPI,Completed,940.82
P00344,O00344,Credit Card,Completed,1970.13
P00345,O00345,UPI,Completed,213.28
P00346,O00346,UPI,Completed,1291.7
P00347,O00347,UPI,Completed,490.08
P00348,O00348,Debit Card,Completed,1101.93
P00349,O00349,UPI,Completed,1581.51
P00350,O00350,Debit Card,Completed,568.78
P00351,O00351,UPI,Completed,847.38
P00352,O00352,Debit Card,Failed,1906.46
P00353,O00353,Credit Card,Completed,1546.81
P00354,O00354,Debit Card,Completed,1188.17
P00355,O00355,Credit Card,Completed,521.8
P00356,O00356,UPI,Completed,908.08
P00357,O00357,UPI,Completed,1570.72
P00358,O00358,UPI,Completed,1659.03
P00359,O00359,Credit Card,Completed,564.75
P00360,O00360,Credit Card,Completed,1357.91
P00361,O00361,Credit Card,Completed,280.51
P00362,O00362,Credit Card,Refunded,144.1
P00363,O00363,UPI,Completed,1142.48
P00364,O00364,Debit Card,Completed,526.32
P00365,O00365,Debit Card,Completed,249.93
P00366,O00366,Credit Card,Completed,1486.67
P00367,O00367,Debit Card,Completed,1046.15
P00368,O00368,UPI,Completed,1612.93
P00369,O00369,Credit Card,Completed,1361.49
P00370,O00370,UPI,Completed,1486.63
P00371,O00371,Credit Card,Failed,683.99
P00372,O00372,Cash,Completed,600.22
P00373,O00373,UPI,Completed,1241.66
P00374,O00374,UPI,Completed,480.16
P00375,O00375,Debit Card,Completed,1649.28
P00376,O00376,UPI,Completed,1093.55
P00377,O00377,UPI,Completed,531.28
P00378,O00378,UPI,Refunded,1287.82
P00379,O00379,Credit Card,Completed,1895.57
P00380,O00380,Credit Card,Completed,255.98
P00381,O00381,Cash,Completed,307.76
P00382,O00382,Credit Card,Completed,1703.29
P00383,O00383,Credit Card,Completed,308.23
P00384,O00384,Credit Card,Completed,174.81
P00385,O00385,Debit Card,Completed,761.07
P00386,O00386,UPI,Completed,986.74
P00387,O00387,UPI,Completed,1181.94
P00388,O00388,Debit Card,Completed,1063.87
P00389,O00389,UPI,Completed,1835.05
P00390,O00390,Debit Card,Failed,1560.47
P00391,O00391,UPI,Completed,1969.24
P00392,O00392,Debit Card,Completed,1005.27
P00393,O00393,Credit Card,Completed,260.23
P00394,O00394,UPI,Completed,1915.51
P00395,O00395,Debit Card,Completed,107.82
P00396,O00396,UPI,Completed,1574.58
P00397,O00397,UPI,Completed,159.44
P00398,O00398,UPI,Completed,1546.31
P00399,O00399,UPI,Completed,1882.08
P00400,O00400,Credit Card,Completed,839.59
P00401,O00401,UPI,Completed,557.83
P00402,O00402,UPI,Completed,529.93
P00403,O00403,UPI,Failed,1034.26
P00404,O00404,UPI,Completed,424.69
P00405,O00405,Debit Card,Completed,1378.55
P00406,O00406,Debit Card,Completed,799.87
P00407,O00407,Cash,Completed,713.91
P00408,O00408,Cash,Completed,976.44
P00409,O00409,UPI,Completed,1130.92
P00410,O00410,Credit Card,Completed,369.67
P00411,O00411,UPI,Completed,1444.75
P00412,O00412,UPI,Completed,1777.6
P00413,O00413,UPI,Completed,628.18
P00414,O00414,UPI,Completed,442.74
P00415,O00415,Credit Card,Completed,1544.96
P00416,O00416,UPI,Completed,448.73
P00417,O00417,UPI,Completed,178.38
P00418,O00418,UPI,Completed,1276.56
P00419,O00419,Credit Card,Completed,555.53
P00420,O00420,Debit Card,Completed,426.44
P00421,O00421,Credit Card,Completed,1965.05
P00422,O00422,Credit Card,Completed,654.54
P00423,O00423,Debit Card,Completed,1816.54
P00424,O00424,Credit Card,Completed,438.62
P00425,O00425,UPI,Completed,1656.06
P00426,O00426,Credit Card,Completed,1053.84
P00427,O00427,Cash,Completed,249.33
P00428,O00428,Debit Card,Completed,1493.85
P00429,O00429,Credit Card,Completed,1794.94
P00430,O00430,Debit Card,Completed,409.73
P00431,O00431,UPI,Completed,1478.62
P00432,O00432,Debit Card,Completed,945.6
P00433,O00433,Credit Card,Completed,1532.35
P00434,O00434,UPI,Completed,1456.46
P00435,O00435,Debit Card,Completed,150.54
P00436,O00436,Cash,Completed,439.57
P00437,O00437,Debit Card,Completed,994.95
P00438,O00438,Debit Card,Completed,1873.83
P00439,O00439,Debit Card,Completed,749.94
P00440,O00440,UPI,Completed,1294.86
P00441,O00441,Debit Card,Completed,122.96
P00442,O00442,Credit Card,Completed,1451.14
P00443,O00443,UPI,Completed,1245.83
P00444,O00444,UPI,Completed,1459.25
P00445,O00445,Debit Card,Completed,1818.86
P00446,O00446,Credit Card,Completed,378.35
P00447,O00447,Credit Card,Completed,597.02
P00448,O00448,Credit Card,Completed,1991.98
P00449,O00449,Debit Card,Completed,396.94
P00450,O00450,Cash,Completed,1469.19
P00451,O00451,Credit Card,Completed,1477.64
P00452,O00452,Debit Card,Failed,1397.69
P00453,O00453,Debit Card,Completed,532.14
P00454,O00454,Credit Card,Refunded,508.75
P00455,O00455,UPI,Completed,1366.05
P00456,O00456,UPI,Completed,453.88
P00457,O00457,UPI,Completed,1356.97
P00458,O00458,UPI,Completed,1035.8
P00459,O00459,UPI,Completed,834.59
P00460,O00460,Credit Card,Completed,670.44
P00461,O00461,UPI,Completed,1900.4
P00462,O00462,Credit Card,Completed,1065.38
P00463,O00463,Debit Card,Completed,1166.38
P00464,O00464,Credit Card,Completed,1903.59
P00465,O00465,UPI,Completed,1342.37
P00466,O00466,UPI,Completed,1919.92
P00467,O00467,UPI,Completed,302.1
P00468,O00468,Credit Card,Completed,1708.62
P00469,O00469,Debit Card,Completed,737.29
P00470,O00470,UPI,Completed,1639.93
P00471,O00471,UPI,Completed,1725.71
P00472,O00472,UPI,Completed,615.83
P00473,O00473,Debit Card,Completed,876.78
P00474,O00474,Debit Card,Completed,1479.43
P00475,O00475,UPI,Completed,288.21
P00476,O00476,UPI,Completed,1535.51
P00477,O00477,Cash,Completed,309.9
P00478,O00478,Debit Card,Completed,1837.47
P00479,O00479,Debit Card,Completed,625.04
P00480,O00480,Credit Card,Completed,1193.64
P00481,O00481,Debit Card,Completed,322.59
P00482,O00482,Debit Card,Completed,612.04
P00483,O00483,Debit Card,Completed,867.51
P00484,O00484,Credit Card,Completed,1025.39
P00485,O00485,Credit Card,Completed,100.13
P00486,O00486,Credit Card,Completed,1788.45
P00487,O00487,UPI,Completed,114.58
P00488,O00488,Cash,Completed,1570.0
P00489,O00489,UPI,Completed,994.1
P00490,O00490,UPI,Completed,1095.37
P00491,O00491,Credit Card,Refunded,495.7
P00492,O00492,Credit Card,Completed,1254.0
P00493,O00493,Credit Card,Completed,1120.74
P00494,O00494,Credit Card,Completed,412.05
P00495,O00495,UPI,Completed,552.43
P00496,O00496,Cash,Completed,227.12
P00497,O00497,UPI,Completed,225.94
P00498,O00498,UPI,Completed,126.17
P00499,O00499,Debit Card,Completed,518.9
P00500,O00500,UPI,Completed,1391.36
P00501,O00501,Credit Card,Completed,700.81
P00502,O00502,Cash,Completed,751.2
P00503,O00503,UPI,Completed,350.62
P00504,O00504,Credit Card,Completed,1193.39
P00505,O00505,Cash,Failed,750.07
P00506,O00506,Debit Card,Completed,1385.0
P00507,O00507,UPI,Completed,1508.77
P00508,O00508,Credit Card,Completed,1210.92
P00509,O00509,Cash,Completed,624.53
P00510,O00510,Debit Card,Completed,1066.35
P00511,O00511,Credit Card,Completed,578.67
P00512,O00512,UPI,Completed,1815.53
P00513,O00513,Credit Card,Failed,1556.13
P00514,O00514,Cash,Completed,1036.71
P00515,O00515,Credit Card,Completed,1934.37
P00516,O00516,UPI,Completed,1138.84
P00517,O00517,Debit Card,Completed,724.22
P00518,O00518,UPI,Completed,281.39
P00519,O00519,Credit Card,Failed,1133.12
P00520,O00520,Cash,Completed,1734.79
P00521,O00521,Cash,Failed,1746.77
P00522,O00522,Credit Card,Failed,1248.68
P00523,O00523,UPI,Completed,847.53
P00524,O00524,UPI,Completed,1335.56
P00525,O00525,UPI,Completed,1548.07
P00526,O00526,UPI,Completed,882.09
P00527,O00527,UPI,Completed,1004.88
P00528,O00528,Debit Card,Completed,1393.17
P00529,O00529,UPI,Completed,1765.64
P00530,O00530,Cash,Completed,1602.92
P00531,O00531,UPI,Completed,142.54
P00532,O00532,Debit Card,Failed,336.31
P00533,O00533,UPI,Completed,1720.28
P00534,O00534,Credit Card,Completed,1684.26
P00535,O00535,Credit Card,Completed,838.73
P00536,O00536,UPI,Completed,1210.13
P00537,O00537,Debit Card,Completed,1821.11
P00538,O00538,UPI,Completed,1831.96
P00539,O00539,UPI,Completed,1587.88
P00540,O00540,Credit Card,Completed,498.22
P00541,O00541,UPI,Completed,1487.54
P00542,O00542,Debit Card,Completed,292.09
P00543,O00543,UPI,Completed,1798.48
P00544,O00544,Credit Card,Completed,383.38
P00545,O00545,UPI,Completed,1358.46
P00546,O00546,Credit Card,Completed,1259.46
P00547,O00547,UPI,Completed,1576.11
P00548,O00548,UPI,Completed,1148.0
P00549,O00549,Credit Card,Completed,213.18
P00550,O00550,UPI,Refunded,1441.11
P00551,O00551,UPI,Failed,827.99
P00552,O00552,Debit Card,Completed,708.54
P00553,O00553,Debit Card,Completed,1984.18
P00554,O00554,UPI,Completed,1221.76
P00555,O00555,Debit Card,Completed,1450.37
P00556,O00556,UPI,Completed,1100.02
P00557,O00557,UPI,Completed,1562.95
P00558,O00558,Credit Card,Completed,1528.94
P00559,O00559,Cash,Completed,1348.58
P00560,O00560,UPI,Refunded,1995.71
P00561,O00561,UPI,Completed,973.61
P00562,O00562,Cash,Completed,1441.77
P00563,O00563,UPI,Completed,1615.78
P00564,O00564,UPI,Completed,814.47
P00565,O00565,Debit Card,Failed,968.63
P00566,O00566,UPI,Completed,1941.42
P00567,O00567,UPI,Completed,161.35
P00568,O00568,UPI,Completed,737.06
P00569,O00569,Credit Card,Completed,1023.8
P00570,O00570,UPI,Completed,102.78
P00571,O00571,UPI,Completed,1808.34
P00572,O00572,Debit Card,Completed,643.86
P00573,O00573,Credit Card,Completed,589.64
P00574,O00574,Credit Card,Completed,1658.62
P00575,O00575,UPI,Completed,628.17
P00576,O00576,Cash,Completed,1349.48
P00577,O00577,Credit Card,Completed,1660.86
P00578,O00578,UPI,Completed,1605.71
P00579,O00579,UPI,Completed,1585.71
P00580,O00580,Debit Card,Completed,268.41
P00581,O00581,UPI,Completed,251.71
P00582,O00582,Credit Card,Completed,682.86
P00583,O00583,UPI,Completed,168.3
P00584,O00584,UPI,Failed,1050.82
P00585,O00585,UPI,Completed,850.09
P00586,O00586,Credit Card,Completed,1158.35
P00587,O00587,Credit Card,Completed,667.7
P00588,O00588,UPI,Completed,1022.93
P00589,O00589,UPI,Completed,736.02
P00590,O00590,Credit Card,Completed,470.9
P00591,O00591,Cash,Completed,1333.8
P00592,O00592,UPI,Completed,1379.53
P00593,O00593,UPI,Completed,1675.54
P00594,O00594,Credit Card,Completed,1762.03
P00595,O00595,Credit Card,Completed,1438.48
P00596,O00596,Credit Card,Completed,1406.25
P00597,O00597,UPI,Failed,207.68
P00598,O00598,Credit Card,Completed,308.58
P00599,O00599,Credit Card,Completed,1643.87
P00600,O00600,UPI,Completed,542.61
P00601,O00601,UPI,Completed,775.57
P00602,O00602,UPI,Completed,376.06
P00603,O00603,Credit Card,Completed,470.79
P00604,O00604,Debit Card,Completed,1573.29
P00605,O00605,Credit Card,Completed,597.53
P00606,O00606,UPI,Completed,953.17
P00607,O00607,Debit Card,Completed,388.18
P00608,O00608,UPI,Completed,1388.07
P00609,O00609,Credit Card,Completed,1483.71
P00610,O00610,Credit Card,Completed,787.22
P00611,O00611,Cash,Completed,1591.02
P00612,O00612,UPI,Failed,555.82
P00613,O00613,Debit Card,Completed,1414.62
P00614,O00614,Credit Card,Completed,1486.93
P00615,O00615,UPI,Completed,1940.45
P00616,O00616,Debit Card,Completed,541.41
P00617,O00617,Credit Card,Completed,278.05
P00618,O00618,UPI,Completed,599.77
P00619,O00619,Debit Card,Completed,333.44
P00620,O00620,UPI,Completed,422.42
P00621,O00621,Debit Card,Completed,734.82
P00622,O00622,Cash,Completed,886.58
P00623,O00623,UPI,Completed,1817.08
P00624,O00624,Credit Card,Completed,471.67
P00625,O00625,Debit Card,Completed,1946.34
P00626,O00626,Credit Card,Completed,1639.29
P00627,O00627,UPI,Completed,1774.8
P00628,O00628,UPI,Completed,1865.94
P00629,O00629,UPI,Refunded,1531.16
P00630,O00630,Credit Card,Completed,1598.68
P00631,O00631,UPI,Completed,931.85
P00632,O00632,Debit Card,Completed,1069.86
P00633,O00633,Debit Card,Completed,1871.72
P00634,O00634,Credit Card,Completed,818.69
P00635,O00635,UPI,Completed,179.7
P00636,O00636,Credit Card,Completed,1549.23
P00637,O00637,UPI,Completed,1189.0
P00638,O00638,Credit Card,Completed,1648.26
P00639,O00639,Credit Card,Completed,243.55
P00640,O00640,UPI,Completed,1280.34
P00641,O00641,Debit Card,Refunded,570.64
P00642,O00642,Credit Card,Completed,1816.21
P00643,O00643,Credit Card,Completed,308.83
P00644,O00644,UPI,Completed,1701.83
P00645,O00645,UPI,Completed,268.25
P00646,O00646,UPI,Completed,147.68
P00647,O00647,Credit Card,Completed,546.61
P00648,O00648,Credit Card,Completed,732.78
P00649,O00649,Credit Card,Completed,1290.4
P00650,O00650,UPI,Completed,350.28
P00651,O00651,Credit Card,Completed,930.93
P00652,O00652,UPI,Completed,488.1
P00653,O00653,Credit Card,Completed,1725.08
P00654,O00654,Debit Card,Completed,185.44
P00655,O00655,UPI,Completed,776.28
P00656,O00656,Debit Card,Completed,1299.61
P00657,O00657,UPI,Completed,1834.87
P00658,O00658,Credit Card,Completed,1749.19
P00659,O00659,Debit Card,Completed,1800.86
P00660,O00660,Debit Card,Completed,219.42
P00661,O00661,UPI,Completed,1697.75
P00662,O00662,Credit Card,Completed,1581.83
P00663,O00663,Debit Card,Completed,1814.62
P00664,O00664,UPI,Completed,691.99
P00665,O00665,Cash,Completed,1832.35
P00666,O00666,Credit Card,Completed,865.02
P00667,O00667,Debit Card,Completed,1304.79
P00668,O00668,Debit Card,Completed,905.94
P00669,O00669,UPI,Completed,912.53
P00670,O00670,Cash,Completed,1138.61
P00671,O00671,Debit Card,Completed,776.26
P00672,O00672,UPI,Completed,1606.2
P00673,O00673,Debit Card,Completed,1303.91
P00674,O00674,UPI,Completed,1410.54
P00675,O00675,UPI,Failed,538.97
P00676,O00676,Debit Card,Completed,1942.19
P00677,O00677,UPI,Completed,1354.33
P00678,O00678,Debit Card,Refunded,474.67
P00679,O00679,UPI,Completed,1525.93
P00680,O00680,UPI,Completed,430.06
P00681,O00681,Debit Card,Completed,220.43
P00682,O00682,Debit Card,Completed,1102.35
P00683,O00683,Credit Card,Completed,1151.7
P00684,O00684,Cash,Completed,459.03
P00685,O00685,UPI,Completed,761.92
P00686,O00686,Debit Card,Completed,1896.96
P00687,O00687,UPI,Completed,641.51
P00688,O00688,Cash,Completed,395.58
P00689,O00689,UPI,Completed,1985.87
P00690,O00690,Cash,Completed,674.38
P00691,O00691,UPI,Completed,1392.48
P00692,O00692,UPI,Completed,539.96
P00693,O00693,UPI,Completed,1145.23
P00694,O00694,UPI,Completed,833.94
P00695,O00695,UPI,Completed,1927.0
P00696,O00696,Cash,Completed,922.33
P00697,O00697,Cash,Completed,1209.93
P00698,O00698,UPI,Completed,1895.06
P00699,O00699,UPI,Completed,1979.55
P00700,O00700,Credit Card,Completed,293.15
P00701,O00701,UPI,Refunded,1685.21
P00702,O00702,Credit Card,Completed,826.02
P00703,O00703,Cash,Completed,1230.17
P00704,O00704,Cash,Completed,812.59
P00705,O00705,Credit Card,Completed,862.12
P00706,O00706,Credit Card,Completed,401.83
P00707,O00707,Credit Card,Completed,1188.26
P00708,O00708,UPI,Completed,1138.76
P00709,O00709,Cash,Completed,459.78
P00710,O00710,Debit Card,Completed,1129.29
P00711,O00711,Debit Card,Completed,1948.89
P00712,O00712,Debit Card,Completed,1457.38
P00713,O00713,Cash,Completed,1013.87
P00714,O00714,Debit Card,Completed,1840.56
P00715,O00715,Credit Card,Completed,1193.1
P00716,O00716,Cash,Completed,356.59
P00717,O00717,Cash,Completed,1140.27
P00718,O00718,UPI,Completed,443.85
P00719,O00719,UPI,Completed,1558.26
P00720,O00720,UPI,Completed,1937.63
P00721,O00721,Debit Card,Completed,785.56
P00722,O00722,Debit Card,Completed,926.34
P00723,O00723,Credit Card,Completed,900.84
P00724,O00724,Debit Card,Completed,642.07
P00725,O00725,Debit Card,Completed,1608.94
P00726,O00726,UPI,Completed,1273.68
P00727,O00727,UPI,Completed,221.7
P00728,O00728,Credit Card,Completed,1693.73
P00729,O00729,Credit Card,Completed,455.47
P00730,O00730,Debit Card,Completed,1960.39
P00731,O00731,UPI,Refunded,815.66
P00732,O00732,Credit Card,Failed,1271.25
P00733,O00733,Credit Card,Completed,247.86
P00734,O00734,UPI,Completed,754.86
P00735,O00735,UPI,Completed,1624.47
P00736,O00736,Cash,Completed,1006.7
P00737,O00737,UPI,Completed,1818.75
P00738,O00738,UPI,Failed,1192.76
P00739,O00739,UPI,Completed,1864.29
P00740,O00740,Credit Card,Refunded,1966.96
P00741,O00741,Credit Card,Completed,962.4
P00742,O00742,Credit Card,Completed,1173.8
P00743,O00743,Debit Card,Completed,1686.35
P00744,O00744,Debit Card,Completed,520.91
P00745,O00745,Debit Card,Completed,1737.1
P00746,O00746,Credit Card,Completed,1224.65
P00747,O00747,Credit Card,Completed,1478.45
P00748,O00748,UPI,Completed,251.72
P00749,O00749,Credit Card,Completed,1555.76
P00750,O00750,UPI,Completed,690.5
P00751,O00751,Credit Card,Failed,1629.94
P00752,O00752,Cash,Completed,1067.39
P00753,O00753,Credit Card,Refunded,621.77
P00754,O00754,UPI,Completed,1910.24
P00755,O00755,UPI,Completed,1553.62
P00756,O00756,UPI,Completed,1972.8
P00757,O00757,Credit Card,Completed,792.49
P00758,O00758,UPI,Completed,1333.52
P00759,O00759,Credit Card,Completed,1262.02
P00760,O00760,UPI,Completed,1406.36
P00761,O00761,UPI,Completed,172.8
P00762,O00762,Credit Card,Completed,654.27
P00763,O00763,Cash,Completed,1827.74
P00764,O00764,UPI,Completed,905.26
P00765,O00765,Debit Card,Completed,1925.22
P00766,O00766,Credit Card,Completed,505.66
P00767,O00767,Debit Card,Completed,1995.11
P00768,O00768,Debit Card,Completed,1425.4
P00769,O00769,UPI,Completed,1575.15
P00770,O00770,Debit Card,Completed,854.04
P00771,O00771,Credit Card,Completed,1823.32
P00772,O00772,UPI,Failed,1136.38
P00773,O00773,Debit Card,Completed,1393.78
P00774,O00774,UPI,Completed,280.14
P00775,O00775,Debit Card,Completed,1300.19
P00776,O00776,UPI,Completed,1770.25
P00777,O00777,Debit Card,Completed,438.74
P00778,O00778,Cash,Completed,1501.68
P00779,O00779,Cash,Completed,148.26
P00780,O00780,UPI,Completed,1859.79
P00781,O00781,UPI,Completed,1967.54
P00782,O00782,UPI,Completed,772.94
P00783,O00783,UPI,Completed,303.44
P00784,O00784,UPI,Completed,1351.3
P00785,O00785,Credit Card,Completed,156.69
P00786,O00786,Cash,Completed,1016.72
P00787,O00787,Debit Card,Completed,616.38
P00788,O00788,UPI,Completed,999.34
P00789,O00789,Debit Card,Completed,134.72
P00790,O00790,Debit Card,Completed,198.06
P00791,O00791,Credit Card,Completed,130.35
P00792,O00792,UPI,Completed,1276.35
P00793,O00793,Credit Card,Completed,1164.18
P00794,O00794,UPI,Completed,543.0
P00795,O00795,UPI,Completed,1328.62
P00796,O00796,Debit Card,Completed,1779.99
P00797,O00797,UPI,Completed,626.91
P00798,O00798,Credit Card,Completed,1680.79
P00799,O00799,Credit Card,Completed,1358.77
P00800,O00800,UPI,Completed,164.26
P00801,O00801,UPI,Completed,812.78
P00802,O00802,UPI,Completed,1064.74
P00803,O00803,UPI,Completed,1490.23
P00804,O00804,Debit Card,Completed,645.55
P00805,O00805,Debit Card,Completed,1967.19
P00806,O00806,UPI,Completed,1400.63
P00807,O00807,UPI,Completed,808.35
P00808,O00808,UPI,Completed,284.35
P00809,O00809,UPI,Completed,444.6
P00810,O00810,Credit Card,Completed,1026.45
P00811,O00811,UPI,Completed,1039.92
P00812,O00812,Credit Card,Completed,1558.67
P00813,O00813,Credit Card,Completed,1479.74
P00814,O00814,UPI,Completed,482.42
P00815,O00815,Credit Card,Completed,1230.42
P00816,O00816,Credit Card,Completed,139.18
P00817,O00817,UPI,Completed,857.24
P00818,O00818,Credit Card,Completed,1551.8
P00819,O00819,UPI,Completed,859.07
P00820,O00820,UPI,Completed,1687.63
P00821,O00821,Credit Card,Completed,1954.7
P00822,O00822,UPI,Failed,1253.7
P00823,O00823,Debit Card,Completed,375.51
P00824,O00824,Credit Card,Refunded,821.39
P00825,O00825,UPI,Completed,118.02
P00826,O00826,UPI,Completed,1245.18
P00827,O00827,UPI,Completed,1660.98
P00828,O00828,UPI,Completed,1296.89
P00829,O00829,Debit Card,Completed,1593.56
P00830,O00830,Credit Card,Completed,1619.82
P00831,O00831,Credit Card,Completed,1716.92
P00832,O00832,UPI,Failed,606.66
P00833,O00833,Credit Card,Completed,1755.41
P00834,O00834,UPI,Completed,1342.78
P00835,O00835,UPI,Completed,650.48
P00836,O00836,Debit Card,Completed,1975.86
P00837,O00837,Cash,Completed,1905.35
P00838,O00838,Debit Card,Completed,1191.44
P00839,O00839,Cash,Completed,1702.1
P00840,O00840,Credit Card,Completed,596.84
P00841,O00841,Debit Card,Completed,890.47
P00842,O00842,Credit Card,Refunded,449.55
P00843,O00843,Debit Card,Completed,1088.2
P00844,O00844,UPI,Completed,1042.4
P00845,O00845,Credit Card,Completed,504.35
P00846,O00846,Credit Card,Completed,1378.32
P00847,O00847,Cash,Completed,323.8
P00848,O00848,UPI,Refunded,217.21
P00849,O00849,Cash,Completed,831.32
P00850,O00850,Cash,Completed,878.67
P00851,O00851,UPI,Completed,707.51
P00852,O00852,UPI,Completed,590.1
P00853,O00853,UPI,Completed,743.68
P00854,O00854,Credit Card,Completed,410.41
P00855,O00855,Credit Card,Completed,866.56
P00856,O00856,Cash,Completed,1818.75
P00857,O00857,UPI,Completed,526.41
P00858,O00858,UPI,Completed,1400.46
P00859,O00859,UPI,Completed,369.39
P00860,O00860,UPI,Completed,772.42
P00861,O00861,Debit Card,Completed,710.23
P00862,O00862,Credit Card,Completed,1880.36
P00863,O00863,Credit Card,Completed,913.17
P00864,O00864,UPI,Refunded,1411.89
P00865,O00865,Credit Card,Completed,1244.68
P00866,O00866,Cash,Completed,367.96
P00867,O00867,UPI,Completed,1885.13
P00868,O00868,UPI,Completed,757.15
P00869,O00869,UPI,Completed,185.04
P00870,O00870,Debit Card,Completed,670.84
P00871,O00871,UPI,Completed,737.7
P00872,O00872,Cash,Completed,276.22
P00873,O00873,UPI,Completed,1277.96
P00874,O00874,Credit Card,Completed,758.85
P00875,O00875,UPI,Completed,1295.36
P00876,O00876,Cash,Completed,112.81
P00877,O00877,UPI,Completed,1965.89
P00878,O00878,Cash,Completed,423.98
P00879,O00879,UPI,Completed,1352.73
P00880,O00880,Credit Card,Completed,1459.99
P00881,O00881,UPI,Completed,426.06
P00882,O00882,UPI,Completed,312.25
P00883,O00883,UPI,Completed,389.9
P00884,O00884,UPI,Completed,568.95
P00885,O00885,UPI,Refunded,419.64
P00886,O00886,UPI,Completed,1380.6
P00887,O00887,Credit Card,Completed,899.58
P00888,O00888,Debit Card,Completed,1121.8
P00889,O00889,Debit Card,Completed,189.94
P00890,O00890,Cash,Completed,1736.37
P00891,O00891,UPI,Completed,424.09
P00892,O00892,UPI,Completed,784.29
P00893,O00893,UPI,Completed,236.61
P00894,O00894,Credit Card,Completed,359.91
P00895,O00895,Credit Card,Completed,1365.02
P00896,O00896,Debit Card,Completed,1415.92
P00897,O00897,Credit Card,Completed,1386.23
P00898,O00898,Debit Card,Refunded,1149.06
P00899,O00899,Credit Card,Completed,1909.79
P00900,O00900,UPI,Failed,1063.64
P00901,O00901,Cash,Completed,953.88
P00902,O00902,Debit Card,Completed,570.34
P00903,O00903,UPI,Completed,287.81
P00904,O00904,Credit Card,Completed,1141.49
P00905,O00905,UPI,Refunded,698.29
P00906,O00906,UPI,Completed,1095.65
P00907,O00907,UPI,Completed,491.63
P00908,O00908,UPI,Failed,1692.53
P00909,O00909,UPI,Completed,1999.42
P00910,O00910,Debit Card,Completed,712.57
P00911,O00911,Credit Card,Completed,1700.42
P00912,O00912,UPI,Completed,1758.67
P00913,O00913,Credit Card,Failed,1992.54
P00914,O00914,UPI,Completed,751.17
P00915,O00915,UPI,Completed,1536.48
P00916,O00916,Credit Card,Completed,534.74
P00917,O00917,UPI,Completed,1287.11
P00918,O00918,Credit Card,Completed,1439.2
P00919,O00919,Debit Card,Completed,1508.13
P00920,O00920,UPI,Completed,493.63
P00921,O00921,UPI,Completed,1712.58
P00922,O00922,UPI,Completed,899.85
P00923,O00923,UPI,Completed,511.1
P00924,O00924,Credit Card,Completed,1130.81
P00925,O00925,Debit Card,Completed,1740.38
P00926,O00926,UPI,Completed,1937.47
P00927,O00927,Debit Card,Completed,1521.59
P00928,O00928,UPI,Completed,110.68
P00929,O00929,Credit Card,Completed,355.93
P00930,O00930,UPI,Completed,244.92
P00931,O00931,Debit Card,Completed,292.31
P00932,O00932,Debit Card,Completed,827.77
P00933,O00933,Cash,Completed,743.14
P00934,O00934,UPI,Completed,316.0
P00935,O00935,Credit Card,Refunded,1776.25
P00936,O00936,Debit Card,Completed,1269.31
P00937,O00937,Credit Card,Completed,1613.28
P00938,O00938,Debit Card,Completed,805.94
P00939,O00939,Credit Card,Failed,879.45
P00940,O00940,Debit Card,Completed,703.48
P00941,O00941,UPI,Completed,933.01
P00942,O00942,Credit Card,Completed,1259.72
P00943,O00943,UPI,Completed,1036.67
P00944,O00944,UPI,Completed,1692.04
P00945,O00945,Cash,Completed,1810.26
P00946,O00946,UPI,Completed,992.4
P00947,O00947,UPI,Completed,555.52
P00948,O00948,Credit Card,Completed,1895.87
P00949,O00949,UPI,Completed,1496.57
P00950,O00950,UPI,Completed,1316.24
P00951,O00951,Cash,Completed,1516.29
P00952,O00952,Cash,Completed,244.37
P00953,O00953,UPI,Completed,228.49
P00954,O00954,UPI,Completed,390.93
P00955,O00955,Debit Card,Completed,380.16
P00956,O00956,Cash,Refunded,899.27
P00957,O00957,UPI,Completed,399.07
P00958,O00958,Cash,Refunded,1723.6
P00959,O00959,UPI,Completed,1198.38
P00960,O00960,Debit Card,Completed,799.7
P00961,O00961,UPI,Completed,232.28
P00962,O00962,UPI,Completed,1222.95
P00963,O00963,UPI,Completed,321.41
P00964,O00964,Credit Card,Failed,1512.12
P00965,O00965,Cash,Completed,1625.24
P00966,O00966,Debit Card,Completed,1133.55
P00967,O00967,UPI,Completed,384.25
P00968,O00968,Credit Card,Completed,1595.04
P00969,O00969,Credit Card,Completed,684.87
P00970,O00970,UPI,Completed,523.04
P00971,O00971,Credit Card,Completed,994.06
P00972,O00972,Credit Card,Completed,1853.03
P00973,O00973,Cash,Completed,665.01
P00974,O00974,Debit Card,Completed,1820.6
P00975,O00975,UPI,Completed,201.94
P00976,O00976,Debit Card,Failed,258.7
P00977,O00977,UPI,Completed,1427.27
P00978,O00978,UPI,Completed,462.13
P00979,O00979,Credit Card,Completed,701.58
P00980,O00980,UPI,Completed,359.11
P00981,O00981,Credit Card,Completed,731.27
P00982,O00982,Cash,Completed,632.87
P00983,O00983,Credit Card,Completed,1499.04
P00984,O00984,Debit Card,Completed,1433.84
P00985,O00985,UPI,Refunded,1914.36
P00986,O00986,Cash,Completed,1476.4
P00987,O00987,Credit Card,Completed,1420.15
P00988,O00988,Credit Card,Completed,1418.99
P00989,O00989,Cash,Completed,1777.64
P00990,O00990,UPI,Completed,662.85
P00991,O00991,UPI,Completed,670.18
P00992,O00992,Credit Card,Completed,1508.31
P00993,O00993,UPI,Completed,534.54
P00994,O00994,UPI,Completed,1832.84
P00995,O00995,Credit Card,Completed,1116.09
P00996,O00996,UPI,Completed,670.24
P00997,O00997,Credit Card,Completed,1574.59
P00998,O00998,UPI,Refunded,693.41
P00999,O00999,Debit Card,Completed,1930.23
P01000,O01000,UPI,Completed,1967.68
P01001,O01001,Credit Card,Failed,1366.91
P01002,O01002,Credit Card,Completed,315.9
P01003,O01003,UPI,Completed,600.1
P01004,O01004,Credit Card,Completed,1079.29
P01005,O01005,Debit Card,Completed,1717.75
P01006,O01006,Debit Card,Completed,451.28
P01007,O01007,UPI,Completed,298.37
P01008,O01008,Credit Card,Completed,241.51
P01009,O01009,Credit Card,Failed,1063.24
P01010,O01010,Debit Card,Completed,1780.93
P01011,O01011,UPI,Completed,180.48
P01012,O01012,UPI,Completed,503.41
P01013,O01013,UPI,Completed,1417.19
P01014,O01014,Debit Card,Completed,1669.14
P01015,O01015,UPI,Completed,1634.06
P01016,O01016,UPI,Completed,1591.63
P01017,O01017,Cash,Completed,346.62
P01018,O01018,Cash,Failed,854.75
P01019,O01019,Credit Card,Completed,1971.01
P01020,O01020,Cash,Completed,1978.89
P01021,O01021,UPI,Refunded,1244.61
P01022,O01022,UPI,Completed,1447.61
P01023,O01023,Debit Card,Completed,1907.44
P01024,O01024,Credit Card,Completed,954.86
P01025,O01025,UPI,Completed,360.05
P01026,O01026,Cash,Completed,1371.0
P01027,O01027,UPI,Completed,1924.19
P01028,O01028,Debit Card,Completed,1424.69
P01029,O01029,UPI,Completed,1626.31
P01030,O01030,Debit Card,Completed,903.22
P01031,O01031,UPI,Completed,283.28
P01032,O01032,UPI,Completed,420.88
P01033,O01033,Credit Card,Completed,1967.04
P01034,O01034,UPI,Completed,1037.05
P01035,O01035,UPI,Completed,122.84
P01036,O01036,Debit Card,Failed,1915.2
P01037,O01037,UPI,Completed,1045.78
P01038,O01038,UPI,Completed,1688.91
P01039,O01039,Credit Card,Completed,1142.07
P01040,O01040,Credit Card,Completed,293.23
P01041,O01041,Debit Card,Completed,1269.58
P01042,O01042,Cash,Completed,1995.06
P01043,O01043,Debit Card,Failed,166.0
P01044,O01044,Debit Card,Completed,1699.41
P01045,O01045,UPI,Completed,547.41
P01046,O01046,UPI,Completed,848.35
P01047,O01047,Debit Card,Completed,808.15
P01048,O01048,UPI,Failed,1807.71
P01049,O01049,UPI,Completed,1058.52
P01050,O01050,UPI,Failed,949.63
P01051,O01051,UPI,Completed,1654.25
P01052,O01052,Credit Card,Failed,192.92
P01053,O01053,Debit Card,Completed,264.27
P01054,O01054,Credit Card,Completed,141.21
P01055,O01055,UPI,Refunded,1407.17
P01056,O01056,UPI,Completed,1098.67
P01057,O01057,Debit Card,Completed,1764.44
P01058,O01058,Cash,Completed,1047.21
P01059,O01059,UPI,Completed,521.46
P01060,O01060,UPI,Completed,1629.78
P01061,O01061,Cash,Completed,659.22
P01062,O01062,Debit Card,Completed,1877.81
P01063,O01063,UPI,Completed,575.81
P01064,O01064,Credit Card,Completed,418.67
P01065,O01065,Credit Card,Completed,1037.32
P01066,O01066,UPI,Completed,195.98
P01067,O01067,UPI,Completed,169.18
P01068,O01068,UPI,Completed,1042.43
P01069,O01069,UPI,Completed,508.7
P01070,O01070,UPI,Completed,117.77
P01071,O01071,Credit Card,Completed,662.51
P01072,O01072,UPI,Completed,1007.0
P01073,O01073,Credit Card,Completed,849.15
P01074,O01074,Credit Card,Completed,357.39
P01075,O01075,UPI,Failed,1201.38
P01076,O01076,Debit Card,Completed,1449.63
P01077,O01077,Credit Card,Completed,1383.52
P01078,O01078,UPI,Completed,848.15
P01079,O01079,UPI,Completed,361.43
P01080,O01080,Debit Card,Completed,1049.02
P01081,O01081,Cash,Completed,1791.82
P01082,O01082,Debit Card,Completed,990.57
P01083,O01083,Debit Card,Completed,471.79
P01084,O01084,Cash,Refunded,276.8
P01085,O01085,Credit Card,Completed,1893.46
P01086,O01086,UPI,Completed,1511.72
P01087,O01087,Debit Card,Completed,694.64
P01088,O01088,UPI,Completed,661.17
P01089,O01089,UPI,Completed,1800.92
P01090,O01090,Credit Card,Completed,437.38
P01091,O01091,UPI,Completed,1116.57
P01092,O01092,Credit Card,Failed,1455.66
P01093,O01093,UPI,Completed,853.14
P01094,O01094,UPI,Completed,175.81
P01095,O01095,UPI,Completed,532.74
P01096,O01096,Debit Card,Failed,1813.44
P01097,O01097,UPI,Completed,1093.93
P01098,O01098,UPI,Completed,1649.34
P01099,O01099,Cash,Completed,1155.8
P01100,O01100,UPI,Completed,1892.84
P01101,O01101,UPI,Completed,1827.35
P01102,O01102,Credit Card,Completed,1017.49
P01103,O01103,UPI,Completed,704.72
P01104,O01104,UPI,Completed,1243.17
P01105,O01105,UPI,Completed,1382.29
P01106,O01106,UPI,Completed,1046.87
P01107,O01107,Credit Card,Completed,1662.34
P01108,O01108,Credit Card,Completed,448.32
P01109,O01109,Cash,Completed,735.38
P01110,O01110,Cash,Completed,1404.12
P01111,O01111,UPI,Completed,568.7
P01112,O01112,Debit Card,Completed,935.71
P01113,O01113,Cash,Completed,1931.09
P01114,O01114,Credit Card,Completed,1289.16
P01115,O01115,Debit Card,Completed,1903.21
P01116,O01116,Cash,Completed,1472.64
P01117,O01117,UPI,Completed,1476.87
P01118,O01118,Cash,Completed,1224.53
P01119,O01119,Debit Card,Completed,370.2
P01120,O01120,UPI,Completed,1087.46
P01121,O01121,UPI,Completed,580.07
P01122,O01122,Credit Card,Completed,1997.48
P01123,O01123,Debit Card,Completed,607.23
P01124,O01124,Credit Card,Completed,538.3
P01125,O01125,UPI,Completed,1285.38
P01126,O01126,Debit Card,Completed,1070.8
P01127,O01127,Credit Card,Completed,140.57
P01128,O01128,Credit Card,Completed,346.11
P01129,O01129,UPI,Completed,1640.98
P01130,O01130,UPI,Completed,1019.01
P01131,O01131,Credit Card,Completed,377.43
P01132,O01132,UPI,Completed,983.96
P01133,O01133,UPI,Completed,580.98
P01134,O01134,UPI,Completed,524.82
P01135,O01135,Credit Card,Completed,1919.68
P01136,O01136,Cash,Failed,787.85
P01137,O01137,Cash,Completed,188.22
P01138,O01138,Credit Card,Failed,1943.62
P01139,O01139,Credit Card,Completed,1610.2
P01140,O01140,UPI,Completed,583.39
P01141,O01141,UPI,Completed,876.89
P01142,O01142,Credit Card,Completed,1738.35
P01143,O01143,Credit Card,Completed,779.09
P01144,O01144,UPI,Completed,1178.07
P01145,O01145,Credit Card,Completed,1116.23
P01146,O01146,Debit Card,Completed,862.46
P01147,O01147,Debit Card,Completed,1315.05
P01148,O01148,UPI,Completed,999.25
P01149,O01149,Credit Card,Completed,140.34
P01150,O01150,UPI,Completed,1647.33
P01151,O01151,UPI,Completed,315.0
P01152,O01152,Cash,Completed,981.77
P01153,O01153,UPI,Completed,1201.81
P01154,O01154,UPI,Completed,1440.46
P01155,O01155,Cash,Completed,880.51
P01156,O01156,Debit Card,Completed,1497.54
P01157,O01157,Credit Card,Completed,349.57
P01158,O01158,UPI,Completed,1341.55
P01159,O01159,Cash,Completed,1670.04
P01160,O01160,UPI,Completed,1789.94
P01161,O01161,Cash,Completed,1201.18
P01162,O01162,UPI,Completed,694.5
P01163,O01163,Credit Card,Completed,410.38
P01164,O01164,UPI,Completed,756.56
P01165,O01165,UPI,Completed,1125.95
P01166,O01166,Cash,Completed,473.03
P01167,O01167,Credit Card,Failed,1909.78
P01168,O01168,Cash,Completed,1804.56
P01169,O01169,UPI,Failed,162.62
P01170,O01170,UPI,Completed,1167.73
P01171,O01171,Credit Card,Completed,1599.69
P01172,O01172,UPI,Completed,566.24
P01173,O01173,UPI,Completed,1095.4
P01174,O01174,Cash,Completed,871.38
P01175,O01175,UPI,Completed,473.44
P01176,O01176,Debit Card,Completed,1268.0
P01177,O01177,Credit Card,Completed,1988.02
P01178,O01178,Debit Card,Completed,794.05
P01179,O01179,Credit Card,Completed,1149.52
P01180,O01180,Credit Card,Completed,722.92
P01181,O01181,Credit Card,Completed,1766.2
P01182,O01182,UPI,Completed,1742.75
P01183,O01183,Debit Card,Completed,439.67
P01184,O01184,UPI,Completed,1809.9
P01185,O01185,Debit Card,Completed,387.87
P01186,O01186,Cash,Failed,281.34
P01187,O01187,UPI,Completed,1340.58
P01188,O01188,UPI,Completed,833.22
P01189,O01189,UPI,Completed,1108.41
P01190,O01190,Debit Card,Completed,1339.88
P01191,O01191,UPI,Completed,200.39
P01192,O01192,Credit Card,Completed,656.61
P01193,O01193,Credit Card,Completed,975.72
P01194,O01194,UPI,Completed,606.52
P01195,O01195,UPI,Completed,193.05
P01196,O01196,UPI,Completed,264.69
P01197,O01197,UPI,Completed,1623.32
P01198,O01198,Debit Card,Completed,1831.63
P01199,O01199,Debit Card,Completed,389.24
P01200,O01200,Debit Card,Refunded,573.6
P01201,O01201,Credit Card,Completed,1339.27
P01202,O01202,UPI,Completed,1913.12
P01203,O01203,Debit Card,Failed,669.22
P01204,O01204,Credit Card,Completed,1724.91
P01205,O01205,Debit Card,Completed,1061.45
P01206,O01206,UPI,Completed,1917.46
P01207,O01207,Debit Card,Completed,358.89
P01208,O01208,UPI,Completed,1949.98
P01209,O01209,UPI,Completed,937.86
P01210,O01210,Debit Card,Completed,1910.58
P01211,O01211,Credit Card,Completed,971.51
P01212,O01212,UPI,Completed,1107.16
P01213,O01213,Credit Card,Completed,1629.07
P01214,O01214,UPI,Completed,1472.99
P01215,O01215,UPI,Completed,1277.25
P01216,O01216,Cash,Completed,892.26
P01217,O01217,UPI,Completed,1605.63
P01218,O01218,UPI,Completed,1901.63
P01219,O01219,Credit Card,Failed,118.64
P01220,O01220,Debit Card,Completed,1216.91
P01221,O01221,UPI,Completed,1745.36
P01222,O01222,UPI,Completed,1340.91
P01223,O01223,UPI,Completed,1621.58
P01224,O01224,Credit Card,Completed,1800.62
P01225,O01225,UPI,Completed,1526.81
P01226,O01226,UPI,Completed,1462.33
P01227,O01227,Debit Card,Completed,1933.02
P01228,O01228,Cash,Completed,1741.0
P01229,O01229,UPI,Completed,1649.22
P01230,O01230,Debit Card,Completed,264.17
P01231,O01231,UPI,Completed,554.16
P01232,O01232,UPI,Completed,1157.84
P01233,O01233,UPI,Completed,1448.16
P01234,O01234,UPI,Completed,676.11
P01235,O01235,UPI,Completed,277.32
P01236,O01236,UPI,Completed,691.09
P01237,O01237,Debit Card,Completed,1564.96
P01238,O01238,Credit Card,Completed,1767.06
P01239,O01239,UPI,Completed,1834.52
P01240,O01240,UPI,Completed,819.85
P01241,O01241,UPI,Completed,807.82
P01242,O01242,UPI,Completed,872.74
P01243,O01243,UPI,Failed,814.04
P01244,O01244,Debit Card,Completed,1365.77
P01245,O01245,UPI,Completed,780.81
P01246,O01246,Credit Card,Completed,138.65
P01247,O01247,UPI,Completed,934.15
P01248,O01248,Debit Card,Completed,525.89
P01249,O01249,Cash,Completed,154.73
P01250,O01250,UPI,Completed,994.6
P01251,O01251,Debit Card,Completed,491.31
P01252,O01252,Credit Card,Completed,960.21
P01253,O01253,Credit Card,Completed,627.72
P01254,O01254,Credit Card,Completed,1247.05
P01255,O01255,Cash,Completed,1982.67
P01256,O01256,UPI,Completed,1139.74
P01257,O01257,UPI,Completed,1329.1
P01258,O01258,Debit Card,Completed,1846.62
P01259,O01259,Credit Card,Completed,810.6
P01260,O01260,UPI,Completed,416.44
P01261,O01261,Debit Card,Completed,637.31
P01262,O01262,Cash,Completed,865.31
P01263,O01263,UPI,Completed,1325.53
P01264,O01264,Credit Card,Completed,108.72
P01265,O01265,UPI,Completed,1721.43
P01266,O01266,UPI,Completed,244.58
P01267,O01267,UPI,Completed,1811.24
P01268,O01268,Cash,Completed,1903.93
P01269,O01269,UPI,Refunded,1981.2
P01270,O01270,Credit Card,Completed,1638.07
P01271,O01271,UPI,Failed,369.53
P01272,O01272,UPI,Completed,1441.72
P01273,O01273,Credit Card,Completed,486.31
P01274,O01274,Cash,Completed,1804.54
P01275,O01275,UPI,Completed,701.55
P01276,O01276,UPI,Completed,720.91
P01277,O01277,Debit Card,Completed,1843.54
P01278,O01278,Credit Card,Completed,125.14
P01279,O01279,Debit Card,Completed,468.54
P01280,O01280,UPI,Completed,901.67
P01281,O01281,UPI,Completed,1431.37
P01282,O01282,Credit Card,Completed,1330.38
P01283,O01283,Debit Card,Completed,1371.88
P01284,O01284,Debit Card,Completed,1772.04
P01285,O01285,Credit Card,Completed,329.96
P01286,O01286,UPI,Completed,1092.11
P01287,O01287,UPI,Completed,1478.41
P01288,O01288,UPI,Completed,1308.63
P01289,O01289,UPI,Refunded,951.8
P01290,O01290,Credit Card,Completed,132.52
P01291,O01291,UPI,Completed,214.86
P01292,O01292,UPI,Completed,325.99
P01293,O01293,Debit Card,Completed,752.13
P01294,O01294,UPI,Completed,323.54
P01295,O01295,Credit Card,Completed,909.56
P01296,O01296,Credit Card,Completed,439.42
P01297,O01297,UPI,Completed,1580.42
P01298,O01298,UPI,Completed,1755.83
P01299,O01299,UPI,Completed,840.33
P01300,O01300,Credit Card,Completed,1071.53
P01301,O01301,Debit Card,Completed,1911.64
P01302,O01302,UPI,Refunded,1117.46
P01303,O01303,UPI,Completed,1990.64
P01304,O01304,UPI,Completed,370.05
P01305,O01305,Debit Card,Completed,1738.23
P01306,O01306,UPI,Completed,1044.69
P01307,O01307,Credit Card,Completed,143.16
P01308,O01308,Credit Card,Completed,1947.22
P01309,O01309,Cash,Completed,1933.59
P01310,O01310,UPI,Completed,828.21
P01311,O01311,Cash,Completed,1912.87
P01312,O01312,Credit Card,Completed,367.92
P01313,O01313,UPI,Failed,1392.21
P01314,O01314,Credit Card,Completed,464.67
P01315,O01315,Credit Card,Failed,568.63
P01316,O01316,UPI,Completed,1580.74
P01317,O01317,UPI,Refunded,816.98
P01318,O01318,UPI,Completed,113.54
P01319,O01319,UPI,Completed,887.05
P01320,O01320,Debit Card,Completed,533.33
P01321,O01321,UPI,Completed,1398.33
P01322,O01322,Debit Card,Completed,469.45
P01323,O01323,UPI,Completed,1700.28
P01324,O01324,UPI,Completed,607.48
P01325,O01325,UPI,Completed,846.75
P01326,O01326,UPI,Completed,666.27
P01327,O01327,Credit Card,Completed,1323.45
P01328,O01328,UPI,Completed,292.21
P01329,O01329,Debit Card,Completed,1008.39
P01330,O01330,Credit Card,Completed,735.46
P01331,O01331,Debit Card,Completed,1779.86
P01332,O01332,Credit Card,Completed,239.48
P01333,O01333,UPI,Completed,1676.42
P01334,O01334,UPI,Completed,418.59
P01335,O01335,UPI,Failed,268.3
P01336,O01336,Debit Card,Completed,484.41
P01337,O01337,UPI,Completed,295.04
P01338,O01338,Debit Card,Completed,1089.87
P01339,O01339,Debit Card,Failed,1977.61
P01340,O01340,UPI,Completed,165.22
P01341,O01341,Credit Card,Refunded,976.14
P01342,O01342,UPI,Completed,833.53
P01343,O01343,Cash,Completed,745.25
P01344,O01344,UPI,Completed,730.54
P01345,O01345,Credit Card,Refunded,1800.52
P01346,O01346,Credit Card,Completed,136.05
P01347,O01347,Debit Card,Completed,1572.34
P01348,O01348,Debit Card,Completed,580.57
P01349,O01349,Credit Card,Completed,828.26
P01350,O01350,Cash,Completed,898.28
P01351,O01351,Debit Card,Completed,678.99
P01352,O01352,UPI,Completed,277.76
P01353,O01353,UPI,Completed,317.23
P01354,O01354,UPI,Refunded,666.45
P01355,O01355,Credit Card,Completed,1661.44
P01356,O01356,UPI,Completed,355.79
P01357,O01357,UPI,Completed,1511.02
P01358,O01358,UPI,Completed,648.85
P01359,O01359,Credit Card,Completed,1778.58
P01360,O01360,Debit Card,Completed,913.82
P01361,O01361,UPI,Failed,426.27
P01362,O01362,UPI,Completed,1973.1
P01363,O01363,UPI,Refunded,435.61
P01364,O01364,UPI,Completed,1178.48
P01365,O01365,Debit Card,Completed,1181.64
P01366,O01366,Cash,Completed,808.35
P01367,O01367,Credit Card,Completed,1907.83
P01368,O01368,Debit Card,Completed,1703.36
P01369,O01369,UPI,Failed,1676.66
P01370,O01370,UPI,Completed,1950.89
P01371,O01371,UPI,Completed,968.51
P01372,O01372,UPI,Completed,284.65
P01373,O01373,Cash,Completed,1554.37
P01374,O01374,Cash,Completed,823.54
P01375,O01375,UPI,Completed,461.66
P01376,O01376,Debit Card,Completed,1018.17
P01377,O01377,UPI,Completed,1858.87
P01378,O01378,UPI,Failed,425.58
P01379,O01379,UPI,Completed,1712.53
P01380,O01380,Credit Card,Completed,894.59
P01381,O01381,UPI,Completed,359.92
P01382,O01382,Credit Card,Completed,1711.93
P01383,O01383,Debit Card,Completed,1942.28
P01384,O01384,Credit Card,Completed,653.41
P01385,O01385,Credit Card,Completed,676.72
P01386,O01386,Credit Card,Completed,842.04
P01387,O01387,Debit Card,Refunded,1646.85
P01388,O01388,Cash,Completed,119.79
P01389,O01389,Cash,Completed,525.52
P01390,O01390,UPI,Failed,1441.21
P01391,O01391,UPI,Completed,870.71
P01392,O01392,Debit Card,Completed,727.56
P01393,O01393,Debit Card,Completed,1757.34
P01394,O01394,UPI,Completed,1842.93
P01395,O01395,UPI,Completed,1901.17
P01396,O01396,UPI,Completed,617.85
P01397,O01397,Credit Card,Completed,1833.77
P01398,O01398,Cash,Completed,1500.23
P01399,O01399,UPI,Completed,393.01
P01400,O01400,UPI,Completed,1259.51
P01401,O01401,UPI,Completed,150.04
P01402,O01402,Credit Card,Completed,1445.92
P01403,O01403,UPI,Completed,1493.78
P01404,O01404,Cash,Completed,1599.74
P01405,O01405,Credit Card,Completed,427.8
P01406,O01406,UPI,Completed,1293.67
P01407,O01407,UPI,Completed,439.83
P01408,O01408,Credit Card,Completed,1898.64
P01409,O01409,Debit Card,Completed,1382.52
P01410,O01410,Credit Card,Completed,281.12
P01411,O01411,Credit Card,Completed,455.36
P01412,O01412,Credit Card,Completed,1360.57
P01413,O01413,Cash,Completed,1005.67
P01414,O01414,Debit Card,Completed,1498.97
P01415,O01415,Debit Card,Completed,633.5
P01416,O01416,Debit Card,Completed,1350.04
P01417,O01417,Credit Card,Completed,436.22
P01418,O01418,Credit Card,Completed,1133.05
P01419,O01419,UPI,Completed,1919.82
P01420,O01420,Credit Card,Completed,1293.62
P01421,O01421,UPI,Completed,194.99
P01422,O01422,Debit Card,Completed,1978.65
P01423,O01423,UPI,Completed,398.05
P01424,O01424,UPI,Completed,1464.33
P01425,O01425,UPI,Completed,1111.81
P01426,O01426,UPI,Completed,659.29
P01427,O01427,Credit Card,Completed,436.89
P01428,O01428,Cash,Completed,437.63
P01429,O01429,Credit Card,Completed,1730.96
P01430,O01430,Debit Card,Completed,1758.53
P01431,O01431,Credit Card,Completed,983.78
P01432,O01432,UPI,Failed,296.88
P01433,O01433,Debit Card,Completed,1779.91
P01434,O01434,Debit Card,Completed,1025.33
P01435,O01435,Credit Card,Completed,933.65
P01436,O01436,Cash,Completed,873.98
P01437,O01437,Debit Card,Refunded,793.53
P01438,O01438,UPI,Completed,1099.41
P01439,O01439,UPI,Completed,1248.63
P01440,O01440,UPI,Completed,986.22
P01441,O01441,UPI,Completed,1803.63
P01442,O01442,UPI,Completed,703.56
P01443,O01443,UPI,Completed,1198.79
P01444,O01444,Cash,Completed,669.91
P01445,O01445,UPI,Completed,1531.37
P01446,O01446,Debit Card,Completed,294.03
P01447,O01447,UPI,Completed,458.53
P01448,O01448,UPI,Refunded,1622.28
P01449,O01449,Debit Card,Completed,448.08
P01450,O01450,Credit Card,Completed,1288.92
P01451,O01451,Debit Card,Completed,1943.46
P01452,O01452,Debit Card,Completed,1093.49
P01453,O01453,Debit Card,Completed,456.05
P01454,O01454,Debit Card,Completed,709.31
P01455,O01455,UPI,Completed,1664.57
P01456,O01456,UPI,Completed,768.16
P01457,O01457,UPI,Completed,1474.67
P01458,O01458,Cash,Completed,1576.97
P01459,O01459,Debit Card,Completed,1052.25
P01460,O01460,Credit Card,Completed,1588.11
P01461,O01461,UPI,Completed,702.12
P01462,O01462,Debit Card,Completed,1080.7
P01463,O01463,UPI,Completed,1404.46
P01464,O01464,Credit Card,Completed,419.34
P01465,O01465,Credit Card,Completed,619.88
P01466,O01466,UPI,Completed,1338.87
P01467,O01467,Credit Card,Completed,1345.18
P01468,O01468,Cash,Completed,1037.28
P01469,O01469,UPI,Completed,1611.61
P01470,O01470,Debit Card,Completed,1015.9
P01471,O01471,Debit Card,Completed,1774.51
P01472,O01472,UPI,Completed,1498.22
P01473,O01473,UPI,Completed,697.92
P01474,O01474,Debit Card,Completed,850.98
P01475,O01475,UPI,Completed,1368.6
P01476,O01476,UPI,Completed,1799.46
P01477,O01477,Credit Card,Completed,439.55
P01478,O01478,Credit Card,Completed,1077.86
P01479,O01479,UPI,Completed,325.69
P01480,O01480,UPI,Completed,630.96
P01481,O01481,Credit Card,Completed,1403.36
P01482,O01482,Debit Card,Completed,247.7
P01483,O01483,Cash,Completed,1358.48
P01484,O01484,Credit Card,Completed,1811.54
P01485,O01485,Credit Card,Completed,1941.8
P01486,O01486,Debit Card,Completed,511.6
P01487,O01487,UPI,Completed,1522.91
P01488,O01488,Debit Card,Completed,1860.1
P01489,O01489,UPI,Completed,273.6
P01490,O01490,Credit Card,Completed,886.64
P01491,O01491,Cash,Completed,1846.88
P01492,O01492,UPI,Completed,485.3
P01493,O01493,UPI,Completed,1874.15
P01494,O01494,Debit Card,Completed,1101.66
P01495,O01495,Credit Card,Completed,289.8
P01496,O01496,Debit Card,Completed,954.77
P01497,O01497,UPI,Completed,719.9
P01498,O01498,Debit Card,Completed,636.19
P01499,O01499,Cash,Completed,1128.8
P01500,O01500,Credit Card,Completed,1018.83
P01501,O01501,Credit Card,Completed,1015.74
P01502,O01502,Credit Card,Refunded,267.47
P01503,O01503,Credit Card,Completed,1624.4
P01504,O01504,Credit Card,Completed,1014.73
P01505,O01505,UPI,Completed,1659.72
P01506,O01506,UPI,Completed,1666.73
P01507,O01507,UPI,Completed,702.56
P01508,O01508,UPI,Completed,108.26
P01509,O01509,Debit Card,Completed,1831.37
P01510,O01510,UPI,Completed,1545.32
P01511,O01511,Credit Card,Completed,303.78
P01512,O01512,UPI,Completed,1433.28
P01513,O01513,Credit Card,Completed,138.04
P01514,O01514,Credit Card,Completed,152.74
P01515,O01515,Credit Card,Completed,1099.06
P01516,O01516,Credit Card,Completed,282.47
P01517,O01517,UPI,Completed,1932.24
P01518,O01518,Cash,Completed,1798.28
P01519,O01519,Cash,Failed,1334.64
P01520,O01520,UPI,Completed,221.05
P01521,O01521,Credit Card,Completed,717.19
P01522,O01522,Credit Card,Completed,806.27
P01523,O01523,UPI,Completed,1013.67
P01524,O01524,UPI,Completed,420.92
P01525,O01525,Credit Card,Failed,1197.27
P01526,O01526,Debit Card,Completed,927.96
P01527,O01527,UPI,Completed,1899.86
P01528,O01528,UPI,Completed,1878.77
P01529,O01529,Debit Card,Completed,1174.4
P01530,O01530,UPI,Completed,1324.26
P01531,O01531,UPI,Completed,361.81
P01532,O01532,UPI,Completed,524.31
P01533,O01533,Cash,Completed,1811.36
P01534,O01534,UPI,Completed,1428.42
P01535,O01535,UPI,Completed,459.92
P01536,O01536,UPI,Completed,1183.4
P01537,O01537,UPI,Refunded,1876.05
P01538,O01538,UPI,Completed,755.83
P01539,O01539,UPI,Completed,453.06
P01540,O01540,Credit Card,Completed,1889.85
P01541,O01541,UPI,Completed,976.4
P01542,O01542,Credit Card,Completed,892.76
P01543,O01543,Credit Card,Completed,608.38
P01544,O01544,Debit Card,Completed,1794.01
P01545,O01545,Credit Card,Completed,1706.67
P01546,O01546,Debit Card,Completed,865.68
P01547,O01547,Debit Card,Completed,158.17
P01548,O01548,UPI,Completed,948.64
P01549,O01549,UPI,Completed,443.63
P01550,O01550,Debit Card,Completed,371.19
P01551,O01551,UPI,Completed,846.88
P01552,O01552,UPI,Completed,288.25
P01553,O01553,Credit Card,Completed,1919.18
P01554,O01554,Credit Card,Failed,190.32
P01555,O01555,Debit Card,Refunded,862.6
P01556,O01556,UPI,Completed,409.14
P01557,O01557,UPI,Completed,1408.74
P01558,O01558,UPI,Completed,249.74
P01559,O01559,Cash,Completed,1138.93
P01560,O01560,UPI,Completed,1568.89
P01561,O01561,UPI,Completed,1905.11
P01562,O01562,UPI,Completed,1427.2
P01563,O01563,Debit Card,Completed,289.03
P01564,O01564,UPI,Completed,268.19
P01565,O01565,UPI,Completed,1490.04
P01566,O01566,Credit Card,Completed,509.13
P01567,O01567,Credit Card,Completed,949.75
P01568,O01568,Debit Card,Completed,1955.58
P01569,O01569,UPI,Completed,1657.82
P01570,O01570,Debit Card,Completed,1708.53
P01571,O01571,UPI,Completed,1735.46
P01572,O01572,Debit Card,Completed,1277.14
P01573,O01573,UPI,Completed,1513.47
P01574,O01574,UPI,Completed,782.03
P01575,O01575,UPI,Completed,1997.05
P01576,O01576,UPI,Completed,631.28
P01577,O01577,UPI,Completed,1221.01
P01578,O01578,UPI,Completed,635.92
P01579,O01579,UPI,Completed,312.93
P01580,O01580,UPI,Completed,1178.41
P01581,O01581,Debit Card,Completed,771.36
P01582,O01582,UPI,Completed,1208.12
P01583,O01583,UPI,Completed,1161.49
P01584,O01584,Credit Card,Completed,1130.29
P01585,O01585,UPI,Completed,334.27
P01586,O01586,Debit Card,Completed,936.34
P01587,O01587,UPI,Completed,1642.81
P01588,O01588,UPI,Completed,698.77
P01589,O01589,Debit Card,Completed,943.28
P01590,O01590,UPI,Completed,1038.28
P01591,O01591,UPI,Failed,1739.19
P01592,O01592,Credit Card,Completed,1345.64
P01593,O01593,Debit Card,Completed,290.38
P01594,O01594,Credit Card,Completed,1743.82
P01595,O01595,UPI,Completed,1680.93
P01596,O01596,Credit Card,Completed,1531.93
P01597,O01597,Cash,Completed,985.51
P01598,O01598,Credit Card,Completed,1539.34
P01599,O01599,UPI,Completed,1009.61
P01600,O01600,Credit Card,Completed,1499.58
P01601,O01601,UPI,Refunded,1772.21
P01602,O01602,Debit Card,Completed,1792.03
P01603,O01603,UPI,Completed,963.7
P01604,O01604,UPI,Completed,1732.75
P01605,O01605,Credit Card,Completed,292.77
P01606,O01606,UPI,Completed,293.46
P01607,O01607,UPI,Completed,1141.71
P01608,O01608,UPI,Completed,1338.5
P01609,O01609,UPI,Completed,390.69
P01610,O01610,Credit Card,Completed,997.14
P01611,O01611,Debit Card,Failed,279.29
P01612,O01612,Cash,Completed,1243.99
P01613,O01613,UPI,Completed,1724.68
P01614,O01614,UPI,Completed,1501.51
P01615,O01615,Credit Card,Completed,818.75
P01616,O01616,UPI,Completed,1988.21
P01617,O01617,Debit Card,Completed,1359.58
P01618,O01618,UPI,Completed,1648.97
P01619,O01619,Debit Card,Completed,1372.43
P01620,O01620,Credit Card,Completed,1979.89
P01621,O01621,UPI,Completed,1660.58
P01622,O01622,Credit Card,Completed,1086.9
P01623,O01623,Cash,Completed,797.07
P01624,O01624,UPI,Completed,1396.09
P01625,O01625,UPI,Completed,1221.42
P01626,O01626,Credit Card,Completed,1295.77
P01627,O01627,Credit Card,Completed,751.72
P01628,O01628,UPI,Completed,914.58
P01629,O01629,UPI,Completed,1160.38
P01630,O01630,UPI,Completed,1694.64
P01631,O01631,Credit Card,Completed,1549.53
P01632,O01632,Debit Card,Completed,325.45
P01633,O01633,Cash,Completed,566.55
P01634,O01634,UPI,Completed,150.65
P01635,O01635,UPI,Completed,115.13
P01636,O01636,UPI,Completed,526.31
P01637,O01637,UPI,Completed,1618.71
P01638,O01638,UPI,Completed,1819.02
P01639,O01639,Debit Card,Completed,844.36
P01640,O01640,Credit Card,Completed,1170.08
P01641,O01641,Cash,Completed,1441.5
P01642,O01642,UPI,Completed,1910.58
P01643,O01643,Credit Card,Completed,1834.57
P01644,O01644,Debit Card,Completed,208.67
P01645,O01645,UPI,Refunded,571.52
P01646,O01646,UPI,Completed,193.37
P01647,O01647,Debit Card,Completed,1271.43
P01648,O01648,Credit Card,Completed,1449.94
P01649,O01649,Credit Card,Completed,685.74
P01650,O01650,Credit Card,Completed,1722.32
P01651,O01651,Credit Card,Completed,960.34
P01652,O01652,Credit Card,Completed,1996.92
P01653,O01653,UPI,Completed,100.76
P01654,O01654,UPI,Completed,308.03
P01655,O01655,Credit Card,Completed,673.41
P01656,O01656,Cash,Completed,148.46
P01657,O01657,UPI,Completed,1586.44
P01658,O01658,UPI,Completed,200.27
P01659,O01659,UPI,Completed,1523.06
P01660,O01660,Credit Card,Completed,199.88
P01661,O01661,UPI,Completed,580.18
P01662,O01662,Credit Card,Failed,1698.43
P01663,O01663,Credit Card,Failed,1907.08
P01664,O01664,Credit Card,Completed,887.6
P01665,O01665,Credit Card,Completed,1942.88
P01666,O01666,Credit Card,Completed,1291.07
P01667,O01667,Credit Card,Completed,890.09
P01668,O01668,Debit Card,Completed,1625.32
P01669,O01669,Debit Card,Completed,661.12
P01670,O01670,UPI,Completed,605.01
P01671,O01671,Cash,Completed,1347.44
P01672,O01672,UPI,Completed,841.93
P01673,O01673,Debit Card,Completed,358.24
P01674,O01674,Debit Card,Completed,227.23
P01675,O01675,Credit Card,Completed,1596.9
P01676,O01676,UPI,Completed,1384.23
P01677,O01677,UPI,Completed,882.42
P01678,O01678,Cash,Completed,1802.83
P01679,O01679,Credit Card,Completed,880.63
P01680,O01680,UPI,Completed,1449.56
P01681,O01681,Debit Card,Completed,1827.32
P01682,O01682,UPI,Completed,1697.36
P01683,O01683,Credit Card,Completed,1071.1
P01684,O01684,Credit Card,Completed,1393.21
P01685,O01685,UPI,Completed,885.96
P01686,O01686,Credit Card,Completed,1329.67
P01687,O01687,Credit Card,Completed,589.35
P01688,O01688,Credit Card,Completed,926.01
P01689,O01689,Debit Card,Completed,498.14
P01690,O01690,Debit Card,Completed,172.55
P01691,O01691,UPI,Refunded,1218.23
P01692,O01692,UPI,Refunded,1742.42
P01693,O01693,Debit Card,Failed,148.6
P01694,O01694,UPI,Completed,472.46
P01695,O01695,Credit Card,Completed,974.35
P01696,O01696,Credit Card,Completed,1365.2
P01697,O01697,Credit Card,Completed,425.34
P01698,O01698,Cash,Completed,207.72
P01699,O01699,UPI,Completed,1086.19
P01700,O01700,Credit Card,Completed,1655.55
P01701,O01701,Debit Card,Completed,166.95
P01702,O01702,Debit Card,Completed,763.8
P01703,O01703,Credit Card,Completed,1360.68
P01704,O01704,Debit Card,Refunded,348.41
P01705,O01705,Credit Card,Completed,548.3
P01706,O01706,UPI,Completed,1117.44
P01707,O01707,UPI,Failed,1911.14
P01708,O01708,UPI,Completed,645.95
P01709,O01709,UPI,Completed,1026.3
P01710,O01710,UPI,Completed,859.87
P01711,O01711,UPI,Completed,1805.05
P01712,O01712,Credit Card,Completed,236.59
P01713,O01713,Debit Card,Completed,1175.68
P01714,O01714,Credit Card,Completed,1707.63
P01715,O01715,Debit Card,Completed,1977.42
P01716,O01716,UPI,Completed,1427.58
P01717,O01717,UPI,Completed,821.88
P01718,O01718,UPI,Completed,882.47
P01719,O01719,Cash,Completed,768.2
P01720,O01720,UPI,Completed,1246.86
P01721,O01721,UPI,Completed,1504.87
P01722,O01722,UPI,Completed,1656.99
P01723,O01723,Cash,Completed,891.53
P01724,O01724,Cash,Completed,1461.75
P01725,O01725,Credit Card,Completed,1840.82
P01726,O01726,UPI,Completed,1849.57
P01727,O01727,UPI,Completed,1437.66
P01728,O01728,Debit Card,Completed,1310.11
P01729,O01729,Credit Card,Completed,1109.9
P01730,O01730,Debit Card,Completed,448.08
P01731,O01731,Credit Card,Completed,334.9
P01732,O01732,UPI,Completed,1022.85
P01733,O01733,UPI,Refunded,402.94
P01734,O01734,Cash,Completed,1196.3
P01735,O01735,Credit Card,Completed,1326.84
P01736,O01736,Debit Card,Completed,1098.67
P01737,O01737,UPI,Completed,169.21
P01738,O01738,Cash,Completed,209.68
P01739,O01739,Credit Card,Completed,315.35
P01740,O01740,UPI,Completed,391.93
P01741,O01741,UPI,Completed,1980.78
P01742,O01742,Debit Card,Completed,754.54
P01743,O01743,Credit Card,Completed,654.75
P01744,O01744,Credit Card,Completed,199.31
P01745,O01745,Credit Card,Completed,1307.11
P01746,O01746,UPI,Completed,1339.16
P01747,O01747,Cash,Completed,433.35
P01748,O01748,UPI,Failed,1846.56
P01749,O01749,Cash,Completed,1620.94
P01750,O01750,Credit Card,Completed,537.61
P01751,O01751,Debit Card,Completed,1023.11
P01752,O01752,Debit Card,Completed,970.94
P01753,O01753,UPI,Completed,762.19
P01754,O01754,Debit Card,Completed,1653.51
P01755,O01755,UPI,Completed,307.6
P01756,O01756,UPI,Completed,889.1
P01757,O01757,Credit Card,Completed,913.26
P01758,O01758,Cash,Completed,990.58
P01759,O01759,Credit Card,Completed,1736.56
P01760,O01760,UPI,Completed,514.52
P01761,O01761,Debit Card,Completed,295.55
P01762,O01762,Credit Card,Completed,1273.84
P01763,O01763,Cash,Completed,430.29
P01764,O01764,Debit Card,Completed,242.37
P01765,O01765,UPI,Completed,910.63
P01766,O01766,UPI,Refunded,517.33
P01767,O01767,UPI,Completed,786.31
P01768,O01768,UPI,Completed,593.45
P01769,O01769,UPI,Completed,276.01
P01770,O01770,Cash,Completed,1164.66
P01771,O01771,UPI,Completed,151.33
P01772,O01772,UPI,Completed,1936.11
P01773,O01773,Cash,Completed,748.53
P01774,O01774,UPI,Completed,1420.8
P01775,O01775,UPI,Failed,1639.69
P01776,O01776,Debit Card,Completed,630.3
P01777,O01777,Credit Card,Completed,1522.6
P01778,O01778,UPI,Completed,1681.6
P01779,O01779,Credit Card,Completed,558.5
P01780,O01780,UPI,Failed,1985.74
P01781,O01781,Debit Card,Completed,139.31
P01782,O01782,UPI,Completed,512.3
P01783,O01783,UPI,Completed,1582.04
P01784,O01784,UPI,Completed,468.85
P01785,O01785,Cash,Completed,1426.69
P01786,O01786,UPI,Completed,1725.51
P01787,O01787,Credit Card,Completed,1922.51
P01788,O01788,UPI,Completed,1001.07
P01789,O01789,UPI,Completed,1945.11
P01790,O01790,Debit Card,Completed,882.08
P01791,O01791,Debit Card,Failed,514.44
P01792,O01792,Cash,Completed,1076.45
P01793,O01793,UPI,Failed,1334.66
P01794,O01794,Credit Card,Completed,970.13
P01795,O01795,Credit Card,Completed,1177.25
P01796,O01796,Debit Card,Completed,891.18
P01797,O01797,Cash,Completed,1097.05
P01798,O01798,Debit Card,Completed,1909.93
P01799,O01799,UPI,Completed,1049.68
P01800,O01800,UPI,Completed,581.04
P01801,O01801,Credit Card,Completed,1541.62
P01802,O01802,UPI,Completed,741.41
P01803,O01803,Cash,Completed,1650.79
P01804,O01804,Credit Card,Failed,208.0
P01805,O01805,UPI,Completed,731.14
P01806,O01806,Credit Card,Completed,279.28
P01807,O01807,UPI,Completed,262.1
P01808,O01808,Debit Card,Completed,1350.94
P01809,O01809,Debit Card,Completed,832.14
P01810,O01810,Debit Card,Completed,1755.81
P01811,O01811,UPI,Completed,1081.17
P01812,O01812,UPI,Completed,661.15
P01813,O01813,Debit Card,Completed,1469.69
P01814,O01814,Credit Card,Completed,1285.63
P01815,O01815,Debit Card,Completed,1619.23
P01816,O01816,UPI,Completed,1322.82
P01817,O01817,UPI,Completed,417.33
P01818,O01818,UPI,Completed,1373.59
P01819,O01819,Credit Card,Completed,843.94
P01820,O01820,Credit Card,Completed,979.97
P01821,O01821,UPI,Completed,1850.97
P01822,O01822,UPI,Completed,783.93
P01823,O01823,Credit Card,Completed,1262.72
P01824,O01824,UPI,Completed,790.62
P01825,O01825,Cash,Completed,279.98
P01826,O01826,Credit Card,Completed,961.7
P01827,O01827,Credit Card,Completed,1234.42
P01828,O01828,UPI,Failed,874.26
P01829,O01829,UPI,Completed,842.27
P01830,O01830,UPI,Failed,1658.72
P01831,O01831,Debit Card,Completed,156.4
P01832,O01832,Debit Card,Failed,661.61
P01833,O01833,Credit Card,Completed,1642.34
P01834,O01834,Debit Card,Completed,1849.01
P01835,O01835,Cash,Completed,883.37
P01836,O01836,UPI,Completed,1788.71
P01837,O01837,Debit Card,Completed,477.97
P01838,O01838,Credit Card,Completed,520.71
P01839,O01839,Cash,Completed,1707.76
P01840,O01840,UPI,Completed,1816.19
P01841,O01841,UPI,Completed,523.33
P01842,O01842,UPI,Completed,212.72
P01843,O01843,UPI,Completed,271.62
P01844,O01844,Debit Card,Completed,596.62
P01845,O01845,UPI,Failed,1546.75
P01846,O01846,Credit Card,Completed,1068.98
P01847,O01847,Credit Card,Completed,965.62
P01848,O01848,UPI,Refunded,1209.87
P01849,O01849,Credit Card,Completed,1791.42
P01850,O01850,UPI,Completed,271.82
P01851,O01851,Cash,Completed,1419.98
P01852,O01852,Cash,Completed,1860.9
P01853,O01853,UPI,Completed,505.37
P01854,O01854,UPI,Completed,1691.77
P01855,O01855,UPI,Completed,1426.25
P01856,O01856,Credit Card,Refunded,127.49
P01857,O01857,Debit Card,Completed,540.06
P01858,O01858,Credit Card,Completed,1251.11
P01859,O01859,Cash,Completed,1054.56
P01860,O01860,Cash,Completed,1103.08
P01861,O01861,Debit Card,Completed,540.67
P01862,O01862,Debit Card,Completed,1382.51
P01863,O01863,Debit Card,Completed,606.19
P01864,O01864,Debit Card,Completed,839.93
P01865,O01865,UPI,Completed,800.94
P01866,O01866,Credit Card,Completed,1376.85
P01867,O01867,UPI,Completed,271.48
P01868,O01868,Credit Card,Completed,490.53
P01869,O01869,UPI,Completed,480.94
P01870,O01870,Debit Card,Completed,306.01
P01871,O01871,Debit Card,Completed,494.43
P01872,O01872,Cash,Completed,1253.41
P01873,O01873,Cash,Completed,1491.12
P01874,O01874,UPI,Completed,1354.58
P01875,O01875,UPI,Completed,1002.86
P01876,O01876,Credit Card,Completed,199.63
P01877,O01877,Cash,Completed,1922.11
P01878,O01878,UPI,Completed,419.35
P01879,O01879,Credit Card,Completed,1370.0
P01880,O01880,Cash,Completed,1834.49
P01881,O01881,Credit Card,Completed,1425.78
P01882,O01882,UPI,Completed,514.29
P01883,O01883,Debit Card,Completed,700.01
P01884,O01884,Debit Card,Completed,157.39
P01885,O01885,UPI,Completed,1264.24
P01886,O01886,Debit Card,Completed,1264.69
P01887,O01887,UPI,Completed,1478.45
P01888,O01888,UPI,Failed,120.89
P01889,O01889,UPI,Completed,1653.9
P01890,O01890,UPI,Completed,1503.55
P01891,O01891,Debit Card,Completed,367.68
P01892,O01892,Debit Card,Completed,760.49
P01893,O01893,Debit Card,Completed,1313.2
P01894,O01894,Cash,Completed,1042.01
P01895,O01895,Credit Card,Completed,318.68
P01896,O01896,Credit Card,Completed,265.96
P01897,O01897,Credit Card,Completed,1584.77
P01898,O01898,Credit Card,Completed,396.34
P01899,O01899,Cash,Completed,426.98
P01900,O01900,UPI,Completed,1678.75
P01901,O01901,Debit Card,Completed,1263.07
P01902,O01902,UPI,Completed,1248.96
P01903,O01903,UPI,Completed,1010.76
P01904,O01904,UPI,Completed,1181.09
P01905,O01905,UPI,Completed,1243.36
P01906,O01906,UPI,Completed,1938.87
P01907,O01907,UPI,Completed,523.65
P01908,O01908,UPI,Completed,507.67
P01909,O01909,UPI,Completed,208.72
P01910,O01910,UPI,Completed,1350.58
P01911,O01911,Debit Card,Refunded,1143.18
P01912,O01912,UPI,Completed,311.35
P01913,O01913,Debit Card,Completed,792.62
P01914,O01914,Debit Card,Completed,439.46
P01915,O01915,Cash,Completed,729.82
P01916,O01916,Credit Card,Completed,1907.4
P01917,O01917,UPI,Completed,1398.31
P01918,O01918,UPI,Completed,114.38
P01919,O01919,Credit Card,Completed,579.77
P01920,O01920,Credit Card,Completed,119.69
P01921,O01921,UPI,Completed,1458.25
P01922,O01922,UPI,Completed,991.9
P01923,O01923,Credit Card,Completed,1988.64
P01924,O01924,Debit Card,Completed,1493.81
P01925,O01925,UPI,Completed,1084.03
P01926,O01926,Cash,Completed,1628.94
P01927,O01927,UPI,Completed,1439.13
P01928,O01928,UPI,Completed,563.17
P01929,O01929,Credit Card,Completed,1107.49
P01930,O01930,Credit Card,Failed,1156.4
P01931,O01931,UPI,Completed,957.34
P01932,O01932,Credit Card,Completed,440.47
P01933,O01933,Credit Card,Completed,524.4
P01934,O01934,Credit Card,Completed,633.99
P01935,O01935,UPI,Completed,119.48
P01936,O01936,Credit Card,Completed,1842.19
P01937,O01937,Cash,Completed,1403.58
P01938,O01938,UPI,Completed,1410.27
P01939,O01939,Cash,Completed,1187.43
P01940,O01940,Credit Card,Completed,1409.69
P01941,O01941,Debit Card,Completed,1965.54
P01942,O01942,UPI,Completed,831.8
P01943,O01943,Debit Card,Completed,1453.8
P01944,O01944,UPI,Completed,783.11
P01945,O01945,Credit Card,Failed,1723.15
P01946,O01946,UPI,Completed,1730.25
P01947,O01947,Debit Card,Completed,1814.31
P01948,O01948,Credit Card,Completed,110.38
P01949,O01949,UPI,Completed,666.56
P01950,O01950,Cash,Completed,354.46
P01951,O01951,UPI,Completed,962.57
P01952,O01952,UPI,Completed,1041.35
P01953,O01953,UPI,Completed,586.22
P01954,O01954,UPI,Completed,1474.55
P01955,O01955,UPI,Completed,612.56
P01956,O01956,Debit Card,Completed,1722.39
P01957,O01957,UPI,Completed,437.55
P01958,O01958,Credit Card,Completed,797.75
P01959,O01959,Credit Card,Completed,1282.25
P01960,O01960,UPI,Failed,1250.14
P01961,O01961,Credit Card,Completed,248.26
P01962,O01962,UPI,Completed,1707.89
P01963,O01963,UPI,Completed,1236.32
P01964,O01964,UPI,Completed,1752.73
P01965,O01965,UPI,Completed,1748.51
P01966,O01966,Credit Card,Completed,1137.25
P01967,O01967,Debit Card,Completed,1830.48
P01968,O01968,Cash,Completed,1711.97
P01969,O01969,Credit Card,Completed,1920.43
P01970,O01970,Debit Card,Completed,1715.95
P01971,O01971,UPI,Completed,1660.29
P01972,O01972,Cash,Completed,991.78
P01973,O01973,Cash,Completed,502.86
P01974,O01974,Credit Card,Completed,1830.35
P01975,O01975,UPI,Completed,1472.84
P01976,O01976,UPI,Completed,635.32
P01977,O01977,UPI,Completed,747.89
P01978,O01978,Credit Card,Completed,1403.55
P01979,O01979,Cash,Completed,1007.85
P01980,O01980,Credit Card,Completed,254.82
P01981,O01981,UPI,Completed,368.75
P01982,O01982,UPI,Refunded,1516.73
P01983,O01983,UPI,Completed,724.28
P01984,O01984,Debit Card,Completed,1064.53
P01985,O01985,UPI,Completed,1556.58
P01986,O01986,UPI,Completed,1527.23
P01987,O01987,Cash,Completed,417.33
P01988,O01988,UPI,Completed,286.95
P01989,O01989,Credit Card,Completed,1223.19
P01990,O01990,Debit Card,Completed,1509.1
P01991,O01991,Debit Card,Completed,383.18
P01992,O01992,Debit Card,Refunded,806.72
P01993,O01993,Debit Card,Completed,1753.53
P01994,O01994,Credit Card,Completed,1894.02
P01995,O01995,UPI,Completed,962.73
P01996,O01996,UPI,Completed,251.08
P01997,O01997,UPI,Completed,589.62
P01998,O01998,Credit Card,Completed,542.64
P01999,O01999,UPI,Completed,554.03
P02000,O02000,Credit Card,Completed,1038.38
P02001,O02001,Credit Card,Completed,1208.13
P02002,O02002,UPI,Completed,332.77
P02003,O02003,Debit Card,Completed,1789.78
P02004,O02004,Debit Card,Completed,1277.95
P02005,O02005,UPI,Completed,1234.78
P02006,O02006,UPI,Completed,1975.83
P02007,O02007,Credit Card,Completed,1293.47
P02008,O02008,Credit Card,Failed,1865.02
P02009,O02009,Credit Card,Completed,643.89
P02010,O02010,Cash,Completed,556.25
P02011,O02011,UPI,Completed,1081.39
P02012,O02012,Debit Card,Completed,1066.36
P02013,O02013,Credit Card,Completed,530.32
P02014,O02014,Debit Card,Completed,1429.35
P02015,O02015,UPI,Failed,156.3
P02016,O02016,UPI,Completed,1412.2
P02017,O02017,Debit Card,Completed,968.64
P02018,O02018,UPI,Completed,1409.11
P02019,O02019,UPI,Completed,1006.45
P02020,O02020,Debit Card,Completed,1956.93
P02021,O02021,Debit Card,Completed,735.9
P02022,O02022,UPI,Completed,1966.89
P02023,O02023,UPI,Completed,223.45
P02024,O02024,Credit Card,Completed,1399.15
P02025,O02025,UPI,Completed,963.02
P02026,O02026,Credit Card,Completed,1662.06
P02027,O02027,Debit Card,Completed,1600.27
P02028,O02028,UPI,Completed,1620.4
P02029,O02029,UPI,Completed,280.0
P02030,O02030,Debit Card,Completed,1662.49
P02031,O02031,Credit Card,Completed,506.68
P02032,O02032,UPI,Completed,148.79
P02033,O02033,Debit Card,Completed,513.7
P02034,O02034,Cash,Completed,1010.64
P02035,O02035,UPI,Completed,1510.01
P02036,O02036,UPI,Completed,515.4
P02037,O02037,UPI,Completed,314.71
P02038,O02038,Cash,Completed,1327.34
P02039,O02039,UPI,Completed,1969.41
P02040,O02040,Debit Card,Completed,1241.65
P02041,O02041,UPI,Completed,1413.01
P02042,O02042,UPI,Completed,1166.22
P02043,O02043,UPI,Completed,1586.46
P02044,O02044,UPI,Refunded,1954.03
P02045,O02045,Debit Card,Completed,1133.85
P02046,O02046,UPI,Completed,891.9
P02047,O02047,Cash,Completed,1734.65
P02048,O02048,Debit Card,Completed,1942.48
P02049,O02049,Credit Card,Completed,345.45
P02050,O02050,Debit Card,Completed,1198.52
P02051,O02051,UPI,Completed,1605.67
P02052,O02052,UPI,Completed,1113.34
P02053,O02053,Debit Card,Completed,877.47
P02054,O02054,Credit Card,Completed,1344.94
P02055,O02055,UPI,Completed,613.24
P02056,O02056,Credit Card,Completed,763.35
P02057,O02057,Debit Card,Completed,1985.33
P02058,O02058,UPI,Completed,1309.28
P02059,O02059,UPI,Completed,1758.56
P02060,O02060,UPI,Completed,1634.76
P02061,O02061,Cash,Completed,1339.32
P02062,O02062,Debit Card,Completed,1697.39
P02063,O02063,Cash,Completed,645.6
P02064,O02064,UPI,Completed,1310.52
P02065,O02065,Credit Card,Refunded,1222.15
P02066,O02066,Debit Card,Completed,1282.6
P02067,O02067,Credit Card,Completed,420.4
P02068,O02068,Debit Card,Completed,626.76
P02069,O02069,UPI,Completed,644.65
P02070,O02070,Credit Card,Completed,1243.7
P02071,O02071,UPI,Completed,1947.84
P02072,O02072,Credit Card,Completed,1912.73
P02073,O02073,Cash,Completed,531.66
P02074,O02074,Debit Card,Completed,679.21
P02075,O02075,Debit Card,Completed,168.52
P02076,O02076,UPI,Completed,857.75
P02077,O02077,UPI,Completed,1685.88
P02078,O02078,UPI,Completed,1839.93
P02079,O02079,UPI,Completed,549.34
P02080,O02080,Credit Card,Failed,605.01
P02081,O02081,Cash,Completed,519.61
P02082,O02082,Debit Card,Completed,765.2
P02083,O02083,UPI,Completed,1629.04
P02084,O02084,UPI,Completed,1329.03
P02085,O02085,UPI,Completed,1593.29
P02086,O02086,Cash,Completed,1207.76
P02087,O02087,UPI,Completed,589.69
P02088,O02088,UPI,Completed,533.19
P02089,O02089,UPI,Completed,117.1
P02090,O02090,UPI,Completed,1583.87
P02091,O02091,Debit Card,Completed,1709.53
P02092,O02092,Cash,Completed,1559.74
P02093,O02093,Credit Card,Completed,241.36
P02094,O02094,UPI,Completed,1548.22
P02095,O02095,UPI,Completed,186.96
P02096,O02096,Credit Card,Failed,300.63
P02097,O02097,Debit Card,Completed,936.9
P02098,O02098,UPI,Completed,1004.68
P02099,O02099,UPI,Completed,1650.63
P02100,O02100,UPI,Completed,1391.1
P02101,O02101,UPI,Completed,391.31
P02102,O02102,Credit Card,Completed,529.68
P02103,O02103,UPI,Completed,642.78
P02104,O02104,UPI,Completed,334.98
P02105,O02105,Credit Card,Completed,646.53
P02106,O02106,Cash,Completed,1484.34
P02107,O02107,Credit Card,Completed,558.66
P02108,O02108,UPI,Completed,1687.18
P02109,O02109,Credit Card,Completed,992.08
P02110,O02110,Credit Card,Completed,713.58
P02111,O02111,Cash,Completed,883.59
P02112,O02112,UPI,Completed,1448.04
P02113,O02113,UPI,Completed,1081.91
P02114,O02114,Credit Card,Completed,113.83
P02115,O02115,UPI,Completed,1852.42
P02116,O02116,UPI,Completed,225.39
P02117,O02117,UPI,Completed,1883.38
P02118,O02118,Credit Card,Completed,153.49
P02119,O02119,UPI,Completed,1564.86
P02120,O02120,Cash,Completed,1115.88
P02121,O02121,Cash,Completed,1060.88
P02122,O02122,Debit Card,Completed,238.28
P02123,O02123,UPI,Completed,553.62
P02124,O02124,Cash,Refunded,1577.34
P02125,O02125,Cash,Completed,1793.39
P02126,O02126,Debit Card,Completed,1105.33
P02127,O02127,Debit Card,Completed,771.35
P02128,O02128,Debit Card,Completed,213.89
P02129,O02129,UPI,Completed,1396.14
P02130,O02130,Credit Card,Completed,629.05
P02131,O02131,UPI,Completed,204.53
P02132,O02132,Debit Card,Completed,1365.12
P02133,O02133,UPI,Completed,1022.87
P02134,O02134,Debit Card,Completed,122.73
P02135,O02135,Credit Card,Completed,310.76
P02136,O02136,UPI,Completed,1428.48
P02137,O02137,Credit Card,Completed,220.98
P02138,O02138,UPI,Completed,1745.33
P02139,O02139,UPI,Completed,691.52
P02140,O02140,UPI,Completed,268.47
P02141,O02141,Credit Card,Completed,1543.54
P02142,O02142,Cash,Completed,1096.41
P02143,O02143,Credit Card,Completed,682.62
P02144,O02144,Debit Card,Completed,871.59
P02145,O02145,Debit Card,Completed,140.68
P02146,O02146,Debit Card,Completed,1359.13
P02147,O02147,UPI,Completed,794.97
P02148,O02148,UPI,Completed,1456.67
P02149,O02149,UPI,Completed,1293.53
P02150,O02150,UPI,Completed,1337.38
P02151,O02151,Debit Card,Completed,1606.5
P02152,O02152,UPI,Completed,1299.2
P02153,O02153,UPI,Completed,895.58
P02154,O02154,UPI,Completed,840.86
P02155,O02155,Credit Card,Completed,327.21
P02156,O02156,Debit Card,Failed,1580.94
P02157,O02157,Credit Card,Refunded,1546.11
P02158,O02158,UPI,Completed,567.97
P02159,O02159,UPI,Completed,1739.1
P02160,O02160,UPI,Completed,1219.11
P02161,O02161,UPI,Completed,1009.51
P02162,O02162,UPI,Completed,133.24
P02163,O02163,Debit Card,Completed,827.21
P02164,O02164,UPI,Completed,1317.27
P02165,O02165,UPI,Completed,270.52
P02166,O02166,Credit Card,Completed,973.18
P02167,O02167,Cash,Completed,1987.53
P02168,O02168,UPI,Completed,1461.42
P02169,O02169,UPI,Failed,1139.05
P02170,O02170,Debit Card,Completed,1112.76
P02171,O02171,Credit Card,Completed,183.15
P02172,O02172,UPI,Completed,1918.9
P02173,O02173,Cash,Completed,1863.54
P02174,O02174,UPI,Completed,1396.57
P02175,O02175,UPI,Completed,288.12
P02176,O02176,Credit Card,Completed,494.88
P02177,O02177,Credit Card,Failed,449.43
P02178,O02178,Debit Card,Completed,1087.2
P02179,O02179,UPI,Completed,494.83
P02180,O02180,Debit Card,Refunded,1422.02
P02181,O02181,Credit Card,Completed,1135.94
P02182,O02182,Credit Card,Failed,133.55
P02183,O02183,Cash,Failed,1513.71
P02184,O02184,Debit Card,Completed,458.77
P02185,O02185,UPI,Completed,1667.28
P02186,O02186,Credit Card,Completed,774.59
P02187,O02187,Credit Card,Completed,743.38
P02188,O02188,UPI,Completed,122.45
P02189,O02189,UPI,Completed,1976.69
P02190,O02190,UPI,Completed,1262.81
P02191,O02191,UPI,Completed,903.19
P02192,O02192,Credit Card,Completed,283.58
P02193,O02193,UPI,Failed,1428.38
P02194,O02194,UPI,Refunded,637.19
P02195,O02195,Debit Card,Completed,1977.73
P02196,O02196,Debit Card,Completed,1906.04
P02197,O02197,Cash,Completed,1497.06
P02198,O02198,Credit Card,Completed,1945.04
P02199,O02199,Debit Card,Completed,300.7
P02200,O02200,Credit Card,Completed,631.84
P02201,O02201,Debit Card,Completed,581.16
P02202,O02202,Credit Card,Completed,236.82
P02203,O02203,Cash,Completed,1947.23
P02204,O02204,Credit Card,Completed,213.95
P02205,O02205,UPI,Completed,1727.71
P02206,O02206,Debit Card,Refunded,1559.51
P02207,O02207,Debit Card,Completed,814.15
P02208,O02208,UPI,Completed,135.73
P02209,O02209,Debit Card,Completed,111.58
P02210,O02210,Credit Card,Completed,487.59
P02211,O02211,Credit Card,Completed,1038.37
P02212,O02212,Cash,Failed,970.03
P02213,O02213,Credit Card,Completed,1212.06
P02214,O02214,Debit Card,Completed,1566.72
P02215,O02215,Debit Card,Completed,816.97
P02216,O02216,Credit Card,Failed,404.69
P02217,O02217,Credit Card,Failed,1620.09
P02218,O02218,UPI,Completed,732.11
P02219,O02219,UPI,Completed,645.08
P02220,O02220,UPI,Completed,1552.19
P02221,O02221,Credit Card,Completed,1874.86
P02222,O02222,UPI,Completed,1838.43
P02223,O02223,Debit Card,Completed,361.14
P02224,O02224,UPI,Completed,1056.0
P02225,O02225,UPI,Completed,276.45
P02226,O02226,UPI,Completed,1925.85
P02227,O02227,UPI,Completed,508.93
P02228,O02228,UPI,Completed,475.12
P02229,O02229,UPI,Completed,1788.88
P02230,O02230,Credit Card,Completed,1938.92
P02231,O02231,UPI,Completed,1425.5
P02232,O02232,UPI,Completed,329.91
P02233,O02233,Credit Card,Completed,1023.13
P02234,O02234,UPI,Completed,1651.55
P02235,O02235,Credit Card,Completed,1187.71
P02236,O02236,UPI,Completed,351.93
P02237,O02237,UPI,Completed,426.59
P02238,O02238,Cash,Completed,1741.87
P02239,O02239,Credit Card,Failed,1101.36
P02240,O02240,Cash,Completed,1441.09
P02241,O02241,Credit Card,Refunded,808.82
P02242,O02242,UPI,Completed,1111.72
P02243,O02243,Debit Card,Completed,1956.5
P02244,O02244,UPI,Completed,726.44
P02245,O02245,Credit Card,Completed,1382.1
P02246,O02246,UPI,Completed,427.76
P02247,O02247,UPI,Completed,331.31
P02248,O02248,Debit Card,Completed,1588.92
P02249,O02249,UPI,Completed,1703.81
P02250,O02250,UPI,Completed,1369.79
P02251,O02251,UPI,Completed,400.57
P02252,O02252,Credit Card,Completed,557.12
P02253,O02253,UPI,Completed,1831.23
P02254,O02254,Credit Card,Completed,648.54
P02255,O02255,Credit Card,Completed,1655.83
P02256,O02256,UPI,Failed,643.28
P02257,O02257,UPI,Completed,1884.98
P02258,O02258,Debit Card,Failed,1837.46
P02259,O02259,Credit Card,Completed,182.2
P02260,O02260,UPI,Completed,1563.79
P02261,O02261,Credit Card,Completed,421.98
P02262,O02262,Credit Card,Completed,509.02
P02263,O02263,Debit Card,Completed,973.71
P02264,O02264,Debit Card,Completed,1195.0
P02265,O02265,UPI,Completed,719.02
P02266,O02266,UPI,Completed,1193.23
P02267,O02267,Cash,Completed,424.25
P02268,O02268,Credit Card,Completed,142.44
P02269,O02269,UPI,Completed,1185.33
P02270,O02270,UPI,Completed,1083.09
P02271,O02271,Cash,Completed,1410.34
P02272,O02272,UPI,Completed,1334.66
P02273,O02273,UPI,Completed,1805.22
P02274,O02274,Credit Card,Completed,972.99
P02275,O02275,Debit Card,Completed,115.9
P02276,O02276,Debit Card,Completed,1298.24
P02277,O02277,Debit Card,Completed,1382.75
P02278,O02278,UPI,Completed,1090.84
P02279,O02279,UPI,Completed,1409.68
P02280,O02280,Cash,Completed,714.81
P02281,O02281,Debit Card,Failed,382.74
P02282,O02282,Debit Card,Completed,1362.65
P02283,O02283,Debit Card,Completed,565.85
P02284,O02284,UPI,Completed,967.0
P02285,O02285,Cash,Completed,1034.08
P02286,O02286,Debit Card,Completed,1006.68
P02287,O02287,Credit Card,Completed,1237.05
P02288,O02288,UPI,Completed,155.96
P02289,O02289,UPI,Completed,1980.4
P02290,O02290,UPI,Completed,1460.99
P02291,O02291,UPI,Completed,908.24
P02292,O02292,Debit Card,Completed,463.53
P02293,O02293,Debit Card,Completed,252.34
P02294,O02294,UPI,Completed,1377.16
P02295,O02295,UPI,Completed,702.22
P02296,O02296,Debit Card,Completed,536.01
P02297,O02297,Credit Card,Completed,821.91
P02298,O02298,Credit Card,Failed,1226.55
P02299,O02299,Debit Card,Completed,1376.24
P02300,O02300,Debit Card,Completed,1325.82
P02301,O02301,Credit Card,Refunded,1740.2
P02302,O02302,Cash,Completed,515.64
P02303,O02303,Debit Card,Completed,1309.82
P02304,O02304,UPI,Completed,292.12
P02305,O02305,UPI,Completed,1141.08
P02306,O02306,Credit Card,Completed,1209.52
P02307,O02307,Debit Card,Completed,510.85
P02308,O02308,Cash,Completed,844.22
P02309,O02309,Cash,Completed,1671.67
P02310,O02310,UPI,Completed,381.98
P02311,O02311,UPI,Completed,925.56
P02312,O02312,UPI,Completed,1872.19
P02313,O02313,Debit Card,Completed,1057.81
P02314,O02314,Cash,Completed,1477.75
P02315,O02315,Debit Card,Completed,1671.05
P02316,O02316,UPI,Completed,487.17
P02317,O02317,Cash,Failed,514.61
P02318,O02318,Credit Card,Completed,1541.32
P02319,O02319,Debit Card,Completed,1531.28
P02320,O02320,UPI,Completed,214.35
P02321,O02321,Credit Card,Completed,712.75
P02322,O02322,Credit Card,Refunded,857.21
P02323,O02323,Debit Card,Completed,1675.18
P02324,O02324,Cash,Completed,901.54
P02325,O02325,Debit Card,Completed,1859.26
P02326,O02326,UPI,Completed,1993.55
P02327,O02327,Cash,Completed,1583.38
P02328,O02328,UPI,Completed,1366.13
P02329,O02329,Credit Card,Completed,844.6
P02330,O02330,UPI,Completed,227.37
P02331,O02331,Debit Card,Completed,1188.96
P02332,O02332,Credit Card,Completed,787.24
P02333,O02333,UPI,Completed,766.71
P02334,O02334,Credit Card,Completed,1406.65
P02335,O02335,Debit Card,Refunded,980.91
P02336,O02336,Credit Card,Completed,1528.98
P02337,O02337,UPI,Completed,856.53
P02338,O02338,UPI,Completed,386.64
P02339,O02339,Cash,Refunded,976.56
P02340,O02340,UPI,Completed,1906.92
P02341,O02341,Credit Card,Completed,1622.9
P02342,O02342,Cash,Completed,490.92
P02343,O02343,UPI,Completed,843.47
P02344,O02344,UPI,Completed,1862.8
P02345,O02345,Credit Card,Completed,335.03
P02346,O02346,UPI,Completed,582.51
P02347,O02347,UPI,Completed,598.22
P02348,O02348,UPI,Completed,1184.77
P02349,O02349,UPI,Completed,880.39
P02350,O02350,UPI,Completed,251.75
P02351,O02351,Debit Card,Completed,1295.44
P02352,O02352,UPI,Completed,288.25
P02353,O02353,Credit Card,Completed,1252.19
P02354,O02354,UPI,Completed,1063.32
P02355,O02355,UPI,Completed,1037.97
P02356,O02356,UPI,Completed,228.24
P02357,O02357,UPI,Completed,1314.52
P02358,O02358,Cash,Completed,919.51
P02359,O02359,Debit Card,Completed,881.1
P02360,O02360,UPI,Completed,1233.26
P02361,O02361,Debit Card,Completed,1251.87
P02362,O02362,UPI,Completed,128.56
P02363,O02363,UPI,Completed,337.93
P02364,O02364,UPI,Completed,549.38
P02365,O02365,Credit Card,Failed,1388.16
P02366,O02366,Cash,Completed,1195.81
P02367,O02367,Debit Card,Completed,1539.5
P02368,O02368,Credit Card,Completed,1507.15
P02369,O02369,UPI,Completed,1721.05
P02370,O02370,Debit Card,Completed,815.95
P02371,O02371,UPI,Completed,755.62
P02372,O02372,UPI,Completed,1678.93
P02373,O02373,Debit Card,Refunded,551.44
P02374,O02374,Debit Card,Completed,976.23
P02375,O02375,Credit Card,Completed,469.22
P02376,O02376,Credit Card,Completed,1836.3
P02377,O02377,Debit Card,Completed,874.83
P02378,O02378,UPI,Completed,503.73
P02379,O02379,Credit Card,Completed,1414.83
P02380,O02380,Credit Card,Completed,564.82
P02381,O02381,Debit Card,Completed,1892.66
P02382,O02382,UPI,Completed,798.47
P02383,O02383,UPI,Completed,1362.82
P02384,O02384,Credit Card,Completed,755.97
P02385,O02385,Credit Card,Failed,1633.77
P02386,O02386,UPI,Completed,1804.15
P02387,O02387,Credit Card,Completed,1597.04
P02388,O02388,UPI,Completed,1712.15
P02389,O02389,UPI,Completed,293.57
P02390,O02390,Credit Card,Completed,1855.72
P02391,O02391,Cash,Completed,1286.17
P02392,O02392,Credit Card,Completed,1751.51
P02393,O02393,UPI,Completed,1400.43
P02394,O02394,Debit Card,Completed,483.51
P02395,O02395,UPI,Failed,1258.15
P02396,O02396,Cash,Completed,272.8
P02397,O02397,UPI,Completed,1421.87
P02398,O02398,Credit Card,Completed,877.1
P02399,O02399,UPI,Completed,388.29
P02400,O02400,UPI,Completed,1960.54
P02401,O02401,Cash,Completed,1812.06
P02402,O02402,Credit Card,Failed,1797.73
P02403,O02403,UPI,Completed,1598.76
P02404,O02404,Credit Card,Completed,1414.76
P02405,O02405,UPI,Completed,1344.65
P02406,O02406,UPI,Completed,301.58
P02407,O02407,UPI,Completed,1811.08
P02408,O02408,UPI,Completed,1774.14
P02409,O02409,Credit Card,Completed,1520.92
P02410,O02410,UPI,Completed,1861.9
P02411,O02411,Credit Card,Completed,1150.86
P02412,O02412,Debit Card,Refunded,950.52
P02413,O02413,UPI,Completed,1939.1
P02414,O02414,Cash,Completed,981.85
P02415,O02415,Credit Card,Completed,1318.52
P02416,O02416,UPI,Completed,808.82
P02417,O02417,UPI,Completed,1309.02
P02418,O02418,Credit Card,Completed,1468.19
P02419,O02419,UPI,Completed,1286.85
P02420,O02420,UPI,Refunded,1077.67
P02421,O02421,Debit Card,Completed,670.21
P02422,O02422,Debit Card,Completed,1323.31
P02423,O02423,UPI,Completed,1826.01
P02424,O02424,Credit Card,Completed,113.13
P02425,O02425,UPI,Completed,354.47
P02426,O02426,UPI,Completed,327.57
P02427,O02427,UPI,Completed,1854.09
P02428,O02428,Debit Card,Completed,1359.22
P02429,O02429,UPI,Completed,1908.4
P02430,O02430,Credit Card,Completed,1207.35
P02431,O02431,Debit Card,Completed,977.29
P02432,O02432,Credit Card,Completed,1605.45
P02433,O02433,Credit Card,Completed,405.79
P02434,O02434,Credit Card,Completed,824.54
P02435,O02435,Credit Card,Completed,985.92
P02436,O02436,Credit Card,Completed,667.07
P02437,O02437,Credit Card,Completed,805.44
P02438,O02438,Debit Card,Completed,248.4
P02439,O02439,Credit Card,Completed,476.17
P02440,O02440,Credit Card,Completed,737.44
P02441,O02441,Credit Card,Completed,1612.19
P02442,O02442,Credit Card,Completed,446.74
P02443,O02443,Credit Card,Completed,758.62
P02444,O02444,UPI,Completed,223.35
P02445,O02445,Debit Card,Completed,1158.5
P02446,O02446,Credit Card,Completed,1261.38
P02447,O02447,UPI,Completed,1744.48
P02448,O02448,UPI,Completed,1656.32
P02449,O02449,UPI,Completed,642.22
P02450,O02450,Credit Card,Completed,360.21
P02451,O02451,Cash,Completed,396.56
P02452,O02452,Cash,Completed,1941.03
P02453,O02453,UPI,Completed,1379.13
P02454,O02454,UPI,Completed,180.88
P02455,O02455,Credit Card,Completed,359.88
P02456,O02456,UPI,Completed,1023.02
P02457,O02457,UPI,Completed,494.87
P02458,O02458,UPI,Failed,1626.95
P02459,O02459,UPI,Refunded,1189.11
P02460,O02460,Credit Card,Completed,1264.0
P02461,O02461,UPI,Completed,979.37
P02462,O02462,Debit Card,Completed,586.52
P02463,O02463,Credit Card,Completed,1219.87
P02464,O02464,UPI,Completed,1462.24
P02465,O02465,Credit Card,Completed,804.8
P02466,O02466,Debit Card,Completed,1059.39
P02467,O02467,Credit Card,Failed,1695.4
P02468,O02468,UPI,Refunded,382.5
P02469,O02469,Cash,Completed,1135.93
P02470,O02470,Credit Card,Completed,761.98
P02471,O02471,Credit Card,Completed,1435.31
P02472,O02472,Debit Card,Completed,135.74
P02473,O02473,Credit Card,Completed,1373.9
P02474,O02474,UPI,Completed,295.51
P02475,O02475,Credit Card,Completed,223.06
P02476,O02476,UPI,Completed,1476.78
P02477,O02477,UPI,Completed,1316.65
P02478,O02478,UPI,Completed,1800.38
P02479,O02479,Cash,Completed,1087.34
P02480,O02480,UPI,Completed,1107.05
P02481,O02481,Credit Card,Completed,1443.33
P02482,O02482,Cash,Completed,714.46
P02483,O02483,UPI,Completed,170.13
P02484,O02484,Debit Card,Refunded,537.09
P02485,O02485,Credit Card,Completed,552.23
P02486,O02486,UPI,Completed,737.75
P02487,O02487,Debit Card,Completed,1892.58
P02488,O02488,UPI,Completed,1629.2
P02489,O02489,UPI,Completed,1878.32
P02490,O02490,UPI,Completed,1997.36
P02491,O02491,Debit Card,Completed,924.18
P02492,O02492,UPI,Completed,531.44
P02493,O02493,UPI,Refunded,1164.01
P02494,O02494,Cash,Completed,1774.16
P02495,O02495,UPI,Completed,984.89
P02496,O02496,UPI,Refunded,1060.26
P02497,O02497,UPI,Completed,355.43
P02498,O02498,UPI,Completed,898.87
P02499,O02499,UPI,Completed,835.29
P02500,O02500,Debit Card,Completed,768.21
P02501,O02501,Debit Card,Completed,1785.87
P02502,O02502,Debit Card,Completed,212.67
P02503,O02503,UPI,Completed,1947.08
P02504,O02504,UPI,Completed,115.67
P02505,O02505,Cash,Completed,1896.63
P02506,O02506,UPI,Completed,1141.29
P02507,O02507,Debit Card,Completed,1434.65
P02508,O02508,UPI,Completed,455.55
P02509,O02509,UPI,Completed,1343.0
P02510,O02510,UPI,Completed,1775.72
P02511,O02511,UPI,Completed,365.01
P02512,O02512,UPI,Completed,341.46
P02513,O02513,UPI,Completed,677.56
P02514,O02514,UPI,Failed,407.28
P02515,O02515,Credit Card,Completed,310.23
P02516,O02516,UPI,Completed,1388.81
P02517,O02517,Credit Card,Completed,506.27
P02518,O02518,Debit Card,Failed,1367.33
P02519,O02519,UPI,Completed,1737.67
P02520,O02520,UPI,Completed,1338.85
P02521,O02521,Credit Card,Completed,326.8
P02522,O02522,UPI,Completed,1189.8
P02523,O02523,UPI,Completed,847.89
P02524,O02524,Debit Card,Completed,752.4
P02525,O02525,Debit Card,Completed,705.21
P02526,O02526,UPI,Completed,1865.92
P02527,O02527,Debit Card,Completed,1510.76
P02528,O02528,UPI,Completed,354.31
P02529,O02529,UPI,Completed,1004.41
P02530,O02530,UPI,Completed,704.62
P02531,O02531,UPI,Completed,1958.08
P02532,O02532,UPI,Completed,1958.26
P02533,O02533,Debit Card,Completed,707.12
P02534,O02534,Credit Card,Completed,769.01
P02535,O02535,UPI,Completed,1238.89
P02536,O02536,UPI,Completed,1010.68
P02537,O02537,Cash,Completed,504.89
P02538,O02538,Cash,Completed,1354.78
P02539,O02539,Credit Card,Completed,734.84
P02540,O02540,Credit Card,Completed,1342.06
P02541,O02541,Credit Card,Completed,828.99
P02542,O02542,UPI,Completed,1430.4
P02543,O02543,UPI,Completed,1368.82
P02544,O02544,Credit Card,Completed,1066.74
P02545,O02545,Debit Card,Refunded,1439.01
P02546,O02546,UPI,Completed,975.83
P02547,O02547,Credit Card,Completed,320.66
P02548,O02548,UPI,Failed,446.0
P02549,O02549,UPI,Completed,567.39
P02550,O02550,UPI,Completed,220.13
P02551,O02551,Debit Card,Completed,1451.62
P02552,O02552,Debit Card,Completed,798.04
P02553,O02553,Credit Card,Completed,277.69
P02554,O02554,Credit Card,Completed,1657.92
P02555,O02555,Debit Card,Completed,1398.94
P02556,O02556,Debit Card,Completed,959.23
P02557,O02557,UPI,Completed,570.11
P02558,O02558,Debit Card,Failed,388.32
P02559,O02559,Debit Card,Completed,970.91
P02560,O02560,UPI,Completed,1781.97
P02561,O02561,Cash,Completed,457.95
P02562,O02562,UPI,Completed,1180.45
P02563,O02563,Credit Card,Completed,1927.2
P02564,O02564,Debit Card,Completed,1310.52
P02565,O02565,Cash,Completed,935.93
P02566,O02566,UPI,Completed,1461.11
P02567,O02567,Debit Card,Completed,1666.7
P02568,O02568,UPI,Completed,1221.98
P02569,O02569,UPI,Completed,1756.48
P02570,O02570,Credit Card,Completed,1077.72
P02571,O02571,Debit Card,Completed,1677.06
P02572,O02572,Credit Card,Completed,1908.84
P02573,O02573,Credit Card,Completed,1052.36
P02574,O02574,UPI,Completed,1249.5
P02575,O02575,Credit Card,Completed,1257.99
P02576,O02576,Debit Card,Completed,1584.73
P02577,O02577,Debit Card,Completed,1663.64
P02578,O02578,Debit Card,Completed,151.74
P02579,O02579,UPI,Completed,1493.38
P02580,O02580,Credit Card,Completed,1589.25
P02581,O02581,UPI,Completed,1430.82
P02582,O02582,Cash,Completed,1456.02
P02583,O02583,UPI,Completed,178.67
P02584,O02584,UPI,Failed,939.87
P02585,O02585,Debit Card,Refunded,1654.54
P02586,O02586,Debit Card,Completed,1874.61
P02587,O02587,Credit Card,Completed,535.99
P02588,O02588,UPI,Refunded,1200.47
P02589,O02589,UPI,Completed,1628.23
P02590,O02590,Credit Card,Completed,1529.57
P02591,O02591,Cash,Completed,1275.89
P02592,O02592,Debit Card,Completed,135.51
P02593,O02593,UPI,Completed,1475.38
P02594,O02594,UPI,Completed,1569.16
P02595,O02595,Cash,Completed,1473.41
P02596,O02596,Credit Card,Completed,1555.04
P02597,O02597,Debit Card,Completed,918.74
P02598,O02598,UPI,Completed,1988.13
P02599,O02599,Credit Card,Failed,1564.5
P02600,O02600,UPI,Completed,1199.49
P02601,O02601,Debit Card,Completed,1874.96
P02602,O02602,Credit Card,Completed,1825.58
P02603,O02603,Debit Card,Completed,1647.68
P02604,O02604,UPI,Completed,1171.02
P02605,O02605,UPI,Refunded,1101.49
P02606,O02606,UPI,Completed,724.55
P02607,O02607,UPI,Completed,576.67
P02608,O02608,UPI,Completed,1073.48
P02609,O02609,Credit Card,Completed,1197.79
P02610,O02610,Cash,Completed,564.6
P02611,O02611,Cash,Refunded,1852.94
P02612,O02612,Credit Card,Completed,1158.82
P02613,O02613,Credit Card,Completed,1100.36
P02614,O02614,Credit Card,Completed,927.71
P02615,O02615,Cash,Completed,210.34
P02616,O02616,UPI,Completed,1776.56
P02617,O02617,Credit Card,Completed,702.29
P02618,O02618,Credit Card,Completed,1320.67
P02619,O02619,Cash,Completed,1254.12
P02620,O02620,UPI,Completed,1210.52
P02621,O02621,UPI,Completed,1098.85
P02622,O02622,Debit Card,Completed,444.74
P02623,O02623,UPI,Completed,633.15
P02624,O02624,UPI,Completed,1095.96
P02625,O02625,UPI,Completed,1599.75
P02626,O02626,UPI,Completed,920.78
P02627,O02627,UPI,Completed,487.45
P02628,O02628,UPI,Completed,267.09
P02629,O02629,Debit Card,Completed,1359.72
P02630,O02630,Credit Card,Completed,904.35
P02631,O02631,Debit Card,Completed,338.2
P02632,O02632,Credit Card,Completed,1381.49
P02633,O02633,Debit Card,Completed,494.4
P02634,O02634,UPI,Completed,1067.13
P02635,O02635,Debit Card,Completed,681.76
P02636,O02636,Debit Card,Completed,1870.21
P02637,O02637,UPI,Completed,533.75
P02638,O02638,UPI,Completed,897.85
P02639,O02639,Debit Card,Completed,1923.04
P02640,O02640,UPI,Completed,705.58
P02641,O02641,Credit Card,Completed,1324.73
P02642,O02642,Cash,Completed,701.78
P02643,O02643,Debit Card,Completed,310.28
P02644,O02644,Cash,Completed,1292.34
P02645,O02645,UPI,Completed,1840.46
P02646,O02646,Credit Card,Completed,959.87
P02647,O02647,UPI,Completed,1289.74
P02648,O02648,UPI,Completed,1256.91
P02649,O02649,Credit Card,Completed,888.67
P02650,O02650,Cash,Completed,1268.3
P02651,O02651,Credit Card,Completed,592.7
P02652,O02652,Cash,Completed,818.27
P02653,O02653,UPI,Completed,940.41
P02654,O02654,Credit Card,Failed,1741.62
P02655,O02655,Credit Card,Completed,761.83
P02656,O02656,UPI,Completed,1306.76
P02657,O02657,UPI,Completed,505.47
P02658,O02658,Cash,Completed,579.88
P02659,O02659,Credit Card,Completed,1332.01
P02660,O02660,Cash,Completed,1548.39
P02661,O02661,UPI,Completed,978.02
P02662,O02662,UPI,Completed,736.69
P02663,O02663,Credit Card,Completed,1829.52
P02664,O02664,UPI,Completed,358.03
P02665,O02665,Credit Card,Completed,1469.36
P02666,O02666,Cash,Completed,1411.32
P02667,O02667,UPI,Completed,1411.47
P02668,O02668,Cash,Completed,1877.3
P02669,O02669,Credit Card,Completed,1483.56
P02670,O02670,Credit Card,Completed,672.97
P02671,O02671,UPI,Failed,771.48
P02672,O02672,Credit Card,Completed,843.11
P02673,O02673,UPI,Completed,158.54
P02674,O02674,UPI,Completed,1835.67
P02675,O02675,Debit Card,Completed,239.75
P02676,O02676,UPI,Completed,1429.61
P02677,O02677,Debit Card,Completed,1487.31
P02678,O02678,Credit Card,Completed,1703.06
P02679,O02679,UPI,Completed,1151.39
P02680,O02680,Debit Card,Completed,1478.0
P02681,O02681,Credit Card,Completed,675.17
P02682,O02682,UPI,Completed,1516.61
P02683,O02683,Credit Card,Completed,752.49
P02684,O02684,Cash,Completed,1815.39
P02685,O02685,Debit Card,Completed,410.43
P02686,O02686,UPI,Completed,699.94
P02687,O02687,UPI,Completed,1047.66
P02688,O02688,Debit Card,Completed,1574.12
P02689,O02689,UPI,Completed,1522.72
P02690,O02690,UPI,Completed,500.36
P02691,O02691,Debit Card,Completed,374.05
P02692,O02692,Credit Card,Completed,677.54
P02693,O02693,Debit Card,Completed,1019.13
P02694,O02694,Credit Card,Completed,1124.11
P02695,O02695,UPI,Completed,915.36
P02696,O02696,UPI,Completed,1359.87
P02697,O02697,Cash,Completed,912.36
P02698,O02698,Debit Card,Failed,1898.03
P02699,O02699,Credit Card,Completed,595.84
P02700,O02700,Debit Card,Completed,1292.01
P02701,O02701,Cash,Completed,1261.62
P02702,O02702,Debit Card,Completed,634.99
P02703,O02703,Credit Card,Completed,882.21
P02704,O02704,UPI,Completed,794.4
P02705,O02705,UPI,Completed,427.75
P02706,O02706,UPI,Completed,1006.86
P02707,O02707,UPI,Completed,834.66
P02708,O02708,Cash,Completed,438.8
P02709,O02709,UPI,Failed,954.77
P02710,O02710,UPI,Completed,901.5
P02711,O02711,UPI,Failed,349.59
P02712,O02712,Debit Card,Completed,349.26
P02713,O02713,Credit Card,Completed,1330.26
P02714,O02714,Debit Card,Completed,1442.5
P02715,O02715,UPI,Completed,1888.24
P02716,O02716,Credit Card,Completed,265.31
P02717,O02717,Debit Card,Completed,323.94
P02718,O02718,Debit Card,Completed,198.45
P02719,O02719,UPI,Completed,1111.23
P02720,O02720,Debit Card,Completed,1283.22
P02721,O02721,Debit Card,Completed,866.69
P02722,O02722,UPI,Completed,1616.01
P02723,O02723,UPI,Completed,1404.73
P02724,O02724,Debit Card,Completed,1973.1
P02725,O02725,UPI,Completed,362.0
P02726,O02726,Cash,Completed,210.8
P02727,O02727,UPI,Failed,622.13
P02728,O02728,UPI,Completed,136.2
P02729,O02729,UPI,Completed,1871.96
P02730,O02730,Debit Card,Completed,677.51
P02731,O02731,Debit Card,Completed,1149.62
P02732,O02732,Cash,Completed,704.33
P02733,O02733,Debit Card,Completed,567.04
P02734,O02734,UPI,Completed,389.49
P02735,O02735,Debit Card,Completed,708.7
P02736,O02736,UPI,Completed,1269.3
P02737,O02737,Cash,Completed,1946.08
P02738,O02738,Debit Card,Completed,1160.37
P02739,O02739,UPI,Completed,1112.15
P02740,O02740,Debit Card,Completed,167.0
P02741,O02741,UPI,Completed,1696.19
P02742,O02742,Credit Card,Completed,185.2
P02743,O02743,UPI,Completed,1821.84
P02744,O02744,UPI,Completed,1123.48
P02745,O02745,UPI,Completed,420.09
P02746,O02746,Credit Card,Completed,958.24
P02747,O02747,Credit Card,Completed,1990.47
P02748,O02748,Debit Card,Completed,679.66
P02749,O02749,UPI,Completed,611.97
P02750,O02750,Debit Card,Completed,324.21
P02751,O02751,Credit Card,Completed,1234.57
P02752,O02752,Credit Card,Failed,269.53
P02753,O02753,UPI,Completed,1555.42
P02754,O02754,Cash,Completed,1846.52
P02755,O02755,UPI,Completed,1870.56
P02756,O02756,UPI,Completed,305.04
P02757,O02757,Debit Card,Completed,1160.7
P02758,O02758,UPI,Completed,284.51
P02759,O02759,Debit Card,Completed,1186.83
P02760,O02760,Cash,Refunded,1648.46
P02761,O02761,UPI,Completed,1121.8
P02762,O02762,UPI,Completed,1756.9
P02763,O02763,UPI,Completed,1623.18
P02764,O02764,UPI,Completed,625.44
P02765,O02765,UPI,Completed,1297.19
P02766,O02766,Credit Card,Completed,114.08
P02767,O02767,Debit Card,Completed,852.48
P02768,O02768,Credit Card,Completed,552.12
P02769,O02769,Debit Card,Completed,1880.52
P02770,O02770,Debit Card,Completed,870.24
P02771,O02771,UPI,Completed,1342.72
P02772,O02772,Credit Card,Completed,1490.77
P02773,O02773,UPI,Completed,1569.1
P02774,O02774,Credit Card,Completed,1497.97
P02775,O02775,Credit Card,Completed,649.41
P02776,O02776,Credit Card,Completed,1403.53
P02777,O02777,Debit Card,Completed,1143.12
P02778,O02778,UPI,Completed,1235.01
P02779,O02779,Credit Card,Completed,101.55
P02780,O02780,Cash,Completed,590.69
P02781,O02781,UPI,Completed,1868.3
P02782,O02782,Credit Card,Completed,651.14
P02783,O02783,UPI,Completed,932.23
P02784,O02784,Cash,Failed,454.68
P02785,O02785,Debit Card,Completed,363.34
P02786,O02786,UPI,Failed,496.47
P02787,O02787,Debit Card,Completed,1151.93
P02788,O02788,Cash,Completed,1846.15
P02789,O02789,Debit Card,Completed,719.78
P02790,O02790,Credit Card,Completed,714.48
P02791,O02791,Cash,Completed,1171.87
P02792,O02792,Debit Card,Completed,777.81
P02793,O02793,UPI,Completed,1829.79
P02794,O02794,UPI,Completed,817.91
P02795,O02795,UPI,Completed,1031.84
P02796,O02796,UPI,Completed,1113.44
P02797,O02797,UPI,Completed,1585.93
P02798,O02798,UPI,Completed,1171.42
P02799,O02799,UPI,Completed,554.39
P02800,O02800,UPI,Completed,335.58
P02801,O02801,UPI,Completed,1881.77
P02802,O02802,UPI,Completed,1622.97
P02803,O02803,UPI,Completed,143.63
P02804,O02804,UPI,Completed,1660.91
P02805,O02805,Debit Card,Completed,1222.14
P02806,O02806,Credit Card,Completed,1085.9
P02807,O02807,Debit Card,Completed,123.24
P02808,O02808,UPI,Completed,1583.64
P02809,O02809,UPI,Completed,476.32
P02810,O02810,UPI,Completed,1483.16
P02811,O02811,UPI,Completed,130.15
P02812,O02812,UPI,Completed,1613.07
P02813,O02813,Debit Card,Completed,143.77
P02814,O02814,Credit Card,Completed,548.2
P02815,O02815,UPI,Completed,609.73
P02816,O02816,UPI,Failed,399.27
P02817,O02817,UPI,Completed,1014.01
P02818,O02818,Debit Card,Completed,639.01
P02819,O02819,Credit Card,Completed,1987.25
P02820,O02820,UPI,Completed,1201.94
P02821,O02821,UPI,Completed,1176.31
P02822,O02822,UPI,Completed,519.65
P02823,O02823,UPI,Completed,876.51
P02824,O02824,Debit Card,Completed,335.56
P02825,O02825,UPI,Completed,1548.81
P02826,O02826,UPI,Completed,729.2
P02827,O02827,Credit Card,Completed,1528.74
P02828,O02828,Credit Card,Completed,806.22
P02829,O02829,Credit Card,Completed,1978.64
P02830,O02830,Credit Card,Completed,425.13
P02831,O02831,Cash,Completed,102.9
P02832,O02832,UPI,Completed,1230.17
P02833,O02833,Debit Card,Failed,1910.61
P02834,O02834,Debit Card,Completed,1329.4
P02835,O02835,Cash,Completed,262.87
P02836,O02836,Credit Card,Completed,1126.91
P02837,O02837,Debit Card,Completed,1828.03
P02838,O02838,UPI,Completed,112.36
P02839,O02839,Debit Card,Completed,417.13
P02840,O02840,UPI,Failed,1647.67
P02841,O02841,Debit Card,Completed,1798.42
P02842,O02842,UPI,Completed,1443.61
P02843,O02843,Debit Card,Completed,1983.96
P02844,O02844,Cash,Completed,271.41
P02845,O02845,Debit Card,Completed,1136.79
P02846,O02846,UPI,Completed,1401.49
P02847,O02847,Credit Card,Completed,1435.02
P02848,O02848,UPI,Completed,1607.62
P02849,O02849,Debit Card,Completed,1843.49
P02850,O02850,Credit Card,Completed,787.12
P02851,O02851,UPI,Completed,181.63
P02852,O02852,Credit Card,Completed,788.64
P02853,O02853,Credit Card,Completed,1376.07
P02854,O02854,UPI,Completed,505.57
P02855,O02855,UPI,Completed,1638.95
P02856,O02856,Credit Card,Completed,517.55
P02857,O02857,Debit Card,Completed,119.12
P02858,O02858,Credit Card,Completed,1065.35
P02859,O02859,Debit Card,Completed,1480.28
P02860,O02860,Credit Card,Completed,764.35
P02861,O02861,UPI,Completed,1522.9
P02862,O02862,UPI,Completed,932.97
P02863,O02863,Debit Card,Completed,426.26
P02864,O02864,UPI,Completed,272.06
P02865,O02865,Debit Card,Refunded,1450.12
P02866,O02866,UPI,Completed,832.86
P02867,O02867,Credit Card,Completed,1834.27
P02868,O02868,UPI,Completed,1126.48
P02869,O02869,UPI,Completed,762.02
P02870,O02870,UPI,Completed,763.08
P02871,O02871,Credit Card,Completed,349.73
P02872,O02872,Credit Card,Completed,1228.2
P02873,O02873,Credit Card,Completed,1206.12
P02874,O02874,Debit Card,Completed,1619.99
P02875,O02875,UPI,Completed,482.27
P02876,O02876,UPI,Completed,652.5
P02877,O02877,Credit Card,Completed,284.75
P02878,O02878,UPI,Completed,661.15
P02879,O02879,UPI,Completed,913.39
P02880,O02880,Debit Card,Completed,1931.65
P02881,O02881,UPI,Completed,1340.83
P02882,O02882,Credit Card,Completed,1587.46
P02883,O02883,Credit Card,Refunded,718.47
P02884,O02884,Credit Card,Completed,374.57
P02885,O02885,Debit Card,Completed,587.77
P02886,O02886,UPI,Completed,587.29
P02887,O02887,UPI,Completed,1207.92
P02888,O02888,UPI,Completed,748.8
P02889,O02889,UPI,Completed,1729.06
P02890,O02890,Cash,Completed,1978.23
P02891,O02891,UPI,Completed,752.27
P02892,O02892,Debit Card,Completed,1439.61
P02893,O02893,Debit Card,Completed,1349.22
P02894,O02894,Credit Card,Failed,469.48
P02895,O02895,UPI,Completed,1844.22
P02896,O02896,UPI,Completed,478.94
P02897,O02897,Credit Card,Completed,1500.22
P02898,O02898,Debit Card,Completed,760.46
P02899,O02899,Debit Card,Completed,797.45
P02900,O02900,Credit Card,Completed,965.35
P02901,O02901,UPI,Failed,1742.57
P02902,O02902,Credit Card,Completed,366.48
P02903,O02903,Debit Card,Completed,203.68
P02904,O02904,Credit Card,Completed,863.88
P02905,O02905,UPI,Completed,205.61
P02906,O02906,UPI,Completed,1406.44
P02907,O02907,Cash,Completed,1544.62
P02908,O02908,UPI,Completed,1723.95
P02909,O02909,UPI,Completed,1513.3
P02910,O02910,UPI,Completed,1841.07
P02911,O02911,Credit Card,Completed,1521.77
P02912,O02912,UPI,Completed,1878.54
P02913,O02913,Cash,Completed,466.91
P02914,O02914,UPI,Completed,1049.74
P02915,O02915,UPI,Completed,1988.47
P02916,O02916,UPI,Completed,1395.0
P02917,O02917,Cash,Completed,1769.42
P02918,O02918,Credit Card,Completed,157.75
P02919,O02919,Credit Card,Completed,1756.34
P02920,O02920,UPI,Failed,1425.66
P02921,O02921,UPI,Completed,424.44
P02922,O02922,UPI,Completed,148.79
P02923,O02923,Debit Card,Completed,593.86
P02924,O02924,Credit Card,Completed,1839.97
P02925,O02925,Credit Card,Completed,1369.45
P02926,O02926,UPI,Completed,1846.99
P02927,O02927,Debit Card,Refunded,947.69
P02928,O02928,Debit Card,Failed,1879.59
P02929,O02929,UPI,Completed,979.62
P02930,O02930,UPI,Completed,488.08
P02931,O02931,UPI,Completed,387.65
P02932,O02932,UPI,Failed,1988.24
P02933,O02933,Debit Card,Completed,734.34
P02934,O02934,Credit Card,Completed,404.1
P02935,O02935,UPI,Completed,115.98
P02936,O02936,UPI,Completed,642.58
P02937,O02937,Debit Card,Completed,1789.32
P02938,O02938,UPI,Completed,1114.62
P02939,O02939,Debit Card,Completed,1301.63
P02940,O02940,UPI,Completed,1852.54
P02941,O02941,Cash,Completed,1074.4
P02942,O02942,Debit Card,Completed,1692.73
P02943,O02943,UPI,Completed,715.28
P02944,O02944,UPI,Completed,1956.49
P02945,O02945,UPI,Completed,249.75
P02946,O02946,Credit Card,Completed,1477.18
P02947,O02947,UPI,Completed,1355.08
P02948,O02948,Cash,Completed,464.18
P02949,O02949,UPI,Completed,838.8
P02950,O02950,UPI,Completed,694.38
P02951,O02951,Debit Card,Completed,279.54
P02952,O02952,Debit Card,Completed,1211.1
P02953,O02953,Debit Card,Completed,1987.97
P02954,O02954,Credit Card,Completed,1163.22
P02955,O02955,UPI,Completed,1135.99
P02956,O02956,Debit Card,Completed,176.6
P02957,O02957,UPI,Completed,364.52
P02958,O02958,Credit Card,Completed,1075.12
P02959,O02959,UPI,Completed,1971.84
P02960,O02960,Credit Card,Completed,1765.55
P02961,O02961,Debit Card,Completed,746.4
P02962,O02962,Debit Card,Completed,1131.71
P02963,O02963,Credit Card,Completed,1150.13
P02964,O02964,UPI,Completed,1402.19
P02965,O02965,Credit Card,Completed,1406.79
P02966,O02966,UPI,Completed,1600.61
P02967,O02967,Debit Card,Failed,147.44
P02968,O02968,UPI,Completed,1892.99
P02969,O02969,Debit Card,Completed,233.12
P02970,O02970,UPI,Completed,1004.7
P02971,O02971,Cash,Completed,1847.2
P02972,O02972,UPI,Completed,1026.57
P02973,O02973,Credit Card,Completed,220.91
P02974,O02974,UPI,Completed,535.56
P02975,O02975,Credit Card,Completed,1199.47
P02976,O02976,Credit Card,Completed,266.94
P02977,O02977,Cash,Completed,904.99
P02978,O02978,UPI,Completed,725.28
P02979,O02979,Debit Card,Completed,1648.89
P02980,O02980,UPI,Completed,309.25
P02981,O02981,Credit Card,Completed,1397.32
P02982,O02982,Credit Card,Completed,872.52
P02983,O02983,Cash,Completed,1216.73
P02984,O02984,UPI,Completed,490.51
P02985,O02985,UPI,Completed,1258.44
P02986,O02986,UPI,Completed,1380.56
P02987,O02987,Debit Card,Completed,233.44
P02988,O02988,UPI,Completed,1666.25
P02989,O02989,UPI,Completed,1736.38
P02990,O02990,Debit Card,Completed,220.75
P02991,O02991,UPI,Completed,1246.06
P02992,O02992,Credit Card,Failed,1228.62
P02993,O02993,Credit Card,Completed,123.67
P02994,O02994,UPI,Completed,750.46
P02995,O02995,Credit Card,Completed,1940.96
P02996,O02996,Debit Card,Completed,1155.36
P02997,O02997,UPI,Completed,1873.1
P02998,O02998,Debit Card,Completed,1383.72
P02999,O02999,UPI,Completed,153.94
P03000,O03000,Credit Card,Completed,247.66
P03001,O03001,Debit Card,Completed,1472.14
P03002,O03002,UPI,Completed,1153.68
P03003,O03003,Credit Card,Completed,341.59
P03004,O03004,Debit Card,Completed,1266.72
P03005,O03005,Debit Card,Completed,1639.55
P03006,O03006,UPI,Completed,1530.67
P03007,O03007,UPI,Completed,567.71
P03008,O03008,UPI,Refunded,590.57
P03009,O03009,Debit Card,Completed,1938.89
P03010,O03010,Cash,Completed,1786.07
P03011,O03011,Credit Card,Completed,704.84
P03012,O03012,Debit Card,Completed,1665.7
P03013,O03013,UPI,Completed,407.3
P03014,O03014,UPI,Completed,474.0
P03015,O03015,UPI,Completed,444.27
P03016,O03016,Credit Card,Completed,266.67
P03017,O03017,UPI,Completed,1723.89
P03018,O03018,UPI,Completed,1199.73
P03019,O03019,Credit Card,Completed,592.02
P03020,O03020,Credit Card,Completed,1712.44
P03021,O03021,Cash,Completed,1625.03
P03022,O03022,Cash,Completed,291.81
P03023,O03023,UPI,Completed,1323.86
P03024,O03024,Credit Card,Completed,1471.48
P03025,O03025,UPI,Completed,1460.07
P03026,O03026,Credit Card,Completed,1473.97
P03027,O03027,Credit Card,Completed,421.97
P03028,O03028,Cash,Completed,698.66
P03029,O03029,Credit Card,Completed,1703.94
P03030,O03030,UPI,Completed,1806.94
P03031,O03031,Credit Card,Completed,630.46
P03032,O03032,Credit Card,Completed,143.74
P03033,O03033,Debit Card,Completed,1733.56
P03034,O03034,UPI,Completed,816.47
P03035,O03035,UPI,Completed,725.98
P03036,O03036,UPI,Completed,759.3
P03037,O03037,UPI,Completed,889.82
P03038,O03038,UPI,Completed,818.71
P03039,O03039,UPI,Completed,1176.22
P03040,O03040,UPI,Completed,249.99
P03041,O03041,Debit Card,Completed,1945.93
P03042,O03042,UPI,Completed,1879.26
P03043,O03043,UPI,Completed,1875.37
P03044,O03044,UPI,Completed,1770.63
P03045,O03045,Credit Card,Failed,1354.62
P03046,O03046,UPI,Completed,520.11
P03047,O03047,UPI,Completed,194.02
P03048,O03048,UPI,Completed,288.71
P03049,O03049,UPI,Completed,715.59
P03050,O03050,Credit Card,Completed,1057.38
P03051,O03051,UPI,Completed,1987.18
P03052,O03052,UPI,Completed,927.34
P03053,O03053,Debit Card,Completed,1096.83
P03054,O03054,UPI,Completed,1420.8
P03055,O03055,UPI,Completed,443.39
P03056,O03056,UPI,Completed,1872.37
P03057,O03057,Credit Card,Completed,1105.17
P03058,O03058,Debit Card,Failed,624.89
P03059,O03059,Debit Card,Completed,1876.71
P03060,O03060,Debit Card,Completed,1288.36
P03061,O03061,Credit Card,Completed,1019.01
P03062,O03062,UPI,Completed,1202.3
P03063,O03063,Credit Card,Completed,1521.77
P03064,O03064,UPI,Completed,393.62
P03065,O03065,UPI,Completed,1743.18
P03066,O03066,Cash,Completed,1923.06
P03067,O03067,UPI,Completed,1177.3
P03068,O03068,Credit Card,Completed,1396.31
P03069,O03069,Cash,Completed,1733.68
P03070,O03070,Debit Card,Completed,812.14
P03071,O03071,UPI,Completed,1986.38
P03072,O03072,UPI,Completed,1392.95
P03073,O03073,Credit Card,Completed,905.6
P03074,O03074,Credit Card,Completed,1386.94
P03075,O03075,Cash,Completed,1091.19
P03076,O03076,UPI,Completed,312.12
P03077,O03077,Cash,Completed,1612.14
P03078,O03078,Debit Card,Completed,1172.31
P03079,O03079,Credit Card,Completed,1612.11
P03080,O03080,Debit Card,Completed,394.33
P03081,O03081,UPI,Completed,1122.88
P03082,O03082,UPI,Completed,1556.59
P03083,O03083,Debit Card,Completed,1977.78
P03084,O03084,UPI,Failed,1780.35
P03085,O03085,UPI,Completed,1742.26
P03086,O03086,Debit Card,Completed,570.17
P03087,O03087,Cash,Completed,1692.17
P03088,O03088,UPI,Completed,421.63
P03089,O03089,Debit Card,Completed,476.4
P03090,O03090,UPI,Completed,309.22
P03091,O03091,UPI,Completed,1729.43
P03092,O03092,UPI,Completed,305.68
P03093,O03093,UPI,Completed,362.41
P03094,O03094,UPI,Completed,567.19
P03095,O03095,UPI,Completed,1188.06
P03096,O03096,Credit Card,Completed,1772.34
P03097,O03097,Cash,Completed,894.63
P03098,O03098,Debit Card,Completed,1137.94
P03099,O03099,Credit Card,Completed,416.33
P03100,O03100,Cash,Completed,605.3
P03101,O03101,UPI,Completed,354.46
P03102,O03102,UPI,Completed,878.85
P03103,O03103,UPI,Failed,1221.64
P03104,O03104,UPI,Completed,639.64
P03105,O03105,Debit Card,Completed,1707.39
P03106,O03106,UPI,Completed,1964.35
P03107,O03107,Debit Card,Completed,328.29
P03108,O03108,Credit Card,Completed,133.93
P03109,O03109,Credit Card,Completed,1600.58
P03110,O03110,UPI,Completed,462.22
P03111,O03111,UPI,Completed,770.98
P03112,O03112,UPI,Completed,849.04
P03113,O03113,UPI,Completed,1841.54
P03114,O03114,Cash,Completed,1351.79
P03115,O03115,Cash,Completed,177.16
P03116,O03116,UPI,Completed,128.14
P03117,O03117,Credit Card,Completed,479.18
P03118,O03118,UPI,Completed,704.53
P03119,O03119,Credit Card,Completed,1020.6
P03120,O03120,Credit Card,Completed,1691.89
P03121,O03121,UPI,Completed,698.15
P03122,O03122,UPI,Completed,815.42
P03123,O03123,Credit Card,Completed,725.74
P03124,O03124,UPI,Failed,117.03
P03125,O03125,Debit Card,Completed,1914.88
P03126,O03126,UPI,Failed,364.09
P03127,O03127,Debit Card,Completed,646.57
P03128,O03128,UPI,Completed,345.68
P03129,O03129,UPI,Completed,1032.03
P03130,O03130,Debit Card,Completed,1871.12
P03131,O03131,UPI,Completed,291.33
P03132,O03132,Debit Card,Completed,937.7
P03133,O03133,Credit Card,Completed,142.51
P03134,O03134,Credit Card,Completed,1564.71
P03135,O03135,UPI,Completed,1318.33
P03136,O03136,Credit Card,Completed,1429.43
P03137,O03137,Debit Card,Completed,997.44
P03138,O03138,Credit Card,Completed,1824.5
P03139,O03139,UPI,Failed,878.16
P03140,O03140,UPI,Completed,1076.76
P03141,O03141,Cash,Completed,1421.05
P03142,O03142,Cash,Completed,1089.07
P03143,O03143,Debit Card,Completed,459.74
P03144,O03144,UPI,Completed,702.43
P03145,O03145,Credit Card,Completed,275.36
P03146,O03146,UPI,Completed,921.97
P03147,O03147,Credit Card,Completed,1257.84
P03148,O03148,UPI,Completed,325.21
P03149,O03149,Debit Card,Completed,1298.12
P03150,O03150,Credit Card,Completed,1796.46
P03151,O03151,UPI,Completed,741.68
P03152,O03152,Credit Card,Completed,521.86
P03153,O03153,Credit Card,Completed,1796.71
P03154,O03154,Credit Card,Completed,1414.7
P03155,O03155,UPI,Completed,300.25
P03156,O03156,UPI,Completed,875.41
P03157,O03157,UPI,Completed,1380.77
P03158,O03158,UPI,Completed,1191.33
P03159,O03159,UPI,Completed,1275.24
P03160,O03160,UPI,Completed,1177.56
P03161,O03161,UPI,Completed,1616.32
P03162,O03162,Debit Card,Completed,708.81
P03163,O03163,UPI,Completed,1446.08
P03164,O03164,UPI,Completed,1983.05
P03165,O03165,UPI,Completed,840.92
P03166,O03166,UPI,Completed,1602.99
P03167,O03167,UPI,Completed,567.61
P03168,O03168,Debit Card,Completed,635.6
P03169,O03169,Debit Card,Completed,1876.24
P03170,O03170,UPI,Completed,149.28
P03171,O03171,Cash,Failed,513.11
P03172,O03172,UPI,Completed,1017.55
P03173,O03173,Cash,Completed,863.51
P03174,O03174,Cash,Failed,1295.42
P03175,O03175,Cash,Completed,466.17
P03176,O03176,Credit Card,Completed,234.04
P03177,O03177,UPI,Completed,801.73
P03178,O03178,Credit Card,Completed,1096.27
P03179,O03179,Credit Card,Completed,1167.8
P03180,O03180,UPI,Completed,1242.84
P03181,O03181,Debit Card,Completed,1142.46
P03182,O03182,UPI,Completed,566.93
P03183,O03183,Debit Card,Completed,1552.64
P03184,O03184,Credit Card,Completed,266.78
P03185,O03185,Debit Card,Completed,476.87
P03186,O03186,UPI,Completed,1504.82
P03187,O03187,UPI,Completed,631.48
P03188,O03188,UPI,Completed,1037.6
P03189,O03189,Cash,Completed,721.68
P03190,O03190,UPI,Completed,1063.26
P03191,O03191,UPI,Completed,758.65
P03192,O03192,Credit Card,Completed,1989.0
P03193,O03193,Debit Card,Completed,779.21
P03194,O03194,Credit Card,Completed,1291.39
P03195,O03195,Debit Card,Completed,1787.85
P03196,O03196,Credit Card,Completed,1312.08
P03197,O03197,UPI,Refunded,1175.13
P03198,O03198,Credit Card,Completed,1181.54
P03199,O03199,Debit Card,Completed,1043.28
P03200,O03200,Credit Card,Completed,1634.4
P03201,O03201,Debit Card,Completed,195.81
P03202,O03202,Debit Card,Completed,1781.75
P03203,O03203,UPI,Completed,1213.96
P03204,O03204,Debit Card,Completed,1712.86
P03205,O03205,Credit Card,Completed,119.75
P03206,O03206,Cash,Completed,1751.63
P03207,O03207,UPI,Completed,328.26
P03208,O03208,Credit Card,Completed,1470.31
P03209,O03209,UPI,Completed,891.39
P03210,O03210,UPI,Completed,1394.04
P03211,O03211,Credit Card,Completed,1293.56
P03212,O03212,Credit Card,Failed,410.45
P03213,O03213,Debit Card,Completed,1077.77
P03214,O03214,Cash,Completed,626.74
P03215,O03215,Credit Card,Completed,1164.83
P03216,O03216,Debit Card,Completed,1502.21
P03217,O03217,Debit Card,Completed,254.39
P03218,O03218,UPI,Completed,1079.95
P03219,O03219,Credit Card,Completed,1273.5
P03220,O03220,Credit Card,Completed,661.2
P03221,O03221,UPI,Completed,1910.71
P03222,O03222,Credit Card,Completed,1088.58
P03223,O03223,Credit Card,Completed,446.78
P03224,O03224,UPI,Completed,304.8
P03225,O03225,Cash,Completed,1129.15
P03226,O03226,Debit Card,Completed,812.95
P03227,O03227,UPI,Completed,465.84
P03228,O03228,Debit Card,Completed,158.33
P03229,O03229,Credit Card,Completed,1176.54
P03230,O03230,Credit Card,Completed,1237.34
P03231,O03231,Credit Card,Completed,369.42
P03232,O03232,UPI,Refunded,1243.3
P03233,O03233,UPI,Completed,1908.75
P03234,O03234,UPI,Completed,1958.76
P03235,O03235,Debit Card,Failed,1788.14
P03236,O03236,UPI,Completed,1633.45
P03237,O03237,Credit Card,Completed,497.8
P03238,O03238,UPI,Completed,397.23
P03239,O03239,Credit Card,Completed,945.4
P03240,O03240,Credit Card,Completed,1277.3
P03241,O03241,Credit Card,Completed,1716.29
P03242,O03242,Credit Card,Completed,540.73
P03243,O03243,UPI,Completed,1011.33
P03244,O03244,Cash,Completed,1330.14
P03245,O03245,Cash,Completed,946.63
P03246,O03246,UPI,Completed,962.97
P03247,O03247,Debit Card,Failed,527.72
P03248,O03248,Debit Card,Completed,1974.66
P03249,O03249,Credit Card,Completed,1002.87
P03250,O03250,Debit Card,Completed,1112.21
P03251,O03251,Debit Card,Failed,515.26
P03252,O03252,Credit Card,Completed,1076.86
P03253,O03253,Credit Card,Completed,585.16
P03254,O03254,Credit Card,Completed,484.44
P03255,O03255,UPI,Completed,623.87
P03256,O03256,Cash,Completed,105.24
P03257,O03257,Debit Card,Completed,1183.29
P03258,O03258,Credit Card,Completed,836.21
P03259,O03259,Credit Card,Completed,1807.51
P03260,O03260,UPI,Refunded,177.34
P03261,O03261,Debit Card,Completed,182.08
P03262,O03262,Cash,Completed,1783.16
P03263,O03263,UPI,Completed,340.62
P03264,O03264,Debit Card,Completed,104.1
P03265,O03265,UPI,Completed,439.94
P03266,O03266,UPI,Completed,1665.36
P03267,O03267,Debit Card,Completed,1625.16
P03268,O03268,UPI,Completed,746.25
P03269,O03269,UPI,Completed,1369.26
P03270,O03270,Credit Card,Completed,1063.77
P03271,O03271,UPI,Completed,1819.0
P03272,O03272,UPI,Completed,207.2
P03273,O03273,UPI,Completed,1645.04
P03274,O03274,Debit Card,Completed,424.14
P03275,O03275,UPI,Completed,844.08
P03276,O03276,UPI,Completed,464.72
P03277,O03277,Cash,Completed,1434.97
P03278,O03278,UPI,Completed,1388.82
P03279,O03279,Debit Card,Completed,1141.01
P03280,O03280,Credit Card,Completed,1426.51
P03281,O03281,UPI,Completed,1315.17
P03282,O03282,UPI,Completed,1575.24
P03283,O03283,UPI,Completed,554.87
P03284,O03284,Credit Card,Completed,914.93
P03285,O03285,UPI,Completed,388.09
P03286,O03286,Credit Card,Completed,916.23
P03287,O03287,UPI,Completed,1433.21
P03288,O03288,UPI,Completed,1413.64
P03289,O03289,Credit Card,Failed,1447.91
P03290,O03290,UPI,Completed,686.66
P03291,O03291,Cash,Completed,1358.21
P03292,O03292,UPI,Completed,798.19
P03293,O03293,UPI,Completed,1894.53
P03294,O03294,UPI,Completed,752.4
P03295,O03295,Debit Card,Completed,1245.73
P03296,O03296,UPI,Completed,1525.28
P03297,O03297,Cash,Completed,1822.17
P03298,O03298,Credit Card,Completed,932.06
P03299,O03299,Credit Card,Completed,784.92
P03300,O03300,UPI,Completed,917.05
P03301,O03301,UPI,Completed,715.02
P03302,O03302,Cash,Completed,1342.46
P03303,O03303,UPI,Completed,1872.16
P03304,O03304,UPI,Completed,339.53
P03305,O03305,Credit Card,Completed,1165.75
P03306,O03306,UPI,Completed,1805.53
P03307,O03307,Debit Card,Completed,290.22
P03308,O03308,Credit Card,Completed,1038.34
P03309,O03309,Credit Card,Completed,1743.94
P03310,O03310,UPI,Failed,1810.86
P03311,O03311,UPI,Completed,1077.27
P03312,O03312,Debit Card,Completed,147.41
P03313,O03313,Credit Card,Completed,300.71
P03314,O03314,Credit Card,Completed,1214.76
P03315,O03315,UPI,Failed,335.33
P03316,O03316,Debit Card,Completed,383.89
P03317,O03317,UPI,Completed,1567.02
P03318,O03318,Debit Card,Completed,1526.31
P03319,O03319,UPI,Completed,1701.27
P03320,O03320,Debit Card,Completed,300.9
P03321,O03321,Cash,Completed,476.48
P03322,O03322,Credit Card,Completed,1682.63
P03323,O03323,Debit Card,Completed,1470.07
P03324,O03324,Credit Card,Completed,1631.32
P03325,O03325,UPI,Completed,1980.52
P03326,O03326,UPI,Completed,1742.42
P03327,O03327,Credit Card,Completed,1088.88
P03328,O03328,Cash,Completed,690.46
P03329,O03329,Cash,Completed,1182.39
P03330,O03330,UPI,Completed,1313.31
P03331,O03331,Debit Card,Completed,737.09
P03332,O03332,UPI,Completed,1564.78
P03333,O03333,Credit Card,Completed,276.23
P03334,O03334,Credit Card,Completed,1580.85
P03335,O03335,UPI,Completed,160.8
P03336,O03336,Debit Card,Completed,1046.14
P03337,O03337,Debit Card,Completed,1736.73
P03338,O03338,Debit Card,Completed,264.34
P03339,O03339,Credit Card,Completed,1083.7
P03340,O03340,UPI,Failed,402.84
P03341,O03341,Credit Card,Completed,1800.15
P03342,O03342,UPI,Completed,1681.46
P03343,O03343,Cash,Completed,1874.44
P03344,O03344,Credit Card,Completed,1762.47
P03345,O03345,UPI,Completed,1499.45
P03346,O03346,UPI,Completed,451.29
P03347,O03347,Credit Card,Completed,674.75
P03348,O03348,UPI,Completed,1044.02
P03349,O03349,UPI,Completed,1218.9
P03350,O03350,UPI,Completed,1586.15
P03351,O03351,Cash,Completed,531.22
P03352,O03352,UPI,Completed,343.73
P03353,O03353,UPI,Completed,1016.96
P03354,O03354,Debit Card,Completed,399.9
P03355,O03355,UPI,Completed,1418.1
P03356,O03356,Cash,Completed,1193.7
P03357,O03357,UPI,Completed,1508.1
P03358,O03358,UPI,Completed,220.53
P03359,O03359,Cash,Completed,1932.93
P03360,O03360,Debit Card,Completed,100.01
P03361,O03361,Credit Card,Completed,718.34
P03362,O03362,Debit Card,Completed,1391.31
P03363,O03363,Debit Card,Completed,185.77
P03364,O03364,UPI,Completed,258.36
P03365,O03365,Credit Card,Completed,245.69
P03366,O03366,UPI,Completed,1204.87
P03367,O03367,UPI,Failed,1802.26
P03368,O03368,UPI,Refunded,1155.33
P03369,O03369,Credit Card,Completed,1246.79
P03370,O03370,Debit Card,Completed,757.4
P03371,O03371,UPI,Completed,135.61
P03372,O03372,Credit Card,Completed,141.07
P03373,O03373,Credit Card,Completed,1787.79
P03374,O03374,Debit Card,Completed,294.89
P03375,O03375,UPI,Completed,1999.6
P03376,O03376,UPI,Completed,412.4
P03377,O03377,UPI,Completed,1381.81
P03378,O03378,UPI,Completed,1903.02
P03379,O03379,UPI,Completed,788.35
P03380,O03380,UPI,Completed,1495.42
P03381,O03381,UPI,Completed,766.63
P03382,O03382,Debit Card,Completed,679.39
P03383,O03383,UPI,Completed,483.43
P03384,O03384,UPI,Completed,1659.78
P03385,O03385,Credit Card,Completed,589.04
P03386,O03386,UPI,Completed,638.0
P03387,O03387,UPI,Completed,1998.04
P03388,O03388,UPI,Completed,721.89
P03389,O03389,Credit Card,Completed,903.27
P03390,O03390,Cash,Completed,1981.11
P03391,O03391,UPI,Failed,801.67
P03392,O03392,UPI,Completed,795.69
P03393,O03393,UPI,Completed,1672.66
P03394,O03394,Credit Card,Completed,692.67
P03395,O03395,Credit Card,Completed,544.19
P03396,O03396,Credit Card,Completed,904.1
P03397,O03397,Debit Card,Completed,1431.22
P03398,O03398,UPI,Completed,182.16
P03399,O03399,UPI,Completed,810.44
P03400,O03400,Credit Card,Failed,757.87
P03401,O03401,Debit Card,Failed,565.15
P03402,O03402,UPI,Completed,1343.15
P03403,O03403,Credit Card,Completed,650.98
P03404,O03404,UPI,Completed,1252.79
P03405,O03405,Debit Card,Completed,1058.24
P03406,O03406,Credit Card,Completed,512.66
P03407,O03407,UPI,Completed,606.48
P03408,O03408,UPI,Completed,424.14
P03409,O03409,UPI,Completed,207.6
P03410,O03410,UPI,Completed,1276.46
P03411,O03411,Debit Card,Completed,1378.3
P03412,O03412,Debit Card,Completed,415.4
P03413,O03413,UPI,Completed,1269.25
P03414,O03414,Credit Card,Completed,1965.96
P03415,O03415,UPI,Completed,241.36
P03416,O03416,Debit Card,Completed,1031.7
P03417,O03417,Cash,Completed,1492.77
P03418,O03418,Credit Card,Completed,187.42
P03419,O03419,UPI,Completed,1578.72
P03420,O03420,UPI,Completed,1961.07
P03421,O03421,Credit Card,Completed,268.13
P03422,O03422,UPI,Completed,1662.24
P03423,O03423,Cash,Completed,819.3
P03424,O03424,UPI,Completed,373.82
P03425,O03425,Credit Card,Completed,1037.07
P03426,O03426,Cash,Completed,235.89
P03427,O03427,UPI,Completed,1091.99
P03428,O03428,UPI,Completed,136.78
P03429,O03429,Debit Card,Completed,1484.36
P03430,O03430,UPI,Completed,1027.14
P03431,O03431,UPI,Completed,971.99
P03432,O03432,Credit Card,Completed,472.76
P03433,O03433,UPI,Completed,786.4
P03434,O03434,UPI,Completed,445.55
P03435,O03435,UPI,Completed,1497.24
P03436,O03436,UPI,Completed,478.15
P03437,O03437,UPI,Completed,1271.83
P03438,O03438,UPI,Completed,631.25
P03439,O03439,UPI,Failed,1348.27
P03440,O03440,Credit Card,Completed,1126.86
P03441,O03441,UPI,Failed,904.53
P03442,O03442,UPI,Failed,1378.7
P03443,O03443,Credit Card,Completed,889.87
P03444,O03444,UPI,Completed,1660.6
P03445,O03445,Cash,Completed,1486.24
P03446,O03446,Debit Card,Failed,1127.21
P03447,O03447,Credit Card,Completed,1766.42
P03448,O03448,UPI,Completed,1674.84
P03449,O03449,UPI,Completed,1110.49
P03450,O03450,Debit Card,Failed,230.05
P03451,O03451,UPI,Completed,1175.39
P03452,O03452,UPI,Completed,774.99
P03453,O03453,UPI,Completed,1126.21
P03454,O03454,Credit Card,Completed,1329.55
P03455,O03455,UPI,Completed,1325.19
P03456,O03456,Credit Card,Completed,1379.7
P03457,O03457,Debit Card,Completed,1390.61
P03458,O03458,Credit Card,Completed,307.63
P03459,O03459,Debit Card,Completed,464.25
P03460,O03460,UPI,Completed,1298.03
P03461,O03461,Debit Card,Completed,875.53
P03462,O03462,UPI,Completed,1549.42
P03463,O03463,Credit Card,Completed,337.33
P03464,O03464,Credit Card,Completed,463.89
P03465,O03465,UPI,Completed,1161.08
P03466,O03466,UPI,Completed,1051.42
P03467,O03467,UPI,Completed,606.15
P03468,O03468,UPI,Completed,875.85
P03469,O03469,Credit Card,Completed,166.46
P03470,O03470,UPI,Completed,170.37
P03471,O03471,UPI,Completed,280.36
P03472,O03472,Credit Card,Completed,1195.91
P03473,O03473,Debit Card,Completed,1741.06
P03474,O03474,Credit Card,Completed,594.42
P03475,O03475,Cash,Completed,164.49
P03476,O03476,UPI,Completed,1446.39
P03477,O03477,UPI,Completed,1725.17
P03478,O03478,Credit Card,Completed,362.53
P03479,O03479,UPI,Completed,832.92
P03480,O03480,Credit Card,Completed,401.6
P03481,O03481,UPI,Completed,302.08
P03482,O03482,UPI,Completed,1331.52
P03483,O03483,Credit Card,Failed,1938.32
P03484,O03484,Cash,Completed,1388.51
P03485,O03485,UPI,Completed,1971.15
P03486,O03486,UPI,Completed,925.35
P03487,O03487,UPI,Completed,1805.95
P03488,O03488,UPI,Completed,489.66
P03489,O03489,UPI,Completed,324.02
P03490,O03490,Debit Card,Completed,1434.79
P03491,O03491,Debit Card,Completed,805.68
P03492,O03492,Cash,Completed,703.61
P03493,O03493,Credit Card,Completed,1375.43
P03494,O03494,Cash,Completed,733.62
P03495,O03495,Cash,Completed,1187.86
P03496,O03496,Credit Card,Completed,668.96
P03497,O03497,UPI,Completed,1589.14
P03498,O03498,UPI,Completed,693.54
P03499,O03499,Credit Card,Completed,1116.49
P03500,O03500,Debit Card,Completed,144.03
P03501,O03501,Debit Card,Completed,1604.29
P03502,O03502,UPI,Completed,1278.64
P03503,O03503,Cash,Completed,465.25
P03504,O03504,UPI,Completed,509.21
P03505,O03505,Debit Card,Completed,598.74
P03506,O03506,Debit Card,Completed,1195.41
P03507,O03507,Cash,Completed,1141.8
P03508,O03508,UPI,Completed,620.34
P03509,O03509,UPI,Completed,1418.72
P03510,O03510,UPI,Completed,1789.18
P03511,O03511,UPI,Completed,182.68
P03512,O03512,Credit Card,Completed,892.67
P03513,O03513,Debit Card,Completed,1227.69
P03514,O03514,Debit Card,Completed,1214.23
P03515,O03515,Debit Card,Completed,137.12
P03516,O03516,Debit Card,Completed,500.08
P03517,O03517,Credit Card,Failed,217.48
P03518,O03518,Debit Card,Completed,1181.03
P03519,O03519,Credit Card,Completed,1326.24
P03520,O03520,UPI,Completed,403.51
P03521,O03521,Debit Card,Completed,732.72
P03522,O03522,Debit Card,Completed,726.63
P03523,O03523,UPI,Completed,1657.62
P03524,O03524,Cash,Completed,469.85
P03525,O03525,UPI,Completed,1141.8
P03526,O03526,Credit Card,Completed,1587.58
P03527,O03527,UPI,Completed,1676.2
P03528,O03528,UPI,Completed,1366.48
P03529,O03529,UPI,Completed,669.1
P03530,O03530,UPI,Completed,1663.79
P03531,O03531,Credit Card,Refunded,1510.12
P03532,O03532,UPI,Completed,1438.49
P03533,O03533,UPI,Failed,227.94
P03534,O03534,Credit Card,Completed,182.2
P03535,O03535,UPI,Completed,1421.19
P03536,O03536,Debit Card,Completed,1895.11
P03537,O03537,UPI,Completed,1570.08
P03538,O03538,Cash,Completed,1679.8
P03539,O03539,Debit Card,Completed,1135.47
P03540,O03540,UPI,Completed,678.71
P03541,O03541,UPI,Completed,1387.7
P03542,O03542,UPI,Completed,1452.74
P03543,O03543,UPI,Completed,1383.18
P03544,O03544,Credit Card,Completed,1898.75
P03545,O03545,Debit Card,Completed,797.64
P03546,O03546,UPI,Completed,175.35
P03547,O03547,UPI,Completed,1826.04
P03548,O03548,Credit Card,Completed,404.95
P03549,O03549,UPI,Completed,1424.9
P03550,O03550,Credit Card,Completed,1759.09
P03551,O03551,Debit Card,Completed,689.27
P03552,O03552,UPI,Completed,1677.79
P03553,O03553,UPI,Completed,730.91
P03554,O03554,Credit Card,Failed,1609.09
P03555,O03555,Cash,Completed,232.68
P03556,O03556,Credit Card,Failed,1344.96
P03557,O03557,UPI,Completed,1386.56
P03558,O03558,Debit Card,Completed,1033.71
P03559,O03559,UPI,Completed,1405.47
P03560,O03560,UPI,Completed,1854.05
P03561,O03561,UPI,Completed,1494.32
P03562,O03562,Credit Card,Completed,1926.46
P03563,O03563,Debit Card,Completed,952.36
P03564,O03564,UPI,Completed,1103.75
P03565,O03565,Credit Card,Completed,601.1
P03566,O03566,Debit Card,Failed,1972.64
P03567,O03567,Debit Card,Completed,204.76
P03568,O03568,Cash,Completed,781.38
P03569,O03569,UPI,Completed,665.62
P03570,O03570,Debit Card,Completed,834.37
P03571,O03571,Credit Card,Completed,1843.66
P03572,O03572,UPI,Completed,799.27
P03573,O03573,Cash,Failed,1842.26
P03574,O03574,UPI,Completed,904.34
P03575,O03575,UPI,Completed,1724.06
P03576,O03576,Credit Card,Completed,1091.33
P03577,O03577,Credit Card,Completed,691.57
P03578,O03578,Debit Card,Completed,953.76
P03579,O03579,Debit Card,Completed,906.32
P03580,O03580,UPI,Completed,593.84
P03581,O03581,Debit Card,Completed,650.31
P03582,O03582,Credit Card,Completed,454.26
P03583,O03583,Debit Card,Completed,738.4
P03584,O03584,Credit Card,Failed,1286.37
P03585,O03585,UPI,Completed,834.46
P03586,O03586,Debit Card,Completed,1453.41
P03587,O03587,Debit Card,Refunded,1975.26
P03588,O03588,Credit Card,Completed,816.49
P03589,O03589,Cash,Completed,979.01
P03590,O03590,Debit Card,Completed,411.81
P03591,O03591,Credit Card,Completed,845.21
P03592,O03592,Credit Card,Completed,1480.98
P03593,O03593,Debit Card,Completed,513.07
P03594,O03594,Credit Card,Completed,445.9
P03595,O03595,UPI,Completed,815.11
P03596,O03596,Debit Card,Completed,1655.43
P03597,O03597,Credit Card,Completed,1284.95
P03598,O03598,UPI,Completed,1919.4
P03599,O03599,Cash,Completed,1818.63
P03600,O03600,Debit Card,Completed,387.16
P03601,O03601,Cash,Completed,180.85
P03602,O03602,Credit Card,Completed,858.28
P03603,O03603,UPI,Completed,1091.95
P03604,O03604,UPI,Completed,1079.58
P03605,O03605,Credit Card,Completed,354.8
P03606,O03606,UPI,Completed,337.15
P03607,O03607,UPI,Completed,189.04
P03608,O03608,UPI,Completed,1716.63
P03609,O03609,Cash,Completed,1900.71
P03610,O03610,UPI,Completed,319.8
P03611,O03611,Credit Card,Completed,504.93
P03612,O03612,Cash,Completed,270.74
P03613,O03613,UPI,Completed,1767.25
P03614,O03614,UPI,Completed,1921.55
P03615,O03615,Credit Card,Completed,597.41
P03616,O03616,Cash,Completed,676.81
P03617,O03617,Credit Card,Completed,789.07
P03618,O03618,UPI,Completed,1054.68
P03619,O03619,Debit Card,Completed,1396.68
P03620,O03620,Credit Card,Completed,1058.34
P03621,O03621,Credit Card,Completed,1906.9
P03622,O03622,Credit Card,Completed,289.8
P03623,O03623,Cash,Completed,1617.35
P03624,O03624,Credit Card,Completed,735.52
P03625,O03625,Debit Card,Completed,817.34
P03626,O03626,UPI,Completed,1446.78
P03627,O03627,UPI,Completed,1865.82
P03628,O03628,Debit Card,Completed,1460.78
P03629,O03629,UPI,Completed,1574.14
P03630,O03630,Debit Card,Refunded,1526.48
P03631,O03631,Debit Card,Completed,709.86
P03632,O03632,Credit Card,Completed,1538.17
P03633,O03633,UPI,Completed,1590.59
P03634,O03634,UPI,Completed,1113.46
P03635,O03635,UPI,Completed,1119.84
P03636,O03636,UPI,Completed,1543.47
P03637,O03637,UPI,Completed,1652.36
P03638,O03638,UPI,Completed,740.67
P03639,O03639,Debit Card,Completed,1622.97
P03640,O03640,Credit Card,Completed,1647.0
P03641,O03641,UPI,Completed,544.84
P03642,O03642,UPI,Completed,1462.21
P03643,O03643,Cash,Completed,454.41
P03644,O03644,Credit Card,Completed,276.79
P03645,O03645,UPI,Completed,1191.63
P03646,O03646,Cash,Completed,1826.44
P03647,O03647,Credit Card,Completed,167.37
P03648,O03648,Debit Card,Completed,1670.35
P03649,O03649,UPI,Refunded,1062.3
P03650,O03650,Debit Card,Completed,1735.7
P03651,O03651,Credit Card,Completed,1702.61
P03652,O03652,Debit Card,Completed,1763.04
P03653,O03653,Debit Card,Completed,1560.86
P03654,O03654,Credit Card,Completed,1701.69
P03655,O03655,UPI,Completed,434.45
P03656,O03656,UPI,Completed,677.32
P03657,O03657,UPI,Completed,560.72
P03658,O03658,UPI,Completed,1510.61
P03659,O03659,Credit Card,Completed,391.92
P03660,O03660,Cash,Completed,446.23
P03661,O03661,UPI,Completed,1770.03
P03662,O03662,Debit Card,Completed,1441.18
P03663,O03663,Credit Card,Completed,1763.22
P03664,O03664,Credit Card,Completed,364.77
P03665,O03665,Debit Card,Completed,858.06
P03666,O03666,Credit Card,Completed,637.99
P03667,O03667,Cash,Completed,118.39
P03668,O03668,Cash,Completed,640.59
P03669,O03669,Debit Card,Completed,821.21
P03670,O03670,UPI,Completed,275.22
P03671,O03671,Credit Card,Completed,1176.33
P03672,O03672,Cash,Completed,828.03
P03673,O03673,Cash,Completed,188.28
P03674,O03674,UPI,Completed,1437.56
P03675,O03675,Debit Card,Completed,1485.63
P03676,O03676,UPI,Completed,1685.5
P03677,O03677,UPI,Completed,1022.53
P03678,O03678,UPI,Completed,1940.45
P03679,O03679,Cash,Failed,1836.72
P03680,O03680,UPI,Completed,1147.57
P03681,O03681,UPI,Completed,945.41
P03682,O03682,UPI,Completed,105.77
P03683,O03683,Credit Card,Completed,1450.89
P03684,O03684,UPI,Completed,1173.41
P03685,O03685,Credit Card,Completed,1881.33
P03686,O03686,UPI,Completed,1229.04
P03687,O03687,UPI,Completed,1986.43
P03688,O03688,Debit Card,Completed,1722.26
P03689,O03689,UPI,Completed,1911.84
P03690,O03690,UPI,Completed,722.56
P03691,O03691,UPI,Completed,383.74
P03692,O03692,Credit Card,Completed,1614.06
P03693,O03693,UPI,Completed,1593.77
P03694,O03694,UPI,Completed,501.75
P03695,O03695,UPI,Completed,1553.01
P03696,O03696,Credit Card,Completed,1205.75
P03697,O03697,Credit Card,Failed,308.1
P03698,O03698,Debit Card,Completed,1053.39
P03699,O03699,Credit Card,Completed,1869.16
P03700,O03700,UPI,Completed,1062.27
P03701,O03701,Debit Card,Completed,1598.53
P03702,O03702,Credit Card,Completed,154.93
P03703,O03703,Debit Card,Completed,1483.35
P03704,O03704,Debit Card,Completed,1898.99
P03705,O03705,Credit Card,Refunded,1049.1
P03706,O03706,UPI,Failed,741.65
P03707,O03707,UPI,Completed,1328.64
P03708,O03708,UPI,Refunded,1840.9
P03709,O03709,UPI,Completed,435.86
P03710,O03710,Debit Card,Completed,867.02
P03711,O03711,UPI,Completed,396.95
P03712,O03712,Debit Card,Completed,1043.64
P03713,O03713,Debit Card,Completed,1126.8
P03714,O03714,Credit Card,Completed,1893.99
P03715,O03715,UPI,Completed,883.78
P03716,O03716,UPI,Failed,1177.22
P03717,O03717,Credit Card,Completed,1782.0
P03718,O03718,UPI,Completed,710.67
P03719,O03719,UPI,Completed,1380.91
P03720,O03720,Cash,Completed,1538.61
P03721,O03721,Credit Card,Completed,728.0
P03722,O03722,Credit Card,Completed,412.25
P03723,O03723,UPI,Completed,1055.53
P03724,O03724,UPI,Completed,777.92
P03725,O03725,Credit Card,Completed,606.28
P03726,O03726,Debit Card,Completed,1949.5
P03727,O03727,Credit Card,Completed,1054.09
P03728,O03728,Debit Card,Completed,1727.31
P03729,O03729,Credit Card,Completed,471.1
P03730,O03730,UPI,Completed,1884.94
P03731,O03731,Debit Card,Completed,1609.42
P03732,O03732,Cash,Completed,1636.52
P03733,O03733,UPI,Completed,840.55
P03734,O03734,UPI,Completed,1022.71
P03735,O03735,UPI,Completed,1227.37
P03736,O03736,Debit Card,Completed,1600.55
P03737,O03737,Credit Card,Completed,1713.21
P03738,O03738,Debit Card,Completed,248.29
P03739,O03739,UPI,Completed,1817.72
P03740,O03740,UPI,Completed,1881.24
P03741,O03741,UPI,Completed,1226.49
P03742,O03742,Debit Card,Completed,454.83
P03743,O03743,UPI,Refunded,1654.99
P03744,O03744,UPI,Completed,1142.32
P03745,O03745,UPI,Completed,1652.67
P03746,O03746,Credit Card,Completed,1648.14
P03747,O03747,UPI,Failed,264.79
P03748,O03748,Debit Card,Completed,1253.34
P03749,O03749,UPI,Completed,1017.97
P03750,O03750,UPI,Completed,1897.63
P03751,O03751,UPI,Completed,663.62
P03752,O03752,UPI,Completed,491.4
P03753,O03753,UPI,Completed,1804.47
P03754,O03754,UPI,Completed,382.56
P03755,O03755,Credit Card,Completed,1404.39
P03756,O03756,Cash,Completed,670.04
P03757,O03757,Debit Card,Refunded,1178.91
P03758,O03758,Credit Card,Completed,1270.82
P03759,O03759,Credit Card,Completed,893.0
P03760,O03760,Debit Card,Completed,1952.43
P03761,O03761,UPI,Completed,350.48
P03762,O03762,UPI,Completed,843.66
P03763,O03763,Debit Card,Completed,917.75
P03764,O03764,Debit Card,Completed,1298.99
P03765,O03765,Debit Card,Completed,873.79
P03766,O03766,Debit Card,Completed,284.37
P03767,O03767,UPI,Refunded,1900.12
P03768,O03768,Cash,Completed,890.55
P03769,O03769,Debit Card,Completed,751.08
P03770,O03770,UPI,Completed,948.77
P03771,O03771,Cash,Completed,511.53
P03772,O03772,UPI,Completed,290.42
P03773,O03773,UPI,Completed,382.3
P03774,O03774,Debit Card,Completed,416.64
P03775,O03775,Debit Card,Completed,475.58
P03776,O03776,UPI,Completed,897.92
P03777,O03777,Debit Card,Completed,1285.41
P03778,O03778,UPI,Completed,1294.89
P03779,O03779,Debit Card,Completed,100.19
P03780,O03780,Credit Card,Completed,1849.82
P03781,O03781,UPI,Completed,1663.41
P03782,O03782,Cash,Completed,1931.48
P03783,O03783,Debit Card,Completed,783.97
P03784,O03784,Debit Card,Completed,1363.12
P03785,O03785,UPI,Completed,419.24
P03786,O03786,Debit Card,Completed,1652.36
P03787,O03787,UPI,Completed,406.6
P03788,O03788,Cash,Completed,719.37
P03789,O03789,UPI,Refunded,1032.59
P03790,O03790,UPI,Completed,1229.61
P03791,O03791,Credit Card,Completed,1163.3
P03792,O03792,UPI,Completed,293.98
P03793,O03793,Cash,Completed,901.18
P03794,O03794,Credit Card,Completed,1853.53
P03795,O03795,UPI,Completed,1757.5
P03796,O03796,Credit Card,Failed,1222.49
P03797,O03797,UPI,Completed,1187.42
P03798,O03798,Debit Card,Completed,312.18
P03799,O03799,Cash,Completed,480.49
P03800,O03800,Debit Card,Completed,580.02
P03801,O03801,UPI,Completed,1027.57
P03802,O03802,Credit Card,Completed,1489.58
P03803,O03803,UPI,Completed,975.38
P03804,O03804,UPI,Completed,339.52
P03805,O03805,UPI,Completed,934.76
P03806,O03806,Credit Card,Completed,409.0
P03807,O03807,UPI,Completed,1527.18
P03808,O03808,Debit Card,Completed,416.35
P03809,O03809,Cash,Completed,1016.81
P03810,O03810,Credit Card,Completed,1417.49
P03811,O03811,UPI,Completed,533.58
P03812,O03812,Credit Card,Completed,244.46
P03813,O03813,UPI,Completed,1170.27
P03814,O03814,Debit Card,Completed,202.99
P03815,O03815,Debit Card,Completed,1216.76
P03816,O03816,Cash,Completed,1531.65
P03817,O03817,UPI,Completed,725.7
P03818,O03818,UPI,Completed,1027.86
P03819,O03819,Credit Card,Completed,1864.65
P03820,O03820,UPI,Completed,995.11
P03821,O03821,UPI,Completed,1993.45
P03822,O03822,UPI,Completed,398.3
P03823,O03823,Credit Card,Completed,1446.97
P03824,O03824,Debit Card,Failed,1339.98
P03825,O03825,UPI,Completed,1757.38
P03826,O03826,Debit Card,Completed,275.64
P03827,O03827,Debit Card,Completed,632.39
P03828,O03828,UPI,Completed,351.14
P03829,O03829,Credit Card,Completed,1872.88
P03830,O03830,Credit Card,Completed,910.61
P03831,O03831,Cash,Completed,1829.13
P03832,O03832,Credit Card,Completed,659.37
P03833,O03833,UPI,Completed,340.1
P03834,O03834,Credit Card,Completed,663.42
P03835,O03835,UPI,Completed,1234.63
P03836,O03836,UPI,Completed,1705.94
P03837,O03837,UPI,Completed,832.24
P03838,O03838,UPI,Completed,1838.14
P03839,O03839,UPI,Completed,564.04
P03840,O03840,UPI,Completed,1417.73
P03841,O03841,UPI,Completed,1497.86
P03842,O03842,Credit Card,Completed,620.53
P03843,O03843,UPI,Completed,151.24
P03844,O03844,Debit Card,Completed,793.95
P03845,O03845,Credit Card,Completed,185.87
P03846,O03846,Debit Card,Completed,1811.43
P03847,O03847,Credit Card,Completed,1911.7
P03848,O03848,UPI,Completed,1497.22
P03849,O03849,UPI,Completed,1480.7
P03850,O03850,UPI,Completed,557.7
P03851,O03851,Credit Card,Completed,240.46
P03852,O03852,Debit Card,Completed,1624.0
P03853,O03853,Debit Card,Completed,1162.41
P03854,O03854,Cash,Completed,1395.09
P03855,O03855,UPI,Refunded,1581.32
P03856,O03856,Debit Card,Completed,877.93
P03857,O03857,Credit Card,Completed,374.64
P03858,O03858,UPI,Completed,1610.57
P03859,O03859,Credit Card,Completed,962.15
P03860,O03860,UPI,Completed,1671.16
P03861,O03861,Cash,Completed,931.63
P03862,O03862,UPI,Failed,512.33
P03863,O03863,Credit Card,Completed,424.91
P03864,O03864,UPI,Failed,1513.45
P03865,O03865,Credit Card,Completed,1192.29
P03866,O03866,Debit Card,Completed,868.75
P03867,O03867,UPI,Completed,1035.02
P03868,O03868,Credit Card,Completed,1144.31
P03869,O03869,Debit Card,Completed,554.89
P03870,O03870,Debit Card,Completed,818.51
P03871,O03871,Debit Card,Completed,655.58
P03872,O03872,Debit Card,Completed,838.01
P03873,O03873,Credit Card,Completed,1051.07
P03874,O03874,Cash,Completed,429.38
P03875,O03875,Credit Card,Completed,847.68
P03876,O03876,Debit Card,Completed,832.44
P03877,O03877,UPI,Completed,643.41
P03878,O03878,UPI,Completed,1997.14
P03879,O03879,UPI,Completed,239.89
P03880,O03880,Debit Card,Completed,1321.61
P03881,O03881,Credit Card,Completed,431.43
P03882,O03882,UPI,Completed,1695.1
P03883,O03883,UPI,Completed,1836.97
P03884,O03884,UPI,Failed,862.81
P03885,O03885,UPI,Completed,1664.61
P03886,O03886,Credit Card,Completed,574.83
P03887,O03887,Cash,Completed,366.13
P03888,O03888,UPI,Completed,700.17
P03889,O03889,UPI,Completed,749.18
P03890,O03890,Credit Card,Completed,854.98
P03891,O03891,UPI,Completed,808.62
P03892,O03892,Debit Card,Completed,881.17
P03893,O03893,UPI,Completed,1449.06
P03894,O03894,UPI,Completed,566.6
P03895,O03895,Cash,Completed,135.29
P03896,O03896,Cash,Completed,1030.39
P03897,O03897,Debit Card,Completed,951.75
P03898,O03898,Debit Card,Completed,214.12
P03899,O03899,UPI,Completed,354.22
P03900,O03900,UPI,Completed,1068.85
P03901,O03901,Credit Card,Completed,546.03
P03902,O03902,UPI,Completed,1767.44
P03903,O03903,UPI,Completed,429.26
P03904,O03904,Debit Card,Completed,138.23
P03905,O03905,UPI,Completed,950.37
P03906,O03906,Debit Card,Completed,1973.71
P03907,O03907,Credit Card,Completed,1304.36
P03908,O03908,UPI,Completed,772.66
P03909,O03909,UPI,Completed,132.05
P03910,O03910,UPI,Refunded,1021.4
P03911,O03911,Debit Card,Completed,492.29
P03912,O03912,Credit Card,Completed,1330.73
P03913,O03913,Cash,Completed,1207.72
P03914,O03914,Credit Card,Completed,603.91
P03915,O03915,Credit Card,Completed,230.88
P03916,O03916,UPI,Completed,1534.54
P03917,O03917,UPI,Failed,1212.38
P03918,O03918,Debit Card,Completed,1700.04
P03919,O03919,Credit Card,Completed,593.62
P03920,O03920,Debit Card,Completed,1340.44
P03921,O03921,Debit Card,Completed,325.49
P03922,O03922,Debit Card,Completed,654.44
P03923,O03923,UPI,Failed,1347.42
P03924,O03924,UPI,Completed,1668.6
P03925,O03925,Cash,Completed,709.76
P03926,O03926,Credit Card,Failed,1617.82
P03927,O03927,Credit Card,Completed,1387.73
P03928,O03928,Cash,Completed,762.48
P03929,O03929,UPI,Completed,1765.15
P03930,O03930,Cash,Completed,1067.54
P03931,O03931,UPI,Completed,1331.67
P03932,O03932,UPI,Failed,1041.7
P03933,O03933,Debit Card,Completed,960.17
P03934,O03934,Cash,Completed,1711.16
P03935,O03935,UPI,Failed,659.94
P03936,O03936,UPI,Completed,169.6
P03937,O03937,Credit Card,Completed,1771.59
P03938,O03938,UPI,Completed,1667.55
P03939,O03939,Debit Card,Completed,796.46
P03940,O03940,Credit Card,Completed,452.36
P03941,O03941,Debit Card,Completed,1383.51
P03942,O03942,UPI,Completed,249.65
P03943,O03943,Credit Card,Completed,905.13
P03944,O03944,UPI,Completed,263.14
P03945,O03945,UPI,Completed,1236.03
P03946,O03946,Credit Card,Completed,151.7
P03947,O03947,Credit Card,Completed,1295.55
P03948,O03948,Credit Card,Completed,1379.09
P03949,O03949,Debit Card,Failed,1025.57
P03950,O03950,Debit Card,Completed,432.51
P03951,O03951,Debit Card,Completed,292.65
P03952,O03952,Debit Card,Completed,695.26
P03953,O03953,Credit Card,Completed,983.89
P03954,O03954,Cash,Completed,1320.2
P03955,O03955,Debit Card,Completed,102.38
P03956,O03956,Credit Card,Completed,1451.02
P03957,O03957,UPI,Completed,1454.15
P03958,O03958,Debit Card,Completed,944.62
P03959,O03959,Credit Card,Failed,752.47
P03960,O03960,UPI,Completed,1700.39
P03961,O03961,UPI,Completed,1590.72
P03962,O03962,Debit Card,Completed,1968.22
P03963,O03963,Debit Card,Completed,806.67
P03964,O03964,Credit Card,Completed,1822.98
P03965,O03965,UPI,Completed,266.06
P03966,O03966,Debit Card,Completed,881.79
P03967,O03967,Cash,Completed,984.21
P03968,O03968,UPI,Completed,937.66
P03969,O03969,Cash,Failed,1287.69
P03970,O03970,UPI,Completed,423.39
P03971,O03971,UPI,Failed,1746.26
P03972,O03972,UPI,Completed,1148.35
P03973,O03973,UPI,Refunded,1818.0
P03974,O03974,Debit Card,Completed,105.0
P03975,O03975,Credit Card,Completed,1296.98
P03976,O03976,UPI,Completed,883.67
P03977,O03977,UPI,Completed,1059.69
P03978,O03978,UPI,Completed,1513.23
P03979,O03979,UPI,Completed,531.59
P03980,O03980,Credit Card,Completed,489.31
P03981,O03981,UPI,Completed,1435.71
P03982,O03982,Credit Card,Completed,1090.59
P03983,O03983,UPI,Completed,543.91
P03984,O03984,UPI,Completed,1019.64
P03985,O03985,Cash,Completed,973.16
P03986,O03986,UPI,Completed,1413.74
P03987,O03987,Cash,Completed,105.06
P03988,O03988,UPI,Completed,1214.84
P03989,O03989,Cash,Completed,1250.79
P03990,O03990,Credit Card,Completed,1516.47
P03991,O03991,Credit Card,Completed,1789.54
P03992,O03992,UPI,Completed,936.36
P03993,O03993,Debit Card,Completed,750.79
P03994,O03994,Credit Card,Completed,294.41
P03995,O03995,UPI,Completed,739.99
P03996,O03996,Debit Card,Completed,230.12
P03997,O03997,UPI,Completed,1625.36
P03998,O03998,Debit Card,Completed,1633.31
P03999,O03999,UPI,Completed,892.75
P04000,O04000,Credit Card,Completed,593.32
P04001,O04001,Cash,Completed,324.24
P04002,O04002,Credit Card,Completed,1717.35
P04003,O04003,UPI,Completed,1767.24
P04004,O04004,Debit Card,Failed,605.95
P04005,O04005,UPI,Completed,1281.35
P04006,O04006,Credit Card,Completed,591.44
P04007,O04007,UPI,Completed,527.74
P04008,O04008,Credit Card,Completed,140.3
P04009,O04009,UPI,Completed,1196.6
P04010,O04010,UPI,Completed,384.89
P04011,O04011,UPI,Completed,123.51
P04012,O04012,Debit Card,Completed,299.22
P04013,O04013,Debit Card,Completed,696.16
P04014,O04014,UPI,Completed,1371.41
P04015,O04015,UPI,Completed,484.98
P04016,O04016,UPI,Completed,1786.42
P04017,O04017,Credit Card,Completed,648.13
P04018,O04018,Credit Card,Completed,729.33
P04019,O04019,UPI,Completed,514.16
P04020,O04020,UPI,Failed,582.23
P04021,O04021,Credit Card,Completed,240.86
P04022,O04022,Credit Card,Completed,660.06
P04023,O04023,Credit Card,Completed,1733.27
P04024,O04024,UPI,Failed,1408.01
P04025,O04025,Credit Card,Completed,1763.01
P04026,O04026,UPI,Completed,299.23
P04027,O04027,UPI,Completed,965.67
P04028,O04028,UPI,Completed,535.58
P04029,O04029,Debit Card,Completed,1470.31
P04030,O04030,UPI,Completed,1943.45
P04031,O04031,Credit Card,Completed,1649.18
P04032,O04032,UPI,Failed,167.03
P04033,O04033,Debit Card,Completed,701.65
P04034,O04034,Credit Card,Completed,154.3
P04035,O04035,UPI,Completed,176.32
P04036,O04036,UPI,Completed,251.08
P04037,O04037,UPI,Completed,625.02
P04038,O04038,Credit Card,Completed,677.99
P04039,O04039,Cash,Completed,860.86
P04040,O04040,Debit Card,Failed,869.37
P04041,O04041,Credit Card,Completed,1565.68
P04042,O04042,Credit Card,Completed,368.67
P04043,O04043,UPI,Refunded,399.71
P04044,O04044,Cash,Completed,1290.52
P04045,O04045,UPI,Refunded,1186.31
P04046,O04046,Cash,Completed,392.61
P04047,O04047,Debit Card,Completed,1719.3
P04048,O04048,UPI,Completed,725.21
P04049,O04049,Debit Card,Completed,797.24
P04050,O04050,Credit Card,Completed,898.87
P04051,O04051,Credit Card,Completed,713.13
P04052,O04052,UPI,Completed,1159.16
P04053,O04053,Debit Card,Completed,838.43
P04054,O04054,UPI,Completed,592.93
P04055,O04055,UPI,Completed,1818.5
P04056,O04056,Debit Card,Completed,685.87
P04057,O04057,Debit Card,Completed,1427.13
P04058,O04058,Debit Card,Completed,759.73
P04059,O04059,Debit Card,Completed,926.92
P04060,O04060,Debit Card,Completed,548.29
P04061,O04061,UPI,Completed,1529.43
P04062,O04062,Credit Card,Completed,1500.69
P04063,O04063,UPI,Completed,142.26
P04064,O04064,UPI,Completed,214.37
P04065,O04065,Credit Card,Completed,1852.52
P04066,O04066,Debit Card,Completed,1788.77
P04067,O04067,Credit Card,Completed,1061.57
P04068,O04068,UPI,Completed,1037.38
P04069,O04069,Cash,Completed,1643.61
P04070,O04070,UPI,Completed,363.06
P04071,O04071,UPI,Completed,1342.03
P04072,O04072,UPI,Completed,1004.37
P04073,O04073,UPI,Completed,1512.33
P04074,O04074,Cash,Completed,157.2
P04075,O04075,UPI,Completed,1226.18
P04076,O04076,Credit Card,Failed,1157.78
P04077,O04077,Debit Card,Completed,1697.61
P04078,O04078,Cash,Completed,1385.99
P04079,O04079,Credit Card,Completed,1772.3
P04080,O04080,UPI,Completed,1785.82
P04081,O04081,UPI,Completed,875.51
P04082,O04082,UPI,Completed,361.12
P04083,O04083,UPI,Completed,1297.54
P04084,O04084,UPI,Completed,1760.12
P04085,O04085,UPI,Completed,242.41
P04086,O04086,Debit Card,Completed,1160.05
P04087,O04087,Credit Card,Completed,318.5
P04088,O04088,Credit Card,Completed,151.29
P04089,O04089,Credit Card,Completed,1391.31
P04090,O04090,UPI,Completed,1395.51
P04091,O04091,Credit Card,Completed,1241.25
P04092,O04092,Credit Card,Refunded,1732.52
P04093,O04093,Debit Card,Completed,253.67
P04094,O04094,Cash,Completed,299.99
P04095,O04095,UPI,Completed,1742.62
P04096,O04096,UPI,Completed,1056.23
P04097,O04097,Credit Card,Completed,618.8
P04098,O04098,UPI,Completed,1502.5
P04099,O04099,Debit Card,Completed,1799.37
P04100,O04100,UPI,Completed,1410.25
P04101,O04101,Cash,Completed,1604.67
P04102,O04102,Credit Card,Completed,636.74
P04103,O04103,UPI,Completed,648.67
P04104,O04104,UPI,Completed,1741.84
P04105,O04105,Credit Card,Completed,1268.24
P04106,O04106,Credit Card,Failed,544.91
P04107,O04107,Debit Card,Completed,1095.91
P04108,O04108,UPI,Completed,1403.13
P04109,O04109,Debit Card,Completed,515.24
P04110,O04110,UPI,Completed,1344.32
P04111,O04111,UPI,Completed,180.08
P04112,O04112,UPI,Completed,677.01
P04113,O04113,Cash,Completed,1380.55
P04114,O04114,UPI,Completed,383.76
P04115,O04115,Credit Card,Completed,522.18
P04116,O04116,Cash,Completed,1770.28
P04117,O04117,UPI,Completed,1381.21
P04118,O04118,Debit Card,Completed,1047.95
P04119,O04119,Credit Card,Completed,500.7
P04120,O04120,Cash,Completed,748.68
P04121,O04121,UPI,Failed,1191.23
P04122,O04122,UPI,Completed,395.09
P04123,O04123,UPI,Failed,1015.31
P04124,O04124,Cash,Failed,877.05
P04125,O04125,Credit Card,Completed,1005.71
P04126,O04126,UPI,Completed,300.57
P04127,O04127,Credit Card,Completed,302.34
P04128,O04128,Credit Card,Completed,1931.81
P04129,O04129,UPI,Completed,1960.8
P04130,O04130,Debit Card,Refunded,909.71
P04131,O04131,UPI,Completed,1599.09
P04132,O04132,Cash,Completed,1346.0
P04133,O04133,Credit Card,Completed,322.14
P04134,O04134,UPI,Failed,663.69
P04135,O04135,Credit Card,Completed,695.94
P04136,O04136,UPI,Completed,1231.97
P04137,O04137,Cash,Completed,1201.96
P04138,O04138,UPI,Completed,1854.67
P04139,O04139,UPI,Completed,1601.07
P04140,O04140,Cash,Completed,1728.01
P04141,O04141,Credit Card,Completed,1793.33
P04142,O04142,Debit Card,Completed,1622.43
P04143,O04143,Credit Card,Completed,732.47
P04144,O04144,Credit Card,Completed,508.52
P04145,O04145,UPI,Completed,1186.36
P04146,O04146,UPI,Completed,1410.18
P04147,O04147,Credit Card,Completed,834.48
P04148,O04148,UPI,Completed,1711.84
P04149,O04149,Credit Card,Completed,1925.08
P04150,O04150,Cash,Completed,1181.85
P04151,O04151,Credit Card,Completed,967.52
P04152,O04152,Cash,Completed,1701.49
P04153,O04153,Credit Card,Completed,146.11
P04154,O04154,Credit Card,Completed,345.12
P04155,O04155,Debit Card,Completed,1706.75
P04156,O04156,Cash,Completed,1490.85
P04157,O04157,UPI,Completed,890.66
P04158,O04158,Cash,Completed,1788.82
P04159,O04159,UPI,Completed,767.77
P04160,O04160,Cash,Completed,1304.31
P04161,O04161,Debit Card,Completed,1305.24
P04162,O04162,Credit Card,Completed,450.23
P04163,O04163,UPI,Completed,641.22
P04164,O04164,UPI,Completed,1840.41
P04165,O04165,UPI,Completed,448.49
P04166,O04166,UPI,Completed,429.79
P04167,O04167,Debit Card,Completed,1011.27
P04168,O04168,Cash,Completed,275.17
P04169,O04169,Credit Card,Failed,1799.79
P04170,O04170,Cash,Failed,290.28
P04171,O04171,Credit Card,Failed,1271.46
P04172,O04172,Credit Card,Completed,745.59
P04173,O04173,UPI,Completed,1628.12
P04174,O04174,Credit Card,Completed,1220.64
P04175,O04175,Debit Card,Completed,837.78
P04176,O04176,Credit Card,Completed,1969.36
P04177,O04177,Credit Card,Refunded,225.84
P04178,O04178,UPI,Completed,1197.79
P04179,O04179,UPI,Completed,1980.18
P04180,O04180,UPI,Completed,1412.81
P04181,O04181,Debit Card,Completed,1505.56
P04182,O04182,Debit Card,Completed,160.97
P04183,O04183,Cash,Completed,140.59
P04184,O04184,Credit Card,Completed,168.61
P04185,O04185,Debit Card,Completed,1984.28
P04186,O04186,UPI,Completed,1961.09
P04187,O04187,UPI,Completed,735.57
P04188,O04188,UPI,Failed,652.87
P04189,O04189,UPI,Completed,377.32
P04190,O04190,Credit Card,Completed,725.37
P04191,O04191,Cash,Completed,803.28
P04192,O04192,UPI,Completed,1521.74
P04193,O04193,UPI,Completed,1745.96
P04194,O04194,Debit Card,Completed,1518.8
P04195,O04195,Debit Card,Completed,1328.3
P04196,O04196,UPI,Failed,1555.21
P04197,O04197,Debit Card,Completed,1503.15
P04198,O04198,Debit Card,Completed,1003.92
P04199,O04199,UPI,Completed,738.12
P04200,O04200,Debit Card,Completed,637.28
P04201,O04201,UPI,Completed,1390.78
P04202,O04202,Cash,Completed,1922.68
P04203,O04203,Credit Card,Completed,1204.0
P04204,O04204,UPI,Completed,1833.8
P04205,O04205,Cash,Completed,127.04
P04206,O04206,UPI,Completed,1609.49
P04207,O04207,UPI,Completed,1721.85
P04208,O04208,Credit Card,Completed,1298.89
P04209,O04209,Cash,Failed,1874.72
P04210,O04210,UPI,Completed,1220.83
P04211,O04211,Debit Card,Completed,557.02
P04212,O04212,UPI,Completed,509.86
P04213,O04213,UPI,Completed,1156.09
P04214,O04214,Debit Card,Failed,1822.32
P04215,O04215,Cash,Completed,237.5
P04216,O04216,Debit Card,Completed,1248.34
P04217,O04217,Credit Card,Completed,1562.63
P04218,O04218,Debit Card,Completed,319.26
P04219,O04219,UPI,Completed,321.86
P04220,O04220,Credit Card,Completed,795.64
P04221,O04221,UPI,Completed,620.37
P04222,O04222,Credit Card,Completed,476.8
P04223,O04223,UPI,Failed,477.52
P04224,O04224,Debit Card,Completed,348.27
P04225,O04225,Credit Card,Completed,1260.62
P04226,O04226,Credit Card,Completed,1407.44
P04227,O04227,Credit Card,Refunded,1435.58
P04228,O04228,UPI,Completed,1111.47
P04229,O04229,Credit Card,Completed,1910.52
P04230,O04230,Credit Card,Completed,1773.01
P04231,O04231,Debit Card,Completed,1919.5
P04232,O04232,UPI,Completed,838.71
P04233,O04233,UPI,Refunded,1767.79
P04234,O04234,Credit Card,Completed,1549.46
P04235,O04235,UPI,Completed,745.95
P04236,O04236,UPI,Completed,302.53
P04237,O04237,UPI,Completed,1396.98
P04238,O04238,Debit Card,Completed,359.26
P04239,O04239,Debit Card,Completed,658.17
P04240,O04240,Credit Card,Completed,1050.69
P04241,O04241,Debit Card,Completed,1391.78
P04242,O04242,Debit Card,Completed,1859.83
P04243,O04243,Debit Card,Failed,1227.16
P04244,O04244,Credit Card,Completed,1375.68
P04245,O04245,Debit Card,Completed,689.03
P04246,O04246,Debit Card,Completed,1405.86
P04247,O04247,Credit Card,Completed,931.8
P04248,O04248,Cash,Completed,1728.17
P04249,O04249,Credit Card,Completed,845.66
P04250,O04250,UPI,Refunded,989.72
P04251,O04251,Debit Card,Completed,921.92
P04252,O04252,Debit Card,Completed,1641.13
P04253,O04253,UPI,Completed,1912.03
P04254,O04254,Cash,Completed,721.82
P04255,O04255,UPI,Completed,1002.55
P04256,O04256,Debit Card,Completed,1441.26
P04257,O04257,Debit Card,Completed,1801.23
P04258,O04258,Cash,Completed,1038.03
P04259,O04259,Credit Card,Completed,306.9
P04260,O04260,UPI,Completed,800.48
P04261,O04261,Debit Card,Refunded,1145.69
P04262,O04262,UPI,Failed,893.3
P04263,O04263,Credit Card,Completed,454.46
P04264,O04264,UPI,Completed,170.28
P04265,O04265,Debit Card,Completed,1406.08
P04266,O04266,UPI,Completed,1986.2
P04267,O04267,Credit Card,Completed,1846.49
P04268,O04268,UPI,Completed,1398.21
P04269,O04269,Credit Card,Completed,1698.91
P04270,O04270,Credit Card,Completed,585.88
P04271,O04271,UPI,Failed,1282.63
P04272,O04272,UPI,Completed,215.15
P04273,O04273,Credit Card,Completed,1443.65
P04274,O04274,Debit Card,Completed,1942.76
P04275,O04275,UPI,Refunded,1735.51
P04276,O04276,Cash,Completed,1115.44
P04277,O04277,UPI,Completed,1598.61
P04278,O04278,Debit Card,Completed,1893.41
P04279,O04279,Debit Card,Completed,510.43
P04280,O04280,UPI,Completed,1607.19
P04281,O04281,UPI,Completed,612.71
P04282,O04282,Debit Card,Completed,1766.2
P04283,O04283,Credit Card,Completed,286.87
P04284,O04284,Credit Card,Completed,438.61
P04285,O04285,UPI,Completed,1469.17
P04286,O04286,Cash,Completed,432.08
P04287,O04287,Credit Card,Completed,400.3
P04288,O04288,Credit Card,Completed,1155.39
P04289,O04289,Credit Card,Completed,1686.48
P04290,O04290,UPI,Completed,610.09
P04291,O04291,Credit Card,Completed,1698.16
P04292,O04292,UPI,Completed,1635.11
P04293,O04293,Credit Card,Completed,1200.3
P04294,O04294,UPI,Completed,1328.47
P04295,O04295,UPI,Completed,176.84
P04296,O04296,UPI,Completed,797.56
P04297,O04297,Cash,Completed,600.45
P04298,O04298,UPI,Completed,385.01
P04299,O04299,UPI,Completed,840.35
P04300,O04300,Cash,Completed,774.32
P04301,O04301,UPI,Completed,1484.89
P04302,O04302,Cash,Failed,1236.38
P04303,O04303,Cash,Completed,1834.89
P04304,O04304,UPI,Completed,376.27
P04305,O04305,Debit Card,Completed,213.52
P04306,O04306,Credit Card,Completed,1115.75
P04307,O04307,Cash,Completed,101.95
P04308,O04308,UPI,Completed,1596.67
P04309,O04309,UPI,Completed,1061.35
P04310,O04310,UPI,Completed,1027.32
P04311,O04311,Debit Card,Completed,788.74
P04312,O04312,UPI,Completed,812.45
P04313,O04313,Credit Card,Completed,919.15
P04314,O04314,Credit Card,Completed,130.46
P04315,O04315,Credit Card,Completed,258.74
P04316,O04316,UPI,Completed,1059.59
P04317,O04317,UPI,Completed,385.23
P04318,O04318,UPI,Completed,1579.65
P04319,O04319,UPI,Completed,621.52
P04320,O04320,UPI,Completed,286.01
P04321,O04321,Debit Card,Completed,546.9
P04322,O04322,Credit Card,Completed,778.49
P04323,O04323,Credit Card,Completed,167.1
P04324,O04324,UPI,Completed,369.18
P04325,O04325,UPI,Completed,715.31
P04326,O04326,Credit Card,Completed,689.91
P04327,O04327,UPI,Completed,1620.73
P04328,O04328,Cash,Completed,1702.19
P04329,O04329,Debit Card,Completed,467.5
P04330,O04330,UPI,Completed,335.49
P04331,O04331,Debit Card,Completed,1304.91
P04332,O04332,UPI,Completed,1628.78
P04333,O04333,UPI,Refunded,1931.07
P04334,O04334,Debit Card,Completed,112.91
P04335,O04335,UPI,Completed,885.99
P04336,O04336,Credit Card,Completed,1494.58
P04337,O04337,UPI,Completed,1674.26
P04338,O04338,UPI,Completed,218.34
P04339,O04339,UPI,Failed,1393.17
P04340,O04340,Cash,Completed,648.98
P04341,O04341,UPI,Completed,241.73
P04342,O04342,Credit Card,Completed,1029.29
P04343,O04343,Credit Card,Completed,400.49
P04344,O04344,Credit Card,Completed,1500.31
P04345,O04345,UPI,Completed,1508.4
P04346,O04346,UPI,Failed,1699.93
P04347,O04347,UPI,Completed,817.38
P04348,O04348,UPI,Completed,125.29
P04349,O04349,Debit Card,Completed,593.5
P04350,O04350,UPI,Completed,988.84
P04351,O04351,UPI,Completed,1418.62
P04352,O04352,Debit Card,Completed,825.88
P04353,O04353,Debit Card,Refunded,1118.49
P04354,O04354,UPI,Completed,1096.1
P04355,O04355,Debit Card,Completed,413.47
P04356,O04356,Credit Card,Completed,1283.79
P04357,O04357,UPI,Completed,934.58
P04358,O04358,UPI,Completed,1635.05
P04359,O04359,Debit Card,Completed,1412.16
P04360,O04360,Credit Card,Completed,311.79
P04361,O04361,Credit Card,Completed,1028.64
P04362,O04362,Debit Card,Completed,1434.74
P04363,O04363,Debit Card,Completed,265.32
P04364,O04364,UPI,Completed,1605.74
P04365,O04365,Credit Card,Completed,521.81
P04366,O04366,UPI,Failed,1055.86
P04367,O04367,Debit Card,Failed,1887.07
P04368,O04368,Credit Card,Completed,1185.54
P04369,O04369,UPI,Completed,905.7
P04370,O04370,Credit Card,Completed,112.91
P04371,O04371,UPI,Completed,353.49
P04372,O04372,UPI,Failed,1199.46
P04373,O04373,UPI,Completed,1038.27
P04374,O04374,UPI,Failed,791.28
P04375,O04375,Debit Card,Completed,1854.11
P04376,O04376,UPI,Completed,731.72
P04377,O04377,Cash,Completed,1120.59
P04378,O04378,Credit Card,Failed,1180.56
P04379,O04379,UPI,Completed,1102.19
P04380,O04380,Credit Card,Completed,1007.41
P04381,O04381,UPI,Completed,740.42
P04382,O04382,UPI,Completed,1826.65
P04383,O04383,Credit Card,Completed,956.53
P04384,O04384,Cash,Completed,1104.05
P04385,O04385,UPI,Completed,1347.31
P04386,O04386,UPI,Completed,228.55
P04387,O04387,Cash,Completed,1584.45
P04388,O04388,UPI,Refunded,1073.76
P04389,O04389,Cash,Completed,1348.64
P04390,O04390,Credit Card,Completed,1566.82
P04391,O04391,Debit Card,Completed,1760.79
P04392,O04392,UPI,Completed,845.22
P04393,O04393,Debit Card,Completed,1641.72
P04394,O04394,Debit Card,Completed,591.79
P04395,O04395,UPI,Completed,1354.64
P04396,O04396,UPI,Failed,295.14
P04397,O04397,UPI,Completed,138.06
P04398,O04398,Debit Card,Completed,281.95
P04399,O04399,Debit Card,Completed,706.83
P04400,O04400,UPI,Completed,159.08
P04401,O04401,Debit Card,Completed,1297.93
P04402,O04402,Cash,Completed,701.43
P04403,O04403,Debit Card,Completed,1499.11
P04404,O04404,UPI,Completed,187.24
P04405,O04405,Debit Card,Completed,511.73
P04406,O04406,UPI,Completed,875.21
P04407,O04407,UPI,Completed,827.04
P04408,O04408,UPI,Failed,348.9
P04409,O04409,UPI,Completed,1988.86
P04410,O04410,UPI,Completed,640.44
P04411,O04411,UPI,Completed,1469.96
P04412,O04412,Debit Card,Completed,518.05
P04413,O04413,UPI,Completed,1767.92
P04414,O04414,Credit Card,Completed,836.74
P04415,O04415,Debit Card,Completed,1811.71
P04416,O04416,Cash,Completed,749.49
P04417,O04417,Debit Card,Completed,116.42
P04418,O04418,Credit Card,Failed,1082.34
P04419,O04419,UPI,Completed,1097.1
P04420,O04420,Debit Card,Completed,327.68
P04421,O04421,UPI,Completed,546.43
P04422,O04422,Debit Card,Completed,1588.64
P04423,O04423,UPI,Completed,169.84
P04424,O04424,Credit Card,Completed,1030.1
P04425,O04425,Debit Card,Completed,1107.78
P04426,O04426,Debit Card,Completed,1408.55
P04427,O04427,Credit Card,Completed,171.17
P04428,O04428,UPI,Completed,1212.73
P04429,O04429,Debit Card,Completed,105.89
P04430,O04430,Cash,Completed,603.84
P04431,O04431,UPI,Completed,1049.4
P04432,O04432,UPI,Completed,1831.43
P04433,O04433,UPI,Completed,340.52
P04434,O04434,Credit Card,Completed,421.65
P04435,O04435,UPI,Completed,1371.58
P04436,O04436,UPI,Completed,812.24
P04437,O04437,UPI,Completed,1284.5
P04438,O04438,UPI,Completed,1995.16
P04439,O04439,Debit Card,Completed,1975.06
P04440,O04440,Debit Card,Completed,772.06
P04441,O04441,Credit Card,Failed,1057.46
P04442,O04442,UPI,Completed,1818.91
P04443,O04443,Credit Card,Completed,275.12
P04444,O04444,Credit Card,Completed,959.38
P04445,O04445,Debit Card,Completed,817.4
P04446,O04446,UPI,Completed,660.28
P04447,O04447,UPI,Completed,1988.99
P04448,O04448,Cash,Completed,1493.74
P04449,O04449,UPI,Completed,838.62
P04450,O04450,Credit Card,Completed,1675.14
P04451,O04451,Cash,Completed,1030.37
P04452,O04452,Credit Card,Completed,1758.37
P04453,O04453,UPI,Completed,606.12
P04454,O04454,UPI,Completed,524.84
P04455,O04455,Credit Card,Completed,569.84
P04456,O04456,UPI,Completed,1123.11
P04457,O04457,Debit Card,Completed,653.5
P04458,O04458,Cash,Completed,379.53
P04459,O04459,Debit Card,Completed,1989.79
P04460,O04460,Debit Card,Completed,1810.82
P04461,O04461,UPI,Refunded,1306.52
P04462,O04462,Debit Card,Failed,1793.93
P04463,O04463,Debit Card,Completed,1877.38
P04464,O04464,Debit Card,Completed,1384.61
P04465,O04465,Debit Card,Completed,1085.49
P04466,O04466,UPI,Completed,1775.8
P04467,O04467,UPI,Completed,1178.81
P04468,O04468,Cash,Refunded,340.92
P04469,O04469,UPI,Completed,797.03
P04470,O04470,UPI,Completed,947.25
P04471,O04471,UPI,Completed,1877.2
P04472,O04472,Debit Card,Completed,1352.45
P04473,O04473,UPI,Refunded,1763.03
P04474,O04474,UPI,Completed,1539.42
P04475,O04475,Cash,Completed,688.74
P04476,O04476,Credit Card,Completed,1465.55
P04477,O04477,UPI,Refunded,471.07
P04478,O04478,UPI,Completed,875.48
P04479,O04479,Cash,Completed,1631.57
P04480,O04480,Credit Card,Completed,1262.67
P04481,O04481,Credit Card,Completed,1668.28
P04482,O04482,UPI,Completed,583.94
P04483,O04483,UPI,Completed,1524.52
P04484,O04484,Credit Card,Completed,484.42
P04485,O04485,UPI,Completed,1136.08
P04486,O04486,Credit Card,Completed,923.72
P04487,O04487,UPI,Completed,1157.3
P04488,O04488,Credit Card,Completed,357.51
P04489,O04489,UPI,Completed,786.33
P04490,O04490,UPI,Completed,1367.12
P04491,O04491,UPI,Completed,1161.21
P04492,O04492,Debit Card,Completed,1143.04
P04493,O04493,UPI,Completed,1070.58
P04494,O04494,UPI,Completed,1893.38
P04495,O04495,Credit Card,Completed,1875.68
P04496,O04496,Debit Card,Completed,784.28
P04497,O04497,UPI,Completed,768.6
P04498,O04498,UPI,Completed,1154.31
P04499,O04499,Cash,Completed,281.65
P04500,O04500,UPI,Completed,675.71
P04501,O04501,Credit Card,Completed,538.65
P04502,O04502,UPI,Completed,524.44
P04503,O04503,UPI,Completed,1313.16
P04504,O04504,Credit Card,Completed,830.27
P04505,O04505,Credit Card,Completed,425.21
P04506,O04506,Debit Card,Completed,1786.39
P04507,O04507,UPI,Completed,1760.88
P04508,O04508,Cash,Completed,1738.68
P04509,O04509,Cash,Completed,842.42
P04510,O04510,Credit Card,Refunded,208.27
P04511,O04511,Debit Card,Completed,302.81
P04512,O04512,Credit Card,Completed,624.49
P04513,O04513,Credit Card,Completed,517.94
P04514,O04514,Credit Card,Completed,1760.57
P04515,O04515,UPI,Completed,1974.08
P04516,O04516,Credit Card,Completed,1651.68
P04517,O04517,UPI,Refunded,1486.71
P04518,O04518,UPI,Failed,1218.39
P04519,O04519,Cash,Completed,1562.83
P04520,O04520,UPI,Refunded,1899.36
P04521,O04521,UPI,Failed,1242.55
P04522,O04522,Cash,Completed,393.77
P04523,O04523,UPI,Completed,411.33
P04524,O04524,UPI,Completed,1209.34
P04525,O04525,Debit Card,Completed,733.59
P04526,O04526,Debit Card,Completed,1829.47
P04527,O04527,Cash,Completed,1262.12
P04528,O04528,UPI,Failed,1385.34
P04529,O04529,Cash,Completed,111.06
P04530,O04530,Debit Card,Completed,1047.81
P04531,O04531,UPI,Completed,919.21
P04532,O04532,Debit Card,Completed,1441.16
P04533,O04533,Credit Card,Completed,827.01
P04534,O04534,Debit Card,Completed,1955.49
P04535,O04535,UPI,Completed,1373.39
P04536,O04536,UPI,Completed,1353.84
P04537,O04537,Debit Card,Completed,1846.75
P04538,O04538,Credit Card,Completed,1990.89
P04539,O04539,Credit Card,Failed,475.86
P04540,O04540,Credit Card,Completed,1640.01
P04541,O04541,Credit Card,Failed,408.41
P04542,O04542,Credit Card,Refunded,968.38
P04543,O04543,Credit Card,Completed,290.35
P04544,O04544,UPI,Failed,1284.4
P04545,O04545,Debit Card,Completed,990.18
P04546,O04546,Debit Card,Completed,1294.53
P04547,O04547,UPI,Completed,1388.13
P04548,O04548,UPI,Completed,1276.92
P04549,O04549,Credit Card,Completed,658.66
P04550,O04550,UPI,Completed,1690.22
P04551,O04551,UPI,Completed,1148.2
P04552,O04552,UPI,Completed,1030.72
P04553,O04553,UPI,Completed,1975.42
P04554,O04554,Debit Card,Completed,638.67
P04555,O04555,Debit Card,Completed,1103.26
P04556,O04556,Credit Card,Refunded,1396.42
P04557,O04557,UPI,Failed,337.93
P04558,O04558,UPI,Completed,773.06
P04559,O04559,UPI,Completed,1623.21
P04560,O04560,Credit Card,Completed,549.84
P04561,O04561,Debit Card,Completed,1037.25
P04562,O04562,UPI,Completed,1298.2
P04563,O04563,Cash,Completed,1375.21
P04564,O04564,Cash,Completed,1483.79
P04565,O04565,Debit Card,Completed,1745.36
P04566,O04566,UPI,Completed,846.43
P04567,O04567,Cash,Completed,1442.6
P04568,O04568,Credit Card,Completed,1491.13
P04569,O04569,UPI,Completed,670.52
P04570,O04570,Credit Card,Completed,1939.5
P04571,O04571,Cash,Completed,1743.92
P04572,O04572,Credit Card,Completed,650.74
P04573,O04573,Cash,Completed,1382.63
P04574,O04574,UPI,Completed,1463.82
P04575,O04575,Credit Card,Completed,919.82
P04576,O04576,Cash,Completed,1741.11
P04577,O04577,Debit Card,Completed,1411.44
P04578,O04578,UPI,Completed,1350.49
P04579,O04579,UPI,Completed,519.6
P04580,O04580,UPI,Failed,874.9
P04581,O04581,Cash,Completed,924.45
P04582,O04582,Credit Card,Completed,1493.96
P04583,O04583,Credit Card,Refunded,1274.95
P04584,O04584,UPI,Completed,263.14
P04585,O04585,Credit Card,Completed,684.63
P04586,O04586,UPI,Completed,998.79
P04587,O04587,UPI,Completed,1499.79
P04588,O04588,UPI,Completed,1512.78
P04589,O04589,Cash,Completed,1032.03
P04590,O04590,Credit Card,Completed,322.17
P04591,O04591,UPI,Completed,656.52
P04592,O04592,UPI,Completed,583.92
P04593,O04593,Debit Card,Completed,1583.95
P04594,O04594,Debit Card,Completed,441.97
P04595,O04595,Credit Card,Completed,983.35
P04596,O04596,Debit Card,Completed,1374.37
P04597,O04597,Cash,Completed,1933.09
P04598,O04598,UPI,Completed,1998.56
P04599,O04599,UPI,Completed,1910.55
P04600,O04600,UPI,Completed,1464.66
P04601,O04601,UPI,Completed,1518.24
P04602,O04602,UPI,Completed,1542.5
P04603,O04603,Debit Card,Completed,1738.95
P04604,O04604,Credit Card,Completed,1908.39
P04605,O04605,UPI,Completed,946.84
P04606,O04606,UPI,Completed,891.37
P04607,O04607,Credit Card,Failed,974.88
P04608,O04608,UPI,Completed,1353.65
P04609,O04609,Cash,Completed,1573.35
P04610,O04610,Credit Card,Completed,1754.03
P04611,O04611,UPI,Completed,966.8
P04612,O04612,Cash,Completed,790.41
P04613,O04613,Debit Card,Completed,1968.37
P04614,O04614,Debit Card,Completed,540.59
P04615,O04615,Debit Card,Completed,521.81
P04616,O04616,UPI,Completed,1459.27
P04617,O04617,UPI,Completed,441.35
P04618,O04618,Credit Card,Completed,858.88
P04619,O04619,UPI,Completed,655.53
P04620,O04620,UPI,Completed,420.55
P04621,O04621,UPI,Completed,1201.44
P04622,O04622,Cash,Completed,809.67
P04623,O04623,UPI,Completed,978.24
P04624,O04624,Credit Card,Completed,472.14
P04625,O04625,UPI,Completed,1558.95
P04626,O04626,UPI,Completed,697.95
P04627,O04627,Credit Card,Completed,751.16
P04628,O04628,Debit Card,Completed,579.09
P04629,O04629,Cash,Completed,925.37
P04630,O04630,UPI,Completed,980.8
P04631,O04631,UPI,Completed,1106.37
P04632,O04632,Credit Card,Completed,1938.38
P04633,O04633,UPI,Completed,1818.91
P04634,O04634,Credit Card,Completed,1257.85
P04635,O04635,Credit Card,Completed,173.92
P04636,O04636,UPI,Completed,1263.29
P04637,O04637,Cash,Failed,270.37
P04638,O04638,UPI,Completed,1449.65
P04639,O04639,UPI,Completed,841.15
P04640,O04640,UPI,Completed,1691.62
P04641,O04641,UPI,Completed,1890.81
P04642,O04642,Credit Card,Completed,892.51
P04643,O04643,Debit Card,Completed,975.06
P04644,O04644,Cash,Completed,1221.28
P04645,O04645,UPI,Completed,474.55
P04646,O04646,Credit Card,Completed,1861.93
P04647,O04647,UPI,Completed,922.7
P04648,O04648,Cash,Completed,416.96
P04649,O04649,Cash,Completed,1549.19
P04650,O04650,UPI,Completed,516.39
P04651,O04651,UPI,Completed,372.71
P04652,O04652,UPI,Completed,1169.46
P04653,O04653,Credit Card,Completed,1375.84
P04654,O04654,UPI,Completed,1182.17
P04655,O04655,UPI,Completed,1347.37
P04656,O04656,Credit Card,Refunded,319.5
P04657,O04657,Credit Card,Completed,1004.43
P04658,O04658,Cash,Completed,778.34
P04659,O04659,UPI,Completed,1949.4
P04660,O04660,UPI,Completed,194.29
P04661,O04661,UPI,Completed,666.76
P04662,O04662,UPI,Failed,1889.54
P04663,O04663,Credit Card,Completed,1968.64
P04664,O04664,Debit Card,Completed,1667.31
P04665,O04665,UPI,Completed,244.4
P04666,O04666,UPI,Completed,1166.57
P04667,O04667,Credit Card,Refunded,860.23
P04668,O04668,UPI,Completed,1632.26
P04669,O04669,UPI,Completed,204.55
P04670,O04670,UPI,Completed,474.54
P04671,O04671,UPI,Completed,1029.47
P04672,O04672,Debit Card,Completed,399.53
P04673,O04673,Debit Card,Completed,1416.16
P04674,O04674,Cash,Completed,1659.46
P04675,O04675,UPI,Completed,1438.59
P04676,O04676,Debit Card,Failed,936.54
P04677,O04677,UPI,Completed,1768.94
P04678,O04678,Credit Card,Completed,361.6
P04679,O04679,Credit Card,Completed,594.64
P04680,O04680,UPI,Completed,1030.13
P04681,O04681,UPI,Failed,216.54
P04682,O04682,UPI,Completed,281.8
P04683,O04683,UPI,Completed,855.14
P04684,O04684,UPI,Completed,1893.38
P04685,O04685,Cash,Completed,1825.99
P04686,O04686,Debit Card,Completed,985.35
P04687,O04687,UPI,Refunded,370.1
P04688,O04688,UPI,Completed,438.4
P04689,O04689,Credit Card,Completed,817.34
P04690,O04690,Debit Card,Completed,499.14
P04691,O04691,UPI,Completed,257.65
P04692,O04692,Credit Card,Completed,1380.18
P04693,O04693,Debit Card,Completed,1204.75
P04694,O04694,Debit Card,Completed,653.46
P04695,O04695,Debit Card,Failed,1580.0
P04696,O04696,Cash,Completed,1574.3
P04697,O04697,Credit Card,Completed,1032.9
P04698,O04698,Cash,Completed,283.41
P04699,O04699,Credit Card,Completed,1845.09
P04700,O04700,Credit Card,Completed,1370.45
P04701,O04701,UPI,Completed,569.4
P04702,O04702,Credit Card,Completed,1259.86
P04703,O04703,UPI,Completed,869.54
P04704,O04704,Debit Card,Completed,1307.16
P04705,O04705,UPI,Completed,1000.35
P04706,O04706,Debit Card,Failed,1022.4
P04707,O04707,Credit Card,Completed,1498.18
P04708,O04708,Credit Card,Completed,1266.08
P04709,O04709,Cash,Completed,251.91
P04710,O04710,Credit Card,Completed,224.21
P04711,O04711,Credit Card,Failed,679.52
P04712,O04712,Cash,Completed,917.47
P04713,O04713,Cash,Completed,622.92
P04714,O04714,UPI,Completed,1337.77
P04715,O04715,Credit Card,Completed,470.71
P04716,O04716,Debit Card,Completed,1437.87
P04717,O04717,Debit Card,Completed,1568.99
P04718,O04718,Credit Card,Completed,336.21
P04719,O04719,Cash,Completed,1336.53
P04720,O04720,UPI,Failed,1926.73
P04721,O04721,UPI,Completed,466.37
P04722,O04722,Cash,Completed,1827.68
P04723,O04723,UPI,Failed,1251.49
P04724,O04724,Debit Card,Completed,1222.8
P04725,O04725,Debit Card,Completed,198.65
P04726,O04726,Credit Card,Completed,1521.77
P04727,O04727,Cash,Completed,1008.72
P04728,O04728,Credit Card,Completed,1470.23
P04729,O04729,Credit Card,Completed,1637.44
P04730,O04730,UPI,Completed,1095.21
P04731,O04731,UPI,Completed,600.92
P04732,O04732,UPI,Completed,368.99
P04733,O04733,Debit Card,Completed,404.96
P04734,O04734,Credit Card,Completed,1747.18
P04735,O04735,Debit Card,Completed,334.8
P04736,O04736,UPI,Completed,830.92
P04737,O04737,UPI,Completed,735.12
P04738,O04738,UPI,Completed,1744.37
P04739,O04739,Debit Card,Completed,1007.62
P04740,O04740,Debit Card,Completed,1993.25
P04741,O04741,Debit Card,Completed,1500.4
P04742,O04742,Credit Card,Completed,1716.75
P04743,O04743,UPI,Completed,287.48
P04744,O04744,Debit Card,Completed,580.89
P04745,O04745,Credit Card,Completed,357.35
P04746,O04746,UPI,Failed,980.88
P04747,O04747,UPI,Completed,1464.75
P04748,O04748,Cash,Completed,421.22
P04749,O04749,UPI,Completed,347.32
P04750,O04750,Debit Card,Completed,1267.76
P04751,O04751,Cash,Completed,537.59
P04752,O04752,UPI,Completed,1010.72
P04753,O04753,Debit Card,Completed,197.12
P04754,O04754,Cash,Completed,1393.16
P04755,O04755,UPI,Completed,1128.5
P04756,O04756,UPI,Completed,1330.1
P04757,O04757,Debit Card,Completed,623.27
P04758,O04758,Credit Card,Completed,629.35
P04759,O04759,Debit Card,Refunded,1622.59
P04760,O04760,UPI,Completed,1465.27
P04761,O04761,Credit Card,Completed,1201.48
P04762,O04762,Credit Card,Completed,1293.47
P04763,O04763,Credit Card,Failed,278.68
P04764,O04764,UPI,Completed,1726.73
P04765,O04765,UPI,Completed,1562.82
P04766,O04766,Credit Card,Completed,1221.93
P04767,O04767,Credit Card,Completed,1845.33
P04768,O04768,UPI,Completed,420.41
P04769,O04769,Cash,Completed,1404.65
P04770,O04770,UPI,Completed,1929.67
P04771,O04771,UPI,Completed,689.02
P04772,O04772,Debit Card,Completed,129.06
P04773,O04773,Cash,Completed,1496.25
P04774,O04774,Debit Card,Refunded,113.26
P04775,O04775,UPI,Completed,1757.81
P04776,O04776,UPI,Completed,206.97
P04777,O04777,UPI,Failed,1340.25
P04778,O04778,Debit Card,Completed,816.65
P04779,O04779,Debit Card,Completed,486.35
P04780,O04780,Cash,Completed,1806.69
P04781,O04781,Credit Card,Completed,1517.87
P04782,O04782,UPI,Completed,746.84
P04783,O04783,UPI,Completed,639.89
P04784,O04784,Credit Card,Completed,1498.42
P04785,O04785,Credit Card,Completed,1689.48
P04786,O04786,UPI,Completed,1460.12
P04787,O04787,UPI,Completed,1315.98
P04788,O04788,UPI,Completed,533.06
P04789,O04789,Credit Card,Completed,1720.33
P04790,O04790,Cash,Completed,1524.36
P04791,O04791,Credit Card,Completed,1082.82
P04792,O04792,UPI,Completed,1072.02
P04793,O04793,Debit Card,Completed,1181.43
P04794,O04794,UPI,Completed,1673.73
P04795,O04795,Debit Card,Completed,1510.29
P04796,O04796,UPI,Completed,1726.87
P04797,O04797,UPI,Completed,1063.84
P04798,O04798,Credit Card,Completed,1286.83
P04799,O04799,Debit Card,Completed,1723.69
P04800,O04800,Credit Card,Completed,541.41
P04801,O04801,Debit Card,Completed,943.64
P04802,O04802,UPI,Completed,1279.24
P04803,O04803,UPI,Completed,1838.78
P04804,O04804,Credit Card,Completed,130.09
P04805,O04805,Credit Card,Completed,503.89
P04806,O04806,UPI,Completed,545.46
P04807,O04807,UPI,Completed,720.56
P04808,O04808,Debit Card,Completed,635.39
P04809,O04809,Debit Card,Completed,1221.26
P04810,O04810,Debit Card,Completed,1782.68
P04811,O04811,UPI,Completed,1310.26
P04812,O04812,UPI,Completed,558.9
P04813,O04813,Debit Card,Completed,1741.13
P04814,O04814,UPI,Completed,1300.89
P04815,O04815,UPI,Completed,516.03
P04816,O04816,Debit Card,Completed,787.17
P04817,O04817,UPI,Completed,1600.93
P04818,O04818,Credit Card,Completed,1503.97
P04819,O04819,UPI,Completed,1195.51
P04820,O04820,UPI,Completed,375.06
P04821,O04821,Debit Card,Completed,1626.25
P04822,O04822,UPI,Completed,684.33
P04823,O04823,Credit Card,Completed,1566.04
P04824,O04824,UPI,Completed,1330.38
P04825,O04825,UPI,Completed,601.92
P04826,O04826,UPI,Completed,503.5
P04827,O04827,UPI,Completed,348.73
P04828,O04828,Credit Card,Completed,559.7
P04829,O04829,Cash,Completed,399.88
P04830,O04830,Debit Card,Completed,1272.4
P04831,O04831,Credit Card,Failed,1237.69
P04832,O04832,Credit Card,Completed,1213.73
P04833,O04833,Credit Card,Completed,1319.59
P04834,O04834,Debit Card,Completed,1648.09
P04835,O04835,Credit Card,Refunded,1835.75
P04836,O04836,Cash,Completed,537.71
P04837,O04837,Credit Card,Completed,1216.77
P04838,O04838,UPI,Completed,248.84
P04839,O04839,Credit Card,Completed,328.27
P04840,O04840,UPI,Completed,1343.24
P04841,O04841,Credit Card,Completed,1024.5
P04842,O04842,UPI,Completed,1540.83
P04843,O04843,Debit Card,Completed,908.79
P04844,O04844,Credit Card,Completed,342.44
P04845,O04845,UPI,Completed,1756.9
P04846,O04846,Credit Card,Completed,257.49
P04847,O04847,Credit Card,Completed,459.03
P04848,O04848,Cash,Completed,626.26
P04849,O04849,UPI,Completed,1991.03
P04850,O04850,UPI,Completed,892.03
P04851,O04851,Credit Card,Completed,1053.25
P04852,O04852,Cash,Completed,1562.42
P04853,O04853,Debit Card,Completed,1309.19
P04854,O04854,Credit Card,Completed,1698.7
P04855,O04855,UPI,Completed,1024.22
P04856,O04856,Cash,Completed,1947.14
P04857,O04857,Credit Card,Completed,1613.94
P04858,O04858,UPI,Completed,862.59
P04859,O04859,Cash,Completed,824.42
P04860,O04860,UPI,Completed,1866.03
P04861,O04861,Cash,Completed,1400.39
P04862,O04862,UPI,Completed,1280.72
P04863,O04863,Cash,Failed,1539.88
P04864,O04864,UPI,Completed,1165.58
P04865,O04865,Credit Card,Completed,402.42
P04866,O04866,Credit Card,Completed,706.51
P04867,O04867,UPI,Completed,1160.1
P04868,O04868,UPI,Completed,134.52
P04869,O04869,UPI,Completed,930.97
P04870,O04870,UPI,Completed,1536.03
P04871,O04871,Credit Card,Completed,412.04
P04872,O04872,UPI,Completed,222.66
P04873,O04873,Credit Card,Completed,1688.46
P04874,O04874,UPI,Completed,1272.82
P04875,O04875,Credit Card,Completed,435.5
P04876,O04876,Cash,Completed,1631.98
P04877,O04877,Cash,Completed,1350.45
P04878,O04878,Debit Card,Completed,734.83
P04879,O04879,UPI,Completed,814.77
P04880,O04880,UPI,Completed,396.19
P04881,O04881,Credit Card,Completed,1686.99
P04882,O04882,UPI,Completed,1067.11
P04883,O04883,Credit Card,Completed,1158.34
P04884,O04884,Credit Card,Completed,1778.63
P04885,O04885,Credit Card,Completed,130.08
P04886,O04886,Debit Card,Completed,227.15
P04887,O04887,UPI,Completed,407.0
P04888,O04888,UPI,Completed,157.07
P04889,O04889,Credit Card,Completed,1350.5
P04890,O04890,Cash,Completed,1304.37
P04891,O04891,Credit Card,Completed,500.52
P04892,O04892,Debit Card,Failed,383.87
P04893,O04893,UPI,Completed,376.8
P04894,O04894,Debit Card,Completed,1911.16
P04895,O04895,UPI,Completed,1417.66
P04896,O04896,UPI,Completed,1212.31
P04897,O04897,Cash,Completed,712.73
P04898,O04898,UPI,Completed,922.78
P04899,O04899,UPI,Completed,269.87
P04900,O04900,UPI,Completed,1996.49
P04901,O04901,UPI,Completed,1534.66
P04902,O04902,Credit Card,Refunded,1280.76
P04903,O04903,UPI,Completed,1216.76
P04904,O04904,Debit Card,Completed,1058.2
P04905,O04905,UPI,Completed,589.11
P04906,O04906,UPI,Completed,530.14
P04907,O04907,Credit Card,Completed,1144.11
P04908,O04908,Debit Card,Refunded,233.38
P04909,O04909,Debit Card,Refunded,241.49
P04910,O04910,Debit Card,Failed,1165.55
P04911,O04911,Cash,Completed,1847.64
P04912,O04912,Credit Card,Completed,1837.12
P04913,O04913,Credit Card,Completed,120.57
P04914,O04914,Credit Card,Completed,304.05
P04915,O04915,UPI,Completed,1207.85
P04916,O04916,Cash,Completed,1712.1
P04917,O04917,Credit Card,Completed,1913.45
P04918,O04918,Credit Card,Completed,1735.11
P04919,O04919,UPI,Completed,1387.46
P04920,O04920,UPI,Completed,481.0
P04921,O04921,UPI,Completed,237.98
P04922,O04922,Credit Card,Completed,190.28
P04923,O04923,UPI,Completed,1262.95
P04924,O04924,Debit Card,Completed,168.76
P04925,O04925,Credit Card,Completed,1504.56
P04926,O04926,Cash,Completed,1453.69
P04927,O04927,Debit Card,Completed,251.26
P04928,O04928,UPI,Completed,1822.58
P04929,O04929,UPI,Completed,1091.67
P04930,O04930,Cash,Completed,1818.43
P04931,O04931,Cash,Completed,1813.06
P04932,O04932,UPI,Completed,474.36
P04933,O04933,Credit Card,Completed,823.1
P04934,O04934,UPI,Completed,355.79
P04935,O04935,UPI,Completed,1572.46
P04936,O04936,Credit Card,Completed,1057.84
P04937,O04937,Credit Card,Completed,1864.73
P04938,O04938,UPI,Completed,495.61
P04939,O04939,Credit Card,Completed,1407.9
P04940,O04940,UPI,Completed,1979.55
P04941,O04941,UPI,Refunded,1364.22
P04942,O04942,UPI,Completed,230.67
P04943,O04943,UPI,Completed,1218.01
P04944,O04944,UPI,Completed,441.7
P04945,O04945,Credit Card,Completed,157.96
P04946,O04946,Credit Card,Completed,736.43
P04947,O04947,Credit Card,Completed,605.6
P04948,O04948,Credit Card,Completed,1598.66
P04949,O04949,Debit Card,Completed,809.99
P04950,O04950,UPI,Completed,1492.62
P04951,O04951,Cash,Completed,130.85
P04952,O04952,Cash,Completed,128.14
P04953,O04953,Credit Card,Completed,155.7
P04954,O04954,Debit Card,Completed,516.78
P04955,O04955,Debit Card,Completed,810.58
P04956,O04956,Credit Card,Completed,1254.91
P04957,O04957,UPI,Completed,1973.24
P04958,O04958,Debit Card,Completed,773.38
P04959,O04959,Debit Card,Completed,205.75
P04960,O04960,Credit Card,Completed,470.31
P04961,O04961,UPI,Completed,1805.92
P04962,O04962,UPI,Completed,1428.82
P04963,O04963,UPI,Completed,1601.38
P04964,O04964,Credit Card,Completed,335.92
P04965,O04965,UPI,Completed,356.48
P04966,O04966,UPI,Completed,313.27
P04967,O04967,UPI,Failed,1728.62
P04968,O04968,UPI,Completed,498.94
P04969,O04969,UPI,Completed,1321.99
P04970,O04970,UPI,Completed,1080.72
P04971,O04971,UPI,Completed,1134.34
P04972,O04972,UPI,Completed,471.33
P04973,O04973,Debit Card,Completed,1306.97
P04974,O04974,UPI,Completed,181.89
P04975,O04975,UPI,Completed,1987.6
P04976,O04976,Cash,Completed,150.84
P04977,O04977,Credit Card,Completed,195.3
P04978,O04978,Credit Card,Completed,716.83
P04979,O04979,UPI,Completed,1680.09
P04980,O04980,UPI,Completed,588.66
P04981,O04981,UPI,Completed,996.68
P04982,O04982,Debit Card,Completed,134.16
P04983,O04983,Debit Card,Completed,249.87
P04984,O04984,Cash,Completed,1255.14
P04985,O04985,Credit Card,Completed,469.28
P04986,O04986,Cash,Completed,1419.08
P04987,O04987,UPI,Completed,1592.24
P04988,O04988,UPI,Completed,1715.63
P04989,O04989,Debit Card,Failed,354.22
P04990,O04990,UPI,Completed,965.47
P04991,O04991,Cash,Completed,1899.45
P04992,O04992,UPI,Completed,1566.96
P04993,O04993,UPI,Completed,322.22
P04994,O04994,Credit Card,Completed,1054.75
P04995,O04995,UPI,Completed,1852.52
P04996,O04996,UPI,Completed,936.07
P04997,O04997,Credit Card,Completed,1691.09
P04998,O04998,Debit Card,Completed,1042.1
P04999,O04999,UPI,Completed,302.94
P05000,O05000,UPI,Completed,380.92
P05001,O05001,UPI,Completed,188.68
P05002,O05002,UPI,Completed,471.1
P05003,O05003,Debit Card,Completed,1797.87
P05004,O05004,UPI,Completed,1335.38
P05005,O05005,UPI,Completed,1503.83
P05006,O05006,Debit Card,Completed,1281.16
P05007,O05007,Cash,Completed,834.42
P05008,O05008,UPI,Completed,512.04
P05009,O05009,Credit Card,Completed,1858.67
P05010,O05010,Debit Card,Completed,1078.18
P05011,O05011,Cash,Completed,1014.09
P05012,O05012,Cash,Completed,1992.6
P05013,O05013,Cash,Completed,829.47
P05014,O05014,UPI,Completed,1722.84
P05015,O05015,UPI,Completed,1738.45
P05016,O05016,UPI,Completed,542.07
P05017,O05017,Credit Card,Failed,280.2
P05018,O05018,UPI,Completed,1953.68
P05019,O05019,UPI,Completed,909.2
P05020,O05020,Debit Card,Completed,104.22
P05021,O05021,Debit Card,Completed,1048.13
P05022,O05022,UPI,Completed,1276.67
P05023,O05023,Credit Card,Completed,1574.57
P05024,O05024,Credit Card,Completed,1891.59
P05025,O05025,Debit Card,Completed,1838.82
P05026,O05026,Credit Card,Completed,1886.26
P05027,O05027,UPI,Failed,161.04
P05028,O05028,UPI,Completed,1452.37
P05029,O05029,Debit Card,Completed,529.13
P05030,O05030,UPI,Completed,456.35
P05031,O05031,UPI,Completed,1620.61
P05032,O05032,UPI,Completed,892.55
P05033,O05033,UPI,Completed,1841.54
P05034,O05034,UPI,Completed,180.63
P05035,O05035,Cash,Completed,1624.14
P05036,O05036,UPI,Completed,359.99
P05037,O05037,Credit Card,Completed,435.5
P05038,O05038,Cash,Completed,1006.97
P05039,O05039,Credit Card,Completed,851.62
P05040,O05040,UPI,Completed,1023.73
P05041,O05041,UPI,Completed,1886.05
P05042,O05042,UPI,Failed,1349.04
P05043,O05043,UPI,Completed,651.59
P05044,O05044,UPI,Completed,428.53
P05045,O05045,Debit Card,Completed,898.09
P05046,O05046,Credit Card,Completed,958.12
P05047,O05047,UPI,Completed,1242.46
P05048,O05048,UPI,Completed,605.41
P05049,O05049,Credit Card,Completed,1558.27
P05050,O05050,UPI,Completed,287.07
P05051,O05051,UPI,Completed,1164.86
P05052,O05052,Credit Card,Completed,1284.71
P05053,O05053,Debit Card,Failed,492.98
P05054,O05054,Debit Card,Completed,1669.42
P05055,O05055,Credit Card,Completed,1269.32
P05056,O05056,UPI,Completed,1326.87
P05057,O05057,Debit Card,Completed,1045.71
P05058,O05058,Debit Card,Completed,1828.23
P05059,O05059,Debit Card,Completed,1418.46
P05060,O05060,Debit Card,Refunded,825.49
P05061,O05061,Credit Card,Failed,553.35
P05062,O05062,Credit Card,Completed,235.02
P05063,O05063,Debit Card,Completed,414.19
P05064,O05064,UPI,Completed,1986.1
P05065,O05065,UPI,Completed,872.86
P05066,O05066,UPI,Completed,1807.51
P05067,O05067,UPI,Completed,424.08
P05068,O05068,Credit Card,Completed,908.19
P05069,O05069,UPI,Completed,1924.99
P05070,O05070,UPI,Completed,273.15
P05071,O05071,UPI,Completed,1228.57
P05072,O05072,UPI,Completed,1846.43
P05073,O05073,Cash,Completed,1904.4
P05074,O05074,Debit Card,Completed,1707.41
P05075,O05075,Credit Card,Completed,1726.28
P05076,O05076,UPI,Completed,1339.15
P05077,O05077,Debit Card,Completed,518.8
P05078,O05078,Debit Card,Completed,1488.29
P05079,O05079,UPI,Completed,1958.93
P05080,O05080,Credit Card,Completed,1099.27
P05081,O05081,Debit Card,Completed,595.32
P05082,O05082,Credit Card,Completed,1189.6
P05083,O05083,Cash,Completed,1412.16
P05084,O05084,Credit Card,Completed,495.73
P05085,O05085,Credit Card,Completed,1466.46
P05086,O05086,Debit Card,Completed,1216.12
P05087,O05087,UPI,Completed,1263.46
P05088,O05088,UPI,Completed,681.38
P05089,O05089,UPI,Completed,395.01
P05090,O05090,UPI,Completed,1284.55
P05091,O05091,Debit Card,Completed,1213.84
P05092,O05092,UPI,Completed,742.22
P05093,O05093,Credit Card,Completed,662.2
P05094,O05094,UPI,Completed,759.76
P05095,O05095,UPI,Completed,1030.78
P05096,O05096,Cash,Completed,1952.16
P05097,O05097,Credit Card,Completed,1550.77
P05098,O05098,UPI,Completed,1718.31
P05099,O05099,Debit Card,Completed,1060.73
P05100,O05100,Debit Card,Completed,1099.63
P05101,O05101,Cash,Completed,488.22
P05102,O05102,Credit Card,Completed,1469.99
P05103,O05103,UPI,Completed,901.01
P05104,O05104,Debit Card,Completed,1510.65
P05105,O05105,Debit Card,Completed,877.21
P05106,O05106,UPI,Completed,306.18
P05107,O05107,Credit Card,Completed,428.8
P05108,O05108,UPI,Completed,1641.98
P05109,O05109,Cash,Completed,591.37
P05110,O05110,Debit Card,Completed,602.27
P05111,O05111,UPI,Completed,1865.8
P05112,O05112,UPI,Completed,1349.51
P05113,O05113,UPI,Completed,317.18
P05114,O05114,UPI,Completed,372.81
P05115,O05115,UPI,Completed,617.5
P05116,O05116,UPI,Completed,1228.59
P05117,O05117,Credit Card,Completed,1530.37
P05118,O05118,Credit Card,Completed,621.54
P05119,O05119,UPI,Completed,1754.22
P05120,O05120,UPI,Completed,307.44
P05121,O05121,UPI,Completed,494.44
P05122,O05122,UPI,Completed,1943.88
P05123,O05123,UPI,Completed,356.02
P05124,O05124,UPI,Completed,1787.41
P05125,O05125,Cash,Completed,1437.48
P05126,O05126,Credit Card,Completed,238.87
P05127,O05127,UPI,Completed,1019.04
P05128,O05128,Credit Card,Completed,1086.06
P05129,O05129,Cash,Completed,1871.07
P05130,O05130,UPI,Completed,900.1
P05131,O05131,Credit Card,Completed,948.85
P05132,O05132,UPI,Completed,313.72
P05133,O05133,UPI,Completed,1314.43
P05134,O05134,UPI,Completed,500.7
P05135,O05135,UPI,Completed,247.31
P05136,O05136,Debit Card,Completed,1994.15
P05137,O05137,UPI,Completed,612.3
P05138,O05138,Credit Card,Completed,368.0
P05139,O05139,Credit Card,Completed,1429.03
P05140,O05140,UPI,Completed,1661.2
P05141,O05141,Credit Card,Completed,221.75
P05142,O05142,Debit Card,Completed,300.25
P05143,O05143,UPI,Completed,271.33
P05144,O05144,UPI,Completed,189.22
P05145,O05145,Debit Card,Refunded,1352.97
P05146,O05146,UPI,Completed,1217.8
P05147,O05147,Credit Card,Failed,1359.33
P05148,O05148,UPI,Completed,1060.77
P05149,O05149,Debit Card,Completed,1653.26
P05150,O05150,Cash,Completed,1138.67
P05151,O05151,Cash,Completed,1845.62
P05152,O05152,UPI,Completed,1022.73
P05153,O05153,Credit Card,Completed,1602.25
P05154,O05154,Credit Card,Completed,873.98
P05155,O05155,UPI,Completed,926.93
P05156,O05156,Debit Card,Completed,1713.08
P05157,O05157,Debit Card,Completed,304.55
P05158,O05158,Debit Card,Completed,1173.34
P05159,O05159,Debit Card,Completed,1480.04
P05160,O05160,Credit Card,Completed,1525.8
P05161,O05161,Credit Card,Completed,1223.84
P05162,O05162,UPI,Completed,951.32
P05163,O05163,Debit Card,Completed,595.49
P05164,O05164,Debit Card,Completed,1827.91
P05165,O05165,Debit Card,Completed,802.6
P05166,O05166,UPI,Completed,1618.08
P05167,O05167,UPI,Completed,160.16
P05168,O05168,UPI,Completed,541.12
P05169,O05169,UPI,Completed,756.61
P05170,O05170,Debit Card,Completed,1375.99
P05171,O05171,UPI,Completed,706.73
P05172,O05172,Credit Card,Completed,178.59
P05173,O05173,Credit Card,Completed,430.35
P05174,O05174,Debit Card,Completed,592.41
P05175,O05175,Credit Card,Completed,434.49
P05176,O05176,Credit Card,Completed,487.08
P05177,O05177,UPI,Completed,1561.02
P05178,O05178,UPI,Completed,882.86
P05179,O05179,UPI,Completed,869.84
P05180,O05180,UPI,Completed,1936.55
P05181,O05181,UPI,Completed,948.73
P05182,O05182,UPI,Completed,1862.55
P05183,O05183,Debit Card,Completed,668.22
P05184,O05184,Credit Card,Completed,861.19
P05185,O05185,Debit Card,Completed,852.94
P05186,O05186,UPI,Completed,1137.55
P05187,O05187,Credit Card,Completed,1210.07
P05188,O05188,Debit Card,Failed,571.44
P05189,O05189,Credit Card,Refunded,1607.81
P05190,O05190,Credit Card,Completed,1043.4
P05191,O05191,UPI,Completed,113.38
P05192,O05192,Debit Card,Completed,1223.55
P05193,O05193,Debit Card,Completed,1616.31
P05194,O05194,Debit Card,Completed,575.89
P05195,O05195,Cash,Refunded,171.95
P05196,O05196,Debit Card,Completed,1633.64
P05197,O05197,UPI,Completed,1954.93
P05198,O05198,UPI,Completed,245.47
P05199,O05199,Cash,Completed,1882.27
P05200,O05200,UPI,Completed,782.62
P05201,O05201,Cash,Completed,1888.74
P05202,O05202,Debit Card,Completed,1332.79
P05203,O05203,UPI,Completed,1791.46
P05204,O05204,Credit Card,Completed,1593.08
P05205,O05205,Cash,Completed,153.2
P05206,O05206,UPI,Completed,224.34
P05207,O05207,Debit Card,Completed,1098.91
P05208,O05208,UPI,Completed,346.28
P05209,O05209,UPI,Completed,975.97
P05210,O05210,UPI,Completed,1913.8
P05211,O05211,UPI,Completed,660.04
P05212,O05212,UPI,Completed,1028.93
P05213,O05213,Cash,Completed,830.09
P05214,O05214,UPI,Completed,1296.67
P05215,O05215,UPI,Completed,468.31
P05216,O05216,Debit Card,Completed,593.88
P05217,O05217,UPI,Refunded,1731.66
P05218,O05218,Credit Card,Completed,1641.54
P05219,O05219,Debit Card,Completed,1599.46
P05220,O05220,Debit Card,Completed,1564.75
P05221,O05221,Debit Card,Completed,972.93
P05222,O05222,UPI,Completed,1484.89
P05223,O05223,Credit Card,Completed,835.69
P05224,O05224,UPI,Completed,291.35
P05225,O05225,Credit Card,Completed,847.41
P05226,O05226,UPI,Completed,401.46
P05227,O05227,Debit Card,Failed,842.62
P05228,O05228,Cash,Completed,665.11
P05229,O05229,UPI,Completed,1238.41
P05230,O05230,UPI,Completed,786.93
P05231,O05231,Credit Card,Completed,1440.62
P05232,O05232,Cash,Completed,1073.08
P05233,O05233,UPI,Completed,1847.04
P05234,O05234,UPI,Completed,272.95
P05235,O05235,Cash,Failed,1406.65
P05236,O05236,UPI,Completed,1377.55
P05237,O05237,Credit Card,Completed,1906.19
P05238,O05238,Debit Card,Completed,805.95
P05239,O05239,Credit Card,Refunded,680.33
P05240,O05240,UPI,Completed,427.55
P05241,O05241,Credit Card,Completed,604.05
P05242,O05242,UPI,Completed,1053.59
P05243,O05243,UPI,Completed,1691.65
P05244,O05244,Debit Card,Completed,640.14
P05245,O05245,Debit Card,Completed,399.71
P05246,O05246,Credit Card,Completed,617.04
P05247,O05247,Credit Card,Completed,291.76
P05248,O05248,UPI,Completed,1860.72
P05249,O05249,Debit Card,Completed,1757.99
P05250,O05250,Debit Card,Completed,686.13
P05251,O05251,Debit Card,Completed,569.28
P05252,O05252,Credit Card,Completed,1820.25
P05253,O05253,Debit Card,Completed,103.37
P05254,O05254,Debit Card,Completed,1241.1
P05255,O05255,UPI,Completed,1840.41
P05256,O05256,UPI,Completed,1066.26
P05257,O05257,UPI,Completed,105.64
P05258,O05258,UPI,Completed,515.86
P05259,O05259,Debit Card,Completed,1852.64
P05260,O05260,Credit Card,Refunded,132.34
P05261,O05261,Credit Card,Completed,850.08
P05262,O05262,Debit Card,Completed,1600.51
P05263,O05263,UPI,Completed,1692.37
P05264,O05264,Debit Card,Refunded,1007.46
P05265,O05265,Debit Card,Completed,541.72
P05266,O05266,Credit Card,Completed,1239.44
P05267,O05267,Credit Card,Completed,601.18
P05268,O05268,UPI,Completed,585.0
P05269,O05269,Debit Card,Completed,1634.44
P05270,O05270,UPI,Completed,393.11
P05271,O05271,UPI,Failed,110.49
P05272,O05272,Credit Card,Completed,739.87
P05273,O05273,UPI,Failed,1032.85
P05274,O05274,UPI,Completed,1439.65
P05275,O05275,Credit Card,Completed,1584.12
P05276,O05276,Credit Card,Completed,1360.69
P05277,O05277,Debit Card,Completed,1290.37
P05278,O05278,Credit Card,Completed,1364.92
P05279,O05279,Credit Card,Completed,615.9
P05280,O05280,Debit Card,Completed,826.49
P05281,O05281,Debit Card,Completed,1271.23
P05282,O05282,UPI,Completed,224.58
P05283,O05283,UPI,Completed,661.12
P05284,O05284,Credit Card,Completed,872.2
P05285,O05285,Credit Card,Completed,1113.54
P05286,O05286,Credit Card,Completed,1024.32
P05287,O05287,UPI,Failed,1464.45
P05288,O05288,Debit Card,Refunded,999.51
P05289,O05289,UPI,Completed,1817.85
P05290,O05290,UPI,Completed,822.6
P05291,O05291,UPI,Completed,1098.21
P05292,O05292,Debit Card,Completed,106.1
P05293,O05293,UPI,Completed,689.91
P05294,O05294,Debit Card,Refunded,1746.49
P05295,O05295,Cash,Completed,733.8
P05296,O05296,Credit Card,Failed,581.05
P05297,O05297,UPI,Completed,1132.72
P05298,O05298,UPI,Completed,249.59
P05299,O05299,UPI,Completed,1110.05
P05300,O05300,Credit Card,Completed,676.97
P05301,O05301,UPI,Completed,827.9
P05302,O05302,Cash,Completed,1603.59
P05303,O05303,UPI,Failed,1357.73
P05304,O05304,Cash,Completed,947.6
P05305,O05305,Debit Card,Completed,1197.28
P05306,O05306,UPI,Completed,1557.03
P05307,O05307,UPI,Completed,1516.99
P05308,O05308,Cash,Completed,452.11
P05309,O05309,UPI,Completed,671.75
P05310,O05310,Credit Card,Completed,761.65
P05311,O05311,Credit Card,Failed,456.33
P05312,O05312,Debit Card,Refunded,123.11
P05313,O05313,Credit Card,Refunded,430.54
P05314,O05314,UPI,Completed,1635.66
P05315,O05315,Debit Card,Completed,1137.25
P05316,O05316,UPI,Completed,749.15
P05317,O05317,Cash,Completed,1255.85
P05318,O05318,UPI,Completed,1505.68
P05319,O05319,UPI,Completed,773.41
P05320,O05320,Debit Card,Completed,985.54
P05321,O05321,UPI,Completed,222.01
P05322,O05322,Credit Card,Completed,1234.47
P05323,O05323,Debit Card,Completed,777.17
P05324,O05324,UPI,Completed,923.69
P05325,O05325,UPI,Completed,902.94
P05326,O05326,Debit Card,Completed,1301.58
P05327,O05327,Debit Card,Completed,1187.68
P05328,O05328,Debit Card,Completed,902.0
P05329,O05329,UPI,Completed,132.21
P05330,O05330,UPI,Completed,1279.83
P05331,O05331,UPI,Completed,1771.2
P05332,O05332,Debit Card,Completed,1562.15
P05333,O05333,UPI,Completed,1965.07
P05334,O05334,Credit Card,Completed,364.24
P05335,O05335,UPI,Completed,522.79
P05336,O05336,Credit Card,Completed,1124.61
P05337,O05337,UPI,Completed,548.18
P05338,O05338,Credit Card,Completed,165.64
P05339,O05339,UPI,Completed,864.35
P05340,O05340,Credit Card,Completed,646.52
P05341,O05341,Debit Card,Completed,601.15
P05342,O05342,UPI,Completed,1911.03
P05343,O05343,Credit Card,Completed,553.06
P05344,O05344,UPI,Completed,345.92
P05345,O05345,Credit Card,Completed,338.11
P05346,O05346,Debit Card,Completed,1632.02
P05347,O05347,UPI,Completed,1458.21
P05348,O05348,UPI,Failed,346.02
P05349,O05349,UPI,Completed,517.53
P05350,O05350,UPI,Completed,1519.95
P05351,O05351,UPI,Completed,621.77
P05352,O05352,Cash,Completed,1964.93
P05353,O05353,Cash,Completed,1127.08
P05354,O05354,Credit Card,Failed,464.82
P05355,O05355,Debit Card,Failed,1731.74
P05356,O05356,UPI,Completed,707.0
P05357,O05357,Debit Card,Completed,648.73
P05358,O05358,Debit Card,Completed,722.14
P05359,O05359,UPI,Completed,1559.57
P05360,O05360,Debit Card,Completed,429.1
P05361,O05361,UPI,Completed,825.39
P05362,O05362,Debit Card,Failed,158.58
P05363,O05363,Credit Card,Completed,1670.59
P05364,O05364,UPI,Completed,747.37
P05365,O05365,Debit Card,Completed,571.53
P05366,O05366,UPI,Completed,1201.8
P05367,O05367,Cash,Completed,1439.48
P05368,O05368,UPI,Completed,1644.5
P05369,O05369,UPI,Completed,760.79
P05370,O05370,UPI,Refunded,1643.37
P05371,O05371,UPI,Completed,983.27
P05372,O05372,UPI,Refunded,292.17
P05373,O05373,UPI,Completed,1707.98
P05374,O05374,Credit Card,Completed,1140.51
P05375,O05375,Credit Card,Failed,1244.69
P05376,O05376,Debit Card,Completed,1881.23
P05377,O05377,Cash,Completed,1162.39
P05378,O05378,Debit Card,Completed,110.61
P05379,O05379,UPI,Completed,1754.17
P05380,O05380,Credit Card,Completed,641.03
P05381,O05381,UPI,Completed,1053.36
P05382,O05382,UPI,Completed,489.28
P05383,O05383,Cash,Completed,664.27
P05384,O05384,UPI,Completed,1404.63
P05385,O05385,UPI,Completed,916.19
P05386,O05386,Cash,Failed,1291.55
P05387,O05387,UPI,Completed,1664.79
P05388,O05388,UPI,Failed,747.56
P05389,O05389,Credit Card,Completed,1179.85
P05390,O05390,UPI,Completed,1577.42
P05391,O05391,UPI,Completed,1458.73
P05392,O05392,UPI,Completed,1125.7
P05393,O05393,Credit Card,Completed,828.43
P05394,O05394,UPI,Completed,874.25
P05395,O05395,UPI,Completed,922.96
P05396,O05396,Credit Card,Completed,762.81
P05397,O05397,UPI,Completed,1428.24
P05398,O05398,Credit Card,Completed,338.29
P05399,O05399,Credit Card,Completed,1938.16
P05400,O05400,Cash,Completed,1580.07
P05401,O05401,UPI,Completed,666.51
P05402,O05402,UPI,Completed,180.84
P05403,O05403,UPI,Completed,1451.48
P05404,O05404,Debit Card,Completed,1495.28
P05405,O05405,Cash,Completed,1930.88
P05406,O05406,Debit Card,Failed,582.04
P05407,O05407,Debit Card,Completed,257.18
P05408,O05408,UPI,Completed,1838.76
P05409,O05409,UPI,Completed,591.43
P05410,O05410,Debit Card,Completed,1470.91
P05411,O05411,UPI,Completed,215.25
P05412,O05412,UPI,Completed,1545.11
P05413,O05413,UPI,Failed,341.35
P05414,O05414,UPI,Completed,1421.61
P05415,O05415,UPI,Completed,1111.45
P05416,O05416,Credit Card,Completed,1915.43
P05417,O05417,UPI,Completed,170.14
P05418,O05418,UPI,Completed,654.89
P05419,O05419,Credit Card,Completed,232.07
P05420,O05420,UPI,Completed,1770.48
P05421,O05421,UPI,Completed,1228.41
P05422,O05422,UPI,Completed,1116.44
P05423,O05423,Credit Card,Completed,349.77
P05424,O05424,Debit Card,Completed,1029.16
P05425,O05425,Credit Card,Refunded,857.54
P05426,O05426,UPI,Completed,699.93
P05427,O05427,Debit Card,Completed,1567.16
P05428,O05428,Credit Card,Completed,216.42
P05429,O05429,UPI,Completed,1328.7
P05430,O05430,UPI,Completed,1663.69
P05431,O05431,UPI,Completed,1823.88
P05432,O05432,UPI,Completed,1517.24
P05433,O05433,UPI,Completed,636.67
P05434,O05434,Credit Card,Completed,1240.96
P05435,O05435,UPI,Completed,368.67
P05436,O05436,UPI,Completed,322.42
P05437,O05437,Debit Card,Completed,1313.39
P05438,O05438,UPI,Completed,1717.1
P05439,O05439,Credit Card,Completed,227.77
P05440,O05440,Debit Card,Completed,301.41
P05441,O05441,Debit Card,Completed,1174.65
P05442,O05442,UPI,Completed,514.6
P05443,O05443,UPI,Completed,1262.45
P05444,O05444,Credit Card,Completed,507.63
P05445,O05445,Credit Card,Completed,321.32
P05446,O05446,Credit Card,Completed,1136.59
P05447,O05447,UPI,Completed,1738.17
P05448,O05448,Credit Card,Completed,1401.73
P05449,O05449,Credit Card,Completed,1655.58
P05450,O05450,UPI,Completed,606.04
P05451,O05451,UPI,Completed,1783.36
P05452,O05452,Credit Card,Completed,816.37
P05453,O05453,Debit Card,Completed,1719.65
P05454,O05454,UPI,Refunded,995.23
P05455,O05455,UPI,Completed,608.93
P05456,O05456,Credit Card,Completed,594.49
P05457,O05457,UPI,Completed,1178.57
P05458,O05458,Cash,Completed,250.12
P05459,O05459,UPI,Completed,1867.11
P05460,O05460,UPI,Completed,615.78
P05461,O05461,UPI,Completed,737.69
P05462,O05462,Credit Card,Completed,543.27
P05463,O05463,Credit Card,Completed,105.72
P05464,O05464,Cash,Completed,1415.85
P05465,O05465,UPI,Completed,1222.05
P05466,O05466,Credit Card,Completed,1638.32
P05467,O05467,UPI,Completed,177.92
P05468,O05468,UPI,Completed,1864.45
P05469,O05469,Debit Card,Completed,728.69
P05470,O05470,UPI,Completed,1834.83
P05471,O05471,UPI,Completed,303.55
P05472,O05472,UPI,Completed,1513.45
P05473,O05473,UPI,Completed,1200.78
P05474,O05474,Credit Card,Completed,780.56
P05475,O05475,Debit Card,Completed,250.37
P05476,O05476,Credit Card,Completed,1249.0
P05477,O05477,Debit Card,Completed,150.24
P05478,O05478,Debit Card,Completed,1052.44
P05479,O05479,Credit Card,Completed,1248.0
P05480,O05480,Credit Card,Completed,1491.8
P05481,O05481,UPI,Completed,1983.54
P05482,O05482,Credit Card,Completed,594.18
P05483,O05483,UPI,Completed,712.54
P05484,O05484,Credit Card,Completed,748.18
P05485,O05485,Debit Card,Completed,1490.01
P05486,O05486,UPI,Completed,1870.46
P05487,O05487,Credit Card,Completed,1951.22
P05488,O05488,UPI,Completed,1897.04
P05489,O05489,Debit Card,Completed,1770.83
P05490,O05490,Credit Card,Completed,1982.86
P05491,O05491,Credit Card,Completed,814.3
P05492,O05492,Credit Card,Failed,1901.81
P05493,O05493,Credit Card,Completed,1545.94
P05494,O05494,Credit Card,Completed,420.07
P05495,O05495,Credit Card,Completed,186.38
P05496,O05496,Credit Card,Completed,507.52
P05497,O05497,Debit Card,Completed,1579.63
P05498,O05498,UPI,Completed,1300.22
P05499,O05499,Debit Card,Completed,526.28
P05500,O05500,Debit Card,Completed,1509.65
P05501,O05501,UPI,Completed,368.51
P05502,O05502,UPI,Completed,1661.5
P05503,O05503,Credit Card,Completed,1608.91
P05504,O05504,UPI,Failed,1947.89
P05505,O05505,Debit Card,Completed,385.53
P05506,O05506,UPI,Completed,1822.56
P05507,O05507,UPI,Completed,748.1
P05508,O05508,Debit Card,Completed,890.51
P05509,O05509,Debit Card,Completed,990.05
P05510,O05510,Cash,Completed,1291.12
P05511,O05511,UPI,Completed,1990.05
P05512,O05512,Credit Card,Completed,1239.92
P05513,O05513,Debit Card,Completed,1860.76
P05514,O05514,Debit Card,Completed,584.55
P05515,O05515,UPI,Completed,856.98
P05516,O05516,UPI,Completed,1058.55
P05517,O05517,Credit Card,Completed,713.51
P05518,O05518,Credit Card,Completed,1956.05
P05519,O05519,Cash,Completed,1478.8
P05520,O05520,UPI,Completed,1009.87
P05521,O05521,Credit Card,Completed,1527.48
P05522,O05522,Credit Card,Completed,988.14
P05523,O05523,UPI,Completed,132.73
P05524,O05524,Cash,Refunded,1132.07
P05525,O05525,UPI,Failed,1287.85
P05526,O05526,UPI,Completed,1964.29
P05527,O05527,Credit Card,Completed,177.51
P05528,O05528,Credit Card,Completed,1072.98
P05529,O05529,Credit Card,Completed,286.49
P05530,O05530,UPI,Completed,383.09
P05531,O05531,Debit Card,Completed,1259.88
P05532,O05532,UPI,Completed,539.98
P05533,O05533,UPI,Completed,1523.43
P05534,O05534,UPI,Completed,1076.98
P05535,O05535,Credit Card,Completed,514.6
P05536,O05536,Debit Card,Completed,1038.2
P05537,O05537,UPI,Completed,101.68
P05538,O05538,Debit Card,Completed,1739.21
P05539,O05539,Credit Card,Completed,124.09
P05540,O05540,Debit Card,Completed,113.32
P05541,O05541,UPI,Completed,1261.86
P05542,O05542,UPI,Completed,1949.69
P05543,O05543,UPI,Completed,1726.27
P05544,O05544,UPI,Completed,578.84
P05545,O05545,UPI,Completed,473.67
P05546,O05546,UPI,Completed,1289.61
P05547,O05547,UPI,Completed,1663.01
P05548,O05548,UPI,Completed,787.95
P05549,O05549,Credit Card,Completed,921.47
P05550,O05550,UPI,Completed,319.43
P05551,O05551,Debit Card,Completed,390.37
P05552,O05552,Credit Card,Completed,1179.87
P05553,O05553,UPI,Completed,295.05
P05554,O05554,UPI,Completed,483.89
P05555,O05555,UPI,Completed,545.89
P05556,O05556,Credit Card,Completed,943.46
P05557,O05557,Debit Card,Refunded,186.66
P05558,O05558,UPI,Completed,1049.56
P05559,O05559,Credit Card,Completed,1864.48
P05560,O05560,UPI,Completed,146.48
P05561,O05561,Debit Card,Completed,1298.87
P05562,O05562,UPI,Completed,1688.1
P05563,O05563,UPI,Completed,693.68
P05564,O05564,Credit Card,Completed,349.89
P05565,O05565,UPI,Completed,182.35
P05566,O05566,Debit Card,Completed,1323.42
P05567,O05567,Debit Card,Completed,1149.25
P05568,O05568,Credit Card,Completed,535.66
P05569,O05569,UPI,Completed,1680.07
P05570,O05570,Credit Card,Completed,1497.46
P05571,O05571,UPI,Completed,625.21
P05572,O05572,Credit Card,Refunded,1531.39
P05573,O05573,Credit Card,Completed,565.49
P05574,O05574,Debit Card,Refunded,1383.01
P05575,O05575,Credit Card,Completed,325.24
P05576,O05576,Credit Card,Completed,1415.25
P05577,O05577,Cash,Completed,553.67
P05578,O05578,UPI,Completed,1187.69
P05579,O05579,Credit Card,Failed,427.68
P05580,O05580,UPI,Completed,1479.34
P05581,O05581,Debit Card,Completed,215.67
P05582,O05582,Debit Card,Completed,414.29
P05583,O05583,UPI,Completed,449.86
P05584,O05584,Credit Card,Completed,178.55
P05585,O05585,Cash,Completed,1515.52
P05586,O05586,Debit Card,Refunded,1963.81
P05587,O05587,Credit Card,Completed,1578.96
P05588,O05588,UPI,Completed,1735.2
P05589,O05589,Credit Card,Completed,111.41
P05590,O05590,UPI,Completed,323.95
P05591,O05591,UPI,Completed,1162.14
P05592,O05592,Cash,Completed,1957.95
P05593,O05593,Credit Card,Completed,1355.35
P05594,O05594,UPI,Completed,810.86
P05595,O05595,Credit Card,Completed,377.68
P05596,O05596,UPI,Failed,390.39
P05597,O05597,Credit Card,Completed,789.23
P05598,O05598,Debit Card,Completed,1456.24
P05599,O05599,Credit Card,Completed,160.46
P05600,O05600,Credit Card,Completed,1719.14
P05601,O05601,Debit Card,Completed,1888.95
P05602,O05602,Debit Card,Completed,1788.75
P05603,O05603,Credit Card,Failed,1834.75
P05604,O05604,Debit Card,Completed,129.14
P05605,O05605,UPI,Completed,1957.81
P05606,O05606,Debit Card,Completed,796.08
P05607,O05607,UPI,Completed,1751.63
P05608,O05608,Credit Card,Completed,454.94
P05609,O05609,Debit Card,Refunded,948.4
P05610,O05610,UPI,Completed,183.91
P05611,O05611,UPI,Completed,176.14
P05612,O05612,Credit Card,Completed,1892.22
P05613,O05613,UPI,Completed,1640.15
P05614,O05614,UPI,Completed,1106.67
P05615,O05615,UPI,Completed,1098.37
P05616,O05616,UPI,Completed,1522.63
P05617,O05617,UPI,Completed,749.17
P05618,O05618,Debit Card,Completed,1547.55
P05619,O05619,UPI,Completed,1021.52
P05620,O05620,Credit Card,Completed,1312.04
P05621,O05621,UPI,Completed,1933.18
P05622,O05622,UPI,Completed,995.5
P05623,O05623,UPI,Completed,894.97
P05624,O05624,UPI,Completed,1820.92
P05625,O05625,Debit Card,Completed,1814.9
P05626,O05626,UPI,Refunded,1985.6
P05627,O05627,UPI,Completed,1146.64
P05628,O05628,UPI,Completed,754.1
P05629,O05629,Cash,Completed,556.74
P05630,O05630,Credit Card,Completed,164.78
P05631,O05631,UPI,Completed,1480.78
P05632,O05632,Cash,Completed,543.6
P05633,O05633,UPI,Completed,1252.62
P05634,O05634,Debit Card,Completed,1841.53
P05635,O05635,Cash,Completed,1905.41
P05636,O05636,Cash,Completed,108.38
P05637,O05637,Debit Card,Completed,702.44
P05638,O05638,Cash,Completed,1691.02
P05639,O05639,UPI,Completed,1119.25
P05640,O05640,Debit Card,Completed,1634.27
P05641,O05641,Credit Card,Refunded,1721.31
P05642,O05642,Debit Card,Completed,940.99
P05643,O05643,UPI,Completed,782.07
P05644,O05644,Cash,Completed,965.32
P05645,O05645,UPI,Completed,1340.31
P05646,O05646,UPI,Completed,797.6
P05647,O05647,Debit Card,Completed,1572.48
P05648,O05648,Debit Card,Completed,1817.59
P05649,O05649,Credit Card,Refunded,636.39
P05650,O05650,Debit Card,Completed,1933.48
P05651,O05651,UPI,Completed,1283.18
P05652,O05652,Debit Card,Completed,1768.52
P05653,O05653,UPI,Completed,297.44
P05654,O05654,Credit Card,Completed,577.85
P05655,O05655,UPI,Completed,709.94
P05656,O05656,Debit Card,Completed,675.36
P05657,O05657,UPI,Completed,426.54
P05658,O05658,UPI,Completed,1749.58
P05659,O05659,Cash,Completed,895.36
P05660,O05660,Debit Card,Refunded,1929.95
P05661,O05661,UPI,Completed,1208.6
P05662,O05662,Cash,Completed,362.95
P05663,O05663,Credit Card,Completed,1137.22
P05664,O05664,Debit Card,Completed,1987.74
P05665,O05665,UPI,Completed,1173.83
P05666,O05666,UPI,Refunded,103.55
P05667,O05667,UPI,Completed,1872.85
P05668,O05668,UPI,Failed,546.3
P05669,O05669,Credit Card,Failed,1408.21
P05670,O05670,UPI,Completed,1078.65
P05671,O05671,Cash,Completed,718.32
P05672,O05672,Cash,Completed,637.02
P05673,O05673,Cash,Completed,1864.64
P05674,O05674,UPI,Completed,1832.66
P05675,O05675,UPI,Completed,1074.96
P05676,O05676,UPI,Completed,591.14
P05677,O05677,UPI,Completed,294.45
P05678,O05678,Debit Card,Completed,397.5
P05679,O05679,UPI,Completed,1092.28
P05680,O05680,Cash,Completed,684.88
P05681,O05681,UPI,Completed,179.93
P05682,O05682,UPI,Completed,964.82
P05683,O05683,UPI,Completed,1517.76
P05684,O05684,UPI,Completed,1794.22
P05685,O05685,UPI,Completed,1212.04
P05686,O05686,Debit Card,Completed,1474.26
P05687,O05687,Credit Card,Completed,791.73
P05688,O05688,UPI,Completed,1042.85
P05689,O05689,Credit Card,Completed,1486.29
P05690,O05690,UPI,Failed,1482.55
P05691,O05691,Debit Card,Completed,906.6
P05692,O05692,UPI,Completed,1132.97
P05693,O05693,Credit Card,Completed,1855.33
P05694,O05694,Cash,Completed,1300.8
P05695,O05695,Cash,Failed,1320.89
P05696,O05696,Debit Card,Refunded,1590.78
P05697,O05697,Credit Card,Completed,318.92
P05698,O05698,Credit Card,Completed,1093.48
P05699,O05699,UPI,Completed,1922.92
P05700,O05700,Debit Card,Completed,787.15
P05701,O05701,UPI,Completed,660.36
P05702,O05702,Debit Card,Completed,1242.3
P05703,O05703,Cash,Completed,520.13
P05704,O05704,UPI,Completed,1156.3
P05705,O05705,Debit Card,Completed,395.74
P05706,O05706,Credit Card,Completed,1201.61
P05707,O05707,Credit Card,Completed,1244.52
P05708,O05708,Credit Card,Completed,894.96
P05709,O05709,Debit Card,Completed,827.22
P05710,O05710,Debit Card,Completed,566.37
P05711,O05711,UPI,Completed,728.75
P05712,O05712,Credit Card,Completed,1046.86
P05713,O05713,UPI,Completed,570.55
P05714,O05714,UPI,Completed,1587.39
P05715,O05715,Debit Card,Completed,1447.17
P05716,O05716,UPI,Completed,611.68
P05717,O05717,UPI,Completed,285.13
P05718,O05718,Debit Card,Completed,100.34
P05719,O05719,Debit Card,Completed,1233.77
P05720,O05720,UPI,Completed,501.59
P05721,O05721,Debit Card,Refunded,123.91
P05722,O05722,UPI,Failed,782.26
P05723,O05723,Credit Card,Failed,1927.8
P05724,O05724,Credit Card,Completed,1410.89
P05725,O05725,Credit Card,Completed,1729.75
P05726,O05726,Credit Card,Completed,375.0
P05727,O05727,Credit Card,Completed,239.25
P05728,O05728,UPI,Completed,121.91
P05729,O05729,UPI,Completed,1915.76
P05730,O05730,UPI,Completed,670.39
P05731,O05731,Debit Card,Completed,973.06
P05732,O05732,UPI,Completed,849.59
P05733,O05733,Credit Card,Completed,1487.87
P05734,O05734,UPI,Completed,688.93
P05735,O05735,Credit Card,Completed,1117.36
P05736,O05736,Credit Card,Completed,1991.61
P05737,O05737,UPI,Completed,943.72
P05738,O05738,UPI,Completed,1147.42
P05739,O05739,Credit Card,Completed,1054.8
P05740,O05740,UPI,Completed,1626.05
P05741,O05741,UPI,Completed,607.0
P05742,O05742,Debit Card,Completed,423.83
P05743,O05743,Credit Card,Completed,1532.78
P05744,O05744,UPI,Failed,889.67
P05745,O05745,UPI,Completed,1836.08
P05746,O05746,UPI,Completed,1323.9
P05747,O05747,Cash,Completed,1172.25
P05748,O05748,Debit Card,Completed,233.87
P05749,O05749,UPI,Completed,1487.78
P05750,O05750,UPI,Completed,1403.48
P05751,O05751,Credit Card,Completed,1316.14
P05752,O05752,Cash,Completed,609.03
P05753,O05753,Debit Card,Completed,1898.8
P05754,O05754,UPI,Completed,711.14
P05755,O05755,Credit Card,Completed,389.24
P05756,O05756,UPI,Completed,1975.68
P05757,O05757,Credit Card,Completed,1517.87
P05758,O05758,Credit Card,Completed,888.1
P05759,O05759,Credit Card,Completed,1878.24
P05760,O05760,Credit Card,Completed,273.12
P05761,O05761,Credit Card,Completed,266.56
P05762,O05762,UPI,Completed,1396.66
P05763,O05763,Credit Card,Completed,438.15
P05764,O05764,UPI,Completed,1842.57
P05765,O05765,Debit Card,Refunded,1696.68
P05766,O05766,Credit Card,Completed,682.1
P05767,O05767,Credit Card,Completed,1788.8
P05768,O05768,Debit Card,Completed,181.49
P05769,O05769,Credit Card,Completed,1142.41
P05770,O05770,UPI,Completed,1877.57
P05771,O05771,Credit Card,Completed,1725.23
P05772,O05772,UPI,Completed,776.54
P05773,O05773,Credit Card,Completed,447.45
P05774,O05774,Credit Card,Completed,500.03
P05775,O05775,UPI,Completed,1077.56
P05776,O05776,Cash,Completed,1233.87
P05777,O05777,UPI,Completed,162.35
P05778,O05778,Debit Card,Completed,885.75
P05779,O05779,Debit Card,Completed,1677.74
P05780,O05780,UPI,Completed,944.23
P05781,O05781,UPI,Completed,421.43
P05782,O05782,UPI,Completed,1914.23
P05783,O05783,Debit Card,Completed,605.92
P05784,O05784,UPI,Completed,1617.01
P05785,O05785,Credit Card,Refunded,468.21
P05786,O05786,UPI,Completed,904.03
P05787,O05787,Credit Card,Completed,1031.8
P05788,O05788,Debit Card,Completed,1051.21
P05789,O05789,Cash,Completed,1081.3
P05790,O05790,UPI,Completed,527.4
P05791,O05791,UPI,Completed,1080.24
P05792,O05792,Credit Card,Completed,1015.25
P05793,O05793,UPI,Completed,496.57
P05794,O05794,Debit Card,Completed,1977.56
P05795,O05795,UPI,Completed,1744.57
P05796,O05796,Credit Card,Completed,1786.4
P05797,O05797,Cash,Completed,1402.58
P05798,O05798,UPI,Completed,403.8
P05799,O05799,Credit Card,Completed,1179.37
P05800,O05800,Cash,Completed,1660.74
P05801,O05801,Credit Card,Completed,173.6
P05802,O05802,UPI,Completed,1042.1
P05803,O05803,Credit Card,Completed,852.63
P05804,O05804,UPI,Completed,503.04
P05805,O05805,UPI,Completed,818.68
P05806,O05806,UPI,Completed,1968.65
P05807,O05807,Credit Card,Failed,1474.16
P05808,O05808,UPI,Completed,669.12
P05809,O05809,Credit Card,Completed,1250.17
P05810,O05810,Cash,Completed,568.65
P05811,O05811,UPI,Failed,1260.6
P05812,O05812,Cash,Failed,1802.72
P05813,O05813,UPI,Completed,1158.07
P05814,O05814,UPI,Completed,1493.35
P05815,O05815,UPI,Completed,961.34
P05816,O05816,Debit Card,Completed,1095.84
P05817,O05817,Credit Card,Completed,1420.64
P05818,O05818,UPI,Completed,1643.57
P05819,O05819,Debit Card,Completed,1352.96
P05820,O05820,UPI,Completed,1957.23
P05821,O05821,UPI,Completed,1657.66
P05822,O05822,Cash,Completed,1576.6
P05823,O05823,Credit Card,Completed,1705.69
P05824,O05824,Debit Card,Completed,634.3
P05825,O05825,Credit Card,Completed,920.89
P05826,O05826,Cash,Completed,1172.48
P05827,O05827,Cash,Completed,978.53
P05828,O05828,UPI,Completed,1710.17
P05829,O05829,UPI,Completed,151.43
P05830,O05830,Credit Card,Completed,497.43
P05831,O05831,Debit Card,Completed,1775.24
P05832,O05832,Credit Card,Completed,212.29
P05833,O05833,UPI,Completed,531.28
P05834,O05834,Debit Card,Failed,767.38
P05835,O05835,UPI,Completed,1526.41
P05836,O05836,Credit Card,Completed,1164.34
P05837,O05837,UPI,Completed,1913.75
P05838,O05838,Credit Card,Completed,532.96
P05839,O05839,UPI,Completed,1757.03
P05840,O05840,UPI,Completed,637.54
P05841,O05841,Credit Card,Completed,566.45
P05842,O05842,UPI,Completed,1046.91
P05843,O05843,UPI,Completed,235.29
P05844,O05844,UPI,Completed,830.18
P05845,O05845,UPI,Completed,775.78
P05846,O05846,Cash,Completed,404.19
P05847,O05847,Credit Card,Completed,1735.51
P05848,O05848,Debit Card,Completed,833.19
P05849,O05849,Cash,Completed,1965.65
P05850,O05850,UPI,Completed,1809.45
P05851,O05851,UPI,Completed,470.14
P05852,O05852,Credit Card,Completed,1059.73
P05853,O05853,Debit Card,Completed,1243.43
P05854,O05854,Cash,Completed,1656.02
P05855,O05855,Credit Card,Completed,1782.72
P05856,O05856,Cash,Failed,1285.63
P05857,O05857,Cash,Completed,166.75
P05858,O05858,Credit Card,Completed,1014.43
P05859,O05859,Debit Card,Completed,1781.13
P05860,O05860,Cash,Completed,1456.77
P05861,O05861,Debit Card,Completed,1753.27
P05862,O05862,Debit Card,Completed,1380.75
P05863,O05863,UPI,Completed,183.67
P05864,O05864,Cash,Completed,1939.21
P05865,O05865,Credit Card,Completed,1844.24
P05866,O05866,Debit Card,Completed,340.5
P05867,O05867,Debit Card,Completed,314.11
P05868,O05868,Credit Card,Completed,1124.25
P05869,O05869,Credit Card,Completed,1538.4
P05870,O05870,Cash,Completed,826.13
P05871,O05871,UPI,Completed,359.13
P05872,O05872,Credit Card,Completed,1070.06
P05873,O05873,Debit Card,Completed,741.38
P05874,O05874,UPI,Completed,768.37
P05875,O05875,UPI,Completed,1325.47
P05876,O05876,Debit Card,Completed,1782.66
P05877,O05877,UPI,Completed,1161.32
P05878,O05878,Cash,Completed,1406.44
P05879,O05879,Credit Card,Failed,1353.9
P05880,O05880,UPI,Completed,1147.18
P05881,O05881,Credit Card,Completed,690.44
P05882,O05882,UPI,Completed,817.81
P05883,O05883,UPI,Completed,699.84
P05884,O05884,Cash,Completed,1843.25
P05885,O05885,Credit Card,Completed,1670.58
P05886,O05886,UPI,Completed,1200.76
P05887,O05887,Debit Card,Completed,1833.26
P05888,O05888,UPI,Completed,1784.18
P05889,O05889,UPI,Completed,1862.62
P05890,O05890,Cash,Completed,521.37
P05891,O05891,UPI,Completed,1463.26
P05892,O05892,Cash,Completed,1257.53
P05893,O05893,UPI,Completed,1494.28
P05894,O05894,UPI,Completed,600.42
P05895,O05895,Credit Card,Completed,1420.14
P05896,O05896,Debit Card,Completed,878.67
P05897,O05897,UPI,Completed,1684.77
P05898,O05898,UPI,Completed,1611.19
P05899,O05899,Cash,Completed,501.58
P05900,O05900,Debit Card,Completed,449.33
P05901,O05901,Debit Card,Completed,1463.69
P05902,O05902,Cash,Completed,1145.9
P05903,O05903,UPI,Completed,1158.69
P05904,O05904,Credit Card,Completed,1529.78
P05905,O05905,UPI,Completed,1724.44
P05906,O05906,Credit Card,Completed,554.03
P05907,O05907,UPI,Completed,1155.53
P05908,O05908,UPI,Completed,1675.01
P05909,O05909,Credit Card,Completed,1758.31
P05910,O05910,UPI,Completed,646.08
P05911,O05911,Debit Card,Completed,297.89
P05912,O05912,UPI,Completed,542.36
P05913,O05913,Credit Card,Completed,1896.45
P05914,O05914,Cash,Completed,978.71
P05915,O05915,Debit Card,Completed,895.29
P05916,O05916,Credit Card,Completed,124.86
P05917,O05917,Debit Card,Completed,196.93
P05918,O05918,Cash,Completed,1370.52
P05919,O05919,UPI,Completed,1220.67
P05920,O05920,Debit Card,Completed,1193.5
P05921,O05921,Credit Card,Refunded,309.61
P05922,O05922,Cash,Completed,768.92
P05923,O05923,Debit Card,Completed,1643.48
P05924,O05924,UPI,Completed,432.33
P05925,O05925,Credit Card,Completed,1777.11
P05926,O05926,UPI,Completed,330.81
P05927,O05927,Debit Card,Completed,421.38
P05928,O05928,Cash,Completed,1007.72
P05929,O05929,Credit Card,Completed,1896.07
P05930,O05930,UPI,Failed,726.14
P05931,O05931,UPI,Completed,1350.61
P05932,O05932,Credit Card,Completed,1218.48
P05933,O05933,Debit Card,Completed,384.28
P05934,O05934,Debit Card,Completed,571.52
P05935,O05935,UPI,Completed,1867.29
P05936,O05936,UPI,Completed,451.18
P05937,O05937,UPI,Completed,1420.52
P05938,O05938,UPI,Completed,1932.92
P05939,O05939,Credit Card,Completed,327.06
P05940,O05940,Debit Card,Completed,858.45
P05941,O05941,UPI,Completed,525.47
P05942,O05942,Cash,Completed,520.97
P05943,O05943,Credit Card,Refunded,326.07
P05944,O05944,UPI,Completed,1334.15
P05945,O05945,UPI,Failed,1518.05
P05946,O05946,Debit Card,Completed,1385.91
P05947,O05947,Debit Card,Completed,1856.85
P05948,O05948,UPI,Completed,376.79
P05949,O05949,Credit Card,Completed,707.71
P05950,O05950,Credit Card,Completed,754.69
P05951,O05951,Cash,Completed,540.96
P05952,O05952,UPI,Completed,370.19
P05953,O05953,Cash,Completed,1024.74
P05954,O05954,Debit Card,Completed,1685.44
P05955,O05955,Credit Card,Completed,1913.63
P05956,O05956,UPI,Completed,345.75
P05957,O05957,UPI,Completed,1664.0
P05958,O05958,UPI,Completed,1666.7
P05959,O05959,Credit Card,Completed,839.06
P05960,O05960,Credit Card,Completed,309.06
P05961,O05961,UPI,Completed,1981.02
P05962,O05962,UPI,Completed,1345.63
P05963,O05963,UPI,Completed,1966.17
P05964,O05964,Debit Card,Completed,1018.95
P05965,O05965,Credit Card,Completed,850.87
P05966,O05966,UPI,Completed,569.65
P05967,O05967,Credit Card,Failed,1968.79
P05968,O05968,Cash,Completed,581.19
P05969,O05969,UPI,Completed,145.15
P05970,O05970,UPI,Completed,1073.69
P05971,O05971,UPI,Completed,816.4
P05972,O05972,UPI,Completed,596.63
P05973,O05973,UPI,Completed,1305.76
P05974,O05974,Credit Card,Completed,792.11
P05975,O05975,UPI,Completed,864.28
P05976,O05976,Debit Card,Refunded,143.79
P05977,O05977,UPI,Completed,1219.23
P05978,O05978,UPI,Completed,331.93
P05979,O05979,Debit Card,Completed,506.23
P05980,O05980,Credit Card,Completed,1462.52
P05981,O05981,Credit Card,Completed,695.16
P05982,O05982,UPI,Completed,410.1
P05983,O05983,UPI,Completed,1197.11
P05984,O05984,UPI,Completed,508.32
P05985,O05985,Debit Card,Completed,614.86
P05986,O05986,UPI,Completed,1280.54
P05987,O05987,Credit Card,Completed,1505.74
P05988,O05988,Credit Card,Completed,1505.35
P05989,O05989,UPI,Completed,1016.26
P05990,O05990,UPI,Completed,963.16
P05991,O05991,Credit Card,Completed,1596.53
P05992,O05992,UPI,Completed,466.77
P05993,O05993,Debit Card,Completed,389.18
P05994,O05994,Credit Card,Completed,1362.92
P05995,O05995,UPI,Completed,878.06
P05996,O05996,UPI,Completed,1449.0
P05997,O05997,Credit Card,Completed,587.54
P05998,O05998,Credit Card,Completed,717.26
P05999,O05999,UPI,Completed,1803.69
P06000,O06000,UPI,Completed,901.15
P06001,O06001,UPI,Completed,1222.81
P06002,O06002,UPI,Failed,302.7
P06003,O06003,UPI,Completed,439.78
P06004,O06004,UPI,Completed,168.19
P06005,O06005,Credit Card,Completed,906.3
P06006,O06006,Cash,Completed,1978.95
P06007,O06007,Credit Card,Failed,1760.36
P06008,O06008,Debit Card,Completed,1302.53
P06009,O06009,UPI,Completed,1736.08
P06010,O06010,UPI,Completed,1228.92
P06011,O06011,UPI,Completed,800.66
P06012,O06012,Debit Card,Completed,429.74
P06013,O06013,UPI,Completed,1340.79
P06014,O06014,UPI,Failed,466.8
P06015,O06015,Credit Card,Completed,893.11
P06016,O06016,Cash,Completed,1669.02
P06017,O06017,Credit Card,Completed,345.54
P06018,O06018,Debit Card,Completed,345.14
P06019,O06019,Credit Card,Completed,526.36
P06020,O06020,Credit Card,Completed,1148.64
P06021,O06021,Debit Card,Completed,578.27
P06022,O06022,UPI,Completed,1056.08
P06023,O06023,Credit Card,Completed,673.77
P06024,O06024,Credit Card,Completed,1061.86
P06025,O06025,Cash,Completed,627.5
P06026,O06026,UPI,Completed,1962.02
P06027,O06027,Credit Card,Completed,1036.16
P06028,O06028,UPI,Completed,1512.92
P06029,O06029,UPI,Completed,1431.04
P06030,O06030,Debit Card,Completed,1032.06
P06031,O06031,UPI,Refunded,553.84
P06032,O06032,UPI,Completed,1070.36
P06033,O06033,UPI,Completed,1393.85
P06034,O06034,UPI,Completed,973.85
P06035,O06035,Credit Card,Completed,255.66
P06036,O06036,Credit Card,Completed,134.17
P06037,O06037,UPI,Completed,722.97
P06038,O06038,Credit Card,Completed,385.43
P06039,O06039,UPI,Completed,1821.76
P06040,O06040,UPI,Completed,434.08
P06041,O06041,Cash,Completed,849.14
P06042,O06042,UPI,Completed,1452.95
P06043,O06043,Debit Card,Completed,1649.3
P06044,O06044,Debit Card,Completed,1007.65
P06045,O06045,Debit Card,Completed,444.16
P06046,O06046,UPI,Completed,614.7
P06047,O06047,Debit Card,Completed,896.04
P06048,O06048,UPI,Completed,792.73
P06049,O06049,UPI,Completed,762.48
P06050,O06050,Debit Card,Completed,350.52
P06051,O06051,Credit Card,Completed,1835.29
P06052,O06052,UPI,Refunded,156.54
P06053,O06053,Credit Card,Completed,936.0
P06054,O06054,Credit Card,Completed,1962.61
P06055,O06055,UPI,Completed,1353.48
P06056,O06056,Credit Card,Completed,775.28
P06057,O06057,UPI,Completed,377.59
P06058,O06058,UPI,Completed,1931.36
P06059,O06059,Debit Card,Completed,126.57
P06060,O06060,Cash,Completed,1394.64
P06061,O06061,Credit Card,Completed,1772.26
P06062,O06062,Debit Card,Failed,147.8
P06063,O06063,UPI,Completed,1477.83
P06064,O06064,UPI,Completed,1997.79
P06065,O06065,UPI,Completed,1315.32
P06066,O06066,UPI,Completed,887.89
P06067,O06067,UPI,Completed,1761.36
P06068,O06068,UPI,Failed,1152.94
P06069,O06069,Credit Card,Completed,1523.94
P06070,O06070,Debit Card,Failed,1216.78
P06071,O06071,Credit Card,Completed,172.75
P06072,O06072,Credit Card,Completed,504.98
P06073,O06073,UPI,Completed,249.65
P06074,O06074,UPI,Completed,302.71
P06075,O06075,UPI,Completed,129.27
P06076,O06076,UPI,Completed,900.21
P06077,O06077,UPI,Completed,439.44
P06078,O06078,Credit Card,Completed,1725.82
P06079,O06079,Credit Card,Completed,1525.07
P06080,O06080,UPI,Refunded,1189.04
P06081,O06081,UPI,Completed,1029.14
P06082,O06082,Credit Card,Completed,586.15
P06083,O06083,Credit Card,Failed,1002.41
P06084,O06084,UPI,Completed,1318.34
P06085,O06085,Credit Card,Completed,1586.23
P06086,O06086,UPI,Completed,255.2
P06087,O06087,UPI,Completed,1446.08
P06088,O06088,Debit Card,Completed,1511.19
P06089,O06089,UPI,Refunded,1162.05
P06090,O06090,Cash,Completed,507.21
P06091,O06091,UPI,Refunded,1124.45
P06092,O06092,UPI,Completed,1055.14
P06093,O06093,Credit Card,Completed,1003.85
P06094,O06094,Credit Card,Completed,975.22
P06095,O06095,UPI,Completed,310.57
P06096,O06096,Cash,Completed,447.5
P06097,O06097,Credit Card,Completed,284.93
P06098,O06098,Debit Card,Completed,560.71
P06099,O06099,Debit Card,Completed,600.61
P06100,O06100,UPI,Completed,565.64
P06101,O06101,Credit Card,Failed,500.77
P06102,O06102,UPI,Completed,1497.3
P06103,O06103,Cash,Completed,1655.27
P06104,O06104,Credit Card,Completed,721.51
P06105,O06105,UPI,Completed,679.74
P06106,O06106,Debit Card,Completed,1703.66
P06107,O06107,Debit Card,Failed,1285.46
P06108,O06108,UPI,Completed,657.53
P06109,O06109,UPI,Completed,1455.86
P06110,O06110,UPI,Completed,754.73
P06111,O06111,Credit Card,Completed,1214.46
P06112,O06112,Debit Card,Completed,1986.0
P06113,O06113,UPI,Completed,673.03
P06114,O06114,UPI,Completed,1868.0
P06115,O06115,Cash,Completed,709.24
P06116,O06116,Debit Card,Failed,1126.54
P06117,O06117,Credit Card,Completed,973.97
P06118,O06118,UPI,Completed,1588.0
P06119,O06119,Credit Card,Completed,216.08
P06120,O06120,Debit Card,Completed,1291.53
P06121,O06121,UPI,Completed,1545.27
P06122,O06122,Cash,Completed,997.08
P06123,O06123,UPI,Refunded,300.06
P06124,O06124,Debit Card,Completed,565.13
P06125,O06125,UPI,Completed,1391.38
P06126,O06126,UPI,Completed,1801.33
P06127,O06127,UPI,Completed,901.06
P06128,O06128,UPI,Completed,1164.78
P06129,O06129,Cash,Completed,533.93
P06130,O06130,UPI,Completed,883.21
P06131,O06131,Debit Card,Completed,739.9
P06132,O06132,Debit Card,Completed,1345.5
P06133,O06133,Credit Card,Completed,1970.93
P06134,O06134,Cash,Completed,1645.28
P06135,O06135,Cash,Completed,465.11
P06136,O06136,UPI,Completed,1197.59
P06137,O06137,Debit Card,Completed,226.18
P06138,O06138,UPI,Completed,569.14
P06139,O06139,Credit Card,Completed,427.21
P06140,O06140,UPI,Completed,737.54
P06141,O06141,UPI,Completed,1389.75
P06142,O06142,Credit Card,Completed,1048.85
P06143,O06143,UPI,Completed,1872.53
P06144,O06144,UPI,Completed,504.22
P06145,O06145,UPI,Completed,792.0
P06146,O06146,Debit Card,Completed,726.72
P06147,O06147,UPI,Completed,548.33
P06148,O06148,UPI,Completed,1987.02
P06149,O06149,Debit Card,Completed,835.73
P06150,O06150,Credit Card,Refunded,1886.97
P06151,O06151,Debit Card,Completed,841.9
P06152,O06152,Debit Card,Completed,487.77
P06153,O06153,UPI,Completed,326.49
P06154,O06154,Credit Card,Completed,1725.57
P06155,O06155,UPI,Completed,160.99
P06156,O06156,UPI,Completed,1932.35
P06157,O06157,Credit Card,Completed,894.56
P06158,O06158,Debit Card,Completed,570.01
P06159,O06159,Debit Card,Completed,1273.15
P06160,O06160,Debit Card,Completed,352.53
P06161,O06161,Cash,Completed,237.08
P06162,O06162,UPI,Completed,1672.79
P06163,O06163,UPI,Completed,906.87
P06164,O06164,UPI,Completed,1084.68
P06165,O06165,UPI,Completed,435.72
P06166,O06166,Credit Card,Completed,216.71
P06167,O06167,Cash,Completed,798.77
P06168,O06168,UPI,Failed,1061.68
P06169,O06169,Debit Card,Completed,1554.32
P06170,O06170,Debit Card,Completed,1052.0
P06171,O06171,Credit Card,Completed,1586.76
P06172,O06172,UPI,Completed,319.32
P06173,O06173,UPI,Completed,221.53
P06174,O06174,Debit Card,Completed,401.84
P06175,O06175,UPI,Completed,1566.82
P06176,O06176,Credit Card,Completed,1542.73
P06177,O06177,Cash,Completed,368.6
P06178,O06178,Credit Card,Completed,158.88
P06179,O06179,UPI,Completed,1402.04
P06180,O06180,Debit Card,Completed,1725.04
P06181,O06181,Debit Card,Completed,1532.8
P06182,O06182,Debit Card,Completed,485.32
P06183,O06183,Cash,Completed,1209.16
P06184,O06184,Debit Card,Completed,1538.99
P06185,O06185,UPI,Failed,586.07
P06186,O06186,Debit Card,Completed,1102.67
P06187,O06187,UPI,Completed,697.47
P06188,O06188,Cash,Completed,528.59
P06189,O06189,Credit Card,Completed,1942.22
P06190,O06190,Debit Card,Failed,1833.91
P06191,O06191,Debit Card,Completed,946.77
P06192,O06192,Cash,Completed,359.88
P06193,O06193,UPI,Completed,1483.02
P06194,O06194,UPI,Completed,585.83
P06195,O06195,UPI,Completed,420.18
P06196,O06196,UPI,Completed,824.91
P06197,O06197,Cash,Completed,1106.71
P06198,O06198,UPI,Completed,285.14
P06199,O06199,UPI,Completed,1186.32
P06200,O06200,UPI,Completed,129.16
P06201,O06201,Credit Card,Completed,1794.55
P06202,O06202,Credit Card,Completed,1849.41
P06203,O06203,Credit Card,Completed,1492.83
P06204,O06204,UPI,Completed,986.44
P06205,O06205,Debit Card,Completed,584.3
P06206,O06206,Credit Card,Completed,1513.81
P06207,O06207,UPI,Completed,1870.41
P06208,O06208,UPI,Completed,401.21
P06209,O06209,Debit Card,Completed,985.06
P06210,O06210,Cash,Completed,699.0
P06211,O06211,UPI,Failed,777.81
P06212,O06212,UPI,Completed,870.94
P06213,O06213,UPI,Completed,1908.41
P06214,O06214,UPI,Completed,591.41
P06215,O06215,Cash,Completed,1036.08
P06216,O06216,Credit Card,Completed,1907.83
P06217,O06217,Cash,Completed,1004.51
P06218,O06218,UPI,Completed,1740.84
P06219,O06219,Debit Card,Completed,211.65
P06220,O06220,UPI,Completed,1910.76
P06221,O06221,Credit Card,Completed,456.31
P06222,O06222,UPI,Completed,1961.88
P06223,O06223,Debit Card,Completed,433.6
P06224,O06224,UPI,Completed,944.3
P06225,O06225,Debit Card,Completed,686.37
P06226,O06226,UPI,Completed,923.14
P06227,O06227,UPI,Completed,576.0
P06228,O06228,Debit Card,Completed,1934.1
P06229,O06229,UPI,Completed,680.88
P06230,O06230,Credit Card,Completed,1341.22
P06231,O06231,Credit Card,Completed,361.15
P06232,O06232,Debit Card,Completed,1666.34
P06233,O06233,Credit Card,Failed,1130.77
P06234,O06234,Credit Card,Completed,1960.95
P06235,O06235,UPI,Completed,904.46
P06236,O06236,Credit Card,Completed,471.35
P06237,O06237,UPI,Completed,757.44
P06238,O06238,Credit Card,Completed,1500.23
P06239,O06239,UPI,Completed,1352.3
P06240,O06240,UPI,Completed,1578.86
P06241,O06241,Cash,Completed,239.59
P06242,O06242,Debit Card,Completed,1202.7
P06243,O06243,Debit Card,Completed,1871.12
P06244,O06244,UPI,Failed,305.01
P06245,O06245,UPI,Failed,279.24
P06246,O06246,UPI,Completed,1461.55
P06247,O06247,UPI,Completed,698.85
P06248,O06248,Debit Card,Completed,1351.3
P06249,O06249,UPI,Completed,1136.23
P06250,O06250,Debit Card,Completed,1973.53
P06251,O06251,Credit Card,Completed,1789.21
P06252,O06252,UPI,Completed,1388.34
P06253,O06253,UPI,Completed,597.18
P06254,O06254,Credit Card,Completed,597.63
P06255,O06255,Debit Card,Failed,1776.26
P06256,O06256,Debit Card,Completed,1212.15
P06257,O06257,UPI,Completed,1599.64
P06258,O06258,UPI,Completed,954.74
P06259,O06259,Credit Card,Refunded,295.84
P06260,O06260,Debit Card,Completed,732.1
P06261,O06261,UPI,Completed,406.18
P06262,O06262,Credit Card,Completed,1585.48
P06263,O06263,UPI,Completed,1430.97
P06264,O06264,UPI,Refunded,267.98
P06265,O06265,Credit Card,Completed,1280.63
P06266,O06266,UPI,Completed,1760.86
P06267,O06267,UPI,Completed,1424.99
P06268,O06268,UPI,Completed,1071.11
P06269,O06269,UPI,Failed,692.54
P06270,O06270,UPI,Completed,1785.48
P06271,O06271,Cash,Completed,903.33
P06272,O06272,Credit Card,Completed,1725.25
P06273,O06273,Credit Card,Completed,1587.7
P06274,O06274,Cash,Completed,1650.83
P06275,O06275,Debit Card,Failed,1980.62
P06276,O06276,UPI,Completed,1522.64
P06277,O06277,UPI,Refunded,164.68
P06278,O06278,UPI,Completed,490.32
P06279,O06279,UPI,Completed,166.87
P06280,O06280,Credit Card,Completed,460.84
P06281,O06281,UPI,Completed,216.74
P06282,O06282,UPI,Completed,1053.07
P06283,O06283,UPI,Completed,153.59
P06284,O06284,Credit Card,Completed,997.9
P06285,O06285,UPI,Completed,1807.8
P06286,O06286,UPI,Completed,1522.29
P06287,O06287,UPI,Completed,1893.52
P06288,O06288,Credit Card,Completed,530.63
P06289,O06289,Debit Card,Completed,1109.06
P06290,O06290,Credit Card,Completed,705.3
P06291,O06291,UPI,Completed,1038.26
P06292,O06292,UPI,Completed,1158.44
P06293,O06293,UPI,Completed,168.75
P06294,O06294,UPI,Completed,543.19
P06295,O06295,Credit Card,Completed,1439.07
P06296,O06296,Credit Card,Completed,1568.56
P06297,O06297,UPI,Completed,1181.96
P06298,O06298,UPI,Completed,614.58
P06299,O06299,Debit Card,Completed,869.66
P06300,O06300,Credit Card,Completed,282.47
P06301,O06301,Debit Card,Completed,1911.04
P06302,O06302,UPI,Failed,1750.49
P06303,O06303,Credit Card,Completed,224.64
P06304,O06304,UPI,Completed,416.33
P06305,O06305,UPI,Completed,1204.08
P06306,O06306,Debit Card,Completed,541.62
P06307,O06307,UPI,Completed,1875.36
P06308,O06308,UPI,Completed,1535.62
P06309,O06309,Debit Card,Completed,619.25
P06310,O06310,Credit Card,Completed,111.59
P06311,O06311,UPI,Completed,1618.95
P06312,O06312,Debit Card,Completed,905.77
P06313,O06313,Credit Card,Completed,1320.52
P06314,O06314,Debit Card,Completed,645.25
P06315,O06315,UPI,Completed,371.46
P06316,O06316,Cash,Completed,1383.09
P06317,O06317,Debit Card,Completed,955.62
P06318,O06318,Credit Card,Completed,546.82
P06319,O06319,Cash,Failed,361.49
P06320,O06320,Credit Card,Completed,1202.91
P06321,O06321,Debit Card,Completed,1478.54
P06322,O06322,UPI,Completed,639.39
P06323,O06323,Debit Card,Completed,1496.77
P06324,O06324,Credit Card,Completed,447.93
P06325,O06325,Credit Card,Completed,742.99
P06326,O06326,UPI,Completed,1515.28
P06327,O06327,Credit Card,Completed,1354.27
P06328,O06328,UPI,Refunded,613.99
P06329,O06329,Credit Card,Refunded,332.06
P06330,O06330,UPI,Completed,180.7
P06331,O06331,Cash,Completed,1692.04
P06332,O06332,UPI,Failed,242.77
P06333,O06333,Debit Card,Completed,318.21
P06334,O06334,UPI,Completed,551.65
P06335,O06335,UPI,Refunded,946.77
P06336,O06336,UPI,Completed,1600.6
P06337,O06337,Credit Card,Completed,570.21
P06338,O06338,Credit Card,Completed,1132.67
P06339,O06339,UPI,Completed,271.71
P06340,O06340,UPI,Completed,982.57
P06341,O06341,UPI,Completed,437.51
P06342,O06342,UPI,Completed,501.26
P06343,O06343,UPI,Completed,796.97
P06344,O06344,UPI,Completed,1546.56
P06345,O06345,UPI,Completed,1513.57
P06346,O06346,UPI,Completed,888.45
P06347,O06347,UPI,Completed,325.48
P06348,O06348,Cash,Completed,633.31
P06349,O06349,UPI,Completed,1060.18
P06350,O06350,UPI,Completed,1751.88
P06351,O06351,UPI,Failed,1939.68
P06352,O06352,Credit Card,Completed,1311.19
P06353,O06353,Cash,Completed,766.3
P06354,O06354,UPI,Completed,1417.56
P06355,O06355,UPI,Completed,738.84
P06356,O06356,UPI,Completed,1288.4
P06357,O06357,Debit Card,Completed,563.16
P06358,O06358,Debit Card,Completed,607.28
P06359,O06359,Debit Card,Completed,242.93
P06360,O06360,Credit Card,Completed,898.27
P06361,O06361,Credit Card,Completed,1274.53
P06362,O06362,UPI,Completed,1598.71
P06363,O06363,UPI,Completed,1639.66
P06364,O06364,UPI,Completed,1985.64
P06365,O06365,Credit Card,Completed,266.74
P06366,O06366,Debit Card,Completed,1036.96
P06367,O06367,UPI,Completed,1090.61
P06368,O06368,Cash,Completed,1628.61
P06369,O06369,Debit Card,Refunded,606.08
P06370,O06370,Credit Card,Completed,231.81
P06371,O06371,Credit Card,Completed,696.14
P06372,O06372,Debit Card,Completed,1969.46
P06373,O06373,Debit Card,Completed,1808.94
P06374,O06374,Credit Card,Completed,850.97
P06375,O06375,Cash,Completed,1764.92
P06376,O06376,Debit Card,Completed,162.23
P06377,O06377,UPI,Completed,696.99
P06378,O06378,Credit Card,Completed,1480.94
P06379,O06379,UPI,Completed,520.76
P06380,O06380,UPI,Completed,476.94
P06381,O06381,UPI,Completed,1737.43
P06382,O06382,UPI,Failed,1270.31
P06383,O06383,UPI,Completed,1979.14
P06384,O06384,Debit Card,Refunded,355.87
P06385,O06385,Debit Card,Completed,776.64
P06386,O06386,UPI,Refunded,691.31
P06387,O06387,Credit Card,Completed,1772.25
P06388,O06388,UPI,Completed,585.06
P06389,O06389,UPI,Completed,771.58
P06390,O06390,UPI,Failed,371.38
P06391,O06391,Debit Card,Completed,1573.26
P06392,O06392,UPI,Completed,551.64
P06393,O06393,UPI,Completed,229.81
P06394,O06394,UPI,Completed,926.71
P06395,O06395,Credit Card,Completed,843.77
P06396,O06396,UPI,Completed,437.46
P06397,O06397,UPI,Completed,353.84
P06398,O06398,UPI,Completed,1803.46
P06399,O06399,UPI,Completed,228.9
P06400,O06400,UPI,Completed,288.69
P06401,O06401,Debit Card,Completed,565.59
P06402,O06402,Debit Card,Completed,1910.39
P06403,O06403,UPI,Completed,262.23
P06404,O06404,UPI,Completed,1650.43
P06405,O06405,Cash,Completed,1794.9
P06406,O06406,Credit Card,Completed,817.95
P06407,O06407,Debit Card,Completed,658.4
P06408,O06408,UPI,Completed,1387.02
P06409,O06409,UPI,Completed,1435.01
P06410,O06410,Credit Card,Completed,1581.96
P06411,O06411,UPI,Completed,1678.08
P06412,O06412,UPI,Completed,609.95
P06413,O06413,Cash,Completed,1405.23
P06414,O06414,UPI,Completed,356.32
P06415,O06415,Credit Card,Completed,1070.39
P06416,O06416,Credit Card,Completed,1264.49
P06417,O06417,Debit Card,Completed,407.29
P06418,O06418,UPI,Completed,245.36
P06419,O06419,UPI,Completed,470.02
P06420,O06420,UPI,Completed,899.12
P06421,O06421,Debit Card,Refunded,1786.9
P06422,O06422,Debit Card,Completed,1110.64
P06423,O06423,Credit Card,Completed,1522.14
P06424,O06424,UPI,Completed,430.87
P06425,O06425,Credit Card,Completed,301.36
P06426,O06426,UPI,Completed,555.27
P06427,O06427,UPI,Completed,696.37
P06428,O06428,UPI,Refunded,1141.39
P06429,O06429,UPI,Completed,1774.36
P06430,O06430,Credit Card,Completed,909.58
P06431,O06431,Credit Card,Completed,1085.72
P06432,O06432,UPI,Completed,108.77
P06433,O06433,Credit Card,Completed,163.29
P06434,O06434,UPI,Completed,259.16
P06435,O06435,UPI,Completed,1428.09
P06436,O06436,UPI,Completed,1023.76
P06437,O06437,UPI,Completed,466.63
P06438,O06438,Debit Card,Completed,1225.94
P06439,O06439,UPI,Completed,1134.76
P06440,O06440,Debit Card,Completed,268.72
P06441,O06441,UPI,Completed,1316.78
P06442,O06442,UPI,Completed,1557.59
P06443,O06443,Credit Card,Completed,644.45
P06444,O06444,UPI,Completed,1406.23
P06445,O06445,UPI,Completed,479.47
P06446,O06446,Debit Card,Completed,1537.78
P06447,O06447,UPI,Completed,1832.37
P06448,O06448,UPI,Completed,939.55
P06449,O06449,Debit Card,Completed,564.78
P06450,O06450,UPI,Completed,858.44
P06451,O06451,Credit Card,Completed,575.15
P06452,O06452,Credit Card,Completed,102.35
P06453,O06453,Debit Card,Completed,1335.87
P06454,O06454,Credit Card,Completed,180.8
P06455,O06455,UPI,Completed,499.74
P06456,O06456,Cash,Completed,1472.65
P06457,O06457,UPI,Completed,1364.88
P06458,O06458,Credit Card,Completed,239.32
P06459,O06459,Debit Card,Completed,1354.1
P06460,O06460,UPI,Completed,1868.09
P06461,O06461,UPI,Completed,241.55
P06462,O06462,UPI,Failed,889.81
P06463,O06463,UPI,Failed,1485.92
P06464,O06464,Cash,Completed,1368.67
P06465,O06465,Credit Card,Completed,530.37
P06466,O06466,Credit Card,Completed,409.83
P06467,O06467,Debit Card,Failed,1590.07
P06468,O06468,UPI,Completed,1916.86
P06469,O06469,Debit Card,Completed,1558.41
P06470,O06470,Cash,Completed,1930.09
P06471,O06471,Credit Card,Completed,1249.49
P06472,O06472,Credit Card,Completed,1865.29
P06473,O06473,UPI,Completed,1411.83
P06474,O06474,UPI,Completed,1826.88
P06475,O06475,Credit Card,Completed,407.02
P06476,O06476,UPI,Completed,1649.57
P06477,O06477,UPI,Completed,473.82
P06478,O06478,Credit Card,Completed,152.12
P06479,O06479,UPI,Completed,1083.41
P06480,O06480,UPI,Completed,704.68
P06481,O06481,UPI,Completed,182.71
P06482,O06482,UPI,Completed,1962.58
P06483,O06483,UPI,Completed,1366.29
P06484,O06484,UPI,Failed,1813.44
P06485,O06485,Debit Card,Completed,1998.26
P06486,O06486,UPI,Completed,844.74
P06487,O06487,Debit Card,Completed,584.0
P06488,O06488,UPI,Completed,449.38
P06489,O06489,Credit Card,Completed,1078.86
P06490,O06490,Credit Card,Failed,1251.55
P06491,O06491,Debit Card,Completed,997.6
P06492,O06492,UPI,Completed,835.78
P06493,O06493,Credit Card,Failed,419.72
P06494,O06494,Credit Card,Completed,939.53
P06495,O06495,Cash,Completed,261.96
P06496,O06496,UPI,Completed,1743.59
P06497,O06497,Credit Card,Completed,189.12
P06498,O06498,Debit Card,Completed,823.23
P06499,O06499,Debit Card,Completed,290.26
P06500,O06500,UPI,Completed,1572.46
P06501,O06501,UPI,Completed,694.2
P06502,O06502,Debit Card,Completed,314.9
P06503,O06503,Credit Card,Completed,1109.83
P06504,O06504,UPI,Completed,1840.93
P06505,O06505,UPI,Completed,1826.43
P06506,O06506,Credit Card,Completed,574.34
P06507,O06507,UPI,Completed,1467.35
P06508,O06508,Credit Card,Completed,157.54
P06509,O06509,Cash,Completed,350.52
P06510,O06510,Debit Card,Completed,1049.0
P06511,O06511,UPI,Completed,534.64
P06512,O06512,UPI,Completed,1616.7
P06513,O06513,Debit Card,Completed,1869.04
P06514,O06514,UPI,Completed,108.23
P06515,O06515,UPI,Completed,542.54
P06516,O06516,UPI,Completed,935.15
P06517,O06517,UPI,Completed,1169.85
P06518,O06518,Debit Card,Completed,1840.22
P06519,O06519,Debit Card,Completed,1794.58
P06520,O06520,UPI,Completed,1310.62
P06521,O06521,Credit Card,Completed,589.04
P06522,O06522,Credit Card,Completed,1588.25
P06523,O06523,UPI,Completed,485.04
P06524,O06524,Debit Card,Completed,1933.83
P06525,O06525,Credit Card,Completed,111.1
P06526,O06526,UPI,Completed,1182.56
P06527,O06527,Debit Card,Failed,267.95
P06528,O06528,UPI,Completed,874.44
P06529,O06529,UPI,Completed,1306.37
P06530,O06530,Cash,Completed,1410.24
P06531,O06531,Debit Card,Completed,1592.58
P06532,O06532,Debit Card,Completed,1227.32
P06533,O06533,Cash,Completed,577.51
P06534,O06534,Credit Card,Completed,1789.58
P06535,O06535,UPI,Completed,1641.1
P06536,O06536,Cash,Completed,404.1
P06537,O06537,Credit Card,Completed,1670.37
P06538,O06538,Cash,Failed,1948.02
P06539,O06539,UPI,Completed,1310.72
P06540,O06540,Debit Card,Completed,635.43
P06541,O06541,Credit Card,Failed,1252.53
P06542,O06542,UPI,Completed,750.82
P06543,O06543,Debit Card,Completed,1384.3
P06544,O06544,UPI,Completed,1135.12
P06545,O06545,Cash,Failed,1866.03
P06546,O06546,Cash,Completed,1274.03
P06547,O06547,Debit Card,Completed,506.57
P06548,O06548,UPI,Completed,1477.71
P06549,O06549,Credit Card,Completed,671.67
P06550,O06550,Credit Card,Completed,617.54
P06551,O06551,Debit Card,Completed,844.38
P06552,O06552,UPI,Completed,122.79
P06553,O06553,Cash,Completed,1941.37
P06554,O06554,Debit Card,Completed,1111.43
P06555,O06555,UPI,Completed,1569.64
P06556,O06556,UPI,Completed,589.92
P06557,O06557,UPI,Completed,1518.57
P06558,O06558,Debit Card,Completed,1177.62
P06559,O06559,Debit Card,Completed,905.87
P06560,O06560,UPI,Completed,1944.27
P06561,O06561,Cash,Completed,1038.3
P06562,O06562,Cash,Completed,1349.17
P06563,O06563,UPI,Completed,129.15
P06564,O06564,UPI,Refunded,672.76
P06565,O06565,Debit Card,Completed,1788.51
P06566,O06566,Credit Card,Completed,1542.02
P06567,O06567,UPI,Completed,1119.83
P06568,O06568,Debit Card,Completed,1810.3
P06569,O06569,Debit Card,Completed,1023.82
P06570,O06570,UPI,Completed,1176.36
P06571,O06571,Credit Card,Completed,826.09
P06572,O06572,Debit Card,Completed,1278.08
P06573,O06573,Credit Card,Completed,706.1
P06574,O06574,UPI,Completed,832.44
P06575,O06575,UPI,Completed,1936.02
P06576,O06576,Credit Card,Completed,311.49
P06577,O06577,UPI,Completed,299.99
P06578,O06578,UPI,Completed,182.3
P06579,O06579,Cash,Completed,708.08
P06580,O06580,UPI,Completed,856.64
P06581,O06581,UPI,Completed,279.58
P06582,O06582,UPI,Failed,1143.35
P06583,O06583,UPI,Completed,1208.27
P06584,O06584,Debit Card,Completed,1526.95
P06585,O06585,UPI,Completed,1954.34
P06586,O06586,UPI,Completed,1276.77
P06587,O06587,Debit Card,Completed,312.14
P06588,O06588,Debit Card,Completed,268.2
P06589,O06589,Credit Card,Completed,1577.34
P06590,O06590,Debit Card,Completed,1335.63
P06591,O06591,Cash,Refunded,407.64
P06592,O06592,UPI,Completed,581.38
P06593,O06593,UPI,Completed,1525.46
P06594,O06594,Debit Card,Completed,1175.7
P06595,O06595,Debit Card,Completed,1211.5
P06596,O06596,Debit Card,Completed,499.02
P06597,O06597,UPI,Completed,1295.21
P06598,O06598,Credit Card,Completed,1564.19
P06599,O06599,UPI,Completed,1781.98
P06600,O06600,Debit Card,Completed,1499.76
P06601,O06601,UPI,Refunded,1195.11
P06602,O06602,Credit Card,Completed,1379.19
P06603,O06603,Debit Card,Completed,1021.71
P06604,O06604,UPI,Completed,531.11
P06605,O06605,Debit Card,Completed,1776.19
P06606,O06606,Credit Card,Completed,1111.98
P06607,O06607,Debit Card,Completed,1229.2
P06608,O06608,Debit Card,Completed,1981.21
P06609,O06609,UPI,Failed,1971.53
P06610,O06610,Debit Card,Completed,1213.99
P06611,O06611,UPI,Completed,164.52
P06612,O06612,UPI,Completed,852.68
P06613,O06613,Debit Card,Refunded,1880.86
P06614,O06614,UPI,Completed,647.78
P06615,O06615,Credit Card,Completed,1998.61
P06616,O06616,UPI,Completed,260.2
P06617,O06617,Credit Card,Completed,1179.42
P06618,O06618,Debit Card,Completed,1079.35
P06619,O06619,Credit Card,Completed,585.17
P06620,O06620,Debit Card,Completed,1902.35
P06621,O06621,Debit Card,Completed,1276.43
P06622,O06622,UPI,Completed,537.43
P06623,O06623,UPI,Completed,829.69
P06624,O06624,UPI,Completed,1470.34
P06625,O06625,Debit Card,Refunded,665.62
P06626,O06626,Credit Card,Completed,1771.25
P06627,O06627,Cash,Completed,414.78
P06628,O06628,UPI,Completed,602.56
P06629,O06629,Debit Card,Completed,375.31
P06630,O06630,UPI,Completed,297.94
P06631,O06631,Cash,Completed,670.6
P06632,O06632,Cash,Completed,1998.44
P06633,O06633,Cash,Completed,279.23
P06634,O06634,UPI,Completed,504.7
P06635,O06635,Debit Card,Completed,616.07
P06636,O06636,UPI,Completed,1276.35
P06637,O06637,Debit Card,Completed,1516.16
P06638,O06638,UPI,Completed,1528.67
P06639,O06639,UPI,Completed,116.41
P06640,O06640,Cash,Completed,1338.52
P06641,O06641,Credit Card,Refunded,1298.4
P06642,O06642,Debit Card,Completed,1083.54
P06643,O06643,Credit Card,Completed,820.5
P06644,O06644,UPI,Completed,1615.14
P06645,O06645,UPI,Completed,753.37
P06646,O06646,Credit Card,Completed,537.02
P06647,O06647,UPI,Refunded,689.18
P06648,O06648,UPI,Completed,935.33
P06649,O06649,UPI,Completed,506.71
P06650,O06650,Cash,Completed,1254.39
P06651,O06651,Credit Card,Completed,1780.0
P06652,O06652,Debit Card,Completed,1231.37
P06653,O06653,Credit Card,Completed,948.67
P06654,O06654,Cash,Completed,1614.05
P06655,O06655,Credit Card,Completed,1521.27
P06656,O06656,UPI,Completed,797.41
P06657,O06657,Credit Card,Completed,1247.89
P06658,O06658,Debit Card,Completed,1486.7
P06659,O06659,UPI,Completed,566.38
P06660,O06660,Debit Card,Completed,795.92
P06661,O06661,UPI,Completed,300.97
P06662,O06662,Credit Card,Failed,1976.59
P06663,O06663,UPI,Completed,263.17
P06664,O06664,Credit Card,Completed,420.35
P06665,O06665,UPI,Completed,1011.68
P06666,O06666,Debit Card,Completed,1744.02
P06667,O06667,UPI,Completed,776.18
P06668,O06668,Debit Card,Completed,1560.33
P06669,O06669,UPI,Completed,1384.46
P06670,O06670,UPI,Failed,1313.46
P06671,O06671,UPI,Completed,1705.53
P06672,O06672,Credit Card,Completed,126.92
P06673,O06673,UPI,Completed,1865.39
P06674,O06674,UPI,Completed,1675.53
P06675,O06675,UPI,Completed,1881.95
P06676,O06676,UPI,Completed,1607.82
P06677,O06677,Cash,Completed,1769.32
P06678,O06678,UPI,Completed,485.85
P06679,O06679,UPI,Completed,706.54
P06680,O06680,UPI,Completed,698.92
P06681,O06681,Cash,Completed,307.42
P06682,O06682,Credit Card,Completed,1486.2
P06683,O06683,UPI,Completed,358.72
P06684,O06684,Cash,Completed,199.77
P06685,O06685,UPI,Completed,1573.35
P06686,O06686,Debit Card,Completed,1818.86
P06687,O06687,Credit Card,Completed,1551.83
P06688,O06688,Debit Card,Completed,1668.17
P06689,O06689,Debit Card,Completed,1231.68
P06690,O06690,Credit Card,Completed,1786.72
P06691,O06691,Debit Card,Completed,1043.74
P06692,O06692,Cash,Completed,1977.81
P06693,O06693,Debit Card,Completed,296.49
P06694,O06694,UPI,Completed,1637.44
P06695,O06695,UPI,Completed,1318.64
P06696,O06696,Cash,Completed,1203.23
P06697,O06697,UPI,Completed,1479.04
P06698,O06698,UPI,Completed,1696.55
P06699,O06699,UPI,Completed,1739.48
P06700,O06700,UPI,Completed,433.22
P06701,O06701,UPI,Completed,474.37
P06702,O06702,UPI,Refunded,130.72
P06703,O06703,UPI,Completed,350.5
P06704,O06704,Credit Card,Completed,601.38
P06705,O06705,UPI,Completed,1469.97
P06706,O06706,UPI,Completed,1003.96
P06707,O06707,Debit Card,Completed,1540.02
P06708,O06708,UPI,Completed,1024.42
P06709,O06709,Credit Card,Completed,1155.64
P06710,O06710,UPI,Completed,311.03
P06711,O06711,Credit Card,Completed,1575.46
P06712,O06712,Credit Card,Completed,1540.44
P06713,O06713,Credit Card,Completed,684.37
P06714,O06714,UPI,Completed,724.3
P06715,O06715,UPI,Completed,517.39
P06716,O06716,Credit Card,Refunded,1646.3
P06717,O06717,UPI,Completed,1519.31
P06718,O06718,Debit Card,Completed,1257.38
P06719,O06719,Credit Card,Completed,553.76
P06720,O06720,Credit Card,Completed,426.52
P06721,O06721,UPI,Completed,195.51
P06722,O06722,UPI,Refunded,186.66
P06723,O06723,Credit Card,Completed,455.56
P06724,O06724,Credit Card,Completed,291.01
P06725,O06725,Credit Card,Completed,1156.6
P06726,O06726,Credit Card,Completed,780.37
P06727,O06727,UPI,Completed,945.4
P06728,O06728,UPI,Completed,1228.73
P06729,O06729,Credit Card,Failed,1352.29
P06730,O06730,Credit Card,Completed,1331.58
P06731,O06731,UPI,Completed,595.63
P06732,O06732,Credit Card,Completed,1638.29
P06733,O06733,Debit Card,Completed,1843.65
P06734,O06734,Credit Card,Refunded,700.28
P06735,O06735,UPI,Completed,132.42
P06736,O06736,Cash,Completed,1808.39
P06737,O06737,Debit Card,Completed,1854.74
P06738,O06738,UPI,Completed,196.8
P06739,O06739,Credit Card,Completed,109.42
P06740,O06740,UPI,Completed,1651.17
P06741,O06741,UPI,Completed,672.78
P06742,O06742,UPI,Completed,1837.71
P06743,O06743,Credit Card,Completed,511.81
P06744,O06744,UPI,Completed,1736.19
P06745,O06745,Debit Card,Completed,230.42
P06746,O06746,UPI,Completed,595.21
P06747,O06747,Debit Card,Completed,1948.94
P06748,O06748,Credit Card,Completed,539.27
P06749,O06749,UPI,Completed,352.72
P06750,O06750,UPI,Completed,1728.4
P06751,O06751,Credit Card,Completed,323.82
P06752,O06752,UPI,Completed,285.17
P06753,O06753,UPI,Completed,714.51
P06754,O06754,Cash,Completed,1307.12
P06755,O06755,UPI,Completed,1450.42
P06756,O06756,Credit Card,Completed,1774.35
P06757,O06757,Credit Card,Completed,1127.73
P06758,O06758,UPI,Completed,847.49
P06759,O06759,Credit Card,Failed,781.78
P06760,O06760,Credit Card,Completed,1709.12
P06761,O06761,UPI,Completed,1475.25
P06762,O06762,Credit Card,Completed,1820.32
P06763,O06763,Cash,Completed,1931.67
P06764,O06764,Cash,Completed,670.1
P06765,O06765,Debit Card,Completed,1106.38
P06766,O06766,UPI,Completed,1300.46
P06767,O06767,Cash,Completed,411.31
P06768,O06768,Cash,Completed,201.36
P06769,O06769,UPI,Completed,1748.75
P06770,O06770,UPI,Completed,1117.49
P06771,O06771,UPI,Completed,1184.47
P06772,O06772,Debit Card,Completed,1154.34
P06773,O06773,Cash,Completed,1534.43
P06774,O06774,UPI,Completed,376.45
P06775,O06775,Cash,Completed,1266.69
P06776,O06776,Cash,Completed,992.01
P06777,O06777,Credit Card,Completed,1804.22
P06778,O06778,Debit Card,Completed,1087.28
P06779,O06779,UPI,Completed,1891.58
P06780,O06780,Debit Card,Completed,771.18
P06781,O06781,Credit Card,Completed,1937.1
P06782,O06782,Debit Card,Completed,1762.8
P06783,O06783,UPI,Completed,1210.1
P06784,O06784,UPI,Completed,772.05
P06785,O06785,UPI,Completed,814.25
P06786,O06786,Cash,Completed,1568.23
P06787,O06787,Credit Card,Completed,1203.2
P06788,O06788,Credit Card,Completed,863.02
P06789,O06789,UPI,Completed,1308.5
P06790,O06790,Credit Card,Completed,1493.14
P06791,O06791,UPI,Completed,143.51
P06792,O06792,UPI,Completed,270.74
P06793,O06793,Cash,Completed,279.52
P06794,O06794,Debit Card,Completed,540.67
P06795,O06795,UPI,Completed,911.28
P06796,O06796,Debit Card,Completed,1626.93
P06797,O06797,Credit Card,Failed,767.09
P06798,O06798,UPI,Completed,133.21
P06799,O06799,UPI,Completed,1018.39
P06800,O06800,UPI,Completed,1993.59
P06801,O06801,Credit Card,Completed,763.14
P06802,O06802,UPI,Completed,1926.38
P06803,O06803,UPI,Completed,292.56
P06804,O06804,Debit Card,Completed,428.89
P06805,O06805,UPI,Completed,1475.83
P06806,O06806,Credit Card,Completed,1052.3
P06807,O06807,UPI,Completed,1553.73
P06808,O06808,UPI,Completed,1740.76
P06809,O06809,UPI,Completed,577.06
P06810,O06810,Credit Card,Completed,1397.38
P06811,O06811,Credit Card,Completed,1254.44
P06812,O06812,Debit Card,Completed,1736.92
P06813,O06813,Debit Card,Completed,917.2
P06814,O06814,Credit Card,Completed,198.55
P06815,O06815,Credit Card,Completed,1190.95
P06816,O06816,Credit Card,Completed,1921.87
P06817,O06817,Debit Card,Completed,127.8
P06818,O06818,Debit Card,Completed,556.49
P06819,O06819,UPI,Completed,700.53
P06820,O06820,UPI,Completed,1555.09
P06821,O06821,Debit Card,Completed,714.23
P06822,O06822,Credit Card,Completed,554.26
P06823,O06823,UPI,Completed,1332.26
P06824,O06824,UPI,Completed,188.17
P06825,O06825,Cash,Completed,424.13
P06826,O06826,Debit Card,Failed,875.26
P06827,O06827,Credit Card,Failed,775.64
P06828,O06828,Cash,Completed,759.62
P06829,O06829,Debit Card,Completed,306.25
P06830,O06830,UPI,Completed,785.6
P06831,O06831,UPI,Completed,1616.19
P06832,O06832,Debit Card,Completed,886.3
P06833,O06833,UPI,Completed,1213.73
P06834,O06834,Cash,Completed,410.8
P06835,O06835,Credit Card,Completed,232.45
P06836,O06836,UPI,Completed,1771.92
P06837,O06837,Cash,Completed,729.61
P06838,O06838,Cash,Completed,765.64
P06839,O06839,UPI,Completed,1767.61
P06840,O06840,UPI,Completed,1444.77
P06841,O06841,UPI,Completed,1536.9
P06842,O06842,UPI,Completed,1395.81
P06843,O06843,Debit Card,Failed,301.01
P06844,O06844,UPI,Completed,1920.19
P06845,O06845,UPI,Completed,1827.36
P06846,O06846,UPI,Completed,548.82
P06847,O06847,Credit Card,Completed,1627.59
P06848,O06848,UPI,Completed,877.85
P06849,O06849,Debit Card,Completed,1399.16
P06850,O06850,Cash,Completed,414.65
P06851,O06851,UPI,Completed,1123.25
P06852,O06852,Debit Card,Completed,340.57
P06853,O06853,UPI,Completed,1118.72
P06854,O06854,Debit Card,Completed,562.83
P06855,O06855,UPI,Completed,959.69
P06856,O06856,Debit Card,Completed,1369.14
P06857,O06857,Debit Card,Completed,1766.44
P06858,O06858,Debit Card,Completed,414.05
P06859,O06859,UPI,Completed,1797.21
P06860,O06860,UPI,Completed,841.07
P06861,O06861,UPI,Completed,1703.21
P06862,O06862,UPI,Completed,1073.84
P06863,O06863,Credit Card,Completed,1738.2
P06864,O06864,Credit Card,Completed,1359.37
P06865,O06865,UPI,Completed,1066.56
P06866,O06866,UPI,Completed,693.82
P06867,O06867,UPI,Completed,1940.93
P06868,O06868,Debit Card,Completed,1621.71
P06869,O06869,Debit Card,Completed,824.26
P06870,O06870,Cash,Completed,416.77
P06871,O06871,Credit Card,Completed,1581.12
P06872,O06872,Debit Card,Completed,1980.89
P06873,O06873,Credit Card,Completed,630.05
P06874,O06874,Credit Card,Completed,1840.14
P06875,O06875,UPI,Completed,338.2
P06876,O06876,UPI,Completed,1909.19
P06877,O06877,Debit Card,Completed,1516.14
P06878,O06878,Debit Card,Completed,758.53
P06879,O06879,UPI,Completed,678.8
P06880,O06880,Debit Card,Completed,1322.53
P06881,O06881,Debit Card,Completed,1227.66
P06882,O06882,Cash,Completed,1845.98
P06883,O06883,UPI,Completed,1555.86
P06884,O06884,UPI,Completed,1126.69
P06885,O06885,UPI,Completed,1862.38
P06886,O06886,UPI,Completed,1226.19
P06887,O06887,UPI,Completed,1714.4
P06888,O06888,UPI,Completed,1697.79
P06889,O06889,Debit Card,Completed,1846.47
P06890,O06890,Credit Card,Completed,228.44
P06891,O06891,Credit Card,Completed,1209.26
P06892,O06892,Debit Card,Failed,989.95
P06893,O06893,UPI,Completed,1032.03
P06894,O06894,UPI,Completed,973.83
P06895,O06895,UPI,Completed,1691.19
P06896,O06896,UPI,Failed,705.02
P06897,O06897,UPI,Completed,979.23
P06898,O06898,UPI,Completed,481.3
P06899,O06899,Debit Card,Completed,578.26
P06900,O06900,Credit Card,Completed,1354.8
P06901,O06901,Debit Card,Completed,322.18
P06902,O06902,Credit Card,Completed,456.86
P06903,O06903,Debit Card,Failed,1103.27
P06904,O06904,Debit Card,Completed,183.17
P06905,O06905,Debit Card,Completed,341.16
P06906,O06906,Debit Card,Completed,1740.37
P06907,O06907,UPI,Completed,1707.68
P06908,O06908,Credit Card,Completed,760.77
P06909,O06909,UPI,Completed,761.18
P06910,O06910,UPI,Completed,1879.38
P06911,O06911,UPI,Completed,149.1
P06912,O06912,UPI,Completed,1202.56
P06913,O06913,Debit Card,Completed,1235.04
P06914,O06914,Cash,Completed,1596.99
P06915,O06915,UPI,Completed,1908.33
P06916,O06916,Credit Card,Completed,776.07
P06917,O06917,Debit Card,Failed,931.88
P06918,O06918,UPI,Completed,1375.47
P06919,O06919,Debit Card,Completed,1937.82
P06920,O06920,UPI,Completed,1792.51
P06921,O06921,Credit Card,Completed,1367.4
P06922,O06922,Debit Card,Completed,1727.77
P06923,O06923,Debit Card,Completed,261.89
P06924,O06924,Credit Card,Completed,816.54
P06925,O06925,UPI,Completed,124.88
P06926,O06926,Credit Card,Completed,437.2
P06927,O06927,UPI,Completed,1297.94
P06928,O06928,Credit Card,Completed,1782.57
P06929,O06929,UPI,Completed,1302.28
P06930,O06930,Cash,Failed,1361.86
P06931,O06931,UPI,Completed,297.26
P06932,O06932,UPI,Completed,1363.23
P06933,O06933,Debit Card,Completed,963.26
P06934,O06934,Cash,Completed,1337.74
P06935,O06935,Credit Card,Failed,719.73
P06936,O06936,UPI,Failed,1204.82
P06937,O06937,UPI,Completed,905.73
P06938,O06938,Cash,Failed,1161.41
P06939,O06939,UPI,Completed,379.47
P06940,O06940,UPI,Completed,852.07
P06941,O06941,Cash,Completed,811.13
P06942,O06942,Credit Card,Completed,1499.15
P06943,O06943,Debit Card,Completed,1442.18
P06944,O06944,UPI,Refunded,1826.83
P06945,O06945,UPI,Completed,1300.91
P06946,O06946,UPI,Completed,697.64
P06947,O06947,Credit Card,Completed,1588.13
P06948,O06948,Debit Card,Completed,1044.3
P06949,O06949,Debit Card,Completed,467.64
P06950,O06950,Debit Card,Completed,1520.08
P06951,O06951,UPI,Completed,351.81
P06952,O06952,UPI,Completed,438.49
P06953,O06953,Cash,Completed,1541.64
P06954,O06954,Debit Card,Completed,1563.27
P06955,O06955,UPI,Refunded,1602.48
P06956,O06956,UPI,Completed,657.32
P06957,O06957,Credit Card,Completed,1746.52
P06958,O06958,Cash,Completed,1473.07
P06959,O06959,Debit Card,Completed,1684.54
P06960,O06960,Credit Card,Completed,1446.35
P06961,O06961,UPI,Completed,1201.23
P06962,O06962,UPI,Completed,307.85
P06963,O06963,Cash,Completed,1450.78
P06964,O06964,Debit Card,Refunded,1411.88
P06965,O06965,UPI,Completed,693.73
P06966,O06966,Debit Card,Completed,1498.06
P06967,O06967,Debit Card,Completed,1145.86
P06968,O06968,Cash,Completed,1162.87
P06969,O06969,Credit Card,Completed,798.45
P06970,O06970,Debit Card,Completed,321.89
P06971,O06971,Debit Card,Refunded,512.16
P06972,O06972,UPI,Completed,1560.78
P06973,O06973,UPI,Completed,615.74
P06974,O06974,Credit Card,Completed,104.28
P06975,O06975,UPI,Completed,1994.33
P06976,O06976,UPI,Completed,500.3
P06977,O06977,Credit Card,Completed,1345.23
P06978,O06978,UPI,Completed,1861.15
P06979,O06979,Credit Card,Completed,1239.45
P06980,O06980,UPI,Completed,1618.16
P06981,O06981,UPI,Completed,1955.11
P06982,O06982,Debit Card,Completed,1734.69
P06983,O06983,UPI,Completed,1160.02
P06984,O06984,UPI,Completed,791.04
P06985,O06985,UPI,Completed,1016.68
P06986,O06986,Debit Card,Completed,1699.47
P06987,O06987,UPI,Completed,1721.37
P06988,O06988,UPI,Completed,1707.12
P06989,O06989,Debit Card,Failed,1234.73
P06990,O06990,Debit Card,Completed,1006.22
P06991,O06991,Debit Card,Completed,691.54
P06992,O06992,Credit Card,Completed,106.39
P06993,O06993,UPI,Completed,1552.52
P06994,O06994,Cash,Completed,626.3
P06995,O06995,UPI,Completed,726.39
P06996,O06996,UPI,Completed,1702.61
P06997,O06997,Debit Card,Completed,199.28
P06998,O06998,UPI,Completed,1862.48
P06999,O06999,Cash,Completed,102.59
P07000,O07000,Credit Card,Completed,1884.42
P07001,O07001,UPI,Completed,964.04
P07002,O07002,UPI,Completed,294.03
P07003,O07003,UPI,Completed,1380.91
P07004,O07004,Credit Card,Completed,1802.13
P07005,O07005,UPI,Completed,932.34
P07006,O07006,UPI,Completed,1413.58
P07007,O07007,UPI,Completed,1960.79
P07008,O07008,Credit Card,Completed,557.33
P07009,O07009,Debit Card,Completed,1658.85
P07010,O07010,Debit Card,Completed,660.95
P07011,O07011,UPI,Completed,910.04
P07012,O07012,UPI,Completed,635.36
P07013,O07013,Debit Card,Completed,947.42
P07014,O07014,UPI,Completed,109.67
P07015,O07015,Debit Card,Completed,676.53
P07016,O07016,UPI,Completed,946.06
P07017,O07017,Debit Card,Completed,1301.26
P07018,O07018,Debit Card,Completed,1310.99
P07019,O07019,UPI,Completed,1209.19
P07020,O07020,UPI,Completed,656.76
P07021,O07021,UPI,Completed,1900.07
P07022,O07022,UPI,Completed,844.74
P07023,O07023,Credit Card,Refunded,512.1
P07024,O07024,UPI,Completed,1153.57
P07025,O07025,UPI,Completed,1522.96
P07026,O07026,UPI,Completed,123.24
P07027,O07027,UPI,Completed,625.05
P07028,O07028,UPI,Completed,1667.46
P07029,O07029,UPI,Completed,1063.34
P07030,O07030,UPI,Completed,876.13
P07031,O07031,Credit Card,Completed,1868.71
P07032,O07032,UPI,Completed,270.12
P07033,O07033,UPI,Completed,1269.58
P07034,O07034,UPI,Completed,750.16
P07035,O07035,UPI,Completed,234.56
P07036,O07036,UPI,Completed,506.11
P07037,O07037,Debit Card,Completed,1293.07
P07038,O07038,UPI,Completed,153.73
P07039,O07039,Debit Card,Completed,1225.27
P07040,O07040,Credit Card,Completed,1918.02
P07041,O07041,Credit Card,Completed,1610.68
P07042,O07042,UPI,Completed,756.63
P07043,O07043,Debit Card,Completed,362.59
P07044,O07044,UPI,Completed,983.62
P07045,O07045,Credit Card,Completed,846.61
P07046,O07046,Credit Card,Completed,1946.29
P07047,O07047,UPI,Completed,1980.75
P07048,O07048,UPI,Completed,880.11
P07049,O07049,UPI,Failed,382.69
P07050,O07050,UPI,Completed,1830.16
P07051,O07051,Cash,Completed,1607.73
P07052,O07052,UPI,Completed,1071.42
P07053,O07053,UPI,Completed,794.17
P07054,O07054,Debit Card,Completed,951.52
P07055,O07055,UPI,Completed,1813.57
P07056,O07056,UPI,Completed,450.82
P07057,O07057,Cash,Completed,1632.89
P07058,O07058,UPI,Completed,134.56
P07059,O07059,Credit Card,Completed,1849.09
P07060,O07060,Credit Card,Completed,1050.56
P07061,O07061,UPI,Failed,530.82
P07062,O07062,Debit Card,Completed,105.43
P07063,O07063,UPI,Completed,1163.14
P07064,O07064,Credit Card,Completed,564.53
P07065,O07065,UPI,Completed,1299.4
P07066,O07066,UPI,Completed,634.22
P07067,O07067,UPI,Completed,267.25
P07068,O07068,UPI,Completed,1059.6
P07069,O07069,Debit Card,Completed,1172.52
P07070,O07070,Credit Card,Completed,959.92
P07071,O07071,UPI,Completed,970.27
P07072,O07072,Debit Card,Completed,1220.34
P07073,O07073,UPI,Failed,1100.07
P07074,O07074,UPI,Completed,351.88
P07075,O07075,Debit Card,Completed,474.46
P07076,O07076,UPI,Completed,369.4
P07077,O07077,UPI,Completed,1417.26
P07078,O07078,UPI,Completed,1104.34
P07079,O07079,UPI,Completed,916.72
P07080,O07080,UPI,Completed,1616.84
P07081,O07081,Debit Card,Completed,719.01
P07082,O07082,Credit Card,Completed,1179.4
P07083,O07083,Credit Card,Completed,241.37
P07084,O07084,UPI,Completed,1514.37
P07085,O07085,Cash,Completed,1420.87
P07086,O07086,Debit Card,Completed,1624.52
P07087,O07087,Debit Card,Completed,1780.5
P07088,O07088,Credit Card,Completed,1540.25
P07089,O07089,UPI,Completed,1704.53
P07090,O07090,UPI,Completed,756.74
P07091,O07091,UPI,Completed,752.34
P07092,O07092,Debit Card,Completed,1894.17
P07093,O07093,Credit Card,Completed,1837.69
P07094,O07094,Debit Card,Completed,1142.14
P07095,O07095,UPI,Completed,796.46
P07096,O07096,Cash,Completed,1745.4
P07097,O07097,Debit Card,Completed,714.48
P07098,O07098,Debit Card,Completed,391.91
P07099,O07099,UPI,Refunded,1315.04
P07100,O07100,Cash,Completed,180.98
P07101,O07101,Debit Card,Completed,820.29
P07102,O07102,UPI,Completed,1634.56
P07103,O07103,UPI,Failed,660.91
P07104,O07104,Credit Card,Completed,1869.5
P07105,O07105,UPI,Completed,1916.07
P07106,O07106,Debit Card,Completed,1650.05
P07107,O07107,Credit Card,Completed,1976.52
P07108,O07108,Debit Card,Completed,1108.45
P07109,O07109,UPI,Completed,1181.48
P07110,O07110,Debit Card,Refunded,1688.72
P07111,O07111,Credit Card,Completed,1036.33
P07112,O07112,UPI,Completed,872.77
P07113,O07113,UPI,Completed,1268.03
P07114,O07114,UPI,Completed,1349.55
P07115,O07115,UPI,Completed,1526.7
P07116,O07116,UPI,Completed,1369.58
P07117,O07117,Credit Card,Completed,1516.87
P07118,O07118,Cash,Completed,1381.66
P07119,O07119,UPI,Failed,1012.85
P07120,O07120,Cash,Completed,356.38
P07121,O07121,Cash,Completed,1592.34
P07122,O07122,Cash,Completed,158.48
P07123,O07123,Credit Card,Completed,1985.75
P07124,O07124,Credit Card,Completed,1674.07
P07125,O07125,Debit Card,Completed,1374.73
P07126,O07126,UPI,Completed,1936.55
P07127,O07127,UPI,Completed,1263.69
P07128,O07128,Credit Card,Completed,207.22
P07129,O07129,Credit Card,Completed,1162.83
P07130,O07130,Credit Card,Completed,626.69
P07131,O07131,UPI,Completed,802.01
P07132,O07132,Cash,Completed,973.21
P07133,O07133,Cash,Failed,1571.74
P07134,O07134,UPI,Completed,1055.57
P07135,O07135,Cash,Completed,1001.89
P07136,O07136,UPI,Completed,673.75
P07137,O07137,Cash,Completed,1125.76
P07138,O07138,Cash,Completed,571.94
P07139,O07139,Debit Card,Completed,595.89
P07140,O07140,Credit Card,Completed,1538.79
P07141,O07141,UPI,Completed,750.84
P07142,O07142,UPI,Completed,197.66
P07143,O07143,UPI,Completed,752.99
P07144,O07144,Credit Card,Completed,1313.29
P07145,O07145,UPI,Completed,1646.57
P07146,O07146,Debit Card,Refunded,1927.68
P07147,O07147,Debit Card,Completed,1517.82
P07148,O07148,Credit Card,Completed,914.82
P07149,O07149,Credit Card,Completed,668.33
P07150,O07150,Debit Card,Completed,346.3
P07151,O07151,UPI,Completed,1292.6
P07152,O07152,UPI,Completed,1068.78
P07153,O07153,UPI,Completed,1387.63
P07154,O07154,Debit Card,Completed,550.55
P07155,O07155,UPI,Completed,714.92
P07156,O07156,Credit Card,Completed,654.98
P07157,O07157,Cash,Completed,1615.54
P07158,O07158,Debit Card,Completed,425.34
P07159,O07159,UPI,Completed,1256.1
P07160,O07160,Credit Card,Refunded,197.57
P07161,O07161,Credit Card,Completed,1144.1
P07162,O07162,Credit Card,Completed,221.44
P07163,O07163,Credit Card,Completed,434.17
P07164,O07164,Credit Card,Completed,314.75
P07165,O07165,UPI,Completed,758.78
P07166,O07166,Debit Card,Refunded,753.09
P07167,O07167,Cash,Completed,1670.2
P07168,O07168,UPI,Completed,528.81
P07169,O07169,UPI,Completed,264.13
P07170,O07170,UPI,Completed,1246.67
P07171,O07171,Debit Card,Completed,1406.16
P07172,O07172,UPI,Completed,660.16
P07173,O07173,Credit Card,Completed,1245.35
P07174,O07174,UPI,Completed,1574.51
P07175,O07175,Credit Card,Completed,760.35
P07176,O07176,Debit Card,Completed,1098.17
P07177,O07177,UPI,Completed,378.6
P07178,O07178,UPI,Completed,144.93
P07179,O07179,Credit Card,Completed,1964.6
P07180,O07180,UPI,Completed,669.49
P07181,O07181,Credit Card,Completed,629.91
P07182,O07182,Debit Card,Completed,1949.17
P07183,O07183,UPI,Failed,1483.64
P07184,O07184,Cash,Completed,1212.07
P07185,O07185,Credit Card,Failed,1428.71
P07186,O07186,Debit Card,Completed,1448.86
P07187,O07187,Debit Card,Completed,1550.34
P07188,O07188,UPI,Completed,227.66
P07189,O07189,UPI,Completed,884.38
P07190,O07190,UPI,Completed,660.75
P07191,O07191,UPI,Completed,234.08
P07192,O07192,Debit Card,Completed,883.94
P07193,O07193,Credit Card,Completed,1270.73
P07194,O07194,UPI,Completed,439.15
P07195,O07195,Debit Card,Completed,679.55
P07196,O07196,Debit Card,Completed,1314.42
P07197,O07197,Debit Card,Completed,1200.72
P07198,O07198,Credit Card,Refunded,1750.69
P07199,O07199,UPI,Completed,1603.34
P07200,O07200,UPI,Completed,1934.66
P07201,O07201,Credit Card,Completed,1234.67
P07202,O07202,UPI,Completed,1427.09
P07203,O07203,UPI,Completed,1734.96
P07204,O07204,UPI,Completed,1695.99
P07205,O07205,UPI,Completed,1465.57
P07206,O07206,Credit Card,Completed,1050.49
P07207,O07207,Debit Card,Failed,619.09
P07208,O07208,Credit Card,Completed,1766.71
P07209,O07209,UPI,Completed,1575.65
P07210,O07210,Cash,Completed,1692.02
P07211,O07211,UPI,Completed,367.5
P07212,O07212,Credit Card,Completed,698.14
P07213,O07213,UPI,Completed,907.28
P07214,O07214,Cash,Completed,1692.87
P07215,O07215,UPI,Completed,1796.48
P07216,O07216,Debit Card,Completed,641.3
P07217,O07217,Credit Card,Completed,1404.22
P07218,O07218,Cash,Completed,247.85
P07219,O07219,Debit Card,Completed,878.19
P07220,O07220,Credit Card,Completed,1024.67
P07221,O07221,Debit Card,Completed,1554.7
P07222,O07222,Debit Card,Completed,1794.75
P07223,O07223,UPI,Completed,740.84
P07224,O07224,Debit Card,Completed,1102.7
P07225,O07225,UPI,Completed,1330.15
P07226,O07226,Debit Card,Completed,724.51
P07227,O07227,Cash,Completed,1972.52
P07228,O07228,Credit Card,Completed,1763.97
P07229,O07229,Debit Card,Completed,663.17
P07230,O07230,Cash,Completed,1065.1
P07231,O07231,UPI,Completed,538.6
P07232,O07232,UPI,Completed,1077.56
P07233,O07233,Credit Card,Completed,1398.33
P07234,O07234,Debit Card,Completed,262.49
P07235,O07235,Debit Card,Completed,1753.22
P07236,O07236,Debit Card,Completed,1228.12
P07237,O07237,Cash,Completed,1980.25
P07238,O07238,Cash,Completed,148.62
P07239,O07239,Credit Card,Completed,1679.85
P07240,O07240,Debit Card,Failed,1604.73
P07241,O07241,UPI,Completed,352.42
P07242,O07242,Debit Card,Completed,737.08
P07243,O07243,Cash,Completed,1781.11
P07244,O07244,Credit Card,Refunded,1085.06
P07245,O07245,UPI,Failed,862.43
P07246,O07246,Credit Card,Completed,1820.44
P07247,O07247,UPI,Failed,277.35
P07248,O07248,Credit Card,Completed,998.93
P07249,O07249,Credit Card,Completed,1339.51
P07250,O07250,UPI,Completed,1256.23
P07251,O07251,Credit Card,Refunded,602.13
P07252,O07252,Credit Card,Completed,1170.29
P07253,O07253,Debit Card,Completed,1446.27
P07254,O07254,UPI,Completed,1211.28
P07255,O07255,Debit Card,Completed,1400.48
P07256,O07256,Credit Card,Completed,586.55
P07257,O07257,UPI,Completed,1682.41
P07258,O07258,UPI,Completed,954.41
P07259,O07259,UPI,Completed,1975.73
P07260,O07260,Debit Card,Refunded,144.24
P07261,O07261,Debit Card,Completed,822.6
P07262,O07262,UPI,Completed,442.9
P07263,O07263,Debit Card,Refunded,1155.66
P07264,O07264,Debit Card,Completed,562.09
P07265,O07265,UPI,Completed,1501.21
P07266,O07266,Cash,Completed,1775.55
P07267,O07267,Cash,Refunded,500.68
P07268,O07268,Credit Card,Refunded,405.29
P07269,O07269,Credit Card,Completed,1763.18
P07270,O07270,Credit Card,Completed,786.42
P07271,O07271,UPI,Completed,925.71
P07272,O07272,UPI,Completed,519.84
P07273,O07273,Debit Card,Completed,908.1
P07274,O07274,UPI,Completed,539.47
P07275,O07275,Debit Card,Completed,1365.26
P07276,O07276,Credit Card,Completed,1047.87
P07277,O07277,Cash,Completed,1597.31
P07278,O07278,UPI,Completed,694.18
P07279,O07279,Credit Card,Completed,1060.63
P07280,O07280,UPI,Completed,593.09
P07281,O07281,Credit Card,Completed,1875.5
P07282,O07282,Credit Card,Completed,1091.68
P07283,O07283,UPI,Completed,429.58
P07284,O07284,Credit Card,Completed,618.25
P07285,O07285,Credit Card,Completed,257.51
P07286,O07286,Debit Card,Completed,152.85
P07287,O07287,UPI,Completed,1099.25
P07288,O07288,Debit Card,Completed,740.53
P07289,O07289,Cash,Completed,1931.17
P07290,O07290,UPI,Completed,425.53
P07291,O07291,UPI,Failed,1608.43
P07292,O07292,Credit Card,Completed,700.35
P07293,O07293,Debit Card,Completed,524.72
P07294,O07294,Credit Card,Completed,1942.31
P07295,O07295,Credit Card,Completed,1624.9
P07296,O07296,Cash,Completed,1298.18
P07297,O07297,UPI,Completed,1424.53
P07298,O07298,Credit Card,Refunded,1983.62
P07299,O07299,Debit Card,Completed,1227.09
P07300,O07300,UPI,Completed,293.61
P07301,O07301,Cash,Failed,223.25
P07302,O07302,UPI,Completed,1366.55
P07303,O07303,Credit Card,Completed,1349.44
P07304,O07304,Credit Card,Completed,1521.53
P07305,O07305,Credit Card,Completed,306.68
P07306,O07306,UPI,Completed,1895.31
P07307,O07307,UPI,Completed,1147.2
P07308,O07308,UPI,Completed,1334.16
P07309,O07309,Credit Card,Completed,166.22
P07310,O07310,UPI,Completed,1925.85
P07311,O07311,Credit Card,Completed,1168.92
P07312,O07312,UPI,Completed,1170.39
P07313,O07313,UPI,Completed,1892.76
P07314,O07314,UPI,Completed,1865.77
P07315,O07315,Credit Card,Completed,518.57
P07316,O07316,UPI,Completed,1869.09
P07317,O07317,Debit Card,Completed,1499.58
P07318,O07318,Credit Card,Completed,135.91
P07319,O07319,UPI,Completed,555.7
P07320,O07320,Cash,Completed,884.66
P07321,O07321,UPI,Completed,1207.36
P07322,O07322,UPI,Completed,1432.53
P07323,O07323,Cash,Completed,499.4
P07324,O07324,Debit Card,Completed,1689.73
P07325,O07325,UPI,Completed,1706.86
P07326,O07326,Credit Card,Completed,1306.5
P07327,O07327,Credit Card,Completed,1850.08
P07328,O07328,UPI,Refunded,1644.67
P07329,O07329,Cash,Completed,521.08
P07330,O07330,Credit Card,Completed,1617.49
P07331,O07331,Credit Card,Completed,1911.08
P07332,O07332,Cash,Completed,361.45
P07333,O07333,Debit Card,Failed,1959.53
P07334,O07334,Credit Card,Completed,147.49
P07335,O07335,Credit Card,Completed,1092.12
P07336,O07336,UPI,Completed,1570.4
P07337,O07337,Cash,Completed,1601.83
P07338,O07338,Cash,Completed,1495.88
P07339,O07339,Debit Card,Completed,1105.77
P07340,O07340,UPI,Completed,1336.83
P07341,O07341,Cash,Completed,1429.87
P07342,O07342,UPI,Completed,1039.62
P07343,O07343,Credit Card,Completed,1231.8
P07344,O07344,UPI,Completed,1708.1
P07345,O07345,UPI,Completed,694.47
P07346,O07346,UPI,Completed,1094.09
P07347,O07347,Debit Card,Completed,116.11
P07348,O07348,Credit Card,Completed,1406.13
P07349,O07349,UPI,Completed,471.23
P07350,O07350,UPI,Completed,1013.9
P07351,O07351,Debit Card,Completed,499.39
P07352,O07352,Credit Card,Completed,144.71
P07353,O07353,Credit Card,Completed,1018.12
P07354,O07354,Credit Card,Completed,907.18
P07355,O07355,Credit Card,Completed,907.78
P07356,O07356,Debit Card,Completed,496.73
P07357,O07357,Credit Card,Completed,1899.69
P07358,O07358,Cash,Completed,106.66
P07359,O07359,Debit Card,Completed,1793.94
P07360,O07360,Debit Card,Completed,1500.11
P07361,O07361,Debit Card,Completed,426.94
P07362,O07362,Debit Card,Completed,997.16
P07363,O07363,UPI,Completed,1978.82
P07364,O07364,UPI,Completed,1323.03
P07365,O07365,UPI,Completed,342.02
P07366,O07366,UPI,Completed,969.52
P07367,O07367,UPI,Completed,989.59
P07368,O07368,UPI,Completed,1624.3
P07369,O07369,Credit Card,Completed,1840.71
P07370,O07370,Debit Card,Completed,256.26
P07371,O07371,UPI,Completed,696.67
P07372,O07372,Debit Card,Completed,667.03
P07373,O07373,Debit Card,Completed,1992.49
P07374,O07374,UPI,Completed,1162.53
P07375,O07375,Credit Card,Completed,1771.68
P07376,O07376,Credit Card,Completed,909.46
P07377,O07377,Credit Card,Completed,1473.17
P07378,O07378,UPI,Completed,644.51
P07379,O07379,UPI,Failed,1832.39
P07380,O07380,UPI,Completed,964.78
P07381,O07381,Debit Card,Completed,1627.08
P07382,O07382,Credit Card,Completed,586.05
P07383,O07383,Credit Card,Completed,1417.85
P07384,O07384,Cash,Completed,869.8
P07385,O07385,Debit Card,Completed,159.73
P07386,O07386,UPI,Completed,884.72
P07387,O07387,UPI,Completed,1145.04
P07388,O07388,Credit Card,Failed,388.35
P07389,O07389,Debit Card,Completed,449.43
P07390,O07390,Credit Card,Completed,983.24
P07391,O07391,UPI,Completed,751.19
P07392,O07392,Debit Card,Completed,937.41
P07393,O07393,UPI,Completed,975.57
P07394,O07394,UPI,Completed,366.14
P07395,O07395,Credit Card,Completed,444.27
P07396,O07396,UPI,Refunded,1711.51
P07397,O07397,Credit Card,Completed,409.17
P07398,O07398,UPI,Completed,1365.24
P07399,O07399,Debit Card,Completed,895.2
P07400,O07400,UPI,Completed,1939.65
P07401,O07401,UPI,Completed,225.6
P07402,O07402,UPI,Completed,1677.74
P07403,O07403,UPI,Completed,1033.75
P07404,O07404,Credit Card,Completed,110.17
P07405,O07405,UPI,Completed,600.95
P07406,O07406,UPI,Failed,874.62
P07407,O07407,UPI,Completed,696.97
P07408,O07408,Cash,Completed,788.65
P07409,O07409,UPI,Completed,1841.68
P07410,O07410,Debit Card,Completed,785.77
P07411,O07411,Debit Card,Failed,895.78
P07412,O07412,UPI,Completed,1546.15
P07413,O07413,Credit Card,Failed,1608.28
P07414,O07414,UPI,Completed,259.77
P07415,O07415,Credit Card,Completed,1437.73
P07416,O07416,Cash,Completed,1016.89
P07417,O07417,UPI,Completed,354.32
P07418,O07418,Credit Card,Completed,602.95
P07419,O07419,UPI,Completed,185.57
P07420,O07420,Credit Card,Completed,784.45
P07421,O07421,UPI,Completed,585.27
P07422,O07422,Debit Card,Completed,826.0
P07423,O07423,Debit Card,Completed,1202.65
P07424,O07424,Debit Card,Completed,1491.45
P07425,O07425,UPI,Failed,1250.17
P07426,O07426,UPI,Failed,1388.92
P07427,O07427,Cash,Completed,1744.71
P07428,O07428,Debit Card,Failed,1760.27
P07429,O07429,Credit Card,Completed,1735.37
P07430,O07430,Cash,Completed,391.02
P07431,O07431,UPI,Completed,577.03
P07432,O07432,Cash,Completed,1054.42
P07433,O07433,UPI,Completed,781.6
P07434,O07434,Cash,Completed,350.17
P07435,O07435,Credit Card,Completed,646.73
P07436,O07436,Credit Card,Completed,1953.31
P07437,O07437,UPI,Refunded,759.16
P07438,O07438,Cash,Completed,895.94
P07439,O07439,Debit Card,Completed,112.16
P07440,O07440,Credit Card,Completed,1466.89
P07441,O07441,UPI,Completed,885.75
P07442,O07442,Credit Card,Completed,295.97
P07443,O07443,Credit Card,Completed,1940.26
P07444,O07444,UPI,Completed,1577.12
P07445,O07445,UPI,Failed,1479.69
P07446,O07446,UPI,Completed,1919.96
P07447,O07447,UPI,Completed,874.21
P07448,O07448,Credit Card,Completed,1465.21
P07449,O07449,Debit Card,Completed,491.8
P07450,O07450,Credit Card,Completed,1424.53
P07451,O07451,Credit Card,Completed,126.75
P07452,O07452,Debit Card,Completed,339.98
P07453,O07453,Credit Card,Completed,907.99
P07454,O07454,UPI,Completed,122.98
P07455,O07455,Credit Card,Completed,977.74
P07456,O07456,UPI,Completed,1093.3
P07457,O07457,UPI,Completed,1281.05
P07458,O07458,Cash,Completed,290.73
P07459,O07459,UPI,Completed,443.92
P07460,O07460,Credit Card,Completed,1265.24
P07461,O07461,Credit Card,Completed,1350.56
P07462,O07462,Debit Card,Completed,149.21
P07463,O07463,Credit Card,Completed,1126.7
P07464,O07464,UPI,Completed,1591.47
P07465,O07465,UPI,Completed,231.29
P07466,O07466,UPI,Completed,885.03
P07467,O07467,Debit Card,Completed,720.37
P07468,O07468,UPI,Completed,1835.96
P07469,O07469,UPI,Completed,453.02
P07470,O07470,UPI,Completed,704.88
P07471,O07471,Credit Card,Completed,1807.05
P07472,O07472,UPI,Completed,728.24
P07473,O07473,UPI,Completed,1109.56
P07474,O07474,Debit Card,Completed,162.77
P07475,O07475,Debit Card,Completed,1971.31
P07476,O07476,Cash,Completed,1667.4
P07477,O07477,UPI,Completed,1305.36
P07478,O07478,Cash,Completed,215.44
P07479,O07479,UPI,Completed,242.25
P07480,O07480,Credit Card,Completed,1135.45
P07481,O07481,UPI,Completed,641.62
P07482,O07482,UPI,Completed,1283.3
P07483,O07483,UPI,Completed,1236.57
P07484,O07484,Cash,Completed,1693.44
P07485,O07485,UPI,Completed,634.62
P07486,O07486,UPI,Completed,1197.94
P07487,O07487,Cash,Completed,1576.99
P07488,O07488,UPI,Completed,1032.47
P07489,O07489,Debit Card,Completed,1678.22
P07490,O07490,Cash,Completed,349.42
P07491,O07491,Credit Card,Completed,1494.41
P07492,O07492,UPI,Completed,1891.67
P07493,O07493,Cash,Completed,730.58
P07494,O07494,UPI,Completed,796.04
P07495,O07495,UPI,Completed,258.74
P07496,O07496,Debit Card,Completed,1318.84
P07497,O07497,UPI,Completed,1149.66
P07498,O07498,Debit Card,Completed,176.66
P07499,O07499,UPI,Completed,1529.2
P07500,O07500,Credit Card,Completed,1675.64
P07501,O07501,Cash,Completed,1823.53
P07502,O07502,Cash,Completed,1136.89
P07503,O07503,UPI,Completed,959.9
P07504,O07504,Debit Card,Completed,1764.66
P07505,O07505,Credit Card,Completed,857.52
P07506,O07506,Credit Card,Completed,1345.34
P07507,O07507,UPI,Completed,1269.19
P07508,O07508,Credit Card,Completed,807.11
P07509,O07509,Credit Card,Completed,265.09
P07510,O07510,Debit Card,Completed,140.69
P07511,O07511,Credit Card,Completed,913.65
P07512,O07512,Debit Card,Completed,1014.28
P07513,O07513,UPI,Completed,1663.09
P07514,O07514,Debit Card,Completed,887.38
P07515,O07515,UPI,Refunded,634.2
P07516,O07516,Cash,Completed,977.98
P07517,O07517,UPI,Completed,552.18
P07518,O07518,UPI,Completed,273.59
P07519,O07519,Cash,Completed,314.78
P07520,O07520,Cash,Completed,706.39
P07521,O07521,UPI,Completed,124.09
P07522,O07522,Cash,Refunded,518.39
P07523,O07523,Credit Card,Completed,1596.29
P07524,O07524,Cash,Completed,545.77
P07525,O07525,Credit Card,Completed,310.39
P07526,O07526,Cash,Completed,1903.25
P07527,O07527,Debit Card,Completed,1282.69
P07528,O07528,UPI,Completed,214.05
P07529,O07529,UPI,Completed,218.26
P07530,O07530,UPI,Completed,1263.03
P07531,O07531,UPI,Completed,1126.24
P07532,O07532,UPI,Completed,229.91
P07533,O07533,UPI,Completed,526.2
P07534,O07534,Debit Card,Completed,1865.18
P07535,O07535,Credit Card,Completed,1186.82
P07536,O07536,Credit Card,Completed,936.62
P07537,O07537,UPI,Completed,575.3
P07538,O07538,UPI,Completed,354.03
P07539,O07539,UPI,Completed,865.0
P07540,O07540,UPI,Refunded,1852.5
P07541,O07541,Debit Card,Completed,192.55
P07542,O07542,UPI,Completed,1982.86
P07543,O07543,UPI,Completed,494.84
P07544,O07544,Credit Card,Completed,876.66
P07545,O07545,Debit Card,Completed,185.6
P07546,O07546,Cash,Completed,1211.09
P07547,O07547,Credit Card,Completed,1018.76
P07548,O07548,UPI,Completed,1366.74
P07549,O07549,Cash,Completed,1131.09
P07550,O07550,Credit Card,Completed,856.54
P07551,O07551,UPI,Completed,1501.74
P07552,O07552,Credit Card,Completed,147.54
P07553,O07553,UPI,Completed,1127.96
P07554,O07554,UPI,Completed,316.36
P07555,O07555,UPI,Completed,928.42
P07556,O07556,UPI,Failed,1603.14
P07557,O07557,Debit Card,Failed,370.68
P07558,O07558,UPI,Completed,1878.04
P07559,O07559,Credit Card,Completed,1788.16
P07560,O07560,UPI,Completed,888.32
P07561,O07561,Credit Card,Completed,111.35
P07562,O07562,Debit Card,Completed,1600.52
P07563,O07563,Debit Card,Completed,1773.7
P07564,O07564,UPI,Completed,432.0
P07565,O07565,UPI,Completed,1840.77
P07566,O07566,Debit Card,Completed,1836.78
P07567,O07567,Credit Card,Completed,995.45
P07568,O07568,UPI,Completed,1616.27
P07569,O07569,Credit Card,Completed,945.4
P07570,O07570,UPI,Completed,1171.69
P07571,O07571,UPI,Completed,707.69
P07572,O07572,Debit Card,Completed,402.99
P07573,O07573,Debit Card,Completed,1518.42
P07574,O07574,UPI,Completed,102.65
P07575,O07575,Debit Card,Completed,1201.15
P07576,O07576,UPI,Completed,1742.9
P07577,O07577,UPI,Completed,520.43
P07578,O07578,Debit Card,Completed,732.51
P07579,O07579,UPI,Completed,1216.22
P07580,O07580,UPI,Completed,569.05
P07581,O07581,Debit Card,Completed,1710.23
P07582,O07582,Credit Card,Completed,796.55
P07583,O07583,UPI,Completed,1205.07
P07584,O07584,UPI,Completed,529.63
P07585,O07585,Debit Card,Completed,178.63
P07586,O07586,Cash,Completed,430.03
P07587,O07587,UPI,Completed,187.78
P07588,O07588,UPI,Completed,990.35
P07589,O07589,Debit Card,Completed,1214.61
P07590,O07590,Credit Card,Completed,184.88
P07591,O07591,Debit Card,Completed,271.92
P07592,O07592,Credit Card,Completed,1022.5
P07593,O07593,UPI,Completed,1618.44
P07594,O07594,UPI,Completed,1293.22
P07595,O07595,UPI,Completed,298.95
P07596,O07596,Debit Card,Completed,1786.33
P07597,O07597,UPI,Completed,1843.16
P07598,O07598,UPI,Completed,717.42
P07599,O07599,Credit Card,Completed,1270.43
P07600,O07600,UPI,Completed,1035.42
P07601,O07601,Cash,Completed,1889.85
P07602,O07602,Credit Card,Completed,1066.62
P07603,O07603,Credit Card,Completed,1923.94
P07604,O07604,UPI,Completed,478.75
P07605,O07605,Cash,Completed,756.52
P07606,O07606,Debit Card,Completed,1584.56
P07607,O07607,Debit Card,Completed,1588.86
P07608,O07608,UPI,Completed,1491.15
P07609,O07609,Cash,Completed,1733.26
P07610,O07610,UPI,Refunded,1434.84
P07611,O07611,Credit Card,Completed,1308.56
P07612,O07612,Credit Card,Completed,971.96
P07613,O07613,Credit Card,Completed,987.47
P07614,O07614,Debit Card,Completed,871.71
P07615,O07615,UPI,Completed,1278.4
P07616,O07616,Credit Card,Completed,872.66
P07617,O07617,Cash,Completed,380.24
P07618,O07618,Cash,Completed,302.41
P07619,O07619,UPI,Completed,1856.5
P07620,O07620,Debit Card,Completed,147.0
P07621,O07621,Debit Card,Completed,300.39
P07622,O07622,Credit Card,Completed,946.08
P07623,O07623,UPI,Completed,599.56
P07624,O07624,UPI,Completed,871.11
P07625,O07625,UPI,Completed,323.15
P07626,O07626,Credit Card,Completed,348.72
P07627,O07627,UPI,Completed,1621.25
P07628,O07628,UPI,Completed,1542.31
P07629,O07629,Credit Card,Completed,298.08
P07630,O07630,Credit Card,Completed,1368.8
P07631,O07631,UPI,Completed,1257.69
P07632,O07632,UPI,Completed,1455.39
P07633,O07633,UPI,Completed,1001.45
P07634,O07634,UPI,Completed,612.97
P07635,O07635,UPI,Completed,1360.99
P07636,O07636,Credit Card,Completed,805.58
P07637,O07637,Credit Card,Refunded,516.01
P07638,O07638,UPI,Completed,876.4
P07639,O07639,UPI,Completed,1550.21
P07640,O07640,Credit Card,Completed,1004.01
P07641,O07641,UPI,Completed,669.74
P07642,O07642,UPI,Completed,1680.55
P07643,O07643,Cash,Completed,1775.12
P07644,O07644,UPI,Completed,923.18
P07645,O07645,Credit Card,Completed,811.91
P07646,O07646,UPI,Completed,1264.13
P07647,O07647,UPI,Completed,210.15
P07648,O07648,UPI,Completed,1413.51
P07649,O07649,Debit Card,Completed,1586.35
P07650,O07650,Credit Card,Refunded,855.14
P07651,O07651,Credit Card,Completed,431.77
P07652,O07652,UPI,Completed,154.75
P07653,O07653,UPI,Completed,1310.77
P07654,O07654,Debit Card,Completed,611.09
P07655,O07655,UPI,Completed,981.39
P07656,O07656,UPI,Completed,834.08
P07657,O07657,UPI,Failed,432.28
P07658,O07658,Credit Card,Completed,1065.9
P07659,O07659,Credit Card,Completed,973.23
P07660,O07660,UPI,Completed,1285.88
P07661,O07661,UPI,Completed,578.58
P07662,O07662,UPI,Completed,507.81
P07663,O07663,UPI,Completed,1647.26
P07664,O07664,UPI,Completed,1434.17
P07665,O07665,Cash,Completed,1567.19
P07666,O07666,Debit Card,Completed,334.25
P07667,O07667,Debit Card,Completed,525.68
P07668,O07668,Cash,Completed,1193.51
P07669,O07669,UPI,Completed,1728.68
P07670,O07670,UPI,Completed,1795.02
P07671,O07671,UPI,Completed,1680.63
P07672,O07672,Credit Card,Completed,182.46
P07673,O07673,UPI,Completed,1659.67
P07674,O07674,UPI,Completed,1808.27
P07675,O07675,UPI,Completed,207.82
P07676,O07676,Credit Card,Completed,890.93
P07677,O07677,UPI,Completed,1119.56
P07678,O07678,Debit Card,Completed,542.23
P07679,O07679,Debit Card,Failed,1081.7
P07680,O07680,UPI,Completed,1783.32
P07681,O07681,Credit Card,Completed,1747.19
P07682,O07682,UPI,Completed,1885.69
P07683,O07683,Credit Card,Refunded,1019.81
P07684,O07684,UPI,Completed,880.08
P07685,O07685,Cash,Completed,1365.0
P07686,O07686,Debit Card,Completed,891.85
P07687,O07687,UPI,Completed,179.69
P07688,O07688,UPI,Completed,1467.85
P07689,O07689,Cash,Completed,633.87
P07690,O07690,Debit Card,Completed,193.26
P07691,O07691,UPI,Completed,139.18
P07692,O07692,UPI,Completed,1869.59
P07693,O07693,Credit Card,Completed,578.94
P07694,O07694,UPI,Completed,951.01
P07695,O07695,UPI,Failed,1906.1
P07696,O07696,Credit Card,Completed,988.28
P07697,O07697,Cash,Completed,249.36
P07698,O07698,UPI,Completed,1148.68
P07699,O07699,UPI,Completed,267.58
P07700,O07700,UPI,Completed,280.67
P07701,O07701,Credit Card,Completed,1717.81
P07702,O07702,Debit Card,Completed,649.9
P07703,O07703,UPI,Completed,1389.47
P07704,O07704,UPI,Completed,1066.96
P07705,O07705,Credit Card,Completed,522.42
P07706,O07706,Credit Card,Completed,1083.86
P07707,O07707,Credit Card,Completed,231.09
P07708,O07708,UPI,Failed,759.7
P07709,O07709,Cash,Completed,1093.39
P07710,O07710,UPI,Completed,533.95
P07711,O07711,Credit Card,Completed,1354.36
P07712,O07712,UPI,Completed,198.44
P07713,O07713,UPI,Completed,1021.14
P07714,O07714,Debit Card,Completed,1458.49
P07715,O07715,UPI,Completed,916.9
P07716,O07716,UPI,Completed,1761.71
P07717,O07717,Credit Card,Completed,1301.17
P07718,O07718,UPI,Completed,1921.14
P07719,O07719,Debit Card,Completed,639.83
P07720,O07720,Credit Card,Completed,1883.7
P07721,O07721,Debit Card,Completed,1252.96
P07722,O07722,Credit Card,Completed,1515.84
P07723,O07723,Credit Card,Completed,1814.11
P07724,O07724,UPI,Failed,1147.27
P07725,O07725,UPI,Completed,1738.14
P07726,O07726,Credit Card,Completed,1129.22
P07727,O07727,UPI,Completed,1238.48
P07728,O07728,UPI,Completed,945.69
P07729,O07729,UPI,Completed,376.71
P07730,O07730,UPI,Completed,1151.66
P07731,O07731,UPI,Completed,1957.15
P07732,O07732,Cash,Completed,1595.65
P07733,O07733,UPI,Completed,1520.25
P07734,O07734,UPI,Completed,1322.29
P07735,O07735,UPI,Completed,761.03
P07736,O07736,Credit Card,Completed,422.27
P07737,O07737,UPI,Completed,526.65
P07738,O07738,Debit Card,Failed,112.01
P07739,O07739,UPI,Completed,1379.61
P07740,O07740,Cash,Completed,1642.57
P07741,O07741,Debit Card,Completed,610.93
P07742,O07742,Credit Card,Completed,274.52
P07743,O07743,UPI,Completed,737.88
P07744,O07744,UPI,Completed,654.9
P07745,O07745,UPI,Completed,956.67
P07746,O07746,Credit Card,Completed,601.79
P07747,O07747,Debit Card,Completed,745.49
P07748,O07748,UPI,Failed,1824.35
P07749,O07749,Credit Card,Completed,736.19
P07750,O07750,Credit Card,Completed,1592.48
P07751,O07751,UPI,Completed,1289.08
P07752,O07752,Cash,Failed,741.32
P07753,O07753,UPI,Completed,1653.8
P07754,O07754,UPI,Completed,1230.64
P07755,O07755,UPI,Completed,116.38
P07756,O07756,Debit Card,Completed,230.58
P07757,O07757,UPI,Completed,1530.02
P07758,O07758,UPI,Completed,948.4
P07759,O07759,Debit Card,Completed,870.46
P07760,O07760,UPI,Completed,377.07
P07761,O07761,UPI,Completed,398.91
P07762,O07762,Debit Card,Completed,1615.73
P07763,O07763,UPI,Completed,1675.13
P07764,O07764,Debit Card,Completed,1164.0
P07765,O07765,Debit Card,Completed,660.74
P07766,O07766,Debit Card,Refunded,1872.13
P07767,O07767,Cash,Completed,1285.53
P07768,O07768,Cash,Completed,1613.62
P07769,O07769,UPI,Completed,106.24
P07770,O07770,Credit Card,Completed,955.61
P07771,O07771,Debit Card,Completed,1754.8
P07772,O07772,UPI,Completed,742.64
P07773,O07773,UPI,Completed,1480.45
P07774,O07774,Cash,Completed,1349.58
P07775,O07775,UPI,Completed,389.21
P07776,O07776,Credit Card,Completed,1572.32
P07777,O07777,UPI,Completed,313.8
P07778,O07778,Credit Card,Completed,1483.04
P07779,O07779,Debit Card,Completed,1982.84
P07780,O07780,Cash,Completed,1920.16
P07781,O07781,UPI,Completed,1620.46
P07782,O07782,Debit Card,Failed,1115.58
P07783,O07783,Credit Card,Completed,1382.17
P07784,O07784,Debit Card,Completed,1483.41
P07785,O07785,UPI,Failed,115.96
P07786,O07786,Credit Card,Completed,294.5
P07787,O07787,Debit Card,Completed,1234.41
P07788,O07788,Credit Card,Completed,112.42
P07789,O07789,Credit Card,Completed,1826.92
P07790,O07790,Credit Card,Completed,1030.36
P07791,O07791,UPI,Completed,589.76
P07792,O07792,UPI,Completed,848.26
P07793,O07793,UPI,Completed,1716.48
P07794,O07794,UPI,Completed,1861.67
P07795,O07795,Debit Card,Completed,320.85
P07796,O07796,UPI,Completed,1578.13
P07797,O07797,Credit Card,Completed,1198.63
P07798,O07798,UPI,Completed,1212.46
P07799,O07799,UPI,Completed,1580.96
P07800,O07800,Credit Card,Completed,523.4
P07801,O07801,Debit Card,Completed,1108.99
P07802,O07802,Debit Card,Completed,706.77
P07803,O07803,Credit Card,Completed,279.57
P07804,O07804,Debit Card,Completed,299.65
P07805,O07805,UPI,Completed,359.3
P07806,O07806,UPI,Completed,1268.31
P07807,O07807,UPI,Completed,301.08
P07808,O07808,Credit Card,Completed,1183.2
P07809,O07809,Credit Card,Completed,1217.76
P07810,O07810,Cash,Completed,1817.4
P07811,O07811,Credit Card,Completed,1290.12
P07812,O07812,UPI,Completed,1972.62
P07813,O07813,UPI,Completed,158.89
P07814,O07814,Debit Card,Completed,1437.88
P07815,O07815,Credit Card,Completed,150.31
P07816,O07816,UPI,Completed,1485.82
P07817,O07817,Credit Card,Completed,833.12
P07818,O07818,UPI,Completed,1261.48
P07819,O07819,Debit Card,Completed,688.12
P07820,O07820,Credit Card,Completed,402.3
P07821,O07821,UPI,Completed,1474.67
P07822,O07822,Debit Card,Completed,1818.78
P07823,O07823,Credit Card,Completed,448.81
P07824,O07824,Credit Card,Completed,1849.34
P07825,O07825,UPI,Completed,366.35
P07826,O07826,Credit Card,Completed,1497.76
P07827,O07827,UPI,Completed,1922.95
P07828,O07828,Credit Card,Completed,380.0
P07829,O07829,Credit Card,Completed,926.67
P07830,O07830,UPI,Completed,741.17
P07831,O07831,Credit Card,Failed,838.11
P07832,O07832,UPI,Completed,1530.97
P07833,O07833,Credit Card,Completed,1356.26
P07834,O07834,UPI,Completed,1940.51
P07835,O07835,UPI,Completed,452.41
P07836,O07836,Cash,Completed,1132.2
P07837,O07837,UPI,Completed,953.34
P07838,O07838,UPI,Completed,1845.83
P07839,O07839,Credit Card,Completed,120.18
P07840,O07840,Credit Card,Completed,1979.42
P07841,O07841,UPI,Completed,1011.5
P07842,O07842,UPI,Completed,1288.53
P07843,O07843,UPI,Completed,784.1
P07844,O07844,Debit Card,Completed,1719.8
P07845,O07845,Credit Card,Completed,1167.78
P07846,O07846,UPI,Completed,1359.34
P07847,O07847,Debit Card,Failed,1332.92
P07848,O07848,UPI,Completed,791.57
P07849,O07849,Credit Card,Completed,244.38
P07850,O07850,Credit Card,Failed,1634.64
P07851,O07851,Credit Card,Completed,650.46
P07852,O07852,Cash,Completed,1712.97
P07853,O07853,Credit Card,Completed,1256.42
P07854,O07854,Cash,Completed,772.04
P07855,O07855,UPI,Failed,1229.07
P07856,O07856,Credit Card,Completed,1326.44
P07857,O07857,Credit Card,Completed,1442.7
P07858,O07858,UPI,Completed,1662.44
P07859,O07859,UPI,Completed,403.53
P07860,O07860,Credit Card,Completed,1893.87
P07861,O07861,Cash,Refunded,880.6
P07862,O07862,Cash,Completed,1734.86
P07863,O07863,Credit Card,Completed,518.91
P07864,O07864,UPI,Completed,155.16
P07865,O07865,UPI,Completed,1189.35
P07866,O07866,Credit Card,Completed,716.87
P07867,O07867,Credit Card,Completed,1970.48
P07868,O07868,Credit Card,Completed,298.46
P07869,O07869,UPI,Completed,189.88
P07870,O07870,UPI,Completed,185.53
P07871,O07871,Debit Card,Completed,512.06
P07872,O07872,UPI,Completed,1200.46
P07873,O07873,UPI,Completed,1060.57
P07874,O07874,UPI,Completed,765.14
P07875,O07875,Debit Card,Failed,268.71
P07876,O07876,UPI,Completed,544.1
P07877,O07877,Debit Card,Completed,449.88
P07878,O07878,Cash,Completed,1516.77
P07879,O07879,UPI,Completed,1581.9
P07880,O07880,UPI,Completed,1576.33
P07881,O07881,UPI,Completed,1941.18
P07882,O07882,Credit Card,Completed,1780.05
P07883,O07883,UPI,Completed,1045.83
P07884,O07884,UPI,Completed,888.38
P07885,O07885,Credit Card,Completed,1839.96
P07886,O07886,Cash,Completed,1261.33
P07887,O07887,UPI,Completed,659.36
P07888,O07888,UPI,Completed,1172.48
P07889,O07889,UPI,Failed,1985.08
P07890,O07890,UPI,Completed,1713.99
P07891,O07891,UPI,Completed,634.43
P07892,O07892,Credit Card,Completed,1910.61
P07893,O07893,Debit Card,Completed,1964.78
P07894,O07894,UPI,Completed,539.22
P07895,O07895,UPI,Completed,1801.63
P07896,O07896,Debit Card,Completed,1778.09
P07897,O07897,Credit Card,Completed,175.53
P07898,O07898,UPI,Completed,1372.41
P07899,O07899,Debit Card,Completed,680.03
P07900,O07900,UPI,Completed,1381.76
P07901,O07901,UPI,Completed,1835.76
P07902,O07902,UPI,Completed,1047.68
P07903,O07903,UPI,Completed,887.38
P07904,O07904,UPI,Completed,1850.91
P07905,O07905,Credit Card,Completed,1950.82
P07906,O07906,Credit Card,Completed,218.25
P07907,O07907,Debit Card,Completed,1853.41
P07908,O07908,Credit Card,Completed,257.26
P07909,O07909,Debit Card,Completed,740.84
P07910,O07910,UPI,Completed,1548.89
P07911,O07911,UPI,Completed,1576.37
P07912,O07912,Debit Card,Completed,1479.06
P07913,O07913,UPI,Completed,174.31
P07914,O07914,Cash,Completed,352.64
P07915,O07915,Credit Card,Completed,1878.81
P07916,O07916,Credit Card,Completed,254.78
P07917,O07917,UPI,Failed,249.24
P07918,O07918,Cash,Completed,1687.73
P07919,O07919,UPI,Completed,1318.4
P07920,O07920,UPI,Completed,768.15
P07921,O07921,UPI,Completed,414.85
P07922,O07922,UPI,Completed,1779.92
P07923,O07923,UPI,Completed,1978.22
P07924,O07924,UPI,Completed,194.95
P07925,O07925,UPI,Completed,1152.82
P07926,O07926,Credit Card,Completed,596.48
P07927,O07927,UPI,Completed,1681.53
P07928,O07928,Debit Card,Failed,757.54
P07929,O07929,Credit Card,Completed,1457.8
P07930,O07930,Credit Card,Completed,1125.09
P07931,O07931,Debit Card,Completed,1128.89
P07932,O07932,Debit Card,Completed,1730.2
P07933,O07933,Credit Card,Completed,993.77
P07934,O07934,Debit Card,Completed,1706.64
P07935,O07935,UPI,Completed,790.51
P07936,O07936,Debit Card,Completed,432.09
P07937,O07937,UPI,Completed,965.41
P07938,O07938,Credit Card,Completed,1046.88
P07939,O07939,Cash,Completed,1008.93
P07940,O07940,UPI,Completed,1635.83
P07941,O07941,UPI,Completed,1172.89
P07942,O07942,UPI,Completed,1788.04
P07943,O07943,UPI,Refunded,1076.95
P07944,O07944,Credit Card,Failed,526.96
P07945,O07945,UPI,Completed,346.04
P07946,O07946,Cash,Completed,1749.89
P07947,O07947,Credit Card,Completed,206.73
P07948,O07948,Debit Card,Completed,323.46
P07949,O07949,UPI,Completed,220.95
P07950,O07950,UPI,Completed,905.09
P07951,O07951,UPI,Completed,1111.97
P07952,O07952,UPI,Completed,137.76
P07953,O07953,UPI,Failed,1079.61
P07954,O07954,UPI,Completed,848.14
P07955,O07955,Credit Card,Completed,1569.93
P07956,O07956,UPI,Completed,1676.92
P07957,O07957,Debit Card,Completed,1401.44
P07958,O07958,UPI,Completed,999.64
P07959,O07959,Debit Card,Refunded,510.68
P07960,O07960,Credit Card,Completed,1709.52
P07961,O07961,UPI,Completed,749.17
P07962,O07962,UPI,Completed,776.95
P07963,O07963,Credit Card,Completed,1840.42
P07964,O07964,UPI,Completed,1953.63
P07965,O07965,Credit Card,Completed,1806.45
P07966,O07966,Credit Card,Completed,1996.65
P07967,O07967,Cash,Completed,1750.93
P07968,O07968,UPI,Completed,1438.28
P07969,O07969,UPI,Completed,658.26
P07970,O07970,Credit Card,Completed,1910.62
P07971,O07971,UPI,Failed,1765.59
P07972,O07972,UPI,Completed,557.42
P07973,O07973,Credit Card,Completed,1029.41
P07974,O07974,Credit Card,Completed,233.11
P07975,O07975,UPI,Completed,1911.29
P07976,O07976,UPI,Failed,1188.26
P07977,O07977,Debit Card,Failed,565.88
P07978,O07978,Credit Card,Completed,655.56
P07979,O07979,Debit Card,Completed,1963.25
P07980,O07980,Debit Card,Completed,1269.67
P07981,O07981,Debit Card,Completed,899.3
P07982,O07982,Credit Card,Completed,1049.71
P07983,O07983,Credit Card,Completed,287.25
P07984,O07984,Debit Card,Completed,242.54
P07985,O07985,UPI,Completed,1226.14
P07986,O07986,Credit Card,Completed,1072.81
P07987,O07987,Cash,Completed,782.39
P07988,O07988,UPI,Refunded,1175.62
P07989,O07989,UPI,Completed,238.08
P07990,O07990,UPI,Completed,1893.58
P07991,O07991,UPI,Completed,658.05
P07992,O07992,UPI,Completed,236.38
P07993,O07993,Credit Card,Completed,422.06
P07994,O07994,Debit Card,Completed,281.4
P07995,O07995,Credit Card,Completed,439.35
P07996,O07996,UPI,Completed,891.83
P07997,O07997,Credit Card,Completed,1502.3
P07998,O07998,UPI,Failed,617.46
P07999,O07999,Debit Card,Completed,928.26
P08000,O08000,UPI,Completed,1864.64
P08001,O08001,UPI,Completed,662.06
P08002,O08002,UPI,Completed,1609.97
P08003,O08003,Credit Card,Completed,399.85
P08004,O08004,UPI,Completed,438.81
P08005,O08005,Cash,Completed,966.69
P08006,O08006,Debit Card,Completed,544.79
P08007,O08007,UPI,Completed,1815.75
P08008,O08008,UPI,Completed,196.43
P08009,O08009,Debit Card,Completed,1234.82
P08010,O08010,UPI,Completed,1248.04
P08011,O08011,Debit Card,Completed,225.45
P08012,O08012,Debit Card,Completed,1491.87
P08013,O08013,Cash,Completed,990.91
P08014,O08014,UPI,Completed,1473.84
P08015,O08015,Debit Card,Completed,1671.16
P08016,O08016,Debit Card,Completed,713.51
P08017,O08017,UPI,Completed,1020.52
P08018,O08018,UPI,Failed,595.45
P08019,O08019,Credit Card,Completed,482.88
P08020,O08020,UPI,Completed,101.13
P08021,O08021,Debit Card,Completed,1930.9
P08022,O08022,Credit Card,Completed,937.76
P08023,O08023,Debit Card,Completed,124.83
P08024,O08024,Credit Card,Completed,116.98
P08025,O08025,Credit Card,Completed,647.87
P08026,O08026,Debit Card,Completed,126.48
P08027,O08027,UPI,Completed,811.58
P08028,O08028,UPI,Completed,219.58
P08029,O08029,UPI,Completed,174.58
P08030,O08030,UPI,Completed,1371.82
P08031,O08031,UPI,Completed,1823.0
P08032,O08032,UPI,Completed,877.83
P08033,O08033,Debit Card,Completed,1689.86
P08034,O08034,Cash,Completed,155.6
P08035,O08035,Debit Card,Completed,1577.61
P08036,O08036,Debit Card,Completed,219.32
P08037,O08037,Debit Card,Completed,1693.03
P08038,O08038,UPI,Completed,1776.5
P08039,O08039,Credit Card,Completed,1593.35
P08040,O08040,Cash,Completed,1659.42
P08041,O08041,Credit Card,Completed,1166.82
P08042,O08042,Debit Card,Completed,603.28
P08043,O08043,Cash,Completed,1322.14
P08044,O08044,UPI,Completed,935.13
P08045,O08045,Debit Card,Failed,110.14
P08046,O08046,Debit Card,Completed,1005.97
P08047,O08047,Credit Card,Completed,1337.26
P08048,O08048,Debit Card,Completed,126.38
P08049,O08049,Debit Card,Failed,1280.58
P08050,O08050,UPI,Completed,1339.81
P08051,O08051,UPI,Completed,400.4
P08052,O08052,UPI,Completed,919.04
P08053,O08053,Credit Card,Completed,1932.23
P08054,O08054,UPI,Completed,1779.96
P08055,O08055,Cash,Completed,880.56
P08056,O08056,UPI,Completed,764.71
P08057,O08057,Debit Card,Completed,335.75
P08058,O08058,Credit Card,Completed,166.86
P08059,O08059,Credit Card,Completed,665.18
P08060,O08060,Debit Card,Completed,1886.54
P08061,O08061,Cash,Completed,1921.37
P08062,O08062,UPI,Refunded,1643.79
P08063,O08063,Debit Card,Completed,766.57
P08064,O08064,UPI,Completed,372.89
P08065,O08065,Credit Card,Completed,1231.51
P08066,O08066,Debit Card,Completed,1328.36
P08067,O08067,UPI,Completed,906.69
P08068,O08068,Credit Card,Completed,1414.13
P08069,O08069,UPI,Completed,1518.7
P08070,O08070,UPI,Completed,1587.82
P08071,O08071,UPI,Completed,1054.37
P08072,O08072,Credit Card,Completed,1604.12
P08073,O08073,Credit Card,Completed,148.41
P08074,O08074,Credit Card,Completed,1392.77
P08075,O08075,UPI,Completed,547.7
P08076,O08076,Debit Card,Completed,613.99
P08077,O08077,Credit Card,Completed,273.47
P08078,O08078,UPI,Completed,465.55
P08079,O08079,UPI,Completed,1984.82
P08080,O08080,Credit Card,Completed,889.24
P08081,O08081,Cash,Refunded,1862.75
P08082,O08082,Debit Card,Completed,409.51
P08083,O08083,Debit Card,Completed,487.71
P08084,O08084,Credit Card,Completed,1159.85
P08085,O08085,UPI,Completed,764.11
P08086,O08086,Credit Card,Completed,1323.44
P08087,O08087,UPI,Completed,901.89
P08088,O08088,Credit Card,Completed,1642.03
P08089,O08089,Credit Card,Completed,919.96
P08090,O08090,Cash,Completed,1187.46
P08091,O08091,UPI,Failed,710.04
P08092,O08092,UPI,Completed,1437.68
P08093,O08093,Cash,Completed,1343.99
P08094,O08094,Cash,Completed,854.3
P08095,O08095,UPI,Completed,624.46
P08096,O08096,UPI,Completed,1266.8
P08097,O08097,UPI,Refunded,1891.99
P08098,O08098,Credit Card,Completed,352.02
P08099,O08099,Credit Card,Completed,1618.32
P08100,O08100,Credit Card,Completed,1131.68
P08101,O08101,Debit Card,Completed,1098.56
P08102,O08102,UPI,Completed,1927.2
P08103,O08103,UPI,Completed,1251.16
P08104,O08104,Debit Card,Completed,1677.98
P08105,O08105,Cash,Completed,1077.51
P08106,O08106,Credit Card,Refunded,574.72
P08107,O08107,UPI,Completed,1419.53
P08108,O08108,Debit Card,Completed,1854.04
P08109,O08109,UPI,Completed,1698.34
P08110,O08110,UPI,Completed,476.89
P08111,O08111,UPI,Completed,702.09
P08112,O08112,UPI,Completed,1082.07
P08113,O08113,Credit Card,Completed,1186.05
P08114,O08114,UPI,Completed,468.25
P08115,O08115,Debit Card,Completed,537.02
P08116,O08116,UPI,Completed,1541.78
P08117,O08117,Credit Card,Completed,1487.6
P08118,O08118,UPI,Completed,1694.5
P08119,O08119,Credit Card,Failed,1872.57
P08120,O08120,Debit Card,Completed,685.7
P08121,O08121,Credit Card,Completed,1733.23
P08122,O08122,Credit Card,Completed,1365.42
P08123,O08123,UPI,Completed,1919.76
P08124,O08124,Cash,Completed,616.94
P08125,O08125,Credit Card,Failed,612.38
P08126,O08126,Credit Card,Completed,1438.16
P08127,O08127,UPI,Completed,1863.98
P08128,O08128,Debit Card,Completed,1666.66
P08129,O08129,Debit Card,Completed,1481.38
P08130,O08130,UPI,Completed,835.89
P08131,O08131,UPI,Completed,1463.76
P08132,O08132,UPI,Completed,1622.08
P08133,O08133,Credit Card,Completed,1531.24
P08134,O08134,UPI,Completed,1385.94
P08135,O08135,Debit Card,Completed,189.55
P08136,O08136,UPI,Completed,1353.46
P08137,O08137,Cash,Completed,1008.76
P08138,O08138,UPI,Completed,1926.98
P08139,O08139,UPI,Failed,1253.66
P08140,O08140,Cash,Completed,1255.63
P08141,O08141,Credit Card,Completed,1988.7
P08142,O08142,Cash,Completed,277.82
P08143,O08143,UPI,Completed,625.0
P08144,O08144,Debit Card,Completed,1346.55
P08145,O08145,Cash,Completed,698.95
P08146,O08146,Debit Card,Completed,757.69
P08147,O08147,UPI,Completed,1796.03
P08148,O08148,UPI,Completed,1200.77
P08149,O08149,UPI,Completed,295.44
P08150,O08150,Debit Card,Completed,690.64
P08151,O08151,UPI,Completed,244.51
P08152,O08152,UPI,Completed,1156.65
P08153,O08153,Credit Card,Completed,429.21
P08154,O08154,UPI,Completed,1728.52
P08155,O08155,UPI,Completed,1196.9
P08156,O08156,UPI,Completed,212.81
P08157,O08157,UPI,Completed,671.66
P08158,O08158,Debit Card,Completed,1271.04
P08159,O08159,Credit Card,Completed,737.45
P08160,O08160,Credit Card,Completed,1075.04
P08161,O08161,Cash,Completed,1827.79
P08162,O08162,Debit Card,Completed,765.07
P08163,O08163,Cash,Completed,738.16
P08164,O08164,Debit Card,Completed,1657.54
P08165,O08165,Credit Card,Completed,705.64
P08166,O08166,UPI,Completed,248.12
P08167,O08167,Cash,Completed,443.8
P08168,O08168,Credit Card,Completed,1902.72
P08169,O08169,UPI,Completed,1873.26
P08170,O08170,Debit Card,Completed,527.14
P08171,O08171,Cash,Completed,1151.65
P08172,O08172,UPI,Completed,361.0
P08173,O08173,Cash,Completed,1381.89
P08174,O08174,UPI,Completed,452.08
P08175,O08175,Credit Card,Completed,194.6
P08176,O08176,Cash,Completed,1667.3
P08177,O08177,UPI,Completed,718.26
P08178,O08178,UPI,Completed,306.19
P08179,O08179,Debit Card,Completed,1684.42
P08180,O08180,Debit Card,Completed,1548.56
P08181,O08181,UPI,Completed,1399.14
P08182,O08182,Debit Card,Completed,1831.37
P08183,O08183,UPI,Completed,1029.53
P08184,O08184,UPI,Completed,343.31
P08185,O08185,UPI,Completed,216.56
P08186,O08186,UPI,Completed,705.04
P08187,O08187,Credit Card,Completed,264.98
P08188,O08188,Credit Card,Completed,1117.47
P08189,O08189,UPI,Completed,127.55
P08190,O08190,Debit Card,Completed,943.15
P08191,O08191,Debit Card,Completed,439.07
P08192,O08192,Cash,Completed,799.71
P08193,O08193,UPI,Completed,1382.56
P08194,O08194,UPI,Completed,766.83
P08195,O08195,UPI,Completed,748.55
P08196,O08196,UPI,Completed,1982.43
P08197,O08197,UPI,Completed,1465.75
P08198,O08198,UPI,Completed,1076.34
P08199,O08199,Credit Card,Completed,1200.81
P08200,O08200,UPI,Failed,1278.35
P08201,O08201,Debit Card,Completed,146.69
P08202,O08202,UPI,Completed,252.5
P08203,O08203,Cash,Completed,1333.46
P08204,O08204,Credit Card,Completed,792.49
P08205,O08205,Debit Card,Completed,205.34
P08206,O08206,Debit Card,Completed,665.28
P08207,O08207,UPI,Completed,347.54
P08208,O08208,Credit Card,Completed,1841.0
P08209,O08209,Debit Card,Refunded,485.56
P08210,O08210,Cash,Completed,373.01
P08211,O08211,Credit Card,Completed,1289.72
P08212,O08212,Credit Card,Completed,1091.63
P08213,O08213,Debit Card,Completed,1194.27
P08214,O08214,UPI,Completed,928.3
P08215,O08215,Credit Card,Completed,987.62
P08216,O08216,UPI,Completed,1579.72
P08217,O08217,UPI,Completed,517.85
P08218,O08218,UPI,Completed,853.41
P08219,O08219,Credit Card,Completed,1919.87
P08220,O08220,Cash,Completed,460.97
P08221,O08221,UPI,Completed,658.17
P08222,O08222,Debit Card,Completed,463.98
P08223,O08223,Debit Card,Completed,138.94
P08224,O08224,Credit Card,Completed,612.68
P08225,O08225,UPI,Completed,188.29
P08226,O08226,Cash,Completed,393.9
P08227,O08227,Cash,Completed,789.1
P08228,O08228,UPI,Completed,139.37
P08229,O08229,UPI,Failed,1530.62
P08230,O08230,Cash,Completed,1611.62
P08231,O08231,UPI,Completed,881.69
P08232,O08232,Debit Card,Completed,1970.87
P08233,O08233,Cash,Completed,1390.09
P08234,O08234,UPI,Refunded,1513.07
P08235,O08235,UPI,Completed,465.37
P08236,O08236,UPI,Completed,1691.13
P08237,O08237,Credit Card,Completed,1895.59
P08238,O08238,UPI,Completed,548.99
P08239,O08239,Cash,Completed,1404.28
P08240,O08240,UPI,Completed,1519.19
P08241,O08241,Cash,Completed,679.82
P08242,O08242,UPI,Completed,1002.52
P08243,O08243,UPI,Completed,285.32
P08244,O08244,UPI,Completed,428.88
P08245,O08245,UPI,Completed,216.98
P08246,O08246,UPI,Completed,1164.31
P08247,O08247,UPI,Completed,1288.0
P08248,O08248,UPI,Completed,1840.63
P08249,O08249,Debit Card,Completed,1130.15
P08250,O08250,UPI,Completed,595.16
P08251,O08251,Debit Card,Completed,213.0
P08252,O08252,Credit Card,Completed,1781.41
P08253,O08253,UPI,Completed,1009.83
P08254,O08254,Debit Card,Completed,1500.91
P08255,O08255,Credit Card,Completed,127.83
P08256,O08256,Credit Card,Completed,1027.46
P08257,O08257,UPI,Completed,718.87
P08258,O08258,UPI,Completed,157.63
P08259,O08259,Credit Card,Completed,1573.78
P08260,O08260,UPI,Completed,1074.51
P08261,O08261,Credit Card,Completed,733.04
P08262,O08262,UPI,Failed,1631.02
P08263,O08263,UPI,Completed,949.15
P08264,O08264,Debit Card,Completed,106.65
P08265,O08265,Debit Card,Completed,1894.45
P08266,O08266,UPI,Completed,585.8
P08267,O08267,UPI,Completed,1678.09
P08268,O08268,Cash,Completed,1651.19
P08269,O08269,UPI,Completed,408.51
P08270,O08270,UPI,Completed,1000.61
P08271,O08271,UPI,Completed,176.38
P08272,O08272,UPI,Completed,773.65
P08273,O08273,Credit Card,Completed,1488.86
P08274,O08274,UPI,Completed,550.43
P08275,O08275,Cash,Completed,322.54
P08276,O08276,UPI,Completed,1063.53
P08277,O08277,UPI,Completed,1120.27
P08278,O08278,UPI,Completed,1384.07
P08279,O08279,Credit Card,Completed,1542.36
P08280,O08280,Credit Card,Completed,1422.04
P08281,O08281,UPI,Completed,1706.28
P08282,O08282,Credit Card,Completed,523.52
P08283,O08283,Credit Card,Completed,1182.56
P08284,O08284,UPI,Completed,784.18
P08285,O08285,UPI,Completed,1928.01
P08286,O08286,UPI,Completed,936.53
P08287,O08287,UPI,Completed,1923.46
P08288,O08288,Credit Card,Completed,1561.22
P08289,O08289,Debit Card,Completed,1465.08
P08290,O08290,UPI,Completed,1033.97
P08291,O08291,UPI,Completed,942.42
P08292,O08292,UPI,Completed,1100.44
P08293,O08293,UPI,Completed,657.9
P08294,O08294,UPI,Completed,1818.57
P08295,O08295,UPI,Completed,1609.23
P08296,O08296,Debit Card,Completed,1622.65
P08297,O08297,UPI,Completed,922.99
P08298,O08298,Debit Card,Completed,235.07
P08299,O08299,Debit Card,Completed,1397.85
P08300,O08300,UPI,Completed,811.39
P08301,O08301,Credit Card,Completed,1753.82
P08302,O08302,UPI,Completed,1582.64
P08303,O08303,Debit Card,Completed,376.12
P08304,O08304,UPI,Completed,1243.26
P08305,O08305,Credit Card,Completed,1415.21
P08306,O08306,UPI,Completed,1179.46
P08307,O08307,Cash,Completed,1076.68
P08308,O08308,Debit Card,Completed,532.94
P08309,O08309,Credit Card,Completed,548.22
P08310,O08310,Debit Card,Failed,1559.22
P08311,O08311,Credit Card,Completed,135.51
P08312,O08312,UPI,Completed,1579.93
P08313,O08313,Credit Card,Completed,1100.92
P08314,O08314,UPI,Completed,1878.82
P08315,O08315,UPI,Completed,1994.91
P08316,O08316,Cash,Completed,1360.62
P08317,O08317,UPI,Completed,883.29
P08318,O08318,Credit Card,Completed,1002.66
P08319,O08319,UPI,Completed,488.01
P08320,O08320,UPI,Completed,288.55
P08321,O08321,Credit Card,Refunded,1199.65
P08322,O08322,UPI,Completed,1630.44
P08323,O08323,UPI,Completed,597.36
P08324,O08324,UPI,Completed,897.34
P08325,O08325,Cash,Completed,1154.07
P08326,O08326,Credit Card,Completed,1825.01
P08327,O08327,Credit Card,Completed,363.4
P08328,O08328,UPI,Completed,550.08
P08329,O08329,UPI,Completed,1845.21
P08330,O08330,UPI,Completed,175.12
P08331,O08331,UPI,Completed,1346.62
P08332,O08332,Credit Card,Completed,1315.1
P08333,O08333,UPI,Completed,828.18
P08334,O08334,UPI,Completed,989.51
P08335,O08335,Debit Card,Completed,1724.34
P08336,O08336,Credit Card,Completed,413.47
P08337,O08337,Credit Card,Completed,539.98
P08338,O08338,UPI,Completed,1073.47
P08339,O08339,UPI,Completed,878.52
P08340,O08340,Debit Card,Completed,1191.31
P08341,O08341,UPI,Completed,1849.59
P08342,O08342,UPI,Completed,1842.49
P08343,O08343,UPI,Completed,537.03
P08344,O08344,UPI,Completed,674.07
P08345,O08345,Credit Card,Completed,407.93
P08346,O08346,Cash,Completed,1862.8
P08347,O08347,Credit Card,Completed,855.94
P08348,O08348,Cash,Completed,954.44
P08349,O08349,Credit Card,Completed,1625.02
P08350,O08350,Credit Card,Completed,1074.65
P08351,O08351,Credit Card,Completed,327.54
P08352,O08352,Credit Card,Completed,931.91
P08353,O08353,Credit Card,Completed,1298.0
P08354,O08354,UPI,Completed,1466.5
P08355,O08355,Debit Card,Completed,1326.17
P08356,O08356,UPI,Completed,326.44
P08357,O08357,UPI,Completed,678.25
P08358,O08358,Credit Card,Completed,1493.77
P08359,O08359,Debit Card,Completed,1772.36
P08360,O08360,Debit Card,Failed,189.65
P08361,O08361,Debit Card,Completed,180.24
P08362,O08362,Credit Card,Completed,1322.47
P08363,O08363,UPI,Failed,1141.29
P08364,O08364,Cash,Completed,395.14
P08365,O08365,Credit Card,Completed,1141.75
P08366,O08366,Debit Card,Completed,1951.53
P08367,O08367,UPI,Completed,1298.71
P08368,O08368,UPI,Completed,953.37
P08369,O08369,Credit Card,Completed,1672.31
P08370,O08370,Credit Card,Completed,504.36
P08371,O08371,Credit Card,Completed,887.22
P08372,O08372,Credit Card,Completed,1102.76
P08373,O08373,UPI,Completed,1058.63
P08374,O08374,UPI,Completed,1849.85
P08375,O08375,Credit Card,Completed,656.07
P08376,O08376,Credit Card,Completed,207.36
P08377,O08377,UPI,Completed,1841.12
P08378,O08378,Cash,Completed,512.43
P08379,O08379,UPI,Completed,820.15
P08380,O08380,Credit Card,Completed,1108.69
P08381,O08381,UPI,Completed,1954.17
P08382,O08382,Debit Card,Completed,1117.01
P08383,O08383,UPI,Completed,950.71
P08384,O08384,UPI,Completed,1208.91
P08385,O08385,UPI,Completed,1944.54
P08386,O08386,UPI,Failed,1654.09
P08387,O08387,Debit Card,Completed,421.04
P08388,O08388,Credit Card,Completed,1626.19
P08389,O08389,Credit Card,Completed,1698.09
P08390,O08390,Cash,Completed,1412.32
P08391,O08391,Debit Card,Completed,1348.74
P08392,O08392,Credit Card,Failed,937.67
P08393,O08393,Debit Card,Failed,1319.22
P08394,O08394,UPI,Completed,1501.39
P08395,O08395,Cash,Completed,333.36
P08396,O08396,Cash,Completed,588.93
P08397,O08397,UPI,Completed,468.76
P08398,O08398,Cash,Refunded,1698.3
P08399,O08399,UPI,Completed,1392.0
P08400,O08400,UPI,Failed,956.48
P08401,O08401,Debit Card,Completed,1669.51
P08402,O08402,Debit Card,Completed,1461.88
P08403,O08403,UPI,Completed,1835.83
P08404,O08404,Cash,Completed,245.93
P08405,O08405,Debit Card,Completed,1067.4
P08406,O08406,Cash,Completed,1442.82
P08407,O08407,UPI,Completed,494.24
P08408,O08408,Debit Card,Completed,721.54
P08409,O08409,Credit Card,Completed,896.05
P08410,O08410,Cash,Completed,1609.22
P08411,O08411,UPI,Completed,1037.79
P08412,O08412,Cash,Completed,1036.45
P08413,O08413,UPI,Completed,918.69
P08414,O08414,Cash,Completed,534.32
P08415,O08415,UPI,Completed,1853.84
P08416,O08416,Debit Card,Completed,703.82
P08417,O08417,Credit Card,Completed,1178.18
P08418,O08418,Cash,Completed,382.68
P08419,O08419,UPI,Completed,925.06
P08420,O08420,Debit Card,Completed,1817.23
P08421,O08421,Cash,Completed,1991.38
P08422,O08422,Cash,Completed,787.33
P08423,O08423,UPI,Completed,392.58
P08424,O08424,Credit Card,Completed,697.46
P08425,O08425,Debit Card,Refunded,721.76
P08426,O08426,Debit Card,Completed,1324.57
P08427,O08427,Credit Card,Completed,1042.7
P08428,O08428,UPI,Completed,1560.07
P08429,O08429,Credit Card,Completed,1432.48
P08430,O08430,UPI,Completed,577.49
P08431,O08431,Credit Card,Completed,1590.09
P08432,O08432,Debit Card,Completed,1710.18
P08433,O08433,UPI,Completed,1236.94
P08434,O08434,Debit Card,Completed,1862.57
P08435,O08435,UPI,Completed,1587.6
P08436,O08436,UPI,Refunded,1231.25
P08437,O08437,UPI,Completed,1821.72
P08438,O08438,Cash,Completed,1240.68
P08439,O08439,UPI,Completed,1090.26
P08440,O08440,Debit Card,Completed,776.89
P08441,O08441,Debit Card,Completed,1777.44
P08442,O08442,UPI,Completed,333.18
P08443,O08443,UPI,Completed,999.66
P08444,O08444,Debit Card,Completed,1121.09
P08445,O08445,Credit Card,Completed,1154.02
P08446,O08446,Debit Card,Completed,1338.59
P08447,O08447,Credit Card,Completed,1061.01
P08448,O08448,UPI,Completed,587.95
P08449,O08449,Debit Card,Completed,1728.19
P08450,O08450,UPI,Completed,1349.3
P08451,O08451,UPI,Completed,1730.56
P08452,O08452,UPI,Completed,624.48
P08453,O08453,Debit Card,Completed,1310.41
P08454,O08454,Credit Card,Completed,1456.93
P08455,O08455,Debit Card,Completed,828.47
P08456,O08456,Credit Card,Completed,1643.26
P08457,O08457,Cash,Completed,104.77
P08458,O08458,UPI,Completed,1230.35
P08459,O08459,Credit Card,Completed,1265.78
P08460,O08460,Debit Card,Completed,1114.3
P08461,O08461,UPI,Completed,1297.09
P08462,O08462,Debit Card,Completed,417.73
P08463,O08463,UPI,Completed,1401.08
P08464,O08464,Cash,Completed,738.0
P08465,O08465,Credit Card,Completed,958.9
P08466,O08466,UPI,Completed,732.91
P08467,O08467,UPI,Completed,1000.48
P08468,O08468,Debit Card,Completed,1280.98
P08469,O08469,UPI,Completed,1692.85
P08470,O08470,Credit Card,Completed,1018.53
P08471,O08471,Credit Card,Completed,714.13
P08472,O08472,Credit Card,Completed,1027.09
P08473,O08473,UPI,Completed,1408.73
P08474,O08474,UPI,Completed,758.73
P08475,O08475,UPI,Completed,887.14
P08476,O08476,UPI,Completed,1169.4
P08477,O08477,Credit Card,Completed,658.62
P08478,O08478,Credit Card,Completed,497.26
P08479,O08479,Cash,Completed,366.75
P08480,O08480,UPI,Completed,769.96
P08481,O08481,Debit Card,Completed,191.85
P08482,O08482,Credit Card,Completed,1208.62
P08483,O08483,UPI,Completed,434.23
P08484,O08484,Credit Card,Completed,817.05
P08485,O08485,Debit Card,Completed,611.52
P08486,O08486,UPI,Completed,1297.74
P08487,O08487,UPI,Completed,1715.66
P08488,O08488,Debit Card,Completed,1303.27
P08489,O08489,UPI,Completed,1130.76
P08490,O08490,UPI,Failed,1371.26
P08491,O08491,UPI,Completed,156.98
P08492,O08492,Credit Card,Completed,333.4
P08493,O08493,Debit Card,Completed,280.36
P08494,O08494,Debit Card,Completed,286.57
P08495,O08495,Credit Card,Completed,594.92
P08496,O08496,UPI,Completed,1110.9
P08497,O08497,UPI,Completed,317.89
P08498,O08498,Credit Card,Completed,1876.72
P08499,O08499,UPI,Completed,1723.09
P08500,O08500,UPI,Completed,1946.12
P08501,O08501,Credit Card,Completed,180.75
P08502,O08502,Debit Card,Refunded,1717.66
P08503,O08503,UPI,Completed,1627.09
P08504,O08504,UPI,Completed,1814.0
P08505,O08505,Credit Card,Completed,1103.09
P08506,O08506,Credit Card,Completed,1596.99
P08507,O08507,UPI,Completed,197.45
P08508,O08508,UPI,Completed,244.17
P08509,O08509,Debit Card,Completed,325.21
P08510,O08510,UPI,Completed,1838.1
P08511,O08511,Credit Card,Completed,216.22
P08512,O08512,UPI,Refunded,290.28
P08513,O08513,Cash,Failed,1867.78
P08514,O08514,Debit Card,Refunded,304.05
P08515,O08515,Debit Card,Completed,1752.54
P08516,O08516,UPI,Completed,1599.61
P08517,O08517,Debit Card,Completed,176.54
P08518,O08518,UPI,Completed,141.51
P08519,O08519,Credit Card,Completed,1115.34
P08520,O08520,UPI,Completed,1994.63
P08521,O08521,UPI,Completed,1769.78
P08522,O08522,UPI,Failed,689.05
P08523,O08523,UPI,Completed,833.99
P08524,O08524,Credit Card,Completed,837.02
P08525,O08525,Debit Card,Completed,1494.94
P08526,O08526,UPI,Completed,748.15
P08527,O08527,Credit Card,Completed,380.81
P08528,O08528,UPI,Completed,1519.5
P08529,O08529,UPI,Completed,970.23
P08530,O08530,UPI,Completed,245.88
P08531,O08531,Credit Card,Completed,1601.1
P08532,O08532,UPI,Completed,1212.09
P08533,O08533,UPI,Completed,1029.8
P08534,O08534,UPI,Completed,1379.35
P08535,O08535,UPI,Completed,1060.2
P08536,O08536,UPI,Completed,1332.0
P08537,O08537,Credit Card,Completed,1748.23
P08538,O08538,Debit Card,Completed,1265.68
P08539,O08539,UPI,Completed,1353.24
P08540,O08540,UPI,Completed,1266.33
P08541,O08541,UPI,Completed,1109.24
P08542,O08542,UPI,Completed,426.75
P08543,O08543,Credit Card,Completed,737.79
P08544,O08544,UPI,Completed,1416.91
P08545,O08545,Cash,Completed,908.4
P08546,O08546,UPI,Completed,871.65
P08547,O08547,UPI,Completed,1542.61
P08548,O08548,Debit Card,Completed,110.58
P08549,O08549,UPI,Completed,1390.09
P08550,O08550,Credit Card,Completed,1029.53
P08551,O08551,Credit Card,Completed,815.85
P08552,O08552,Debit Card,Completed,747.02
P08553,O08553,Debit Card,Completed,428.46
P08554,O08554,UPI,Completed,735.08
P08555,O08555,Debit Card,Refunded,843.7
P08556,O08556,Credit Card,Completed,931.15
P08557,O08557,UPI,Completed,1377.37
P08558,O08558,UPI,Completed,961.78
P08559,O08559,Cash,Failed,1612.94
P08560,O08560,UPI,Completed,1315.5
P08561,O08561,Cash,Completed,460.23
P08562,O08562,Cash,Completed,626.63
P08563,O08563,UPI,Completed,250.57
P08564,O08564,UPI,Completed,1896.87
P08565,O08565,Debit Card,Completed,1784.45
P08566,O08566,Cash,Completed,261.11
P08567,O08567,UPI,Completed,1190.74
P08568,O08568,UPI,Completed,1924.76
P08569,O08569,Credit Card,Completed,1519.57
P08570,O08570,UPI,Completed,1034.44
P08571,O08571,UPI,Completed,558.1
P08572,O08572,UPI,Completed,630.17
P08573,O08573,Credit Card,Completed,1498.85
P08574,O08574,Credit Card,Completed,1583.09
P08575,O08575,Debit Card,Completed,1104.52
P08576,O08576,UPI,Completed,329.8
P08577,O08577,Credit Card,Completed,1874.35
P08578,O08578,Credit Card,Completed,1705.05
P08579,O08579,UPI,Completed,367.02
P08580,O08580,UPI,Completed,207.78
P08581,O08581,Cash,Completed,1118.15
P08582,O08582,Credit Card,Completed,639.87
P08583,O08583,UPI,Completed,638.17
P08584,O08584,Credit Card,Failed,265.72
P08585,O08585,Credit Card,Refunded,1911.43
P08586,O08586,Credit Card,Completed,1677.32
P08587,O08587,Cash,Completed,316.29
P08588,O08588,Credit Card,Completed,1765.54
P08589,O08589,Debit Card,Completed,1397.62
P08590,O08590,Credit Card,Completed,718.34
P08591,O08591,Credit Card,Completed,1755.38
P08592,O08592,Debit Card,Completed,1236.24
P08593,O08593,UPI,Failed,1712.47
P08594,O08594,Credit Card,Completed,991.61
P08595,O08595,Credit Card,Completed,1051.24
P08596,O08596,Cash,Completed,652.92
P08597,O08597,Credit Card,Completed,836.62
P08598,O08598,Credit Card,Completed,1178.73
P08599,O08599,UPI,Completed,1899.41
P08600,O08600,UPI,Completed,1240.22
P08601,O08601,UPI,Completed,380.02
P08602,O08602,Debit Card,Completed,113.29
P08603,O08603,Debit Card,Completed,1716.88
P08604,O08604,UPI,Completed,792.22
P08605,O08605,UPI,Failed,698.44
P08606,O08606,UPI,Completed,1621.39
P08607,O08607,Credit Card,Completed,1896.19
P08608,O08608,Credit Card,Completed,1521.29
P08609,O08609,Debit Card,Failed,430.31
P08610,O08610,UPI,Completed,843.62
P08611,O08611,UPI,Completed,1542.86
P08612,O08612,Debit Card,Completed,1823.16
P08613,O08613,Debit Card,Completed,1997.34
P08614,O08614,Cash,Completed,1071.97
P08615,O08615,UPI,Completed,1662.8
P08616,O08616,Debit Card,Failed,188.6
P08617,O08617,UPI,Completed,643.07
P08618,O08618,Debit Card,Completed,805.88
P08619,O08619,Credit Card,Completed,1953.5
P08620,O08620,Credit Card,Completed,106.45
P08621,O08621,UPI,Completed,685.24
P08622,O08622,UPI,Completed,1867.78
P08623,O08623,Credit Card,Completed,682.69
P08624,O08624,UPI,Failed,527.63
P08625,O08625,Debit Card,Completed,1487.17
P08626,O08626,Debit Card,Completed,1516.14
P08627,O08627,UPI,Completed,997.14
P08628,O08628,Credit Card,Completed,1899.14
P08629,O08629,UPI,Completed,485.14
P08630,O08630,Credit Card,Completed,1835.49
P08631,O08631,UPI,Completed,1535.47
P08632,O08632,Credit Card,Completed,799.6
P08633,O08633,Debit Card,Completed,1633.13
P08634,O08634,Credit Card,Completed,353.08
P08635,O08635,UPI,Completed,348.87
P08636,O08636,Credit Card,Completed,1866.88
P08637,O08637,Credit Card,Completed,280.08
P08638,O08638,Debit Card,Completed,107.75
P08639,O08639,Credit Card,Completed,839.16
P08640,O08640,Cash,Completed,297.32
P08641,O08641,UPI,Completed,1739.77
P08642,O08642,Credit Card,Completed,1853.12
P08643,O08643,UPI,Completed,1016.61
P08644,O08644,Debit Card,Completed,908.4
P08645,O08645,UPI,Completed,1124.17
P08646,O08646,Cash,Completed,529.77
P08647,O08647,Debit Card,Failed,666.14
P08648,O08648,Cash,Refunded,291.86
P08649,O08649,Debit Card,Completed,948.26
P08650,O08650,UPI,Completed,1262.21
P08651,O08651,UPI,Completed,1867.43
P08652,O08652,UPI,Failed,1504.24
P08653,O08653,UPI,Completed,1473.82
P08654,O08654,Credit Card,Completed,685.2
P08655,O08655,Credit Card,Completed,1787.76
P08656,O08656,Debit Card,Completed,1899.22
P08657,O08657,UPI,Failed,1871.3
P08658,O08658,UPI,Completed,173.73
P08659,O08659,UPI,Completed,1248.27
P08660,O08660,UPI,Completed,1322.13
P08661,O08661,UPI,Completed,660.62
P08662,O08662,UPI,Completed,1985.58
P08663,O08663,Debit Card,Completed,653.26
P08664,O08664,Credit Card,Failed,511.56
P08665,O08665,UPI,Completed,1019.88
P08666,O08666,Debit Card,Completed,713.98
P08667,O08667,UPI,Completed,1855.66
P08668,O08668,Debit Card,Failed,936.15
P08669,O08669,Debit Card,Completed,879.28
P08670,O08670,Debit Card,Completed,1289.14
P08671,O08671,Cash,Completed,254.12
P08672,O08672,UPI,Completed,1537.79
P08673,O08673,UPI,Completed,1559.96
P08674,O08674,UPI,Completed,1000.65
P08675,O08675,Cash,Completed,1915.83
P08676,O08676,Credit Card,Completed,1200.74
P08677,O08677,UPI,Completed,1420.95
P08678,O08678,Credit Card,Completed,1856.26
P08679,O08679,Cash,Completed,1366.06
P08680,O08680,Credit Card,Failed,920.47
P08681,O08681,Debit Card,Completed,147.07
P08682,O08682,Debit Card,Failed,1483.77
P08683,O08683,Credit Card,Completed,1933.25
P08684,O08684,Cash,Completed,993.45
P08685,O08685,Debit Card,Completed,745.56
P08686,O08686,UPI,Completed,1086.59
P08687,O08687,UPI,Completed,1484.03
P08688,O08688,Cash,Completed,101.31
P08689,O08689,Credit Card,Completed,1785.7
P08690,O08690,UPI,Completed,1784.09
P08691,O08691,UPI,Completed,1128.47
P08692,O08692,Cash,Failed,332.52
P08693,O08693,UPI,Completed,1376.43
P08694,O08694,Credit Card,Completed,361.91
P08695,O08695,Debit Card,Completed,1064.34
P08696,O08696,UPI,Completed,277.9
P08697,O08697,UPI,Completed,1219.22
P08698,O08698,UPI,Failed,704.33
P08699,O08699,Cash,Completed,1678.88
P08700,O08700,Cash,Completed,1619.9
P08701,O08701,UPI,Completed,1997.1
P08702,O08702,Credit Card,Completed,589.26
P08703,O08703,Credit Card,Completed,217.42
P08704,O08704,UPI,Completed,941.71
P08705,O08705,UPI,Completed,258.47
P08706,O08706,Debit Card,Completed,439.15
P08707,O08707,Debit Card,Completed,1234.87
P08708,O08708,Debit Card,Completed,1225.05
P08709,O08709,Cash,Completed,182.32
P08710,O08710,Credit Card,Completed,941.52
P08711,O08711,Credit Card,Completed,1107.42
P08712,O08712,UPI,Completed,609.25
P08713,O08713,Credit Card,Completed,1756.88
P08714,O08714,UPI,Completed,406.09
P08715,O08715,Credit Card,Completed,582.41
P08716,O08716,UPI,Completed,398.29
P08717,O08717,UPI,Completed,321.44
P08718,O08718,UPI,Completed,1770.06
P08719,O08719,Credit Card,Completed,627.93
P08720,O08720,Debit Card,Completed,1472.8
P08721,O08721,Debit Card,Completed,913.17
P08722,O08722,UPI,Completed,1308.16
P08723,O08723,UPI,Completed,1863.53
P08724,O08724,Debit Card,Completed,1704.75
P08725,O08725,Cash,Completed,231.07
P08726,O08726,Credit Card,Completed,1705.88
P08727,O08727,Debit Card,Completed,958.46
P08728,O08728,Debit Card,Completed,765.28
P08729,O08729,Credit Card,Completed,1377.54
P08730,O08730,Credit Card,Completed,1905.39
P08731,O08731,Debit Card,Completed,278.86
P08732,O08732,UPI,Completed,1559.35
P08733,O08733,Debit Card,Completed,486.67
P08734,O08734,UPI,Completed,822.26
P08735,O08735,UPI,Completed,1760.26
P08736,O08736,Credit Card,Completed,1137.02
P08737,O08737,Credit Card,Completed,228.17
P08738,O08738,Debit Card,Completed,1065.29
P08739,O08739,Cash,Failed,1600.32
P08740,O08740,Credit Card,Completed,1104.87
P08741,O08741,Debit Card,Completed,417.09
P08742,O08742,Debit Card,Completed,945.58
P08743,O08743,Credit Card,Completed,1856.26
P08744,O08744,Debit Card,Completed,1350.59
P08745,O08745,Cash,Completed,1486.78
P08746,O08746,UPI,Completed,1593.28
P08747,O08747,Credit Card,Completed,272.32
P08748,O08748,UPI,Completed,1204.92
P08749,O08749,Credit Card,Completed,814.24
P08750,O08750,Debit Card,Completed,364.4
P08751,O08751,Credit Card,Completed,485.15
P08752,O08752,UPI,Completed,1584.2
P08753,O08753,UPI,Completed,406.83
P08754,O08754,UPI,Completed,693.6
P08755,O08755,UPI,Completed,641.26
P08756,O08756,UPI,Completed,192.4
P08757,O08757,Cash,Completed,978.1
P08758,O08758,Debit Card,Completed,1555.27
P08759,O08759,Cash,Completed,142.09
P08760,O08760,UPI,Completed,313.85
P08761,O08761,UPI,Completed,1468.35
P08762,O08762,UPI,Completed,1227.8
P08763,O08763,Credit Card,Completed,1458.97
P08764,O08764,UPI,Completed,537.2
P08765,O08765,Credit Card,Completed,1627.16
P08766,O08766,UPI,Completed,1011.76
P08767,O08767,Debit Card,Completed,1259.57
P08768,O08768,Cash,Completed,275.09
P08769,O08769,UPI,Completed,489.56
P08770,O08770,Cash,Completed,1569.38
P08771,O08771,Credit Card,Failed,525.43
P08772,O08772,Credit Card,Completed,275.81
P08773,O08773,Credit Card,Completed,1234.69
P08774,O08774,Debit Card,Completed,1141.08
P08775,O08775,UPI,Refunded,1255.0
P08776,O08776,Debit Card,Completed,1274.78
P08777,O08777,Credit Card,Completed,1050.37
P08778,O08778,Cash,Completed,1038.17
P08779,O08779,Debit Card,Completed,1855.91
P08780,O08780,Cash,Completed,1114.38
P08781,O08781,Credit Card,Completed,1272.87
P08782,O08782,UPI,Completed,607.24
P08783,O08783,Cash,Completed,1755.08
P08784,O08784,Credit Card,Completed,146.3
P08785,O08785,Credit Card,Completed,1158.73
P08786,O08786,UPI,Completed,829.32
P08787,O08787,UPI,Completed,1247.42
P08788,O08788,Cash,Completed,784.33
P08789,O08789,Credit Card,Completed,1463.61
P08790,O08790,UPI,Completed,138.63
P08791,O08791,Credit Card,Failed,871.19
P08792,O08792,UPI,Failed,1679.4
P08793,O08793,Cash,Completed,575.38
P08794,O08794,UPI,Completed,200.23
P08795,O08795,Debit Card,Completed,1043.4
P08796,O08796,UPI,Completed,1955.41
P08797,O08797,UPI,Completed,221.9
P08798,O08798,Debit Card,Completed,233.11
P08799,O08799,Debit Card,Completed,1230.72
P08800,O08800,UPI,Failed,575.13
P08801,O08801,UPI,Completed,879.44
P08802,O08802,Credit Card,Completed,1677.96
P08803,O08803,UPI,Completed,477.81
P08804,O08804,UPI,Completed,1466.67
P08805,O08805,UPI,Completed,1058.52
P08806,O08806,Debit Card,Completed,1819.42
P08807,O08807,Credit Card,Completed,1948.63
P08808,O08808,Credit Card,Completed,1021.43
P08809,O08809,UPI,Completed,1210.83
P08810,O08810,UPI,Completed,1517.1
P08811,O08811,Debit Card,Completed,705.48
P08812,O08812,Credit Card,Completed,530.81
P08813,O08813,Credit Card,Completed,1932.9
P08814,O08814,UPI,Completed,921.97
P08815,O08815,Credit Card,Completed,103.02
P08816,O08816,UPI,Completed,1691.66
P08817,O08817,UPI,Completed,1239.36
P08818,O08818,Credit Card,Completed,420.26
P08819,O08819,UPI,Completed,157.27
P08820,O08820,Debit Card,Completed,653.82
P08821,O08821,UPI,Completed,1862.99
P08822,O08822,UPI,Completed,1873.63
P08823,O08823,UPI,Completed,690.91
P08824,O08824,Credit Card,Completed,1688.27
P08825,O08825,Credit Card,Completed,939.51
P08826,O08826,UPI,Completed,1343.26
P08827,O08827,Cash,Completed,735.44
P08828,O08828,Debit Card,Completed,1080.35
P08829,O08829,UPI,Completed,658.18
P08830,O08830,Credit Card,Completed,216.12
P08831,O08831,UPI,Completed,364.82
P08832,O08832,UPI,Completed,652.28
P08833,O08833,Cash,Completed,1954.88
P08834,O08834,Debit Card,Completed,1934.78
P08835,O08835,Debit Card,Completed,1672.56
P08836,O08836,UPI,Completed,541.76
P08837,O08837,Credit Card,Completed,939.04
P08838,O08838,UPI,Completed,935.59
P08839,O08839,UPI,Completed,835.25
P08840,O08840,Debit Card,Completed,185.27
P08841,O08841,Cash,Completed,1115.6
P08842,O08842,Debit Card,Completed,238.34
P08843,O08843,UPI,Completed,1623.65
P08844,O08844,UPI,Completed,1413.48
P08845,O08845,Debit Card,Completed,770.2
P08846,O08846,Credit Card,Completed,1329.56
P08847,O08847,UPI,Completed,542.77
P08848,O08848,Debit Card,Refunded,603.98
P08849,O08849,Debit Card,Completed,696.85
P08850,O08850,UPI,Completed,1614.32
P08851,O08851,Credit Card,Completed,500.31
P08852,O08852,UPI,Completed,1169.28
P08853,O08853,UPI,Completed,480.89
P08854,O08854,Credit Card,Completed,641.57
P08855,O08855,Credit Card,Completed,547.41
P08856,O08856,Credit Card,Completed,1325.51
P08857,O08857,UPI,Completed,1100.78
P08858,O08858,Credit Card,Completed,1470.47
P08859,O08859,UPI,Completed,517.89
P08860,O08860,Credit Card,Completed,117.38
P08861,O08861,UPI,Completed,1392.97
P08862,O08862,Cash,Completed,318.22
P08863,O08863,UPI,Completed,567.98
P08864,O08864,UPI,Completed,680.8
P08865,O08865,Credit Card,Completed,1518.92
P08866,O08866,UPI,Completed,1289.19
P08867,O08867,Debit Card,Completed,450.1
P08868,O08868,UPI,Completed,1235.99
P08869,O08869,Debit Card,Completed,1445.48
P08870,O08870,Debit Card,Completed,838.9
P08871,O08871,UPI,Completed,567.31
P08872,O08872,UPI,Completed,1390.07
P08873,O08873,Credit Card,Completed,1260.69
P08874,O08874,Debit Card,Completed,248.03
P08875,O08875,Credit Card,Completed,1366.69
P08876,O08876,UPI,Refunded,1028.18
P08877,O08877,Credit Card,Completed,1531.4
P08878,O08878,UPI,Completed,462.36
P08879,O08879,Cash,Completed,590.61
P08880,O08880,UPI,Completed,1132.29
P08881,O08881,UPI,Completed,1015.29
P08882,O08882,UPI,Completed,834.09
P08883,O08883,Credit Card,Completed,1517.46
P08884,O08884,UPI,Completed,1173.03
P08885,O08885,UPI,Completed,1449.52
P08886,O08886,UPI,Completed,391.18
P08887,O08887,Cash,Completed,1485.08
P08888,O08888,UPI,Failed,976.9
P08889,O08889,Credit Card,Completed,164.16
P08890,O08890,UPI,Completed,545.53
P08891,O08891,Cash,Completed,148.94
P08892,O08892,Debit Card,Completed,968.06
P08893,O08893,UPI,Completed,719.17
P08894,O08894,Debit Card,Completed,1976.15
P08895,O08895,Debit Card,Completed,1750.16
P08896,O08896,UPI,Completed,1668.77
P08897,O08897,Cash,Completed,1052.12
P08898,O08898,Debit Card,Completed,1633.47
P08899,O08899,Debit Card,Completed,607.05
P08900,O08900,Credit Card,Completed,1165.23
P08901,O08901,Debit Card,Completed,846.54
P08902,O08902,Credit Card,Completed,425.55
P08903,O08903,Cash,Completed,237.97
P08904,O08904,Credit Card,Completed,1160.61
P08905,O08905,UPI,Completed,285.51
P08906,O08906,UPI,Completed,1464.21
P08907,O08907,UPI,Completed,1850.79
P08908,O08908,UPI,Completed,408.0
P08909,O08909,UPI,Completed,994.78
P08910,O08910,UPI,Completed,1503.67
P08911,O08911,Debit Card,Completed,645.0
P08912,O08912,Debit Card,Completed,1849.45
P08913,O08913,Credit Card,Refunded,1788.08
P08914,O08914,Debit Card,Completed,297.13
P08915,O08915,UPI,Completed,152.06
P08916,O08916,UPI,Completed,1955.27
P08917,O08917,UPI,Completed,1917.3
P08918,O08918,UPI,Completed,902.34
P08919,O08919,Cash,Completed,196.07
P08920,O08920,UPI,Completed,1275.86
P08921,O08921,UPI,Completed,657.48
P08922,O08922,UPI,Completed,1879.77
P08923,O08923,Credit Card,Completed,1609.86
P08924,O08924,UPI,Completed,1334.23
P08925,O08925,Credit Card,Completed,640.56
P08926,O08926,UPI,Completed,1432.41
P08927,O08927,UPI,Completed,649.42
P08928,O08928,Debit Card,Completed,171.5
P08929,O08929,UPI,Completed,1066.03
P08930,O08930,UPI,Completed,1028.5
P08931,O08931,Credit Card,Completed,1549.71
P08932,O08932,UPI,Completed,1744.78
P08933,O08933,Debit Card,Completed,773.49
P08934,O08934,UPI,Completed,954.0
P08935,O08935,UPI,Completed,993.76
P08936,O08936,Debit Card,Completed,716.03
P08937,O08937,UPI,Refunded,1512.44
P08938,O08938,Credit Card,Completed,1091.99
P08939,O08939,UPI,Completed,1836.52
P08940,O08940,Cash,Completed,1335.59
P08941,O08941,UPI,Completed,502.6
P08942,O08942,Debit Card,Completed,413.14
P08943,O08943,UPI,Completed,807.53
P08944,O08944,UPI,Completed,759.16
P08945,O08945,UPI,Completed,873.55
P08946,O08946,Credit Card,Completed,448.82
P08947,O08947,Credit Card,Completed,1958.62
P08948,O08948,Debit Card,Completed,376.85
P08949,O08949,UPI,Completed,1340.03
P08950,O08950,Credit Card,Completed,124.83
P08951,O08951,UPI,Completed,873.23
P08952,O08952,UPI,Completed,687.45
P08953,O08953,UPI,Completed,825.85
P08954,O08954,Debit Card,Failed,1046.35
P08955,O08955,UPI,Completed,1240.71
P08956,O08956,Cash,Completed,1208.67
P08957,O08957,Credit Card,Completed,1298.36
P08958,O08958,Credit Card,Completed,1704.64
P08959,O08959,Debit Card,Completed,1784.76
P08960,O08960,Debit Card,Completed,1500.78
P08961,O08961,Cash,Completed,249.99
P08962,O08962,UPI,Completed,1926.46
P08963,O08963,Debit Card,Completed,1900.06
P08964,O08964,Cash,Completed,1452.24
P08965,O08965,Credit Card,Completed,1083.13
P08966,O08966,UPI,Completed,576.17
P08967,O08967,UPI,Completed,1537.07
P08968,O08968,Credit Card,Completed,1767.93
P08969,O08969,UPI,Completed,1363.86
P08970,O08970,UPI,Completed,1295.24
P08971,O08971,Debit Card,Completed,466.71
P08972,O08972,Cash,Failed,779.81
P08973,O08973,Cash,Completed,1473.96
P08974,O08974,Credit Card,Completed,132.11
P08975,O08975,UPI,Completed,1318.4
P08976,O08976,Debit Card,Completed,1556.67
P08977,O08977,UPI,Completed,735.94
P08978,O08978,Credit Card,Completed,244.72
P08979,O08979,UPI,Completed,1656.33
P08980,O08980,Credit Card,Completed,369.49
P08981,O08981,UPI,Completed,804.52
P08982,O08982,UPI,Completed,1443.78
P08983,O08983,UPI,Completed,1652.27
P08984,O08984,Credit Card,Completed,1738.53
P08985,O08985,UPI,Completed,1107.79
P08986,O08986,Credit Card,Completed,1004.16
P08987,O08987,Cash,Completed,1711.8
P08988,O08988,Cash,Completed,1169.85
P08989,O08989,Credit Card,Completed,1199.44
P08990,O08990,UPI,Completed,924.55
P08991,O08991,UPI,Completed,808.35
P08992,O08992,UPI,Completed,1013.03
P08993,O08993,Debit Card,Completed,793.21
P08994,O08994,Debit Card,Completed,752.74
P08995,O08995,Cash,Completed,1987.96
P08996,O08996,UPI,Completed,738.81
P08997,O08997,UPI,Completed,587.13
P08998,O08998,UPI,Completed,772.46
P08999,O08999,Credit Card,Completed,1222.48
P09000,O09000,UPI,Completed,1830.88
P09001,O09001,UPI,Completed,1596.94
P09002,O09002,Cash,Completed,1700.26
P09003,O09003,Cash,Completed,1732.12
P09004,O09004,UPI,Completed,1849.0
P09005,O09005,UPI,Completed,546.64
P09006,O09006,Debit Card,Completed,970.9
P09007,O09007,UPI,Completed,831.88
P09008,O09008,UPI,Completed,825.57
P09009,O09009,UPI,Completed,1339.34
P09010,O09010,Cash,Completed,863.43
P09011,O09011,UPI,Completed,1271.03
P09012,O09012,UPI,Completed,826.33
P09013,O09013,UPI,Completed,691.14
P09014,O09014,Credit Card,Completed,770.85
P09015,O09015,UPI,Completed,1627.14
P09016,O09016,UPI,Completed,1242.0
P09017,O09017,Credit Card,Refunded,1950.6
P09018,O09018,Debit Card,Completed,1682.05
P09019,O09019,Credit Card,Completed,1022.98
P09020,O09020,Cash,Completed,560.52
P09021,O09021,UPI,Completed,1380.43
P09022,O09022,Credit Card,Completed,1480.63
P09023,O09023,Debit Card,Completed,981.93
P09024,O09024,UPI,Completed,536.85
P09025,O09025,UPI,Completed,1158.75
P09026,O09026,Debit Card,Completed,582.28
P09027,O09027,Debit Card,Completed,1886.0
P09028,O09028,UPI,Completed,1294.88
P09029,O09029,UPI,Completed,654.67
P09030,O09030,UPI,Completed,509.89
P09031,O09031,Cash,Completed,1461.77
P09032,O09032,UPI,Completed,1444.81
P09033,O09033,Credit Card,Completed,1234.55
P09034,O09034,Credit Card,Completed,1267.17
P09035,O09035,Credit Card,Completed,1247.35
P09036,O09036,Credit Card,Completed,784.2
P09037,O09037,UPI,Completed,1881.09
P09038,O09038,Credit Card,Completed,1010.63
P09039,O09039,Cash,Completed,138.62
P09040,O09040,UPI,Completed,761.89
P09041,O09041,Credit Card,Completed,347.54
P09042,O09042,Credit Card,Completed,790.43
P09043,O09043,UPI,Completed,1255.7
P09044,O09044,Debit Card,Completed,143.06
P09045,O09045,Cash,Completed,1753.38
P09046,O09046,Cash,Completed,1259.59
P09047,O09047,UPI,Refunded,661.21
P09048,O09048,Debit Card,Failed,691.29
P09049,O09049,UPI,Completed,984.77
P09050,O09050,Credit Card,Refunded,571.37
P09051,O09051,Cash,Completed,108.25
P09052,O09052,Credit Card,Completed,150.46
P09053,O09053,UPI,Completed,779.71
P09054,O09054,Credit Card,Completed,336.02
P09055,O09055,Cash,Completed,142.49
P09056,O09056,Credit Card,Completed,1732.61
P09057,O09057,Credit Card,Completed,620.86
P09058,O09058,Cash,Completed,1055.93
P09059,O09059,Debit Card,Completed,440.88
P09060,O09060,Debit Card,Completed,188.78
P09061,O09061,Debit Card,Completed,1515.25
P09062,O09062,Credit Card,Completed,337.42
P09063,O09063,UPI,Completed,148.86
P09064,O09064,Debit Card,Completed,1215.74
P09065,O09065,UPI,Failed,125.59
P09066,O09066,Credit Card,Completed,928.94
P09067,O09067,Credit Card,Completed,648.79
P09068,O09068,Credit Card,Completed,706.89
P09069,O09069,UPI,Completed,107.41
P09070,O09070,Credit Card,Completed,1932.26
P09071,O09071,Credit Card,Completed,1082.23
P09072,O09072,Debit Card,Completed,1187.77
P09073,O09073,UPI,Completed,1365.63
P09074,O09074,UPI,Completed,1615.29
P09075,O09075,UPI,Completed,1255.03
P09076,O09076,Credit Card,Completed,1548.18
P09077,O09077,Debit Card,Completed,952.6
P09078,O09078,Credit Card,Completed,805.42
P09079,O09079,UPI,Failed,1663.95
P09080,O09080,UPI,Completed,1744.09
P09081,O09081,Credit Card,Completed,361.83
P09082,O09082,Credit Card,Completed,1131.05
P09083,O09083,Debit Card,Completed,1398.92
P09084,O09084,UPI,Completed,258.84
P09085,O09085,Cash,Completed,1866.23
P09086,O09086,UPI,Completed,1088.21
P09087,O09087,UPI,Completed,1326.37
P09088,O09088,Debit Card,Completed,438.66
P09089,O09089,Debit Card,Completed,602.43
P09090,O09090,Cash,Completed,329.9
P09091,O09091,UPI,Completed,601.6
P09092,O09092,Debit Card,Completed,1035.55
P09093,O09093,Debit Card,Completed,1683.9
P09094,O09094,Cash,Failed,1114.07
P09095,O09095,Credit Card,Completed,564.48
P09096,O09096,Debit Card,Completed,184.78
P09097,O09097,Cash,Completed,1281.74
P09098,O09098,UPI,Completed,898.3
P09099,O09099,Debit Card,Completed,1970.27
P09100,O09100,UPI,Completed,1581.54
P09101,O09101,Debit Card,Completed,1635.89
P09102,O09102,UPI,Completed,123.25
P09103,O09103,UPI,Completed,1577.81
P09104,O09104,Debit Card,Completed,469.77
P09105,O09105,UPI,Completed,1213.01
P09106,O09106,UPI,Completed,950.1
P09107,O09107,Debit Card,Completed,1186.05
P09108,O09108,Credit Card,Completed,353.54
P09109,O09109,Debit Card,Completed,968.09
P09110,O09110,Credit Card,Completed,170.19
P09111,O09111,Credit Card,Completed,177.9
P09112,O09112,Credit Card,Failed,1349.7
P09113,O09113,UPI,Completed,1908.23
P09114,O09114,Cash,Completed,1577.05
P09115,O09115,UPI,Completed,991.4
P09116,O09116,Credit Card,Completed,206.15
P09117,O09117,UPI,Completed,185.54
P09118,O09118,UPI,Completed,400.0
P09119,O09119,UPI,Completed,1954.04
P09120,O09120,Debit Card,Completed,857.46
P09121,O09121,Credit Card,Completed,1702.47
P09122,O09122,UPI,Completed,1439.77
P09123,O09123,UPI,Completed,1250.31
P09124,O09124,UPI,Completed,1900.87
P09125,O09125,Credit Card,Completed,537.78
P09126,O09126,Credit Card,Failed,964.29
P09127,O09127,Debit Card,Completed,1742.97
P09128,O09128,Cash,Completed,1148.35
P09129,O09129,UPI,Completed,568.25
P09130,O09130,UPI,Completed,496.94
P09131,O09131,Credit Card,Completed,1530.47
P09132,O09132,Credit Card,Completed,124.3
P09133,O09133,UPI,Completed,1836.96
P09134,O09134,UPI,Failed,134.99
P09135,O09135,UPI,Completed,1298.88
P09136,O09136,UPI,Completed,1249.02
P09137,O09137,Cash,Completed,1198.98
P09138,O09138,UPI,Completed,1001.25
P09139,O09139,UPI,Completed,1719.62
P09140,O09140,UPI,Completed,1352.73
P09141,O09141,UPI,Completed,1585.54
P09142,O09142,UPI,Completed,319.49
P09143,O09143,Debit Card,Completed,194.81
P09144,O09144,Debit Card,Completed,154.2
P09145,O09145,Credit Card,Completed,379.69
P09146,O09146,Debit Card,Completed,1367.31
P09147,O09147,Credit Card,Refunded,1038.64
P09148,O09148,Cash,Completed,1529.28
P09149,O09149,Credit Card,Completed,464.29
P09150,O09150,UPI,Completed,797.23
P09151,O09151,Cash,Completed,1788.15
P09152,O09152,UPI,Completed,1877.86
P09153,O09153,UPI,Failed,1851.29
P09154,O09154,Cash,Refunded,1654.78
P09155,O09155,UPI,Completed,1407.65
P09156,O09156,Debit Card,Completed,1835.99
P09157,O09157,Credit Card,Completed,1456.95
P09158,O09158,UPI,Completed,1912.48
P09159,O09159,Debit Card,Completed,147.1
P09160,O09160,Cash,Completed,1851.12
P09161,O09161,Credit Card,Completed,1155.91
P09162,O09162,Credit Card,Completed,312.42
P09163,O09163,UPI,Completed,508.33
P09164,O09164,UPI,Completed,1719.1
P09165,O09165,Credit Card,Completed,1061.62
P09166,O09166,Credit Card,Completed,1967.35
P09167,O09167,Debit Card,Completed,323.31
P09168,O09168,Credit Card,Completed,883.76
P09169,O09169,UPI,Completed,730.56
P09170,O09170,UPI,Completed,1080.66
P09171,O09171,UPI,Completed,1303.53
P09172,O09172,Debit Card,Completed,1357.1
P09173,O09173,Debit Card,Completed,102.46
P09174,O09174,Credit Card,Completed,269.02
P09175,O09175,UPI,Completed,166.62
P09176,O09176,UPI,Completed,1742.74
P09177,O09177,Credit Card,Completed,695.26
P09178,O09178,UPI,Completed,797.42
P09179,O09179,Credit Card,Completed,955.71
P09180,O09180,UPI,Completed,1713.68
P09181,O09181,UPI,Refunded,126.92
P09182,O09182,UPI,Completed,325.37
P09183,O09183,UPI,Completed,1401.81
P09184,O09184,UPI,Completed,1931.4
P09185,O09185,UPI,Completed,1321.29
P09186,O09186,Credit Card,Completed,596.13
P09187,O09187,UPI,Completed,1087.74
P09188,O09188,UPI,Completed,1952.46
P09189,O09189,Debit Card,Completed,1103.35
P09190,O09190,Cash,Completed,809.66
P09191,O09191,Credit Card,Completed,828.51
P09192,O09192,UPI,Completed,1937.36
P09193,O09193,Credit Card,Completed,1465.94
P09194,O09194,UPI,Completed,1405.63
P09195,O09195,UPI,Completed,540.9
P09196,O09196,Debit Card,Completed,1163.02
P09197,O09197,Credit Card,Completed,777.82
P09198,O09198,Credit Card,Completed,556.38
P09199,O09199,Debit Card,Completed,1801.55
P09200,O09200,UPI,Completed,828.0
P09201,O09201,Credit Card,Completed,637.3
P09202,O09202,UPI,Completed,1870.27
P09203,O09203,UPI,Completed,474.96
P09204,O09204,UPI,Completed,1516.46
P09205,O09205,UPI,Completed,1340.22
P09206,O09206,UPI,Completed,1848.92
P09207,O09207,Debit Card,Completed,1680.89
P09208,O09208,Cash,Failed,1440.06
P09209,O09209,Debit Card,Completed,697.69
P09210,O09210,Credit Card,Completed,1041.58
P09211,O09211,Cash,Completed,1894.54
P09212,O09212,UPI,Completed,144.08
P09213,O09213,Cash,Completed,1609.23
P09214,O09214,Debit Card,Completed,578.44
P09215,O09215,Credit Card,Completed,451.53
P09216,O09216,Debit Card,Completed,541.23
P09217,O09217,UPI,Completed,213.53
P09218,O09218,UPI,Completed,1984.76
P09219,O09219,UPI,Completed,1752.75
P09220,O09220,UPI,Completed,1090.01
P09221,O09221,UPI,Completed,1458.7
P09222,O09222,UPI,Completed,1157.53
P09223,O09223,Cash,Completed,1642.0
P09224,O09224,UPI,Completed,1705.05
P09225,O09225,UPI,Completed,542.3
P09226,O09226,UPI,Completed,973.52
P09227,O09227,UPI,Completed,1306.21
P09228,O09228,UPI,Completed,1959.04
P09229,O09229,Debit Card,Completed,1397.11
P09230,O09230,UPI,Completed,1805.51
P09231,O09231,UPI,Completed,1707.61
P09232,O09232,Debit Card,Completed,1205.92
P09233,O09233,UPI,Completed,1797.95
P09234,O09234,Cash,Completed,817.1
P09235,O09235,Credit Card,Completed,820.64
P09236,O09236,UPI,Completed,1583.83
P09237,O09237,UPI,Completed,355.63
P09238,O09238,Debit Card,Completed,681.07
P09239,O09239,UPI,Completed,1256.29
P09240,O09240,Credit Card,Completed,898.12
P09241,O09241,UPI,Completed,1887.38
P09242,O09242,UPI,Completed,1921.16
P09243,O09243,Debit Card,Completed,1054.9
P09244,O09244,UPI,Completed,1124.22
P09245,O09245,UPI,Completed,1476.79
P09246,O09246,UPI,Completed,968.8
P09247,O09247,Cash,Completed,461.19
P09248,O09248,Debit Card,Completed,1519.24
P09249,O09249,Credit Card,Completed,1501.79
P09250,O09250,UPI,Completed,565.46
P09251,O09251,UPI,Completed,1682.54
P09252,O09252,UPI,Completed,1265.93
P09253,O09253,Credit Card,Completed,548.97
P09254,O09254,UPI,Completed,1338.87
P09255,O09255,UPI,Completed,543.86
P09256,O09256,Credit Card,Completed,603.94
P09257,O09257,UPI,Completed,1711.22
P09258,O09258,UPI,Completed,1866.03
P09259,O09259,Debit Card,Completed,588.08
P09260,O09260,Cash,Completed,1863.3
P09261,O09261,UPI,Completed,553.72
P09262,O09262,UPI,Completed,322.81
P09263,O09263,Credit Card,Completed,210.63
P09264,O09264,UPI,Completed,560.02
P09265,O09265,UPI,Failed,831.97
P09266,O09266,Cash,Completed,1862.34
P09267,O09267,UPI,Completed,560.1
P09268,O09268,UPI,Completed,794.38
P09269,O09269,UPI,Completed,1494.9
P09270,O09270,UPI,Completed,673.94
P09271,O09271,Credit Card,Completed,1400.3
P09272,O09272,Credit Card,Completed,920.95
P09273,O09273,Cash,Completed,473.25
P09274,O09274,Credit Card,Completed,1494.71
P09275,O09275,UPI,Completed,151.37
P09276,O09276,UPI,Completed,655.44
P09277,O09277,UPI,Completed,776.74
P09278,O09278,UPI,Completed,970.61
P09279,O09279,Cash,Completed,1391.75
P09280,O09280,Credit Card,Completed,972.87
P09281,O09281,Debit Card,Completed,1229.22
P09282,O09282,Credit Card,Completed,1231.98
P09283,O09283,Credit Card,Completed,809.22
P09284,O09284,UPI,Completed,1874.55
P09285,O09285,UPI,Completed,1916.12
P09286,O09286,UPI,Completed,1205.52
P09287,O09287,Debit Card,Completed,236.21
P09288,O09288,UPI,Completed,1033.14
P09289,O09289,Cash,Completed,450.4
P09290,O09290,Debit Card,Completed,1018.11
P09291,O09291,UPI,Completed,458.12
P09292,O09292,Credit Card,Completed,1437.32
P09293,O09293,Cash,Completed,252.82
P09294,O09294,UPI,Completed,1911.28
P09295,O09295,UPI,Completed,471.21
P09296,O09296,UPI,Completed,1355.25
P09297,O09297,UPI,Completed,1842.23
P09298,O09298,UPI,Completed,570.98
P09299,O09299,UPI,Completed,1875.16
P09300,O09300,Cash,Completed,838.48
P09301,O09301,Credit Card,Completed,1925.01
P09302,O09302,UPI,Completed,1945.59
P09303,O09303,UPI,Completed,457.35
P09304,O09304,UPI,Completed,1679.07
P09305,O09305,Credit Card,Completed,467.5
P09306,O09306,Credit Card,Completed,530.24
P09307,O09307,Credit Card,Completed,259.84
P09308,O09308,UPI,Completed,397.42
P09309,O09309,Credit Card,Completed,1301.22
P09310,O09310,UPI,Completed,953.58
P09311,O09311,Credit Card,Completed,1602.79
P09312,O09312,UPI,Completed,730.79
P09313,O09313,UPI,Completed,1940.39
P09314,O09314,Credit Card,Completed,194.76
P09315,O09315,Debit Card,Failed,219.58
P09316,O09316,Credit Card,Completed,1432.61
P09317,O09317,Debit Card,Completed,1786.32
P09318,O09318,UPI,Completed,1611.45
P09319,O09319,Debit Card,Failed,1030.65
P09320,O09320,UPI,Completed,612.32
P09321,O09321,UPI,Completed,125.56
P09322,O09322,UPI,Completed,1067.96
P09323,O09323,UPI,Completed,1003.71
P09324,O09324,Credit Card,Completed,754.07
P09325,O09325,UPI,Completed,1198.34
P09326,O09326,UPI,Completed,1484.75
P09327,O09327,UPI,Completed,1431.69
P09328,O09328,UPI,Completed,600.18
P09329,O09329,UPI,Failed,1212.08
P09330,O09330,UPI,Completed,382.67
P09331,O09331,UPI,Completed,331.04
P09332,O09332,UPI,Completed,1593.13
P09333,O09333,Credit Card,Completed,1418.12
P09334,O09334,UPI,Completed,1559.06
P09335,O09335,Credit Card,Completed,389.68
P09336,O09336,Cash,Completed,1837.78
P09337,O09337,Credit Card,Completed,352.91
P09338,O09338,UPI,Completed,1753.07
P09339,O09339,UPI,Completed,769.52
P09340,O09340,UPI,Completed,300.32
P09341,O09341,Debit Card,Completed,644.86
P09342,O09342,Credit Card,Completed,444.75
P09343,O09343,UPI,Failed,1032.27
P09344,O09344,UPI,Completed,1904.52
P09345,O09345,UPI,Failed,722.96
P09346,O09346,Cash,Completed,1262.99
P09347,O09347,UPI,Completed,1794.27
P09348,O09348,Cash,Completed,1297.14
P09349,O09349,Cash,Completed,788.18
P09350,O09350,Credit Card,Completed,1982.59
P09351,O09351,UPI,Completed,456.09
P09352,O09352,Credit Card,Completed,1094.19
P09353,O09353,Credit Card,Completed,1613.74
P09354,O09354,Credit Card,Completed,101.23
P09355,O09355,Debit Card,Failed,1433.88
P09356,O09356,UPI,Completed,606.35
P09357,O09357,Cash,Completed,422.48
P09358,O09358,Debit Card,Completed,620.97
P09359,O09359,UPI,Completed,1936.95
P09360,O09360,UPI,Completed,1794.68
P09361,O09361,Debit Card,Completed,506.13
P09362,O09362,Credit Card,Completed,322.35
P09363,O09363,UPI,Completed,791.89
P09364,O09364,UPI,Completed,1225.44
P09365,O09365,UPI,Completed,1747.57
P09366,O09366,Credit Card,Completed,1935.57
P09367,O09367,Credit Card,Failed,1527.19
P09368,O09368,UPI,Completed,1238.11
P09369,O09369,Credit Card,Failed,370.43
P09370,O09370,Credit Card,Completed,240.65
P09371,O09371,Cash,Completed,1232.45
P09372,O09372,Cash,Completed,1124.22
P09373,O09373,UPI,Completed,1707.57
P09374,O09374,UPI,Failed,712.95
P09375,O09375,Credit Card,Completed,175.41
P09376,O09376,Credit Card,Completed,905.05
P09377,O09377,UPI,Completed,1941.45
P09378,O09378,Credit Card,Completed,1611.59
P09379,O09379,Credit Card,Completed,164.17
P09380,O09380,Credit Card,Completed,1761.89
P09381,O09381,UPI,Completed,996.21
P09382,O09382,Debit Card,Completed,793.06
P09383,O09383,UPI,Completed,758.81
P09384,O09384,Debit Card,Completed,1230.77
P09385,O09385,Debit Card,Failed,1108.14
P09386,O09386,Debit Card,Completed,1347.59
P09387,O09387,Credit Card,Completed,1189.92
P09388,O09388,UPI,Completed,373.49
P09389,O09389,UPI,Completed,588.75
P09390,O09390,Credit Card,Completed,1697.96
P09391,O09391,Credit Card,Completed,1360.19
P09392,O09392,UPI,Completed,951.96
P09393,O09393,UPI,Completed,446.94
P09394,O09394,UPI,Completed,114.61
P09395,O09395,Debit Card,Completed,692.59
P09396,O09396,Debit Card,Completed,204.21
P09397,O09397,Credit Card,Completed,1016.34
P09398,O09398,Debit Card,Completed,1661.42
P09399,O09399,UPI,Completed,642.26
P09400,O09400,UPI,Completed,1710.73
P09401,O09401,Debit Card,Completed,1438.67
P09402,O09402,Credit Card,Failed,338.0
P09403,O09403,UPI,Completed,1324.67
P09404,O09404,Debit Card,Completed,388.19
P09405,O09405,Credit Card,Completed,1344.1
P09406,O09406,Debit Card,Completed,371.16
P09407,O09407,Debit Card,Completed,845.77
P09408,O09408,UPI,Failed,1176.53
P09409,O09409,UPI,Completed,195.71
P09410,O09410,Cash,Failed,391.29
P09411,O09411,Credit Card,Completed,708.78
P09412,O09412,Cash,Completed,978.41
P09413,O09413,UPI,Completed,1731.13
P09414,O09414,Debit Card,Completed,455.82
P09415,O09415,Credit Card,Completed,760.19
P09416,O09416,UPI,Completed,1003.97
P09417,O09417,UPI,Completed,661.98
P09418,O09418,Cash,Completed,1288.92
P09419,O09419,Debit Card,Completed,587.54
P09420,O09420,Cash,Failed,1567.47
P09421,O09421,UPI,Completed,1059.79
P09422,O09422,Debit Card,Completed,263.98
P09423,O09423,Debit Card,Completed,1291.3
P09424,O09424,Credit Card,Completed,1181.56
P09425,O09425,Credit Card,Completed,743.33
P09426,O09426,Credit Card,Completed,121.2
P09427,O09427,UPI,Completed,481.33
P09428,O09428,Debit Card,Completed,870.85
P09429,O09429,Cash,Completed,479.84
P09430,O09430,Debit Card,Completed,1197.23
P09431,O09431,Cash,Completed,1453.42
P09432,O09432,Debit Card,Completed,1726.43
P09433,O09433,UPI,Completed,1329.27
P09434,O09434,UPI,Completed,1409.12
P09435,O09435,Cash,Completed,1256.04
P09436,O09436,UPI,Completed,1972.42
P09437,O09437,UPI,Completed,595.9
P09438,O09438,Debit Card,Completed,605.89
P09439,O09439,Debit Card,Completed,340.03
P09440,O09440,Credit Card,Completed,1022.8
P09441,O09441,UPI,Completed,282.71
P09442,O09442,Cash,Completed,613.28
P09443,O09443,Debit Card,Completed,1017.09
P09444,O09444,Credit Card,Completed,1919.43
P09445,O09445,Credit Card,Completed,1931.24
P09446,O09446,Credit Card,Completed,1513.11
P09447,O09447,Credit Card,Completed,839.58
P09448,O09448,UPI,Completed,1743.81
P09449,O09449,Cash,Completed,1763.37
P09450,O09450,Credit Card,Completed,1829.38
P09451,O09451,Debit Card,Completed,1316.05
P09452,O09452,UPI,Completed,483.41
P09453,O09453,UPI,Completed,273.05
P09454,O09454,Debit Card,Completed,1838.07
P09455,O09455,Cash,Completed,205.54
P09456,O09456,Debit Card,Completed,662.19
P09457,O09457,Credit Card,Completed,1025.23
P09458,O09458,UPI,Failed,141.76
P09459,O09459,UPI,Completed,1823.13
P09460,O09460,UPI,Completed,645.53
P09461,O09461,UPI,Completed,154.16
P09462,O09462,UPI,Completed,1987.82
P09463,O09463,UPI,Completed,691.65
P09464,O09464,UPI,Completed,1765.85
P09465,O09465,Credit Card,Completed,961.6
P09466,O09466,Cash,Completed,1359.94
P09467,O09467,UPI,Completed,558.07
P09468,O09468,UPI,Completed,1055.46
P09469,O09469,Debit Card,Completed,589.54
P09470,O09470,Debit Card,Completed,1907.06
P09471,O09471,Credit Card,Completed,215.8
P09472,O09472,UPI,Failed,621.88
P09473,O09473,Credit Card,Completed,1796.91
P09474,O09474,Debit Card,Completed,1012.07
P09475,O09475,UPI,Completed,1240.16
P09476,O09476,Debit Card,Completed,1338.22
P09477,O09477,UPI,Completed,234.76
P09478,O09478,UPI,Completed,133.7
P09479,O09479,UPI,Completed,1881.9
P09480,O09480,UPI,Completed,615.86
P09481,O09481,Debit Card,Completed,822.59
P09482,O09482,UPI,Completed,1395.98
P09483,O09483,UPI,Completed,548.98
P09484,O09484,UPI,Completed,1492.84
P09485,O09485,Debit Card,Failed,970.66
P09486,O09486,Debit Card,Completed,1727.56
P09487,O09487,Debit Card,Completed,629.23
P09488,O09488,UPI,Completed,487.26
P09489,O09489,Credit Card,Completed,1680.21
P09490,O09490,Credit Card,Completed,720.02
P09491,O09491,UPI,Completed,882.55
P09492,O09492,Debit Card,Completed,1608.04
P09493,O09493,Debit Card,Completed,1307.6
P09494,O09494,Debit Card,Completed,939.28
P09495,O09495,UPI,Completed,574.79
P09496,O09496,UPI,Completed,1551.98
P09497,O09497,UPI,Completed,442.82
P09498,O09498,Debit Card,Completed,1863.73
P09499,O09499,UPI,Completed,385.6
P09500,O09500,UPI,Completed,1629.37
P09501,O09501,Debit Card,Completed,906.07
P09502,O09502,Debit Card,Completed,453.41
P09503,O09503,UPI,Completed,864.52
P09504,O09504,UPI,Completed,520.95
P09505,O09505,Credit Card,Completed,358.39
P09506,O09506,UPI,Failed,554.4
P09507,O09507,Debit Card,Completed,1748.06
P09508,O09508,UPI,Completed,301.29
P09509,O09509,Credit Card,Completed,1947.83
P09510,O09510,Credit Card,Completed,109.5
P09511,O09511,Debit Card,Completed,1350.65
P09512,O09512,UPI,Completed,1727.37
P09513,O09513,UPI,Completed,1874.52
P09514,O09514,UPI,Completed,373.57
P09515,O09515,UPI,Completed,1426.6
P09516,O09516,Credit Card,Failed,303.96
P09517,O09517,UPI,Completed,769.96
P09518,O09518,UPI,Failed,1490.66
P09519,O09519,Credit Card,Completed,757.35
P09520,O09520,UPI,Completed,695.41
P09521,O09521,Debit Card,Completed,320.5
P09522,O09522,UPI,Completed,226.23
P09523,O09523,UPI,Completed,319.03
P09524,O09524,Cash,Refunded,1763.4
P09525,O09525,Credit Card,Completed,121.28
P09526,O09526,Credit Card,Completed,1416.45
P09527,O09527,Debit Card,Completed,1560.39
P09528,O09528,Credit Card,Completed,1178.99
P09529,O09529,Debit Card,Completed,1488.47
P09530,O09530,Cash,Completed,1339.31
P09531,O09531,Cash,Completed,965.56
P09532,O09532,Cash,Completed,827.15
P09533,O09533,Debit Card,Refunded,1888.53
P09534,O09534,UPI,Completed,1946.68
P09535,O09535,Credit Card,Completed,1337.42
P09536,O09536,UPI,Completed,474.87
P09537,O09537,UPI,Completed,951.01
P09538,O09538,UPI,Failed,1043.42
P09539,O09539,UPI,Completed,1540.14
P09540,O09540,Debit Card,Completed,1368.78
P09541,O09541,UPI,Completed,1078.15
P09542,O09542,UPI,Completed,1392.69
P09543,O09543,Credit Card,Completed,145.71
P09544,O09544,UPI,Completed,1575.61
P09545,O09545,UPI,Completed,502.1
P09546,O09546,UPI,Failed,1347.18
P09547,O09547,UPI,Completed,316.55
P09548,O09548,UPI,Completed,317.48
P09549,O09549,Cash,Completed,167.75
P09550,O09550,UPI,Completed,1829.44
P09551,O09551,Cash,Completed,1248.66
P09552,O09552,UPI,Completed,787.73
P09553,O09553,UPI,Completed,1596.78
P09554,O09554,Cash,Completed,1289.56
P09555,O09555,UPI,Completed,1278.15
P09556,O09556,UPI,Completed,1025.38
P09557,O09557,UPI,Completed,115.06
P09558,O09558,Debit Card,Completed,591.08
P09559,O09559,Debit Card,Completed,307.25
P09560,O09560,UPI,Completed,1358.58
P09561,O09561,UPI,Completed,572.38
P09562,O09562,Cash,Failed,955.32
P09563,O09563,Credit Card,Completed,771.52
P09564,O09564,Cash,Completed,372.08
P09565,O09565,Credit Card,Completed,1920.9
P09566,O09566,Debit Card,Completed,1873.5
P09567,O09567,Credit Card,Completed,260.76
P09568,O09568,UPI,Completed,1671.99
P09569,O09569,Debit Card,Completed,1027.91
P09570,O09570,UPI,Completed,1570.1
P09571,O09571,UPI,Completed,387.2
P09572,O09572,Debit Card,Completed,351.32
P09573,O09573,Cash,Completed,1792.44
P09574,O09574,Debit Card,Completed,1805.86
P09575,O09575,UPI,Completed,985.23
P09576,O09576,UPI,Completed,1753.3
P09577,O09577,UPI,Completed,1368.17
P09578,O09578,Debit Card,Completed,451.52
P09579,O09579,Credit Card,Completed,725.01
P09580,O09580,UPI,Completed,358.52
P09581,O09581,UPI,Completed,1570.5
P09582,O09582,Credit Card,Failed,1971.98
P09583,O09583,Credit Card,Completed,1138.12
P09584,O09584,Debit Card,Completed,1346.14
P09585,O09585,Debit Card,Completed,1517.58
P09586,O09586,UPI,Completed,526.09
P09587,O09587,Debit Card,Completed,738.4
P09588,O09588,UPI,Completed,883.41
P09589,O09589,Credit Card,Completed,1229.72
P09590,O09590,UPI,Completed,1715.94
P09591,O09591,UPI,Completed,582.99
P09592,O09592,Credit Card,Completed,994.69
P09593,O09593,Credit Card,Completed,1527.91
P09594,O09594,Credit Card,Completed,266.03
P09595,O09595,Credit Card,Completed,1074.5
P09596,O09596,Debit Card,Completed,374.32
P09597,O09597,Debit Card,Completed,1124.38
P09598,O09598,Debit Card,Completed,1558.86
P09599,O09599,UPI,Completed,550.2
P09600,O09600,Debit Card,Refunded,1714.01
P09601,O09601,Debit Card,Failed,736.13
P09602,O09602,Credit Card,Completed,462.49
P09603,O09603,UPI,Completed,984.11
P09604,O09604,UPI,Completed,1764.54
P09605,O09605,Debit Card,Completed,230.97
P09606,O09606,Credit Card,Completed,722.39
P09607,O09607,Credit Card,Completed,1341.01
P09608,O09608,Debit Card,Completed,779.4
P09609,O09609,Credit Card,Completed,234.57
P09610,O09610,UPI,Failed,730.8
P09611,O09611,UPI,Completed,1659.82
P09612,O09612,Credit Card,Completed,1939.27
P09613,O09613,UPI,Completed,175.58
P09614,O09614,Cash,Completed,1181.64
P09615,O09615,Debit Card,Completed,300.08
P09616,O09616,UPI,Completed,1392.75
P09617,O09617,Debit Card,Completed,115.0
P09618,O09618,Credit Card,Refunded,128.01
P09619,O09619,Debit Card,Completed,1576.07
P09620,O09620,Cash,Completed,241.43
P09621,O09621,Credit Card,Completed,679.85
P09622,O09622,Debit Card,Refunded,1920.28
P09623,O09623,Debit Card,Completed,1971.97
P09624,O09624,Credit Card,Completed,406.67
P09625,O09625,UPI,Refunded,1165.71
P09626,O09626,UPI,Completed,1162.38
P09627,O09627,Debit Card,Completed,959.52
P09628,O09628,Cash,Completed,1856.93
P09629,O09629,UPI,Completed,1532.66
P09630,O09630,Debit Card,Completed,1552.6
P09631,O09631,Cash,Completed,612.18
P09632,O09632,UPI,Completed,925.21
P09633,O09633,UPI,Completed,1026.11
P09634,O09634,UPI,Completed,667.93
P09635,O09635,Credit Card,Completed,280.15
P09636,O09636,UPI,Completed,340.08
P09637,O09637,Cash,Completed,443.28
P09638,O09638,UPI,Completed,486.94
P09639,O09639,UPI,Completed,560.3
P09640,O09640,UPI,Completed,585.37
P09641,O09641,Credit Card,Completed,965.86
P09642,O09642,Credit Card,Completed,1068.19
P09643,O09643,UPI,Completed,686.87
P09644,O09644,Cash,Completed,1823.86
P09645,O09645,Debit Card,Completed,1150.97
P09646,O09646,Cash,Completed,1596.21
P09647,O09647,UPI,Completed,1856.05
P09648,O09648,UPI,Completed,409.96
P09649,O09649,Credit Card,Completed,912.96
P09650,O09650,UPI,Refunded,923.1
P09651,O09651,Credit Card,Completed,773.5
P09652,O09652,UPI,Completed,116.92
P09653,O09653,Credit Card,Completed,1650.35
P09654,O09654,Cash,Completed,311.96
P09655,O09655,Credit Card,Completed,1991.41
P09656,O09656,UPI,Completed,1568.62
P09657,O09657,UPI,Completed,1202.02
P09658,O09658,UPI,Completed,393.75
P09659,O09659,UPI,Completed,1079.25
P09660,O09660,Credit Card,Completed,596.11
P09661,O09661,UPI,Completed,579.41
P09662,O09662,UPI,Completed,1676.11
P09663,O09663,UPI,Completed,823.22
P09664,O09664,UPI,Completed,956.38
P09665,O09665,UPI,Completed,1701.63
P09666,O09666,UPI,Failed,266.8
P09667,O09667,UPI,Completed,1229.77
P09668,O09668,Cash,Completed,1198.61
P09669,O09669,Credit Card,Completed,907.91
P09670,O09670,UPI,Completed,1676.57
P09671,O09671,UPI,Completed,1891.49
P09672,O09672,Credit Card,Completed,984.14
P09673,O09673,Cash,Completed,966.68
P09674,O09674,UPI,Completed,1053.92
P09675,O09675,Credit Card,Completed,1473.94
P09676,O09676,Cash,Completed,1369.31
P09677,O09677,Credit Card,Completed,523.39
P09678,O09678,Debit Card,Completed,221.4
P09679,O09679,Credit Card,Completed,1903.58
P09680,O09680,UPI,Completed,596.03
P09681,O09681,Credit Card,Completed,1313.33
P09682,O09682,UPI,Completed,1674.03
P09683,O09683,Credit Card,Refunded,670.53
P09684,O09684,Credit Card,Completed,1307.32
P09685,O09685,Debit Card,Completed,305.01
P09686,O09686,UPI,Completed,1942.87
P09687,O09687,UPI,Completed,210.5
P09688,O09688,Debit Card,Completed,932.53
P09689,O09689,UPI,Completed,1119.96
P09690,O09690,Debit Card,Completed,1601.92
P09691,O09691,Credit Card,Completed,330.14
P09692,O09692,Credit Card,Completed,937.54
P09693,O09693,UPI,Completed,669.45
P09694,O09694,UPI,Completed,692.82
P09695,O09695,Debit Card,Failed,1579.7
P09696,O09696,UPI,Completed,110.38
P09697,O09697,Debit Card,Completed,1523.26
P09698,O09698,Cash,Completed,1639.76
P09699,O09699,Credit Card,Completed,1812.59
P09700,O09700,UPI,Completed,1291.08
P09701,O09701,Debit Card,Completed,733.57
P09702,O09702,UPI,Completed,911.75
P09703,O09703,Credit Card,Completed,1942.5
P09704,O09704,UPI,Completed,1774.25
P09705,O09705,Credit Card,Completed,980.7
P09706,O09706,Credit Card,Completed,1891.82
P09707,O09707,Cash,Completed,1663.61
P09708,O09708,UPI,Completed,1812.07
P09709,O09709,UPI,Completed,1397.66
P09710,O09710,Cash,Completed,1729.54
P09711,O09711,UPI,Completed,1794.36
P09712,O09712,Credit Card,Completed,274.83
P09713,O09713,Credit Card,Completed,1933.91
P09714,O09714,UPI,Completed,733.86
P09715,O09715,Credit Card,Completed,935.81
P09716,O09716,UPI,Completed,1604.62
P09717,O09717,Debit Card,Completed,1363.3
P09718,O09718,UPI,Completed,1796.81
P09719,O09719,Credit Card,Completed,861.09
P09720,O09720,Credit Card,Completed,809.25
P09721,O09721,Debit Card,Completed,160.21
P09722,O09722,UPI,Completed,979.18
P09723,O09723,UPI,Completed,1475.73
P09724,O09724,Credit Card,Completed,672.24
P09725,O09725,Debit Card,Completed,979.18
P09726,O09726,UPI,Completed,516.86
P09727,O09727,Debit Card,Completed,1568.3
P09728,O09728,Cash,Completed,214.97
P09729,O09729,UPI,Completed,1440.23
P09730,O09730,UPI,Completed,819.99
P09731,O09731,UPI,Completed,179.03
P09732,O09732,UPI,Completed,1721.59
P09733,O09733,Cash,Completed,1026.67
P09734,O09734,UPI,Completed,1238.71
P09735,O09735,Credit Card,Completed,1490.86
P09736,O09736,Debit Card,Completed,1344.64
P09737,O09737,Credit Card,Completed,1488.63
P09738,O09738,Credit Card,Completed,1548.34
P09739,O09739,Debit Card,Completed,1219.39
P09740,O09740,Credit Card,Completed,794.71
P09741,O09741,Debit Card,Completed,561.97
P09742,O09742,Credit Card,Refunded,1815.52
P09743,O09743,UPI,Completed,1942.86
P09744,O09744,Credit Card,Completed,779.56
P09745,O09745,Debit Card,Completed,313.39
P09746,O09746,Debit Card,Completed,522.82
P09747,O09747,UPI,Completed,1374.27
P09748,O09748,UPI,Completed,428.57
P09749,O09749,UPI,Completed,1582.23
P09750,O09750,UPI,Completed,1853.76
P09751,O09751,UPI,Completed,1930.94
P09752,O09752,Cash,Completed,117.72
P09753,O09753,UPI,Completed,1920.49
P09754,O09754,UPI,Completed,1506.37
P09755,O09755,Debit Card,Completed,259.7
P09756,O09756,Cash,Completed,888.96
P09757,O09757,Credit Card,Completed,1430.09
P09758,O09758,UPI,Completed,1917.7
P09759,O09759,Debit Card,Completed,411.87
P09760,O09760,Debit Card,Completed,342.69
P09761,O09761,Debit Card,Completed,997.46
P09762,O09762,Credit Card,Completed,1939.39
P09763,O09763,UPI,Completed,1945.62
P09764,O09764,UPI,Completed,533.04
P09765,O09765,Cash,Refunded,706.76
P09766,O09766,UPI,Completed,1825.26
P09767,O09767,Credit Card,Completed,1496.2
P09768,O09768,Credit Card,Completed,1947.4
P09769,O09769,Debit Card,Completed,1796.98
P09770,O09770,Debit Card,Completed,508.68
P09771,O09771,UPI,Completed,1543.48
P09772,O09772,Credit Card,Completed,192.27
P09773,O09773,UPI,Completed,1653.88
P09774,O09774,Debit Card,Completed,1242.96
P09775,O09775,Credit Card,Completed,1916.59
P09776,O09776,UPI,Completed,1924.06
P09777,O09777,Credit Card,Completed,196.55
P09778,O09778,Credit Card,Refunded,404.99
P09779,O09779,UPI,Failed,1019.99
P09780,O09780,UPI,Completed,1771.04
P09781,O09781,UPI,Completed,1647.45
P09782,O09782,Debit Card,Completed,1932.3
P09783,O09783,UPI,Completed,1274.36
P09784,O09784,UPI,Completed,587.47
P09785,O09785,Debit Card,Completed,147.7
P09786,O09786,Debit Card,Completed,523.56
P09787,O09787,UPI,Completed,1383.02
P09788,O09788,UPI,Completed,1859.92
P09789,O09789,Debit Card,Failed,709.72
P09790,O09790,Debit Card,Failed,1763.84
P09791,O09791,Credit Card,Completed,850.31
P09792,O09792,Cash,Completed,685.72
P09793,O09793,Credit Card,Completed,1066.8
P09794,O09794,Credit Card,Completed,940.32
P09795,O09795,UPI,Failed,1836.22
P09796,O09796,Credit Card,Completed,989.69
P09797,O09797,UPI,Completed,626.94
P09798,O09798,Credit Card,Completed,1700.87
P09799,O09799,Credit Card,Completed,1997.62
P09800,O09800,UPI,Completed,1331.53
P09801,O09801,Debit Card,Completed,575.88
P09802,O09802,Credit Card,Completed,553.75
P09803,O09803,UPI,Completed,209.64
P09804,O09804,Credit Card,Completed,246.86
P09805,O09805,UPI,Completed,1838.47
P09806,O09806,UPI,Completed,283.33
P09807,O09807,Credit Card,Completed,1020.25
P09808,O09808,UPI,Completed,1426.43
P09809,O09809,UPI,Completed,1715.67
P09810,O09810,UPI,Completed,425.41
P09811,O09811,UPI,Completed,931.78
P09812,O09812,UPI,Completed,577.81
P09813,O09813,Debit Card,Completed,586.06
P09814,O09814,UPI,Completed,677.29
P09815,O09815,Debit Card,Completed,1215.52
P09816,O09816,Credit Card,Completed,131.5
P09817,O09817,Debit Card,Completed,876.66
P09818,O09818,UPI,Completed,454.98
P09819,O09819,Debit Card,Completed,1937.53
P09820,O09820,UPI,Completed,1207.19
P09821,O09821,Debit Card,Completed,1749.38
P09822,O09822,Debit Card,Completed,471.81
P09823,O09823,UPI,Completed,1639.03
P09824,O09824,UPI,Completed,888.09
P09825,O09825,UPI,Completed,437.62
P09826,O09826,UPI,Completed,1546.37
P09827,O09827,Debit Card,Completed,1547.82
P09828,O09828,Credit Card,Completed,1992.19
P09829,O09829,UPI,Completed,1583.78
P09830,O09830,UPI,Completed,376.01
P09831,O09831,Credit Card,Completed,712.84
P09832,O09832,Debit Card,Completed,958.28
P09833,O09833,Credit Card,Completed,340.64
P09834,O09834,Credit Card,Completed,1597.27
P09835,O09835,Cash,Completed,1100.73
P09836,O09836,Credit Card,Completed,1894.45
P09837,O09837,UPI,Completed,1219.69
P09838,O09838,Credit Card,Completed,1093.51
P09839,O09839,Credit Card,Completed,235.71
P09840,O09840,Cash,Completed,383.76
P09841,O09841,Credit Card,Completed,1714.1
P09842,O09842,Debit Card,Completed,1982.28
P09843,O09843,Debit Card,Failed,888.84
P09844,O09844,Debit Card,Failed,1639.16
P09845,O09845,Credit Card,Failed,1292.41
P09846,O09846,UPI,Completed,1922.21
P09847,O09847,UPI,Completed,552.46
P09848,O09848,UPI,Completed,1135.19
P09849,O09849,Credit Card,Completed,876.71
P09850,O09850,Debit Card,Completed,1129.26
P09851,O09851,UPI,Completed,610.83
P09852,O09852,Credit Card,Completed,1045.72
P09853,O09853,UPI,Completed,1287.13
P09854,O09854,Credit Card,Refunded,254.31
P09855,O09855,Debit Card,Completed,1511.68
P09856,O09856,Credit Card,Completed,1442.39
P09857,O09857,UPI,Completed,1772.87
P09858,O09858,Cash,Completed,909.13
P09859,O09859,Credit Card,Failed,217.17
P09860,O09860,Debit Card,Completed,976.78
P09861,O09861,Cash,Completed,361.46
P09862,O09862,Debit Card,Completed,1330.15
P09863,O09863,UPI,Completed,189.55
P09864,O09864,Cash,Completed,810.59
P09865,O09865,Debit Card,Completed,257.4
P09866,O09866,Debit Card,Completed,106.4
P09867,O09867,UPI,Completed,1925.06
P09868,O09868,UPI,Completed,1992.64
P09869,O09869,UPI,Completed,1155.46
P09870,O09870,Credit Card,Completed,554.02
P09871,O09871,Debit Card,Completed,1831.09
P09872,O09872,Credit Card,Completed,1853.77
P09873,O09873,Credit Card,Failed,1723.57
P09874,O09874,Debit Card,Completed,1134.3
P09875,O09875,UPI,Refunded,241.93
P09876,O09876,UPI,Failed,268.03
P09877,O09877,Credit Card,Completed,1803.58
P09878,O09878,Cash,Completed,1764.07
P09879,O09879,Credit Card,Completed,925.35
P09880,O09880,UPI,Completed,723.49
P09881,O09881,Credit Card,Completed,1323.84
P09882,O09882,UPI,Completed,1633.28
P09883,O09883,UPI,Completed,1490.2
P09884,O09884,Credit Card,Completed,1269.65
P09885,O09885,UPI,Completed,539.87
P09886,O09886,UPI,Completed,598.76
P09887,O09887,Debit Card,Completed,1475.73
P09888,O09888,UPI,Completed,1624.98
P09889,O09889,Debit Card,Completed,320.66
P09890,O09890,UPI,Completed,455.86
P09891,O09891,UPI,Completed,1392.89
P09892,O09892,Cash,Completed,839.07
P09893,O09893,UPI,Completed,1170.26
P09894,O09894,Credit Card,Completed,1268.15
P09895,O09895,Debit Card,Completed,1574.79
P09896,O09896,Credit Card,Completed,1630.86
P09897,O09897,Credit Card,Completed,632.18
P09898,O09898,UPI,Completed,1128.46
P09899,O09899,UPI,Completed,334.7
P09900,O09900,Debit Card,Completed,1699.83
P09901,O09901,UPI,Completed,1706.35
P09902,O09902,UPI,Completed,669.06
P09903,O09903,Credit Card,Completed,405.18
P09904,O09904,Credit Card,Completed,233.17
P09905,O09905,Debit Card,Completed,1192.46
P09906,O09906,UPI,Completed,273.71
P09907,O09907,Debit Card,Completed,1393.13
P09908,O09908,Credit Card,Completed,1388.44
P09909,O09909,UPI,Completed,1266.58
P09910,O09910,Credit Card,Completed,1765.46
P09911,O09911,UPI,Completed,818.73
P09912,O09912,Cash,Completed,1814.31
P09913,O09913,Debit Card,Completed,170.16
P09914,O09914,UPI,Completed,314.24
P09915,O09915,Credit Card,Completed,883.19
P09916,O09916,Credit Card,Completed,1228.59
P09917,O09917,UPI,Completed,161.51
P09918,O09918,UPI,Completed,1178.13
P09919,O09919,Credit Card,Completed,684.06
P09920,O09920,UPI,Completed,1785.58
P09921,O09921,UPI,Completed,1113.24
P09922,O09922,Debit Card,Completed,1217.0
P09923,O09923,UPI,Failed,1896.68
P09924,O09924,UPI,Completed,1551.92
P09925,O09925,Debit Card,Completed,932.72
P09926,O09926,Debit Card,Completed,1006.07
P09927,O09927,Credit Card,Completed,1331.06
P09928,O09928,UPI,Completed,480.38
P09929,O09929,Credit Card,Completed,268.44
P09930,O09930,UPI,Completed,691.35
P09931,O09931,UPI,Failed,1578.93
P09932,O09932,UPI,Completed,588.92
P09933,O09933,Debit Card,Completed,348.44
P09934,O09934,UPI,Completed,516.14
P09935,O09935,UPI,Completed,1390.05
P09936,O09936,UPI,Completed,1266.5
P09937,O09937,Credit Card,Completed,1407.8
P09938,O09938,Debit Card,Completed,711.72
P09939,O09939,Credit Card,Completed,1811.63
P09940,O09940,Debit Card,Completed,958.36
P09941,O09941,Debit Card,Completed,1076.05
P09942,O09942,Credit Card,Completed,1902.74
P09943,O09943,UPI,Refunded,1960.63
P09944,O09944,Cash,Completed,1356.93
P09945,O09945,Debit Card,Completed,1895.15
P09946,O09946,Debit Card,Completed,1128.86
P09947,O09947,Credit Card,Completed,683.84
P09948,O09948,UPI,Failed,698.68
P09949,O09949,Credit Card,Completed,1161.99
P09950,O09950,Debit Card,Completed,1249.57
P09951,O09951,Cash,Failed,935.27
P09952,O09952,Debit Card,Completed,1779.17
P09953,O09953,Debit Card,Completed,910.72
P09954,O09954,UPI,Completed,619.5
P09955,O09955,UPI,Completed,115.17
P09956,O09956,UPI,Completed,1944.08
P09957,O09957,Cash,Refunded,1666.2
P09958,O09958,Credit Card,Refunded,1269.56
P09959,O09959,Cash,Completed,1678.03
P09960,O09960,Cash,Completed,1639.55
P09961,O09961,Cash,Completed,1870.52
P09962,O09962,UPI,Completed,833.53
P09963,O09963,UPI,Completed,1154.22
P09964,O09964,Debit Card,Completed,287.39
P09965,O09965,Credit Card,Completed,1934.1
P09966,O09966,UPI,Completed,1971.74
P09967,O09967,UPI,Completed,1599.26
P09968,O09968,UPI,Completed,962.83
P09969,O09969,Debit Card,Completed,1043.48
P09970,O09970,UPI,Completed,927.2
P09971,O09971,Credit Card,Completed,657.29
P09972,O09972,UPI,Completed,1102.8
P09973,O09973,Debit Card,Completed,201.55
P09974,O09974,Debit Card,Completed,1984.59
P09975,O09975,UPI,Completed,905.7
P09976,O09976,UPI,Completed,1862.0
P09977,O09977,UPI,Completed,1476.12
P09978,O09978,Debit Card,Completed,650.89
P09979,O09979,UPI,Completed,521.9
P09980,O09980,Cash,Completed,1991.78
P09981,O09981,Cash,Completed,1567.04
P09982,O09982,Debit Card,Completed,574.36
P09983,O09983,Credit Card,Completed,228.15
P09984,O09984,Credit Card,Completed,1424.14
P09985,O09985,UPI,Completed,675.73
P09986,O09986,UPI,Completed,520.53
P09987,O09987,Credit Card,Completed,1496.38
P09988,O09988,UPI,Completed,1390.6
P09989,O09989,Cash,Completed,1014.68
P09990,O09990,UPI,Completed,1891.05
P09991,O09991,UPI,Completed,1391.31
P09992,O09992,UPI,Completed,1797.5
P09993,O09993,UPI,Completed,462.05
P09994,O09994,UPI,Completed,663.63
P09995,O09995,Credit Card,Completed,298.59
P09996,O09996,Credit Card,Completed,678.7
P09997,O09997,UPI,Completed,1946.38
P09998,O09998,Debit Card,Completed,1929.43
P09999,O09999,Debit Card,Completed,1544.73
P10000,O10000,Credit Card,Completed,1089.99
